timestamp,x,y,theta,v,x_ref,y_ref,theta_ref,kappa_ref,v_ref,s_ref,cte,steering_cmd,velocity_cmd
1769796197.172568,-0.0,0.0,1.562012687504363,0.3,0.0,0.0,1.570796,0.666667,1.0,0.0,-0.0,0.14699981208770607,0.3
1769796197.193684,-0.0,0.0,1.574093873584383,0.3,0.0,0.0,1.570796,0.666667,1.0,0.0,-0.0,0.14725623356590797,0.3
1769796197.214582,-0.0,0.0,1.5665147516751616,0.3,0.0,0.0,1.570796,0.666667,1.0,0.0,-0.0,0.14502508575456932,0.3
1769796197.235314,-0.0,0.0,1.5753995743723948,0.3,0.0,0.0,1.570796,0.666667,1.0,0.0,-0.0,0.1480190827438881,0.3
1769796197.25608,-0.0,0.0,1.5561298916484705,0.3,0.0,0.0,1.570796,0.666667,1.0,0.0,-0.0,0.1481576407966401,0.3
1769796197.276962,-0.0,0.0,1.5656834033586495,0.3,0.0,0.0,1.570796,0.666667,1.0,0.0,-0.0,0.1502627203525131,0.3
1769796197.29744,-0.0,0.0,1.5627690970371568,0.3,0.0,0.0,1.570796,0.666667,1.0,0.0,-0.0,0.14816909407453213,0.3
1769796197.317834,-0.0,0.0,1.5686916493163563,0.3,0.0,0.0,1.570796,0.666667,1.0,0.0,-0.0,0.14704476402234942,0.3
1769796197.33869,-0.0,0.0,1.5724293836717458,0.3,0.0,0.0,1.570796,0.666667,1.0,0.0,-0.0,0.14486512035971666,0.3
1769796197.358921,-0.0,0.0,1.5758469590129534,0.3,0.0,0.0,1.570796,0.666667,1.0,0.0,-0.0,0.1432480226506452,0.3
1769796197.379252,-0.0,0.0,1.578394235570785,0.3,0.0,0.0,1.570796,0.666667,1.0,0.0,-0.0,0.14320940342190613,0.3
1769796197.399691,-0.0,0.0,1.5726610990441803,0.3,0.0,0.0,1.570796,0.666667,1.0,0.0,-0.0,0.1448040584460848,0.3
1769796197.42008,-0.0,0.0,1.5662790288678814,0.3,0.0,0.0,1.570796,0.666667,1.0,0.0,-0.0,0.14450036023991653,0.3
1769796197.440806,-0.0,0.0,1.5802164248077946,0.3,0.0,0.0,1.570796,0.666667,1.0,0.0,-0.0,0.1448295136950107,0.3
1769796197.460779,-0.0,0.0,1.5706861783136152,0.3,0.0,0.0,1.570796,0.666667,1.0,0.0,-0.0,0.14638593362591126,0.3
1769796197.48087,-0.0,0.0,1.556940509282478,0.3,0.0,0.0,1.570796,0.666667,1.0,0.0,-0.0,0.14847664112020917,0.3
1769796197.501315,-0.0,0.0,1.5676721798420072,0.3,0.0,0.0,1.570796,0.666667,1.0,0.0,-0.0,0.14819761247171162,0.3
1769796197.521974,-0.0,0.0,1.5723603502046004,0.3,0.0,0.0,1.570796,0.666667,1.0,0.0,-0.0,0.1471317256853615,0.3
1769796197.541878,-0.0,0.0,1.5633358300005786,0.3,0.0,0.0,1.570796,0.666667,1.0,0.0,-0.0,0.14477196345442342,0.3
1769796197.562853,-0.0,0.0,1.5818307532276359,0.3,0.0,0.0,1.570796,0.666667,1.0,0.0,-0.0,0.14328309678018888,0.3
1769796197.582376,-0.0,0.0,1.5812935502500076,0.3,0.0,0.0,1.570796,0.666667,1.0,0.0,-0.0,0.14178518673766285,0.3
1769796197.602677,-0.0,0.0,1.5723232902557347,0.3,0.0,0.0,1.570796,0.666667,1.0,0.0,-0.0,0.14055029063280478,0.3
1769796197.62289,-0.0,0.0,1.5892401298567844,0.3,0.0,0.0,1.570796,0.666667,1.0,0.0,-0.0,0.1440523732124607,0.3
1769796197.643135,-0.0,0.0,1.560281054772072,0.3,0.0,0.0,1.570796,0.666667,1.0,0.0,-0.0,0.14410502284318497,0.3
1769796197.643135,-0.0,0.0,1.572007392471389,0.3,0.0,0.0,1.570796,0.666667,1.0,0.0,-0.0,0.14641930900065311,0.3
1769796197.663533,-0.0,0.0,1.5753544129119756,0.3,0.0,0.0,1.570796,0.666667,1.0,0.0,-0.0,0.14301322065197156,0.3
1769796197.683756,-0.0,0.0,1.5807175848641613,0.3,0.0,0.0,1.570796,0.666667,1.0,0.0,-0.0,0.14223608724029704,0.3
1769796197.704156,-0.0,0.0,1.5766701929414362,0.3,0.0,0.0,1.570796,0.666667,1.0,0.0,-0.0,0.14098867263338533,0.3
1769796197.723841,-0.0,0.0,1.582838900553446,0.3,0.0,0.0,1.570796,0.666667,1.0,0.0,-0.0,0.141098403268851,0.3
1769796197.744244,-0.0,0.0,1.5800592010513672,0.3,0.0,0.0,1.570796,0.666667,1.0,0.0,-0.0,0.14294653830436385,0.3
1769796197.764756,-0.0,0.0,1.5655813827283591,0.3,0.0,0.0,1.570796,0.666667,1.0,0.0,-0.0,0.1434590446288216,0.3
1769796197.784806,-0.0,0.0,1.5797638626066994,0.3,0.0,0.0,1.570796,0.666667,1.0,0.0,-0.0,0.14409598265213472,0.3
1769796197.805067,-0.0,0.0,1.5762375729114886,0.3,0.0,0.0,1.570796,0.666667,1.0,0.0,-0.0,0.14323514264304274,0.3
1769796197.825035,-0.0,0.0,1.5707464227829109,0.3,0.0,0.0,1.570796,0.666667,1.0,0.0,-0.0,0.14404421664447795,0.3
1769796197.845421,-0.0,0.0,1.5749094185980883,0.3,0.0,0.0,1.570796,0.666667,1.0,0.0,-0.0,0.14318782274910805,0.3
1769796197.865707,-0.0,0.0,1.5813759362837079,0.3,0.0,0.0,1.570796,0.666667,1.0,0.0,-0.0,0.14285331662382114,0.3
1769796197.885716,-0.0,0.0,1.5727534595346324,0.3,0.0,0.0,1.570796,0.666667,1.0,0.0,-0.0,0.14217414288354677,0.3
1769796197.905957,-0.0,0.0,1.5789844610397346,0.3,0.0,0.0,1.570796,0.666667,1.0,0.0,-0.0,0.14548778055413825,0.3
1769796197.925966,-0.0,0.0,1.561494110260159,0.3,0.0,0.0,1.570796,0.666667,1.0,0.0,-0.0,0.14557998380613346,0.3
1769796197.946396,-0.0,0.0,1.5722002400226611,0.3,0.0,0.0,1.570796,0.666667,1.0,0.0,-0.0,0.1478937094610616,0.3
1769796197.966673,-0.0,0.0,1.5651021071101658,0.3,0.0,0.0,1.570796,0.666667,1.0,0.0,-0.0,0.1468374810668589,0.3
1769796197.986901,-0.0,0.0,1.567831480625375,0.3,0.0,0.0,1.570796,0.666667,1.0,0.0,-0.0,0.1455469784955035,0.3
1769796198.007453,-0.0,0.0,1.5799432554507935,0.3,0.0,0.0,1.570796,0.666667,1.0,0.0,-0.0,0.14577601166920953,0.3
1769796198.027937,-0.0,0.0,1.5637279080679296,0.3,0.0,0.0,1.570796,0.666667,1.0,0.0,-0.0,0.14454243330966188,0.3
1769796198.047903,-0.0,0.0,1.575232950782661,0.3,0.0,0.0,1.570796,0.666667,1.0,0.0,-0.0,0.14680457959986645,0.3
1769796198.068141,-0.0,0.0,1.566370377709566,0.3,0.0,0.0,1.570796,0.666667,1.0,0.0,-0.0,0.14616907125367587,0.3
1769796198.088793,-0.0,0.0,1.567540958145073,0.3,0.0,0.0,1.570796,0.666667,1.0,0.0,-0.0,0.14910175130066675,0.3
1769796198.108802,-0.0,0.0,1.5576368705007158,0.3,0.0,0.0,1.570796,0.666667,1.0,0.0,-0.0,0.1497399962954912,0.3
1769796198.12908,-0.0,0.0,1.5625409077406194,0.3,0.0,0.0,1.570796,0.666667,1.0,0.0,-0.0,0.14872821307030393,0.3
1769796198.149171,-0.0,0.0,1.5736116574961967,0.3,0.0,0.0,1.570796,0.666667,1.0,0.0,-0.0,0.14796874175337804,0.3
1769796198.169615,-0.0,0.0,1.562193698402271,0.3,0.0,0.0,1.570796,0.666667,1.0,0.0,-0.0,0.1445498945669507,0.3
1769796198.189883,-0.0,0.0,1.5830539908591834,0.3,0.0,0.0,1.570796,0.666667,1.0,0.0,-0.0,0.14600287132409526,0.3
1769796198.209937,-0.0,0.0,1.5648937969533294,0.3,0.0,0.0,1.570796,0.666667,1.0,0.0,-0.0,0.14457902663278557,0.3
1769796198.231269,0.000102,-3.57e-05,1.570736766550129,0.3,0.0,0.0,1.570796,0.666667,1.0,0.0,-0.0,0.14693895234655122,0.3
1769796198.250678,0.0009326666666666666,-0.00036213333333333326,1.5696441365765896,0.3,0.0,0.0,1.570796,0.666667,1.0,0.0,0.0001071,0.14845785298678146,0.3
1769796198.270821,0.0030976666666666665,-0.0014106166666666663,1.562635493111948,0.3,0.0,0.0,1.570796,0.666667,1.0,0.0,0.0009792999999999998,0.15276110298726084,0.3
1769796198.290935,0.006620999999999999,-0.0034015333333333327,1.5669354165472529,0.3,0.0,0.0,1.570796,0.666667,1.0,0.0,0.0031454499999999993,0.15921253868122592,0.3
1769796198.31104,0.010905,-0.006134099999999999,1.572744772412799,0.3,0.0,0.0,1.570796,0.666667,1.0,0.0,0.0060798499999999995,0.1673444676589746,0.3
1769796198.33146,0.015374666666666667,-0.009197883333333334,1.5712278192454558,0.3,0.0,0.0,1.570796,0.666667,1.0,0.0,0.009177000000000001,0.1776089036573826,0.3
1769796198.351619,0.019937333333333335,-0.0123592,1.5696882505568048,0.3,0.0,0.0,1.570796,0.666667,1.0,0.0,0.0123368,0.1880549338659456,0.3
1769796198.371924,0.024601666666666664,-0.01558865,1.5764562411614211,0.3,0.0,0.0,1.570796,0.666667,1.0,0.0,0.015563800000000001,0.19811830338300784,0.3
1769796198.392069,0.029408666666666666,-0.018903616666666668,1.5786660521430824,0.3,0.0,0.0,1.570796,0.666667,1.0,0.0,0.018865350000000003,0.2086460230818529,0.3
1769796198.412539,0.034452,-0.02235123333333333,1.5761362323637342,0.3,0.0,0.0,1.570796,0.666667,1.0,0.0,0.0222817,0.2212414106616832,0.3
1769796198.432795,0.03987333333333334,-0.026013866666666666,1.5732838656824397,0.3,0.0,0.0,1.570796,0.666667,1.0,0.0,0.02590665,0.23611640528738653,0.3
1769796198.452976,0.045802,-0.029986366666666667,1.5663313843888624,0.3,0.0,0.0,1.570796,0.666667,1.0,0.0,0.02985325,0.25049914038998544,0.3
1769796198.473367,0.05214133333333334,-0.03428016666666667,1.5732623217481407,0.3,0.0,0.0,1.570796,0.666667,1.0,0.0,0.0341992,0.2674293578348776,0.3
1769796198.493537,0.05865,-0.03877696666666666,1.561872361013087,0.3,0.0,0.0,1.570796,0.666667,1.0,0.0,0.03878805,0.28489972674482084,0.3
1769796198.513798,0.06505533333333334,-0.04329686666666666,1.5559419709292026,0.3,0.0,0.0,1.570796,0.666667,1.0,0.0,0.04334365,0.30228301780836825,0.3
1769796198.534001,0.07125966666666668,-0.04771025,1.563880475366856,0.3,0.0,0.0,1.570796,0.666667,1.0,0.0,0.0477589,0.3173539188763814,0.3
1769796198.554418,0.07721833333333333,-0.051967299999999994,1.5641280046050081,0.3,0.0,0.0,1.570796,0.666667,1.0,0.0,0.0520282,0.3294950173259065,0.3
1769796198.574762,0.082888,-0.05603721666666666,1.5724934302320521,0.3,0.0,0.0,1.570796,0.666667,1.0,0.0,0.05611479999999999,0.3425982079465159,0.3
1769796198.594815,0.088293,-0.05991335,1.5707295816431999,0.3,0.0,0.0,1.570796,0.666667,1.0,0.0,0.05996864999999999,0.354233849459052,0.3
1769796198.614748,0.093534,-0.06363945,1.575712955529791,0.3,0.0,0.0,1.570796,0.666667,1.0,0.0,0.0636566,0.36678532455172613,0.3
1769796198.63482,0.09871733333333332,-0.06728796666666666,1.5754326796760074,0.3,0.0,0.0,1.570796,0.666667,1.0,0.0,0.0672931,0.3806573766862573,0.3
1769796198.654963,0.10387466666666667,-0.0709072,1.564116118836013,0.3,0.0,0.0,1.570796,0.666667,1.0,0.0,0.0709142,0.3944639314665383,0.3
1769796198.675382,0.10899766666666666,-0.07450531666666667,1.5688775268481052,0.3,0.0,0.0,1.570796,0.666667,1.0,0.0,0.0745143,0.4078479132515187,0.3
1769796198.695901,0.11408933333333333,-0.07808045000000001,1.5706892389661251,0.3,0.0,0.0,1.570796,0.666667,1.0,0.0,0.07808745,0.41713084390995236,0.3
1769796198.715808,0.119243,-0.08166631666666666,1.5834963348854108,0.3,0.0,0.0,1.570796,0.666667,1.0,0.0,0.08163959999999999,0.4302946741902531,0.3
1769796198.735889,0.12460366666666667,-0.08534633333333332,1.5651977451663013,0.3,0.0,0.0,1.570796,0.666667,1.0,0.0,0.08527189999999998,0.4438424238858572,0.3
1769796198.756471,0.12827566666666665,-0.08850776666666665,1.5666830907924998,0.3,0.0,0.0,1.570796,0.666667,1.0,0.0,0.08912749999999998,0.45778549427412113,0.3
1769796198.756471,0.130177,-0.09045843333333331,1.5662280125558272,0.3,0.0,0.0,1.570796,0.666667,1.0,0.0,0.09112389999999998,0.4643881288887825,0.3
1769796198.756471,0.130177,-0.09112389999999998,1.5665459374783333,0.3,0.0,0.0,1.570796,0.666667,1.0,0.0,0.09112389999999998,0.4654613763903232,0.3
1769796198.756471,0.130177,-0.09112389999999998,1.5742184057832556,0.3,0.0,0.0,1.570796,0.666667,1.0,0.0,0.09112389999999998,0.4654241834167428,0.3
1769796198.756471,0.130177,-0.09112389999999998,1.5664511703973092,0.3,0.0,0.0,1.570796,0.666667,1.0,0.0,0.09112389999999998,0.4649182830387031,0.3
1769796198.756471,0.130177,-0.09112389999999998,1.5695813397465717,0.3,0.0,0.0,1.570796,0.666667,1.0,0.0,0.09112389999999998,0.4660890937338637,0.3
1769796198.756471,0.130177,-0.09112389999999998,1.567193541612292,0.3,0.0,0.0,1.570796,0.666667,1.0,0.0,0.09112389999999998,0.4671146589072897,0.3
1769796198.756471,0.130177,-0.09112389999999998,1.5602977793567532,0.3,0.0,0.0,1.570796,0.666667,1.0,0.0,0.09112389999999998,0.4679034956124169,0.3
1769796198.756471,0.130177,-0.09112389999999998,1.5648483195158085,0.3,0.0,0.0,1.570796,0.666667,1.0,0.0,0.09112389999999998,0.4647594476543835,0.3
1769796198.756471,0.130177,-0.09112389999999998,1.5860578293604928,0.3,0.0,0.0,1.570796,0.666667,1.0,0.0,0.09112389999999998,0.4649771884507363,0.3
1769796198.756471,0.130177,-0.09112389999999998,1.5589913345786361,0.3,0.0,0.0,1.570796,0.666667,1.0,0.0,0.09112389999999998,0.4660009108861462,0.3
1769796198.756471,0.130177,-0.09112389999999998,1.5587059849033493,0.3,0.0,0.0,1.570796,0.666667,1.0,0.0,0.09112389999999998,0.4689449381955851,0.3
1769796198.756471,0.130177,-0.09112389999999998,1.5683936655038588,0.3,0.0,0.0,1.570796,0.666667,1.0,0.0,0.09112389999999998,0.4678855076370969,0.3
1769796198.756471,0.130177,-0.09112389999999998,1.5653479179295655,0.3,0.0,0.0,1.570796,0.666667,1.0,0.0,0.09112389999999998,0.4675033935307003,0.3
1769796198.756471,0.130177,-0.09112389999999998,1.5609986695417288,0.3,0.0,0.0,1.570796,0.666667,1.0,0.0,0.09112389999999998,0.465305590561698,0.3
1769796198.756471,0.130177,-0.09112389999999998,1.5815804833178728,0.3,0.0,0.0,1.570796,0.666667,1.0,0.0,0.09112389999999998,0.46220035764264855,0.3
1769796198.756471,0.130177,-0.09112389999999998,1.5839793154438622,0.3,0.0,0.0,1.570796,0.666667,1.0,0.0,0.09112389999999998,0.4596713666972992,0.3
1769796198.756471,0.130177,-0.09112389999999998,1.5761726152138247,0.3,0.0,0.0,1.570796,0.666667,1.0,0.0,0.09112389999999998,0.46353950171093916,0.3
1769796198.756471,0.130177,-0.09112389999999998,1.5583716732360333,0.3,0.0,0.0,1.570796,0.666667,1.0,0.0,0.09112389999999998,0.46531248328847113,0.3
1769796198.756471,0.130177,-0.09112389999999998,1.5733414259786704,0.3,0.0,0.0,1.570796,0.666667,1.0,0.0,0.09112389999999998,0.4661287493286497,0.3
1769796198.756471,0.130177,-0.09112389999999998,1.571275018972753,0.3,0.0,0.0,1.570796,0.666667,1.0,0.0,0.09112389999999998,0.46227543412237204,0.3
1769796198.756471,0.130177,-0.09112389999999998,1.5814915644736998,0.3,0.0,0.0,1.570796,0.666667,1.0,0.0,0.09112389999999998,0.4602386734775999,0.3
1769796198.756471,0.130177,-0.09112389999999998,1.585561989847303,0.3,0.0,0.0,1.570796,0.666667,1.0,0.0,0.09112389999999998,0.45848286499141006,0.3
1769796198.756471,0.130177,-0.09112389999999998,1.5818098698898924,0.3,0.0,0.0,1.570796,0.666667,1.0,0.0,0.09112389999999998,0.46163895018521456,0.3
1769796198.756471,0.130177,-0.09112389999999998,1.562555053310872,0.3,0.0,0.0,1.570796,0.666667,1.0,0.0,0.09112389999999998,0.4626889945095165,0.3
1769796198.756471,0.130177,-0.09112389999999998,1.5792617239014917,0.3,0.0,0.0,1.570796,0.666667,1.0,0.0,0.09112389999999998,0.4656626529066043,0.3
1769796198.756471,0.130177,-0.09112389999999998,1.5639679195073657,0.3,0.0,0.0,1.570796,0.666667,1.0,0.0,0.09112389999999998,0.46534548891193567,0.3
1769796198.756471,0.130177,-0.09112389999999998,1.564458037278884,0.3,0.0,0.0,1.570796,0.666667,1.0,0.0,0.09112389999999998,0.46867659004852835,0.3
1769796198.756471,0.130177,-0.09112389999999998,1.559275117081935,0.3,0.0,0.0,1.570796,0.666667,1.0,0.0,0.09112389999999998,0.46840397044850574,0.3
1769796198.756471,0.130177,-0.09112389999999998,1.5656036371075015,0.3,0.0,0.0,1.570796,0.666667,1.0,0.0,0.09112389999999998,0.4673237918907258,0.3
1769796198.756471,0.130177,-0.09112389999999998,1.5709391086255637,0.3,0.0,0.0,1.570796,0.666667,1.0,0.0,0.09112389999999998,0.4639219835829835,0.3
1769796198.756471,0.130177,-0.09112389999999998,1.5796859669283894,0.3,0.0,0.0,1.570796,0.666667,1.0,0.0,0.09112389999999998,0.4639711464165818,0.3
1769796198.756471,0.130177,-0.09112389999999998,1.5653086601059112,0.3,0.0,0.0,1.570796,0.666667,1.0,0.0,0.09112389999999998,0.46399545218380367,0.3
1769796198.756471,0.130177,-0.09112389999999998,1.5707932740222323,0.3,0.0,0.0,1.570796,0.666667,1.0,0.0,0.09112389999999998,0.4641785166634343,0.3
1769796198.756471,0.130177,-0.09112389999999998,1.5785875800506057,0.3,0.0,0.0,1.570796,0.666667,1.0,0.0,0.09112389999999998,0.4618894865559356,0.3
1769796198.756471,0.130177,-0.09112389999999998,1.5790428407509034,0.3,0.0,0.0,1.570796,0.666667,1.0,0.0,0.09112389999999998,0.46273246784624006,0.3
1769796198.756471,0.130177,-0.09112389999999998,1.565735386280406,0.3,0.0,0.0,1.570796,0.666667,1.0,0.0,0.09112389999999998,0.4636010768093261,0.3
1769796198.756471,0.130177,-0.09112389999999998,1.5733759262720892,0.3,0.0,0.0,1.570796,0.666667,1.0,0.0,0.09112389999999998,0.4639944846409052,0.3
1769796198.756471,0.130177,-0.09112389999999998,1.5766823937614285,0.3,0.0,0.0,1.570796,0.666667,1.0,0.0,0.09112389999999998,0.4627623083255497,0.3
1769796198.756471,0.130177,-0.09112389999999998,1.573128444172539,0.3,0.0,0.0,1.570796,0.666667,1.0,0.0,0.09112389999999998,0.4615653039522664,0.3
1769796198.756471,0.130177,-0.09112389999999998,1.5805579525117892,0.3,0.0,0.0,1.570796,0.666667,1.0,0.0,0.09112389999999998,0.4622195841356406,0.3
1769796198.756471,0.130177,-0.09112389999999998,1.5727567126611832,0.3,0.0,0.0,1.570796,0.666667,1.0,0.0,0.09112389999999998,0.46232675493946385,0.3
1769796198.756471,0.130177,-0.09112389999999998,1.5724854193495996,0.3,0.0,0.0,1.570796,0.666667,1.0,0.0,0.09112389999999998,0.4644277746604233,0.3
1769796198.756471,0.130177,-0.09112389999999998,1.5679518341860326,0.3,0.0,0.0,1.570796,0.666667,1.0,0.0,0.09112389999999998,0.4653332583512608,0.3
1769796198.756471,0.130177,-0.09112389999999998,1.5673238105161582,0.3,0.0,0.0,1.570796,0.666667,1.0,0.0,0.09112389999999998,0.4667808310668686,0.3
1769796198.756471,0.130177,-0.09112389999999998,1.563799983055953,0.3,0.0,0.0,1.570796,0.666667,1.0,0.0,0.09112389999999998,0.46737306615226576,0.3
1769796198.756471,0.130177,-0.09112389999999998,1.5643984236736492,0.3,0.0,0.0,1.570796,0.666667,1.0,0.0,0.09112389999999998,0.46813175932102186,0.3
1769796198.756471,0.130177,-0.09112389999999998,1.5627716515036219,0.3,0.0,0.0,1.570796,0.666667,1.0,0.0,0.09112389999999998,0.4675865978446314,0.3
1769796198.756471,0.130177,-0.09112389999999998,1.5670709519142956,0.3,0.0,0.0,1.570796,0.666667,1.0,0.0,0.09112389999999998,0.4659732851193133,0.3
1769796198.756471,0.130177,-0.09112389999999998,1.5740783000255576,0.3,0.0,0.0,1.570796,0.666667,1.0,0.0,0.09112389999999998,0.4643238658225419,0.3
1769796198.756471,0.130177,-0.09112389999999998,1.5726681672842504,0.3,0.0,0.0,1.570796,0.666667,1.0,0.0,0.09112389999999998,0.4639913656973124,0.3
1769796198.756471,0.130177,-0.09112389999999998,1.5690659526656727,0.3,0.0,0.0,1.570796,0.666667,1.0,0.0,0.09112389999999998,0.46241409796909955,0.3
1769796198.756471,0.130177,-0.09112389999999998,1.5835419063948348,0.3,0.0,0.0,1.570796,0.666667,1.0,0.0,0.09112389999999998,0.46301913285129354,0.3
1769796198.756471,0.130177,-0.09112389999999998,1.5690379579910865,0.3,0.0,0.0,1.570796,0.666667,1.0,0.0,0.09112389999999998,0.4638256050371008,0.3
1769796198.756471,0.130177,-0.09112389999999998,1.564227119550829,0.3,0.0,0.0,1.570796,0.666667,1.0,0.0,0.09112389999999998,0.4664352962749913,0.3
1769796198.756471,0.130177,-0.09112389999999998,1.567883758967492,0.3,0.0,0.0,1.570796,0.666667,1.0,0.0,0.09112389999999998,0.46680811899913444,0.3
1769796198.756471,0.130177,-0.09112389999999998,1.5668010216462274,0.3,0.0,0.0,1.570796,0.666667,1.0,0.0,0.09112389999999998,0.46525201339448735,0.3
1769796198.756471,0.130177,-0.09112389999999998,1.5735637531787112,0.3,0.0,0.0,1.570796,0.666667,1.0,0.0,0.09112389999999998,0.46402883635627395,0.3
1769796198.756471,0.130177,-0.09112389999999998,1.5752228211967727,0.3,0.0,0.0,1.570796,0.666667,1.0,0.0,0.09112389999999998,0.46430956740697443,0.3
1769796198.756471,0.130177,-0.09112389999999998,1.5651166353420245,0.3,0.0,0.0,1.570796,0.666667,1.0,0.0,0.09112389999999998,0.4659025405471912,0.3
1769796198.756471,0.130177,-0.09112389999999998,1.564005914337411,0.3,0.0,0.0,1.570796,0.666667,1.0,0.0,0.09112389999999998,0.4660191627867037,0.3
1769796198.756471,0.130177,-0.09112389999999998,1.5745230877596974,0.3,0.0,0.0,1.570796,0.666667,1.0,0.0,0.09112389999999998,0.4673274132474259,0.3
1769796198.756471,0.130177,-0.09112389999999998,1.5572671325776914,0.3,0.0,0.0,1.570796,0.666667,1.0,0.0,0.09112389999999998,0.46667464653190643,0.3
1769796198.756471,0.130177,-0.09112389999999998,1.5679225146305276,0.3,0.0,0.0,1.570796,0.666667,1.0,0.0,0.09112389999999998,0.4678520074924244,0.3
1769796198.756471,0.130177,-0.09112389999999998,1.5674589219965895,0.3,0.0,0.0,1.570796,0.666667,1.0,0.0,0.09112389999999998,0.4659771101916632,0.3
1769796198.756471,0.130177,-0.09112389999999998,1.5685165163822588,0.3,0.0,0.0,1.570796,0.666667,1.0,0.0,0.09112389999999998,0.4656232099557178,0.3
1769796198.756471,0.130177,-0.09112389999999998,1.5700459160462,0.3,0.0,0.0,1.570796,0.666667,1.0,0.0,0.09112389999999998,0.46376978239360045,0.3
1769796198.756471,0.130177,-0.09112389999999998,1.5785794873692938,0.3,0.0,0.0,1.570796,0.666667,1.0,0.0,0.09112389999999998,0.46094491189018755,0.3
1769796198.756471,0.130177,-0.09112389999999998,1.5854657394027363,0.3,0.0,0.0,1.570796,0.666667,1.0,0.0,0.09112389999999998,0.4622611256176827,0.3
1769796198.756471,0.130177,-0.09112389999999998,1.5621486336812291,0.3,0.0,0.0,1.570796,0.666667,1.0,0.0,0.09112389999999998,0.46446631176196235,0.3
1769796198.756471,0.130177,-0.09112389999999998,1.5653483705036157,0.3,0.0,0.0,1.570796,0.666667,1.0,0.0,0.09112389999999998,0.467420390498221,0.3
1769796198.756471,0.130177,-0.09112389999999998,1.5677412669851842,0.3,0.0,0.0,1.570796,0.666667,1.0,0.0,0.09112389999999998,0.4668999147775026,0.3
1769796198.756471,0.130177,-0.09112389999999998,1.5652714880055396,0.3,0.0,0.0,1.570796,0.666667,1.0,0.0,0.09112389999999998,0.46473465068567155,0.3
1769796198.756471,0.130177,-0.09112389999999998,1.578339955054602,0.3,0.0,0.0,1.570796,0.666667,1.0,0.0,0.09112389999999998,0.4622507553601956,0.3
1769796198.756471,0.130177,-0.09112389999999998,1.58264463893804,0.3,0.0,0.0,1.570796,0.666667,1.0,0.0,0.09112389999999998,0.4612408495675466,0.3
1769796198.756471,0.130177,-0.09112389999999998,1.571330922761434,0.3,0.0,0.0,1.570796,0.666667,1.0,0.0,0.09112389999999998,0.46480300885705733,0.3
1769796198.756471,0.130177,-0.09112389999999998,1.556966999317537,0.3,0.0,0.0,1.570796,0.666667,1.0,0.0,0.09112389999999998,0.46824947133850575,0.3
1769796198.756471,0.130177,-0.09112389999999998,1.5619658640493495,0.3,0.0,0.0,1.570796,0.666667,1.0,0.0,0.09112389999999998,0.46838300595828036,0.3
1769796198.756471,0.130177,-0.09112389999999998,1.5705297150427862,0.3,0.0,0.0,1.570796,0.666667,1.0,0.0,0.09112389999999998,0.46578096768528265,0.3
1769796198.756471,0.130177,-0.09112389999999998,1.5725792289555236,0.3,0.0,0.0,1.570796,0.666667,1.0,0.0,0.09112389999999998,0.4649924988245277,0.3
1769796198.756471,0.130177,-0.09112389999999998,1.5666966772138793,0.3,0.0,0.0,1.570796,0.666667,1.0,0.0,0.09112389999999998,0.46380282504644366,0.3
1769796198.756471,0.130177,-0.09112389999999998,1.5776677577112905,0.3,0.0,0.0,1.570796,0.666667,1.0,0.0,0.09112389999999998,0.4636446808752728,0.3
1769796198.756471,0.130177,-0.09112389999999998,1.5735280939825487,0.3,0.0,0.0,1.570796,0.666667,1.0,0.0,0.09112389999999998,0.4628515428672388,0.3
1769796198.756471,0.130177,-0.09112389999999998,1.5714555052620833,0.3,0.0,0.0,1.570796,0.666667,1.0,0.0,0.09112389999999998,0.46567176634300383,0.3
1769796198.756471,0.130177,-0.09112389999999998,1.5607464168567,0.3,0.0,0.0,1.570796,0.666667,1.0,0.0,0.09112389999999998,0.4671082904016799,0.3
1769796198.756471,0.130177,-0.09112389999999998,1.5649089496304927,0.3,0.0,0.0,1.570796,0.666667,1.0,0.0,0.09112389999999998,0.46644061821680854,0.3
1769796198.756471,0.130177,-0.09112389999999998,1.5754615383713113,0.3,0.0,0.0,1.570796,0.666667,1.0,0.0,0.09112389999999998,0.46352014187982166,0.3
1769796198.756471,0.130177,-0.09112389999999998,1.5782692748786211,0.3,0.0,0.0,1.570796,0.666667,1.0,0.0,0.09112389999999998,0.4629441754486698,0.3
1769796198.756471,0.130177,-0.09112389999999998,1.568364748217404,0.3,0.0,0.0,1.570796,0.666667,1.0,0.0,0.09112389999999998,0.46446093314748677,0.3
1769796198.756471,0.130177,-0.09112389999999998,1.5663609921784092,0.3,0.0,0.0,1.570796,0.666667,1.0,0.0,0.09112389999999998,0.4669014927616833,0.3
1769796198.756471,0.130177,-0.09112389999999998,1.5636259171934421,0.3,0.0,0.0,1.570796,0.666667,1.0,0.0,0.09112389999999998,0.46546476703898526,0.3
1769796198.756471,0.130177,-0.09112389999999998,1.5769851025535926,0.3,0.0,0.0,1.570796,0.666667,1.0,0.0,0.09112389999999998,0.46654704779420314,0.3
1769796198.756471,0.130177,-0.09112389999999998,1.5598673076471017,0.3,0.0,0.0,1.570796,0.666667,1.0,0.0,0.09112389999999998,0.46676106613094115,0.3
1769796198.756471,0.130177,-0.09112389999999998,1.562341807173014,0.3,0.0,0.0,1.570796,0.666667,1.0,0.0,0.09112389999999998,0.46616490662564325,0.3
1769796198.756471,0.130177,-0.09112389999999998,1.58056205958538,0.3,0.0,0.0,1.570796,0.666667,1.0,0.0,0.09112389999999998,0.4640929444823408,0.3
1769796198.756471,0.130177,-0.09112389999999998,1.5722990805069161,0.3,0.0,0.0,1.570796,0.666667,1.0,0.0,0.09112389999999998,0.4626788630204235,0.3
1769796198.756471,0.130177,-0.09112389999999998,1.5708262959445183,0.3,0.0,0.0,1.570796,0.666667,1.0,0.0,0.09112389999999998,0.4642321383166578,0.3
1769796198.756471,0.130177,-0.09112389999999998,1.5712424078079739,0.3,0.0,0.0,1.570796,0.666667,1.0,0.0,0.09112389999999998,0.46445384057415356,0.3
1769796198.756471,0.130177,-0.09112389999999998,1.5709688669619417,0.3,0.0,0.0,1.570796,0.666667,1.0,0.0,0.09112389999999998,0.46577546048366164,0.3
1769796198.756471,0.130177,-0.09112389999999998,1.5628965764874698,0.3,0.0,0.0,1.570796,0.666667,1.0,0.0,0.09112389999999998,0.4640352740553761,0.3
1769796198.756471,0.130177,-0.09112389999999998,1.5816835263776872,0.3,0.0,0.0,1.570796,0.666667,1.0,0.0,0.09112389999999998,0.4626465967573488,0.3
1769796198.756471,0.130177,-0.09112389999999998,1.5793009307501051,0.3,0.0,0.0,1.570796,0.666667,1.0,0.0,0.09112389999999998,0.46015025382710073,0.3
1769796198.756471,0.130177,-0.09112389999999998,1.5778746340689582,0.3,0.0,0.0,1.570796,0.666667,1.0,0.0,0.09112389999999998,0.4594948586138638,0.3
1769796198.756471,0.130177,-0.09112389999999998,1.585615897657109,0.3,0.0,0.0,1.570796,0.666667,1.0,0.0,0.09112389999999998,0.4598941782160522,0.3
1769796198.756471,0.130177,-0.09112389999999998,1.5769050131369744,0.3,0.0,0.0,1.570796,0.666667,1.0,0.0,0.09112389999999998,0.46060948812209984,0.3
1769796198.756471,0.130177,-0.09112389999999998,1.573582774632673,0.3,0.0,0.0,1.570796,0.666667,1.0,0.0,0.09112389999999998,0.46444805311373233,0.3
1769796198.756471,0.130177,-0.09112389999999998,1.5625845077073135,0.3,0.0,0.0,1.570796,0.666667,1.0,0.0,0.09112389999999998,0.46540767335037597,0.3
1769796198.756471,0.130177,-0.09112389999999998,1.571147291717113,0.3,0.0,0.0,1.570796,0.666667,1.0,0.0,0.09112389999999998,0.4657899239406933,0.3
1769796198.756471,0.130177,-0.09112389999999998,1.5712892710907689,0.3,0.0,0.0,1.570796,0.666667,1.0,0.0,0.09112389999999998,0.4657397243384154,0.3
1769796198.756471,0.130177,-0.09112389999999998,1.5628857053209813,0.3,0.0,0.0,1.570796,0.666667,1.0,0.0,0.09112389999999998,0.46467469653435756,0.3
1769796198.756471,0.130177,-0.09112389999999998,1.5775374585414599,0.3,0.0,0.0,1.570796,0.666667,1.0,0.0,0.09112389999999998,0.4661814316792589,0.3
1769796198.756471,0.130177,-0.09112389999999998,1.5622488602213604,0.3,0.0,0.0,1.570796,0.666667,1.0,0.0,0.09112389999999998,0.46684954565650694,0.3
1769796198.756471,0.130177,-0.09112389999999998,1.5588770214574932,0.3,0.0,0.0,1.570796,0.666667,1.0,0.0,0.09112389999999998,0.46662993390703317,0.3
1769796198.756471,0.130177,-0.09112389999999998,1.5788551290383026,0.3,0.0,0.0,1.570796,0.666667,1.0,0.0,0.09112389999999998,0.4652427226244049,0.3
1769796198.756471,0.130177,-0.09112389999999998,1.5705721279171299,0.3,0.0,0.0,1.570796,0.666667,1.0,0.0,0.09112389999999998,0.46394426567889574,0.3
1769796198.756471,0.130177,-0.09112389999999998,1.5666677631305481,0.3,0.0,0.0,1.570796,0.666667,1.0,0.0,0.09112389999999998,0.4660040366234379,0.3
1769796198.756471,0.130177,-0.09112389999999998,1.5664965033710496,0.3,0.0,0.0,1.570796,0.666667,1.0,0.0,0.09112389999999998,0.4673637377211672,0.3
1769796198.756471,0.130177,-0.09112389999999998,1.5624139213307544,0.3,0.0,0.0,1.570796,0.666667,1.0,0.0,0.09112389999999998,0.46753652973537263,0.3
1769796198.756471,0.130177,-0.09112389999999998,1.565631011045315,0.3,0.0,0.0,1.570796,0.666667,1.0,0.0,0.09112389999999998,0.4662930188207138,0.3
1769796198.756471,0.130177,-0.09112389999999998,1.5739575688590028,0.3,0.0,0.0,1.570796,0.666667,1.0,0.0,0.09112389999999998,0.46340132344819635,0.3
1769796198.756471,0.130177,-0.09112389999999998,1.5797640935658592,0.3,0.0,0.0,1.570796,0.666667,1.0,0.0,0.09112389999999998,0.46179309970608023,0.3
1769796198.756471,0.130177,-0.09112389999999998,1.5752803534980118,0.3,0.0,0.0,1.570796,0.666667,1.0,0.0,0.09112389999999998,0.46287505193619544,0.3
1769796198.756471,0.130177,-0.09112389999999998,1.5674658554783116,0.3,0.0,0.0,1.570796,0.666667,1.0,0.0,0.09112389999999998,0.4638638852308746,0.3
1769796198.756471,0.130177,-0.09112389999999998,1.5738310937977844,0.3,0.0,0.0,1.570796,0.666667,1.0,0.0,0.09112389999999998,0.46589434589619266,0.3
1769796198.756471,0.130177,-0.09112389999999998,1.5630975895061028,0.3,0.0,0.0,1.570796,0.666667,1.0,0.0,0.09112389999999998,0.4666398844733206,0.3
1769796198.756471,0.130177,-0.09112389999999998,1.5629926240155443,0.3,0.0,0.0,1.570796,0.666667,1.0,0.0,0.09112389999999998,0.46596766265690776,0.3
1769796198.756471,0.130177,-0.09112389999999998,1.5778644246962616,0.3,0.0,0.0,1.570796,0.666667,1.0,0.0,0.09112389999999998,0.46429092679003187,0.3
1769796198.756471,0.130177,-0.09112389999999998,1.5731580047073581,0.3,0.0,0.0,1.570796,0.666667,1.0,0.0,0.09112389999999998,0.46317047424746444,0.3
1769796198.756471,0.130177,-0.09112389999999998,1.5697153392709489,0.3,0.0,0.0,1.570796,0.666667,1.0,0.0,0.09112389999999998,0.4638450760377293,0.3
1769796198.756471,0.130177,-0.09112389999999998,1.5738168139546722,0.3,0.0,0.0,1.570796,0.666667,1.0,0.0,0.09112389999999998,0.4617543582368023,0.3
1769796198.756471,0.130177,-0.09112389999999998,1.5857023115129203,0.3,0.0,0.0,1.570796,0.666667,1.0,0.0,0.09112389999999998,0.46180447674016517,0.3
1769796198.756471,0.130177,-0.09112389999999998,1.5694146282507717,0.3,0.0,0.0,1.570796,0.666667,1.0,0.0,0.09112389999999998,0.46230982554056405,0.3
1769796198.756471,0.130177,-0.09112389999999998,1.5707847211522787,0.3,0.0,0.0,1.570796,0.666667,1.0,0.0,0.09112389999999998,0.4652202823185876,0.3
1769796198.756471,0.130177,-0.09112389999999998,1.5682395708447794,0.3,0.0,0.0,1.570796,0.666667,1.0,0.0,0.09112389999999998,0.46390409833363616,0.3
1769796198.756471,0.130177,-0.09112389999999998,1.57731173216048,0.3,0.0,0.0,1.570796,0.666667,1.0,0.0,0.09112389999999998,0.4625565433598971,0.3
1769796198.756471,0.130177,-0.09112389999999998,1.5788700509947131,0.3,0.0,0.0,1.570796,0.666667,1.0,0.0,0.09112389999999998,0.46073284510791473,0.3
1769796198.756471,0.130177,-0.09112389999999998,1.5791817603566733,0.3,0.0,0.0,1.570796,0.666667,1.0,0.0,0.09112389999999998,0.4609577406360916,0.3
1769796198.756471,0.130177,-0.09112389999999998,1.5759623589914193,0.3,0.0,0.0,1.570796,0.666667,1.0,0.0,0.09112389999999998,0.46087497515639697,0.3
1769796198.756471,0.130177,-0.09112389999999998,1.5793666438728806,0.3,0.0,0.0,1.570796,0.666667,1.0,0.0,0.09112389999999998,0.4609315657147752,0.3
1769796198.756471,0.130177,-0.09112389999999998,1.578842217006404,0.3,0.0,0.0,1.570796,0.666667,1.0,0.0,0.09112389999999998,0.4616506426318172,0.3
1769796198.756471,0.130177,-0.09112389999999998,1.5716478974891674,0.3,0.0,0.0,1.570796,0.666667,1.0,0.0,0.09112389999999998,0.46543752457994597,0.3
1769796198.756471,0.130177,-0.09112389999999998,1.5566453521841082,0.3,0.0,0.0,1.570796,0.666667,1.0,0.0,0.09112389999999998,0.46779032972274254,0.3
1769796198.756471,0.130177,-0.09112389999999998,1.5647253861496244,0.3,0.0,0.0,1.570796,0.666667,1.0,0.0,0.09112389999999998,0.4688132021844335,0.3
1769796198.756471,0.130177,-0.09112389999999998,1.5655106627190216,0.3,0.0,0.0,1.570796,0.666667,1.0,0.0,0.09112389999999998,0.46648663695788617,0.3
1769796198.756471,0.130177,-0.09112389999999998,1.570604743543392,0.3,0.0,0.0,1.570796,0.666667,1.0,0.0,0.09112389999999998,0.46590208939802774,0.3
1769796198.756471,0.130177,-0.09112389999999998,1.5682326715087747,0.3,0.0,0.0,1.570796,0.666667,1.0,0.0,0.09112389999999998,0.4656742785883656,0.3
1769796198.756471,0.130177,-0.09112389999999998,1.566877527576995,0.3,0.0,0.0,1.570796,0.666667,1.0,0.0,0.09112389999999998,0.46490525260484844,0.3
1769796198.756471,0.130177,-0.09112389999999998,1.575218899444495,0.3,0.0,0.0,1.570796,0.666667,1.0,0.0,0.09112389999999998,0.4645745761892217,0.3
1769796198.756471,0.130177,-0.09112389999999998,1.570216730002535,0.3,0.0,0.0,1.570796,0.666667,1.0,0.0,0.09112389999999998,0.4639908893988929,0.3
1769796198.756471,0.130177,-0.09112389999999998,1.570379648318968,0.3,0.0,0.0,1.570796,0.666667,1.0,0.0,0.09112389999999998,0.46330466654513075,0.3
1769796198.756471,0.130177,-0.09112389999999998,1.5793362365670678,0.3,0.0,0.0,1.570796,0.666667,1.0,0.0,0.09112389999999998,0.4640390221453961,0.3
1769796198.756471,0.130177,-0.09112389999999998,1.5658105964009426,0.3,0.0,0.0,1.570796,0.666667,1.0,0.0,0.09112389999999998,0.46261295899240057,0.3
1769796198.756471,0.130177,-0.09112389999999998,1.5789360272369415,0.3,0.0,0.0,1.570796,0.666667,1.0,0.0,0.09112389999999998,0.4662157287566607,0.3
1769796198.756471,0.130177,-0.09112389999999998,1.557719617981507,0.3,0.0,0.0,1.570796,0.666667,1.0,0.0,0.09112389999999998,0.4656594893825894,0.3
1769796198.756471,0.130177,-0.09112389999999998,1.5691480326453704,0.3,0.0,0.0,1.570796,0.666667,1.0,0.0,0.09112389999999998,0.46602476799371056,0.3
1769796198.756471,0.130177,-0.09112389999999998,1.5767443555702143,0.3,0.0,0.0,1.570796,0.666667,1.0,0.0,0.09112389999999998,0.46581655418859036,0.3
1769796198.756471,0.130177,-0.09112389999999998,1.558968900812228,0.3,0.0,0.0,1.570796,0.666667,1.0,0.0,0.09112389999999998,0.46633034789786326,0.3
1769796198.756471,0.130177,-0.09112389999999998,1.5660652703897335,0.3,0.0,0.0,1.570796,0.666667,1.0,0.0,0.09112389999999998,0.4695113173027341,0.3
1769796198.756471,0.130177,-0.09112389999999998,1.557658539140989,0.3,0.0,0.0,1.570796,0.666667,1.0,0.0,0.09112389999999998,0.4664158489387542,0.3
1769796198.756471,0.130177,-0.09112389999999998,1.5775417109961076,0.3,0.0,0.0,1.570796,0.666667,1.0,0.0,0.09112389999999998,0.46406524177029335,0.3
1769796198.756471,0.130177,-0.09112389999999998,1.5801689134004984,0.3,0.0,0.0,1.570796,0.666667,1.0,0.0,0.09112389999999998,0.4637001940253143,0.3
1769796198.756471,0.130177,-0.09112389999999998,1.5598488256108631,0.3,0.0,0.0,1.570796,0.666667,1.0,0.0,0.09112389999999998,0.46401801696793693,0.3
1769796198.756471,0.130177,-0.09112389999999998,1.5756347733403717,0.3,0.0,0.0,1.570796,0.666667,1.0,0.0,0.09112389999999998,0.46390148100208944,0.3
1769796198.756471,0.130177,-0.09112389999999998,1.5808681291955833,0.3,0.0,0.0,1.570796,0.666667,1.0,0.0,0.09112389999999998,0.46099466663196575,0.3
1769796198.756471,0.130177,-0.09112389999999998,1.5772897118316056,0.3,0.0,0.0,1.570796,0.666667,1.0,0.0,0.09112389999999998,0.4616120896349339,0.3
1769796198.756471,0.130177,-0.09112389999999998,1.571930235322563,0.3,0.0,0.0,1.570796,0.666667,1.0,0.0,0.09112389999999998,0.4633937708244911,0.3
1769796198.756471,0.130177,-0.09112389999999998,1.5701780420582399,0.3,0.0,0.0,1.570796,0.666667,1.0,0.0,0.09112389999999998,0.4632232984558166,0.3
1769796198.756471,0.130177,-0.09112389999999998,1.578312546043653,0.3,0.0,0.0,1.570796,0.666667,1.0,0.0,0.09112389999999998,0.4622344900562492,0.3
1769796198.756471,0.130177,-0.09112389999999998,1.577863085719967,0.3,0.0,0.0,1.570796,0.666667,1.0,0.0,0.09112389999999998,0.459239661016035,0.3
1769796198.756471,0.130177,-0.09112389999999998,1.5881470162995255,0.3,0.0,0.0,1.570796,0.666667,1.0,0.0,0.09112389999999998,0.45862272435998114,0.3
1769796198.756471,0.130177,-0.09112389999999998,1.582014165979976,0.3,0.0,0.0,1.570796,0.666667,1.0,0.0,0.09112389999999998,0.4611889135644562,0.3
1769796198.756471,0.130177,-0.09112389999999998,1.5624659504931164,0.3,0.0,0.0,1.570796,0.666667,1.0,0.0,0.09112389999999998,0.4605428566988059,0.3
1769796198.756471,0.130177,-0.09112389999999998,1.592023357493427,0.3,0.0,0.0,1.570796,0.666667,1.0,0.0,0.09112389999999998,0.4601429985648218,0.3
1769796198.756471,0.130177,-0.09112389999999998,1.5844133147838806,0.3,0.0,0.0,1.570796,0.666667,1.0,0.0,0.09112389999999998,0.46001271424631446,0.3
1769796198.756471,0.130177,-0.09112389999999998,1.5632476564041606,0.3,0.0,0.0,1.570796,0.666667,1.0,0.0,0.09112389999999998,0.46491942642446876,0.3
1769796198.756471,0.130177,-0.09112389999999998,1.5625830844245012,0.3,0.0,0.0,1.570796,0.666667,1.0,0.0,0.09112389999999998,0.4666048606203646,0.3
1769796198.756471,0.130177,-0.09112389999999998,1.5743007096085053,0.3,0.0,0.0,1.570796,0.666667,1.0,0.0,0.09112389999999998,0.4645587994552656,0.3
1769796198.756471,0.130177,-0.09112389999999998,1.575524023394755,0.3,0.0,0.0,1.570796,0.666667,1.0,0.0,0.09112389999999998,0.46453693630640164,0.3
1769796198.756471,0.130177,-0.09112389999999998,1.562714263317685,0.3,0.0,0.0,1.570796,0.666667,1.0,0.0,0.09112389999999998,0.4656282521460871,0.3
1769796198.756471,0.130177,-0.09112389999999998,1.5677528145703927,0.3,0.0,0.0,1.570796,0.666667,1.0,0.0,0.09112389999999998,0.4678456156323066,0.3
1769796198.756471,0.130177,-0.09112389999999998,1.5622198424774376,0.3,0.0,0.0,1.570796,0.666667,1.0,0.0,0.09112389999999998,0.4661259155672914,0.3
1769796198.756471,0.130177,-0.09112389999999998,1.5730324637077768,0.3,0.0,0.0,1.570796,0.666667,1.0,0.0,0.09112389999999998,0.4650632399767232,0.3
1769796198.756471,0.130177,-0.09112389999999998,1.5741288681138013,0.3,0.0,0.0,1.570796,0.666667,1.0,0.0,0.09112389999999998,0.461365782085287,0.3
1769796198.756471,0.130177,-0.09112389999999998,1.584404589826055,0.3,0.0,0.0,1.570796,0.666667,1.0,0.0,0.09112389999999998,0.4633632484706069,0.3
1769796198.756471,0.130177,-0.09112389999999998,1.5610476653958576,0.3,0.0,0.0,1.570796,0.666667,1.0,0.0,0.09112389999999998,0.4642416446545164,0.3
1769796198.756471,0.130177,-0.09112389999999998,1.568858491010344,0.3,0.0,0.0,1.570796,0.666667,1.0,0.0,0.09112389999999998,0.46612748908912155,0.3
1769796198.756471,0.130177,-0.09112389999999998,1.5730895232184243,0.3,0.0,0.0,1.570796,0.666667,1.0,0.0,0.09112389999999998,0.46357410762165285,0.3
1769796198.756471,0.130177,-0.09112389999999998,1.5763679542006697,0.3,0.0,0.0,1.570796,0.666667,1.0,0.0,0.09112389999999998,0.4630644263148896,0.3
1769796198.756471,0.130177,-0.09112389999999998,1.5719165788509233,0.3,0.0,0.0,1.570796,0.666667,1.0,0.0,0.09112389999999998,0.4641028886978909,0.3
1769796198.756471,0.130177,-0.09112389999999998,1.5668587489204167,0.3,0.0,0.0,1.570796,0.666667,1.0,0.0,0.09112389999999998,0.46451193927718365,0.3
1769796198.756471,0.130177,-0.09112389999999998,1.5739136507249134,0.3,0.0,0.0,1.570796,0.666667,1.0,0.0,0.09112389999999998,0.46352176264688577,0.3
1769796198.756471,0.130177,-0.09112389999999998,1.5778576386327106,0.3,0.0,0.0,1.570796,0.666667,1.0,0.0,0.09112389999999998,0.46270022733830457,0.3
1769796198.756471,0.130177,-0.09112389999999998,1.5717879607719039,0.3,0.0,0.0,1.570796,0.666667,1.0,0.0,0.09112389999999998,0.4648347673110382,0.3
1769796198.756471,0.130177,-0.09112389999999998,1.5611064108885115,0.3,0.0,0.0,1.570796,0.666667,1.0,0.0,0.09112389999999998,0.46700194935538625,0.3
1769796198.756471,0.130177,-0.09112389999999998,1.5648545463666224,0.3,0.0,0.0,1.570796,0.666667,1.0,0.0,0.09112389999999998,0.4686969892371422,0.3
1769796198.756471,0.130177,-0.09112389999999998,1.561617721481368,0.3,0.0,0.0,1.570796,0.666667,1.0,0.0,0.09112389999999998,0.46613760000479193,0.3
1769796198.756471,0.130177,-0.09112389999999998,1.576462746282613,0.3,0.0,0.0,1.570796,0.666667,1.0,0.0,0.09112389999999998,0.4670581718385904,0.3
1769796198.756471,0.130177,-0.09112389999999998,1.5593311153638316,0.3,0.0,0.0,1.570796,0.666667,1.0,0.0,0.09112389999999998,0.4649220130245077,0.3
1769796198.756471,0.130177,-0.09112389999999998,1.5744346743658644,0.3,0.0,0.0,1.570796,0.666667,1.0,0.0,0.09112389999999998,0.46531336071131674,0.3
1769796198.756471,0.130177,-0.09112389999999998,1.5741146601617588,0.3,0.0,0.0,1.570796,0.666667,1.0,0.0,0.09112389999999998,0.46256959701725203,0.3
1769796198.756471,0.130177,-0.09112389999999998,1.5757936975282198,0.3,0.0,0.0,1.570796,0.666667,1.0,0.0,0.09112389999999998,0.46303087259328274,0.3
1769796198.756471,0.130177,-0.09112389999999998,1.5716670209096801,0.3,0.0,0.0,1.570796,0.666667,1.0,0.0,0.09112389999999998,0.4633258119388897,0.3
1769796198.756471,0.130177,-0.09112389999999998,1.5723450240881165,0.3,0.0,0.0,1.570796,0.666667,1.0,0.0,0.09112389999999998,0.4645184015181021,0.3
1769796198.756471,0.130177,-0.09112389999999998,1.5686381600529462,0.3,0.0,0.0,1.570796,0.666667,1.0,0.0,0.09112389999999998,0.4633721563158792,0.3
1769796198.756471,0.130177,-0.09112389999999998,1.5785444921230174,0.3,0.0,0.0,1.570796,0.666667,1.0,0.0,0.09112389999999998,0.4622452637393594,0.3
1769796198.756471,0.130177,-0.09112389999999998,1.579106379547235,0.3,0.0,0.0,1.570796,0.666667,1.0,0.0,0.09112389999999998,0.4628431220940518,0.3
1769796198.756471,0.130177,-0.09112389999999998,1.5650510099247916,0.3,0.0,0.0,1.570796,0.666667,1.0,0.0,0.09112389999999998,0.46312432312170365,0.3
1769796198.756471,0.130177,-0.09112389999999998,1.5768572859571066,0.3,0.0,0.0,1.570796,0.666667,1.0,0.0,0.09112389999999998,0.4653710270327161,0.3
1769796198.756471,0.130177,-0.09112389999999998,1.5656261560811604,0.3,0.0,0.0,1.570796,0.666667,1.0,0.0,0.09112389999999998,0.4644833724428916,0.3
1769796198.756471,0.130177,-0.09112389999999998,1.5703769374637386,0.3,0.0,0.0,1.570796,0.666667,1.0,0.0,0.09112389999999998,0.46415596018226973,0.3
1769796198.756471,0.130177,-0.09112389999999998,1.5788217595208376,0.3,0.0,0.0,1.570796,0.666667,1.0,0.0,0.09112389999999998,0.464030332185303,0.3
1769796198.756471,0.130177,-0.09112389999999998,1.5663799240629608,0.3,0.0,0.0,1.570796,0.666667,1.0,0.0,0.09112389999999998,0.4636767888727764,0.3
1769796198.756471,0.130177,-0.09112389999999998,1.572498197338898,0.3,0.0,0.0,1.570796,0.666667,1.0,0.0,0.09112389999999998,0.46398790131458156,0.3
1769796198.756471,0.130177,-0.09112389999999998,1.576955084870007,0.3,0.0,0.0,1.570796,0.666667,1.0,0.0,0.09112389999999998,0.46368473008391503,0.3
1769796198.756471,0.130177,-0.09112389999999998,1.56819895144696,0.3,0.0,0.0,1.570796,0.666667,1.0,0.0,0.09112389999999998,0.46389184763025576,0.3
1769796198.756471,0.130177,-0.09112389999999998,1.5712554920608537,0.3,0.0,0.0,1.570796,0.666667,1.0,0.0,0.09112389999999998,0.4650141748549434,0.3
1769796198.756471,0.130177,-0.09112389999999998,1.5702211215218813,0.3,0.0,0.0,1.570796,0.666667,1.0,0.0,0.09112389999999998,0.4649079728312953,0.3
1769796198.756471,0.130177,-0.09112389999999998,1.5688361635888481,0.3,0.0,0.0,1.570796,0.666667,1.0,0.0,0.09112389999999998,0.4636544066902221,0.3
1769796198.756471,0.130177,-0.09112389999999998,1.578776888907293,0.3,0.0,0.0,1.570796,0.666667,1.0,0.0,0.09112389999999998,0.46157815777135647,0.3
1769796198.756471,0.130177,-0.09112389999999998,1.5826786150350751,0.3,0.0,0.0,1.570796,0.666667,1.0,0.0,0.09112389999999998,0.460573295169866,0.3
1769796198.756471,0.130177,-0.09112389999999998,1.5748653391977911,0.3,0.0,0.0,1.570796,0.666667,1.0,0.0,0.09112389999999998,0.46227491965558154,0.3
1769796198.756471,0.130177,-0.09112389999999998,1.5685671419929996,0.3,0.0,0.0,1.570796,0.666667,1.0,0.0,0.09112389999999998,0.4633636348296472,0.3
1769796198.756471,0.130177,-0.09112389999999998,1.576146323990681,0.3,0.0,0.0,1.570796,0.666667,1.0,0.0,0.09112389999999998,0.4647809485764307,0.3
1769796198.756471,0.130177,-0.09112389999999998,1.56636145671709,0.3,0.0,0.0,1.570796,0.666667,1.0,0.0,0.09112389999999998,0.46333951033508086,0.3
1769796198.756471,0.130177,-0.09112389999999998,1.577215771441099,0.3,0.0,0.0,1.570796,0.666667,1.0,0.0,0.09112389999999998,0.4653437966391844,0.3
1769796198.756471,0.130177,-0.09112389999999998,1.5641206061660597,0.3,0.0,0.0,1.570796,0.666667,1.0,0.0,0.09112389999999998,0.46554263367414833,0.3
1769796198.756471,0.130177,-0.09112389999999998,1.5651684345073067,0.3,0.0,0.0,1.570796,0.666667,1.0,0.0,0.09112389999999998,0.4672148202377883,0.3
1769796198.756471,0.130177,-0.09112389999999998,1.5671826520592589,0.3,0.0,0.0,1.570796,0.666667,1.0,0.0,0.09112389999999998,0.46642304790194083,0.3
1769796198.756471,0.130177,-0.09112389999999998,1.5688712401811449,0.3,0.0,0.0,1.570796,0.666667,1.0,0.0,0.09112389999999998,0.4651581324690419,0.3
1769796198.756471,0.130177,-0.09112389999999998,1.5727579271046996,0.3,0.0,0.0,1.570796,0.666667,1.0,0.0,0.09112389999999998,0.46480018489479474,0.3
1769796198.756471,0.130177,-0.09112389999999998,1.569330337504742,0.3,0.0,0.0,1.570796,0.666667,1.0,0.0,0.09112389999999998,0.46443802612970986,0.3
1769796198.756471,0.130177,-0.09112389999999998,1.5710441927716543,0.3,0.0,0.0,1.570796,0.666667,1.0,0.0,0.09112389999999998,0.46292866976408004,0.3
1769796198.756471,0.130177,-0.09112389999999998,1.5818140652984787,0.3,0.0,0.0,1.570796,0.666667,1.0,0.0,0.09112389999999998,0.4649422632610945,0.3
1769796198.756471,0.130177,-0.09112389999999998,1.5572487765226548,0.3,0.0,0.0,1.570796,0.666667,1.0,0.0,0.09112389999999998,0.46649998812097726,0.3
1769796198.756471,0.130177,-0.09112389999999998,1.561697843612358,0.3,0.0,0.0,1.570796,0.666667,1.0,0.0,0.09112389999999998,0.4689455818284007,0.3
1769796198.756471,0.130177,-0.09112389999999998,1.5671405030539383,0.3,0.0,0.0,1.570796,0.666667,1.0,0.0,0.09112389999999998,0.4665038665182666,0.3
1769796198.756471,0.130177,-0.09112389999999998,1.5718990683834593,0.3,0.0,0.0,1.570796,0.666667,1.0,0.0,0.09112389999999998,0.4642754206328464,0.3
1769796198.756471,0.130177,-0.09112389999999998,1.5750685189248792,0.3,0.0,0.0,1.570796,0.666667,1.0,0.0,0.09112389999999998,0.4637338071496134,0.3
1769796198.756471,0.130177,-0.09112389999999998,1.570390183953336,0.3,0.0,0.0,1.570796,0.666667,1.0,0.0,0.09112389999999998,0.46340209748247857,0.3
1769796198.756471,0.130177,-0.09112389999999998,1.5738893263862686,0.3,0.0,0.0,1.570796,0.666667,1.0,0.0,0.09112389999999998,0.4638511025867931,0.3
1769796198.756471,0.130177,-0.09112389999999998,1.5723744882989918,0.3,0.0,0.0,1.570796,0.666667,1.0,0.0,0.09112389999999998,0.46625550812553135,0.3
1769796198.756471,0.130177,-0.09112389999999998,1.5559637507209065,0.3,0.0,0.0,1.570796,0.666667,1.0,0.0,0.09112389999999998,0.46774793081203975,0.3
1769796198.756471,0.130177,-0.09112389999999998,1.5649347902672184,0.3,0.0,0.0,1.570796,0.666667,1.0,0.0,0.09112389999999998,0.46846254078373684,0.3
1769796198.756471,0.130177,-0.09112389999999998,1.5680868284688092,0.3,0.0,0.0,1.570796,0.666667,1.0,0.0,0.09112389999999998,0.4665647068692374,0.3
1769796198.756471,0.130177,-0.09112389999999998,1.5673507542079033,0.3,0.0,0.0,1.570796,0.666667,1.0,0.0,0.09112389999999998,0.46351266930812335,0.3
1769796198.756471,0.130177,-0.09112389999999998,1.5832470156339025,0.3,0.0,0.0,1.570796,0.666667,1.0,0.0,0.09112389999999998,0.4633993423715049,0.3
1769796198.756471,0.130177,-0.09112389999999998,1.56876679008852,0.3,0.0,0.0,1.570796,0.666667,1.0,0.0,0.09112389999999998,0.4623039149249755,0.3
1769796198.756471,0.130177,-0.09112389999999998,1.5739233188870794,0.3,0.0,0.0,1.570796,0.666667,1.0,0.0,0.09112389999999998,0.46435624613301524,0.3
1769796198.756471,0.130177,-0.09112389999999998,1.5709330283856646,0.3,0.0,0.0,1.570796,0.666667,1.0,0.0,0.09112389999999998,0.4666758573316399,0.3
1769796198.756471,0.130177,-0.09112389999999998,1.5548491228967718,0.3,0.0,0.0,1.570796,0.666667,1.0,0.0,0.09112389999999998,0.4674825943971999,0.3
1769796198.756471,0.130177,-0.09112389999999998,1.5690828964937191,0.3,0.0,0.0,1.570796,0.666667,1.0,0.0,0.09112389999999998,0.4688066964482262,0.3
1769796198.756471,0.130177,-0.09112389999999998,1.562988416079507,0.3,0.0,0.0,1.570796,0.666667,1.0,0.0,0.09112389999999998,0.4676248468023774,0.3
1769796198.756471,0.130177,-0.09112389999999998,1.5619402207718642,0.3,0.0,0.0,1.570796,0.666667,1.0,0.0,0.09112389999999998,0.4692433817669581,0.3
1769796198.756471,0.130177,-0.09112389999999998,1.5593716867062353,0.3,0.0,0.0,1.570796,0.666667,1.0,0.0,0.09112389999999998,0.4681402080631069,0.3
1769796198.756471,0.130177,-0.09112389999999998,1.5696074583026145,0.3,0.0,0.0,1.570796,0.666667,1.0,0.0,0.09112389999999998,0.46580717922395437,0.3
1769796198.756471,0.130177,-0.09112389999999998,1.5759383938067795,0.3,0.0,0.0,1.570796,0.666667,1.0,0.0,0.09112389999999998,0.4646866282718503,0.3
1769796198.756471,0.130177,-0.09112389999999998,1.5660949924188592,0.3,0.0,0.0,1.570796,0.666667,1.0,0.0,0.09112389999999998,0.4645816107282053,0.3
1769796198.756471,0.130177,-0.09112389999999998,1.5702375635644845,0.3,0.0,0.0,1.570796,0.666667,1.0,0.0,0.09112389999999998,0.46693466991704496,0.3
1769796198.756471,0.130177,-0.09112389999999998,1.5618200386737415,0.3,0.0,0.0,1.570796,0.666667,1.0,0.0,0.09112389999999998,0.46527031151222625,0.3
1769796198.756471,0.130177,-0.09112389999999998,1.5760811428477715,0.3,0.0,0.0,1.570796,0.666667,1.0,0.0,0.09112389999999998,0.4631092036170917,0.3
1769796198.756471,0.130177,-0.09112389999999998,1.583204210935292,0.3,0.0,0.0,1.570796,0.666667,1.0,0.0,0.09112389999999998,0.46255402235870907,0.3
1769796198.756471,0.130177,-0.09112389999999998,1.5651511262240372,0.3,0.0,0.0,1.570796,0.666667,1.0,0.0,0.09112389999999998,0.4644055230988538,0.3
1769796198.756471,0.130177,-0.09112389999999998,1.564972138406903,0.3,0.0,0.0,1.570796,0.666667,1.0,0.0,0.09112389999999998,0.46723643921084174,0.3
1769796198.756471,0.130177,-0.09112389999999998,1.5662187142633643,0.3,0.0,0.0,1.570796,0.666667,1.0,0.0,0.09112389999999998,0.46554952151860624,0.3
1769796198.756471,0.130177,-0.09112389999999998,1.5752726323774502,0.3,0.0,0.0,1.570796,0.666667,1.0,0.0,0.09112389999999998,0.46395297783863826,0.3
1769796198.756471,0.130177,-0.09112389999999998,1.574551400486711,0.3,0.0,0.0,1.570796,0.666667,1.0,0.0,0.09112389999999998,0.4633558208011174,0.3
1769796198.756471,0.130177,-0.09112389999999998,1.5698016564884896,0.3,0.0,0.0,1.570796,0.666667,1.0,0.0,0.09112389999999998,0.4647149994411243,0.3
1769796198.756471,0.130177,-0.09112389999999998,1.5671175605374088,0.3,0.0,0.0,1.570796,0.666667,1.0,0.0,0.09112389999999998,0.4653132776564508,0.3
1769796198.756471,0.130177,-0.09112389999999998,1.5709617311947521,0.3,0.0,0.0,1.570796,0.666667,1.0,0.0,0.09112389999999998,0.4646109228433571,0.3
1769796198.756471,0.130177,-0.09112389999999998,1.5740157853670513,0.3,0.0,0.0,1.570796,0.666667,1.0,0.0,0.09112389999999998,0.46444281233012524,0.3
1769796198.756471,0.130177,-0.09112389999999998,1.5681262236168,0.3,0.0,0.0,1.570796,0.666667,1.0,0.0,0.09112389999999998,0.4639487372939916,0.3
1769796198.756471,0.130177,-0.09112389999999998,1.5739261814115542,0.3,0.0,0.0,1.570796,0.666667,1.0,0.0,0.09112389999999998,0.4640656066780666,0.3
1769796198.756471,0.130177,-0.09112389999999998,1.5733145690626014,0.3,0.0,0.0,1.570796,0.666667,1.0,0.0,0.09112389999999998,0.46336307439659574,0.3
1769796198.756471,0.130177,-0.09112389999999998,1.5723414173056252,0.3,0.0,0.0,1.570796,0.666667,1.0,0.0,0.09112389999999998,0.46247544385500094,0.3
1769796198.756471,0.130177,-0.09112389999999998,1.5792519646611227,0.3,0.0,0.0,1.570796,0.666667,1.0,0.0,0.09112389999999998,0.46322568931431224,0.3
1769796198.756471,0.130177,-0.09112389999999998,1.568813096306734,0.3,0.0,0.0,1.570796,0.666667,1.0,0.0,0.09112389999999998,0.4613597180486826,0.3
1769796198.756471,0.130177,-0.09112389999999998,1.583537244899403,0.3,0.0,0.0,1.570796,0.666667,1.0,0.0,0.09112389999999998,0.4622539917467565,0.3
1769796198.756471,0.130177,-0.09112389999999998,1.5738863224726793,0.3,0.0,0.0,1.570796,0.666667,1.0,0.0,0.09112389999999998,0.46209629250744894,0.3
1769796198.756471,0.130177,-0.09112389999999998,1.569759291742579,0.3,0.0,0.0,1.570796,0.666667,1.0,0.0,0.09112389999999998,0.46430808205298796,0.3
1769796198.756471,0.130177,-0.09112389999999998,1.5702665076261688,0.3,0.0,0.0,1.570796,0.666667,1.0,0.0,0.09112389999999998,0.46366879824647844,0.3
1769796198.756471,0.130177,-0.09112389999999998,1.5777220253117366,0.3,0.0,0.0,1.570796,0.666667,1.0,0.0,0.09112389999999998,0.4629766724862541,0.3
1769796198.756471,0.130177,-0.09112389999999998,1.5739120463039251,0.3,0.0,0.0,1.570796,0.666667,1.0,0.0,0.09112389999999998,0.46311568606579967,0.3
1769796198.756471,0.130177,-0.09112389999999998,1.5694324261488954,0.3,0.0,0.0,1.570796,0.666667,1.0,0.0,0.09112389999999998,0.4642595255005751,0.3
1769796198.756471,0.130177,-0.09112389999999998,1.570858988703084,0.3,0.0,0.0,1.570796,0.666667,1.0,0.0,0.09112389999999998,0.4643172013269668,0.3
1769796198.756471,0.130177,-0.09112389999999998,1.5735659913455746,0.3,0.0,0.0,1.570796,0.666667,1.0,0.0,0.09112389999999998,0.46359188175364685,0.3
1769796198.756471,0.130177,-0.09112389999999998,1.5737843435888157,0.3,0.0,0.0,1.570796,0.666667,1.0,0.0,0.09112389999999998,0.46352696335255517,0.3
1769796198.756471,0.130177,-0.09112389999999998,1.5712484991096338,0.3,0.0,0.0,1.570796,0.666667,1.0,0.0,0.09112389999999998,0.4642974017329682,0.3
1769796198.756471,0.130177,-0.09112389999999998,1.5689433610630965,0.3,0.0,0.0,1.570796,0.666667,1.0,0.0,0.09112389999999998,0.4656908575907268,0.3
1769796198.756471,0.130177,-0.09112389999999998,1.5654236084422637,0.3,0.0,0.0,1.570796,0.666667,1.0,0.0,0.09112389999999998,0.46677927295181115,0.3
1769796198.756471,0.130177,-0.09112389999999998,1.5647180069431281,0.3,0.0,0.0,1.570796,0.666667,1.0,0.0,0.09112389999999998,0.46533323718760894,0.3
1769796198.756471,0.130177,-0.09112389999999998,1.5776195756483096,0.3,0.0,0.0,1.570796,0.666667,1.0,0.0,0.09112389999999998,0.4650099094843096,0.3
1769796198.756471,0.130177,-0.09112389999999998,1.5673635746620602,0.3,0.0,0.0,1.570796,0.666667,1.0,0.0,0.09112389999999998,0.4662691131142683,0.3
1769796198.756471,0.130177,-0.09112389999999998,1.5571627851633756,0.3,0.0,0.0,1.570796,0.666667,1.0,0.0,0.09112389999999998,0.4687041444241327,0.3
1769796198.756471,0.130177,-0.09112389999999998,1.563009387789123,0.3,0.0,0.0,1.570796,0.666667,1.0,0.0,0.09112389999999998,0.4673280718739581,0.3
1769796198.756471,0.130177,-0.09112389999999998,1.575620009963108,0.3,0.0,0.0,1.570796,0.666667,1.0,0.0,0.09112389999999998,0.4656477364725217,0.3
1769796198.756471,0.130177,-0.09112389999999998,1.5672447975719939,0.3,0.0,0.0,1.570796,0.666667,1.0,0.0,0.09112389999999998,0.46407088231760296,0.3
1769796198.756471,0.130177,-0.09112389999999998,1.5724705127186356,0.3,0.0,0.0,1.570796,0.666667,1.0,0.0,0.09112389999999998,0.46489395310792864,0.3
1769796198.756471,0.130177,-0.09112389999999998,1.5706815852211538,0.3,0.0,0.0,1.570796,0.666667,1.0,0.0,0.09112389999999998,0.46532632718210776,0.3
1769796198.756471,0.130177,-0.09112389999999998,1.5646505531269195,0.3,0.0,0.0,1.570796,0.666667,1.0,0.0,0.09112389999999998,0.46584669735209033,0.3
1769796198.756471,0.130177,-0.09112389999999998,1.5693482916987398,0.3,0.0,0.0,1.570796,0.666667,1.0,0.0,0.09112389999999998,0.46634481159874214,0.3
1769796198.756471,0.130177,-0.09112389999999998,1.567692899741243,0.3,0.0,0.0,1.570796,0.666667,1.0,0.0,0.09112389999999998,0.46466772479482293,0.3
1769796198.756471,0.130177,-0.09112389999999998,1.5747130739504347,0.3,0.0,0.0,1.570796,0.666667,1.0,0.0,0.09112389999999998,0.4639563831712336,0.3
1769796198.756471,0.130177,-0.09112389999999998,1.5736163414402762,0.3,0.0,0.0,1.570796,0.666667,1.0,0.0,0.09112389999999998,0.4625196562749252,0.3
1769796198.756471,0.130177,-0.09112389999999998,1.576313261119093,0.3,0.0,0.0,1.570796,0.666667,1.0,0.0,0.09112389999999998,0.4646538836888094,0.3
1769796198.756471,0.130177,-0.09112389999999998,1.5619077094671299,0.3,0.0,0.0,1.570796,0.666667,1.0,0.0,0.09112389999999998,0.46433398396349385,0.3
1769796198.756471,0.130177,-0.09112389999999998,1.5755357397921692,0.3,0.0,0.0,1.570796,0.666667,1.0,0.0,0.09112389999999998,0.4652457969298755,0.3
1769796198.756471,0.130177,-0.09112389999999998,1.5708423833208034,0.3,0.0,0.0,1.570796,0.666667,1.0,0.0,0.09112389999999998,0.46570919586654985,0.3
1769796198.756471,0.130177,-0.09112389999999998,1.559127315847083,0.3,0.0,0.0,1.570796,0.666667,1.0,0.0,0.09112389999999998,0.4660922335318098,0.3
1769796198.756471,0.130177,-0.09112389999999998,1.5732375138006098,0.3,0.0,0.0,1.570796,0.666667,1.0,0.0,0.09112389999999998,0.46753531281003124,0.3
1769796198.756471,0.130177,-0.09112389999999998,1.5621839076514747,0.3,0.0,0.0,1.570796,0.666667,1.0,0.0,0.09112389999999998,0.46462993634129685,0.3
1769796198.756471,0.130177,-0.09112389999999998,1.5765595746594896,0.3,0.0,0.0,1.570796,0.666667,1.0,0.0,0.09112389999999998,0.464962620029235,0.3
1769796198.756471,0.130177,-0.09112389999999998,1.5712414116729807,0.3,0.0,0.0,1.570796,0.666667,1.0,0.0,0.09112389999999998,0.4647237404908502,0.3
1769796198.756471,0.130177,-0.09112389999999998,1.5636171848817835,0.3,0.0,0.0,1.570796,0.666667,1.0,0.0,0.09112389999999998,0.4662716290572971,0.3
1769796198.756471,0.130177,-0.09112389999999998,1.5672722432608084,0.3,0.0,0.0,1.570796,0.666667,1.0,0.0,0.09112389999999998,0.4669855052599856,0.3
1769796198.756471,0.130177,-0.09112389999999998,1.5669581544568496,0.3,0.0,0.0,1.570796,0.666667,1.0,0.0,0.09112389999999998,0.4654776445944732,0.3
1769796198.756471,0.130177,-0.09112389999999998,1.5726643488748582,0.3,0.0,0.0,1.570796,0.666667,1.0,0.0,0.09112389999999998,0.46442762015368216,0.3
1769796198.756471,0.130177,-0.09112389999999998,1.5735723899055543,0.3,0.0,0.0,1.570796,0.666667,1.0,0.0,0.09112389999999998,0.4624199047419488,0.3
1769796198.756471,0.130177,-0.09112389999999998,1.5790044469272502,0.3,0.0,0.0,1.570796,0.666667,1.0,0.0,0.09112389999999998,0.4629514606441467,0.3
1769796198.756471,0.130177,-0.09112389999999998,1.5694750134616704,0.3,0.0,0.0,1.570796,0.666667,1.0,0.0,0.09112389999999998,0.46474577796053923,0.3
1769796198.756471,0.130177,-0.09112389999999998,1.5628064860071995,0.3,0.0,0.0,1.570796,0.666667,1.0,0.0,0.09112389999999998,0.4663870745678442,0.3
1769796198.756471,0.130177,-0.09112389999999998,1.5691566672834205,0.3,0.0,0.0,1.570796,0.666667,1.0,0.0,0.09112389999999998,0.4658028702378936,0.3
1769796198.756471,0.130177,-0.09112389999999998,1.5729802394413737,0.3,0.0,0.0,1.570796,0.666667,1.0,0.0,0.09112389999999998,0.4634688107956845,0.3
1769796198.756471,0.130177,-0.09112389999999998,1.576810842660454,0.3,0.0,0.0,1.570796,0.666667,1.0,0.0,0.09112389999999998,0.4628378628839687,0.3
1769796198.756471,0.130177,-0.09112389999999998,1.5729423547537151,0.3,0.0,0.0,1.570796,0.666667,1.0,0.0,0.09112389999999998,0.46351554496407793,0.3
1769796198.756471,0.130177,-0.09112389999999998,1.5689141469607184,0.3,0.0,0.0,1.570796,0.666667,1.0,0.0,0.09112389999999998,0.46426821950005626,0.3
1769796198.756471,0.130177,-0.09112389999999998,1.5722947954445838,0.3,0.0,0.0,1.570796,0.666667,1.0,0.0,0.09112389999999998,0.4647700637587127,0.3
1769796198.756471,0.130177,-0.09112389999999998,1.5699312892017763,0.3,0.0,0.0,1.570796,0.666667,1.0,0.0,0.09112389999999998,0.46657607180079347,0.3
1769796198.756471,0.130177,-0.09112389999999998,1.5580780987082343,0.3,0.0,0.0,1.570796,0.666667,1.0,0.0,0.09112389999999998,0.4675171966623608,0.3
1769796198.756471,0.130177,-0.09112389999999998,1.5666480462751797,0.3,0.0,0.0,1.570796,0.666667,1.0,0.0,0.09112389999999998,0.4673884593878346,0.3
1769796198.756471,0.130177,-0.09112389999999998,1.5707037128489338,0.3,0.0,0.0,1.570796,0.666667,1.0,0.0,0.09112389999999998,0.46603375322582635,0.3
1769796198.756471,0.130177,-0.09112389999999998,1.5662063356802833,0.3,0.0,0.0,1.570796,0.666667,1.0,0.0,0.09112389999999998,0.46475929776061814,0.3
1769796198.756471,0.130177,-0.09112389999999998,1.574294779066429,0.3,0.0,0.0,1.570796,0.666667,1.0,0.0,0.09112389999999998,0.464494973827792,0.3
1769796198.756471,0.130177,-0.09112389999999998,1.5722896564458908,0.3,0.0,0.0,1.570796,0.666667,1.0,0.0,0.09112389999999998,0.46420941643256164,0.3
1769796198.756471,0.130177,-0.09112389999999998,1.5679196800516653,0.3,0.0,0.0,1.570796,0.666667,1.0,0.0,0.09112389999999998,0.46501348107470114,0.3
1769796198.756471,0.130177,-0.09112389999999998,1.5694703912135923,0.3,0.0,0.0,1.570796,0.666667,1.0,0.0,0.09112389999999998,0.4651757923830086,0.3
1769796198.756471,0.130177,-0.09112389999999998,1.571315788596046,0.3,0.0,0.0,1.570796,0.666667,1.0,0.0,0.09112389999999998,0.4663399315628889,0.3
1769796198.756471,0.130177,-0.09112389999999998,1.5609348449723837,0.3,0.0,0.0,1.570796,0.666667,1.0,0.0,0.09112389999999998,0.4678084013831683,0.3
1769796198.756471,0.130177,-0.09112389999999998,1.5606595722919152,0.3,0.0,0.0,1.570796,0.666667,1.0,0.0,0.09112389999999998,0.4694584400447384,0.3
1769796198.756471,0.130177,-0.09112389999999998,1.5614155566266255,0.3,0.0,0.0,1.570796,0.666667,1.0,0.0,0.09112389999999998,0.46881188286133746,0.3
1769796198.756471,0.130177,-0.09112389999999998,1.5648141880727895,0.3,0.0,0.0,1.570796,0.666667,1.0,0.0,0.09112389999999998,0.46682485300238336,0.3
1769796198.756471,0.130177,-0.09112389999999998,1.5725817514456402,0.3,0.0,0.0,1.570796,0.666667,1.0,0.0,0.09112389999999998,0.4665961438401833,0.3
1769796198.756471,0.130177,-0.09112389999999998,1.5627878115998262,0.3,0.0,0.0,1.570796,0.666667,1.0,0.0,0.09112389999999998,0.46615295057589806,0.3
1769796198.756471,0.130177,-0.09112389999999998,1.5674733476585008,0.3,0.0,0.0,1.570796,0.666667,1.0,0.0,0.09112389999999998,0.46833937207670834,0.3
1769796198.756471,0.130177,-0.09112389999999998,1.5594632224407783,0.3,0.0,0.0,1.570796,0.666667,1.0,0.0,0.09112389999999998,0.46725750103233815,0.3
1769796198.756471,0.130177,-0.09112389999999998,1.569279037866047,0.3,0.0,0.0,1.570796,0.666667,1.0,0.0,0.09112389999999998,0.46619846698537987,0.3
1769796198.756471,0.130177,-0.09112389999999998,1.5738275519402505,0.3,0.0,0.0,1.570796,0.666667,1.0,0.0,0.09112389999999998,0.4635124834875901,0.3
1769796198.756471,0.130177,-0.09112389999999998,1.575579123427517,0.3,0.0,0.0,1.570796,0.666667,1.0,0.0,0.09112389999999998,0.4644002130950086,0.3
1769796198.756471,0.130177,-0.09112389999999998,1.563952660221536,0.3,0.0,0.0,1.570796,0.666667,1.0,0.0,0.09112389999999998,0.4651350772989334,0.3
1769796198.756471,0.130177,-0.09112389999999998,1.5694183667167017,0.3,0.0,0.0,1.570796,0.666667,1.0,0.0,0.09112389999999998,0.46580815222096406,0.3
1769796198.756471,0.130177,-0.09112389999999998,1.571540673895333,0.3,0.0,0.0,1.570796,0.666667,1.0,0.0,0.09112389999999998,0.4655437937953575,0.3
1769796198.756471,0.130177,-0.09112389999999998,1.5655388107751755,0.3,0.0,0.0,1.570796,0.666667,1.0,0.0,0.09112389999999998,0.4656657290966058,0.3
1769796198.756471,0.130177,-0.09112389999999998,1.5686867549092118,0.3,0.0,0.0,1.570796,0.666667,1.0,0.0,0.09112389999999998,0.4669808896855617,0.3
1769796198.756471,0.130177,-0.09112389999999998,1.5636497103615976,0.3,0.0,0.0,1.570796,0.666667,1.0,0.0,0.09112389999999998,0.4663062084925514,0.3
1769796198.756471,0.130177,-0.09112389999999998,1.5695868979332372,0.3,0.0,0.0,1.570796,0.666667,1.0,0.0,0.09112389999999998,0.4657772840113115,0.3
1769796198.756471,0.130177,-0.09112389999999998,1.5718603017966508,0.3,0.0,0.0,1.570796,0.666667,1.0,0.0,0.09112389999999998,0.46472767804990717,0.3
1769796198.756471,0.130177,-0.09112389999999998,1.5699473461300244,0.3,0.0,0.0,1.570796,0.666667,1.0,0.0,0.09112389999999998,0.4661045944561005,0.3
1769796198.756471,0.130177,-0.09112389999999998,1.561325399496077,0.3,0.0,0.0,1.570796,0.666667,1.0,0.0,0.09112389999999998,0.4653243589084985,0.3
1769796198.756471,0.130177,-0.09112389999999998,1.5765417150822632,0.3,0.0,0.0,1.570796,0.666667,1.0,0.0,0.09112389999999998,0.4680366055854692,0.3
1769796198.756471,0.130177,-0.09112389999999998,1.5536738660681995,0.3,0.0,0.0,1.570796,0.666667,1.0,0.0,0.09112389999999998,0.4653051133032196,0.3
1769796198.756471,0.130177,-0.09112389999999998,1.577714353189575,0.3,0.0,0.0,1.570796,0.666667,1.0,0.0,0.09112389999999998,0.46574204758528714,0.3
1769796198.756471,0.130177,-0.09112389999999998,1.5739201093898576,0.3,0.0,0.0,1.570796,0.666667,1.0,0.0,0.09112389999999998,0.4631767915055953,0.3
1769796198.756471,0.130177,-0.09112389999999998,1.5690654025463509,0.3,0.0,0.0,1.570796,0.666667,1.0,0.0,0.09112389999999998,0.46231345970824406,0.3
1769796198.756471,0.130177,-0.09112389999999998,1.5828943439736824,0.3,0.0,0.0,1.570796,0.666667,1.0,0.0,0.09112389999999998,0.46513285460835735,0.3
1769796198.756471,0.130177,-0.09112389999999998,1.5570037399891776,0.3,0.0,0.0,1.570796,0.666667,1.0,0.0,0.09112389999999998,0.4643529654298552,0.3
1769796198.756471,0.130177,-0.09112389999999998,1.5737447376173637,0.3,0.0,0.0,1.570796,0.666667,1.0,0.0,0.09112389999999998,0.46725339167526597,0.3
1769796198.756471,0.130177,-0.09112389999999998,1.5654917865012177,0.3,0.0,0.0,1.570796,0.666667,1.0,0.0,0.09112389999999998,0.4636298111484906,0.3
1769796198.756471,0.130177,-0.09112389999999998,1.5787452231498302,0.3,0.0,0.0,1.570796,0.666667,1.0,0.0,0.09112389999999998,0.4631287946242233,0.3
1769796198.756471,0.130177,-0.09112389999999998,1.5767508367629675,0.3,0.0,0.0,1.570796,0.666667,1.0,0.0,0.09112389999999998,0.46274759395347403,0.3
1769796198.756471,0.130177,-0.09112389999999998,1.5677789905257131,0.3,0.0,0.0,1.570796,0.666667,1.0,0.0,0.09112389999999998,0.4651084144747986,0.3
1769796198.756471,0.130177,-0.09112389999999998,1.5645803000218828,0.3,0.0,0.0,1.570796,0.666667,1.0,0.0,0.09112389999999998,0.46585826967547767,0.3
1769796198.756471,0.130177,-0.09112389999999998,1.5722517055588932,0.3,0.0,0.0,1.570796,0.666667,1.0,0.0,0.09112389999999998,0.46430000210033384,0.3
1769796198.756471,0.130177,-0.09112389999999998,1.5771285959765762,0.3,0.0,0.0,1.570796,0.666667,1.0,0.0,0.09112389999999998,0.46213821919850595,0.3
1769796198.756471,0.130177,-0.09112389999999998,1.5775509974328503,0.3,0.0,0.0,1.570796,0.666667,1.0,0.0,0.09112389999999998,0.46149298711867454,0.3
1769796198.756471,0.130177,-0.09112389999999998,1.5761230980378815,0.3,0.0,0.0,1.570796,0.666667,1.0,0.0,0.09112389999999998,0.4628523310764725,0.3
1769796198.756471,0.130177,-0.09112389999999998,1.5689725322297883,0.3,0.0,0.0,1.570796,0.666667,1.0,0.0,0.09112389999999998,0.4637912409164084,0.3
1769796198.756471,0.130177,-0.09112389999999998,1.5719175383932351,0.3,0.0,0.0,1.570796,0.666667,1.0,0.0,0.09112389999999998,0.4645930359180051,0.3
1769796198.756471,0.130177,-0.09112389999999998,1.571312328028301,0.3,0.0,0.0,1.570796,0.666667,1.0,0.0,0.09112389999999998,0.46281232976117287,0.3
1769796198.756471,0.130177,-0.09112389999999998,1.579656769170782,0.3,0.0,0.0,1.570796,0.666667,1.0,0.0,0.09112389999999998,0.46292130992930264,0.3
1769796198.756471,0.130177,-0.09112389999999998,1.5712636573844563,0.3,0.0,0.0,1.570796,0.666667,1.0,0.0,0.09112389999999998,0.46250988056228265,0.3
1769796198.756471,0.130177,-0.09112389999999998,1.5737809042304214,0.3,0.0,0.0,1.570796,0.666667,1.0,0.0,0.09112389999999998,0.4643704447083859,0.3
1769796198.756471,0.130177,-0.09112389999999998,1.568493384294162,0.3,0.0,0.0,1.570796,0.666667,1.0,0.0,0.09112389999999998,0.46307473157672224,0.3
1769796198.756471,0.130177,-0.09112389999999998,1.5790379361744384,0.3,0.0,0.0,1.570796,0.666667,1.0,0.0,0.09112389999999998,0.46428297626309134,0.3
1769796198.756471,0.130177,-0.09112389999999998,1.5665314361122067,0.3,0.0,0.0,1.570796,0.666667,1.0,0.0,0.09112389999999998,0.46385625754509974,0.3
1769796198.756471,0.130177,-0.09112389999999998,1.5710536966021116,0.3,0.0,0.0,1.570796,0.666667,1.0,0.0,0.09112389999999998,0.4644428017494984,0.3
1769796198.756471,0.130177,-0.09112389999999998,1.5755186709480462,0.3,0.0,0.0,1.570796,0.666667,1.0,0.0,0.09112389999999998,0.46385389628711154,0.3
1769796198.756471,0.130177,-0.09112389999999998,1.570064868886528,0.3,0.0,0.0,1.570796,0.666667,1.0,0.0,0.09112389999999998,0.46540338620169774,0.3
1769796198.756471,0.130177,-0.09112389999999998,1.5617567571145945,0.3,0.0,0.0,1.570796,0.666667,1.0,0.0,0.09112389999999998,0.467911229064427,0.3
1769796198.756471,0.130177,-0.09112389999999998,1.5604716137716703,0.3,0.0,0.0,1.570796,0.666667,1.0,0.0,0.09112389999999998,0.46722370849205164,0.3
1769796198.756471,0.130177,-0.09112389999999998,1.5741899923207803,0.3,0.0,0.0,1.570796,0.666667,1.0,0.0,0.09112389999999998,0.46513134480014945,0.3
1769796198.756471,0.130177,-0.09112389999999998,1.5743109392660077,0.3,0.0,0.0,1.570796,0.666667,1.0,0.0,0.09112389999999998,0.4631970515052842,0.3
1769796198.756471,0.130177,-0.09112389999999998,1.572077373540862,0.3,0.0,0.0,1.570796,0.666667,1.0,0.0,0.09112389999999998,0.4651852547979906,0.3
1769796198.756471,0.130177,-0.09112389999999998,1.562260772564542,0.3,0.0,0.0,1.570796,0.666667,1.0,0.0,0.09112389999999998,0.465767947830632,0.3
1769796198.756471,0.130177,-0.09112389999999998,1.570814781070159,0.3,0.0,0.0,1.570796,0.666667,1.0,0.0,0.09112389999999998,0.4662159321499557,0.3
1769796198.756471,0.130177,-0.09112389999999998,1.5693894676249198,0.3,0.0,0.0,1.570796,0.666667,1.0,0.0,0.09112389999999998,0.46601079658751904,0.3
1769796198.756471,0.130177,-0.09112389999999998,1.5634915859391623,0.3,0.0,0.0,1.570796,0.666667,1.0,0.0,0.09112389999999998,0.46701900365532745,0.3
1769796198.756471,0.130177,-0.09112389999999998,1.5647655386633084,0.3,0.0,0.0,1.570796,0.666667,1.0,0.0,0.09112389999999998,0.46689459215181045,0.3
1769796198.756471,0.130177,-0.09112389999999998,1.5701359366460217,0.3,0.0,0.0,1.570796,0.666667,1.0,0.0,0.09112389999999998,0.467193147945707,0.3
1769796198.756471,0.130177,-0.09112389999999998,1.5617002511757831,0.3,0.0,0.0,1.570796,0.666667,1.0,0.0,0.09112389999999998,0.4683119511180814,0.3
1769796198.756471,0.130177,-0.09112389999999998,1.5580527196290619,0.3,0.0,0.0,1.570796,0.666667,1.0,0.0,0.09112389999999998,0.46897595881454723,0.3
1769796198.756471,0.130177,-0.09112389999999998,1.566151890467227,0.3,0.0,0.0,1.570796,0.666667,1.0,0.0,0.09112389999999998,0.4636474350933934,0.3
1769796198.756471,0.130177,-0.09112389999999998,1.5936713935027058,0.3,0.0,0.0,1.570796,0.666667,1.0,0.0,0.09112389999999998,0.46074433619940547,0.3
1769796198.756471,0.130177,-0.09112389999999998,1.5754713129929898,0.3,0.0,0.0,1.570796,0.666667,1.0,0.0,0.09112389999999998,0.4601309293652363,0.3
1769796198.756471,0.130177,-0.09112389999999998,1.5698323314722415,0.3,0.0,0.0,1.570796,0.666667,1.0,0.0,0.09112389999999998,0.46176031948320845,0.3
1769796198.756471,0.130177,-0.09112389999999998,1.5838950527948734,0.3,0.0,0.0,1.570796,0.666667,1.0,0.0,0.09112389999999998,0.4620328945622292,0.3
1769796198.756471,0.130177,-0.09112389999999998,1.5738358625188649,0.3,0.0,0.0,1.570796,0.666667,1.0,0.0,0.09112389999999998,0.4629538900222631,0.3
1769796198.756471,0.130177,-0.09112389999999998,1.5643063587120383,0.3,0.0,0.0,1.570796,0.666667,1.0,0.0,0.09112389999999998,0.4638544508202848,0.3
1769796198.756471,0.130177,-0.09112389999999998,1.5784916880067432,0.3,0.0,0.0,1.570796,0.666667,1.0,0.0,0.09112389999999998,0.46437563212060723,0.3
1769796198.756471,0.130177,-0.09112389999999998,1.5707087747169304,0.3,0.0,0.0,1.570796,0.666667,1.0,0.0,0.09112389999999998,0.4638228489932916,0.3
1769796198.756471,0.130177,-0.09112389999999998,1.5676230574759316,0.3,0.0,0.0,1.570796,0.666667,1.0,0.0,0.09112389999999998,0.46588394530839117,0.3
1769796198.756471,0.130177,-0.09112389999999998,1.566125110116146,0.3,0.0,0.0,1.570796,0.666667,1.0,0.0,0.09112389999999998,0.4679074952968649,0.3
1769796198.756471,0.130177,-0.09112389999999998,1.5585674747860883,0.3,0.0,0.0,1.570796,0.666667,1.0,0.0,0.09112389999999998,0.46810258327717724,0.3
1769796198.756471,0.130177,-0.09112389999999998,1.5664525295940577,0.3,0.0,0.0,1.570796,0.666667,1.0,0.0,0.09112389999999998,0.4684463273199204,0.3
1769796198.756471,0.130177,-0.09112389999999998,1.5640626458596867,0.3,0.0,0.0,1.570796,0.666667,1.0,0.0,0.09112389999999998,0.46562019740867777,0.3
1769796198.756471,0.130177,-0.09112389999999998,1.5755242542535444,0.3,0.0,0.0,1.570796,0.666667,1.0,0.0,0.09112389999999998,0.4667152306301363,0.3
1769796198.756471,0.130177,-0.09112389999999998,1.5598823302653062,0.3,0.0,0.0,1.570796,0.666667,1.0,0.0,0.09112389999999998,0.4660703865503275,0.3
1769796198.756471,0.130177,-0.09112389999999998,1.5679317103385395,0.3,0.0,0.0,1.570796,0.666667,1.0,0.0,0.09112389999999998,0.4651415204010483,0.3
1769796198.756471,0.130177,-0.09112389999999998,1.5810974511492195,0.3,0.0,0.0,1.570796,0.666667,1.0,0.0,0.09112389999999998,0.46288877594299893,0.3
1769796198.756471,0.130177,-0.09112389999999998,1.5733987970136025,0.3,0.0,0.0,1.570796,0.666667,1.0,0.0,0.09112389999999998,0.46266206512180214,0.3
1769796198.756471,0.130177,-0.09112389999999998,1.5692919752657204,0.3,0.0,0.0,1.570796,0.666667,1.0,0.0,0.09112389999999998,0.4633909854034935,0.3
1769796198.756471,0.130177,-0.09112389999999998,1.5767239294590711,0.3,0.0,0.0,1.570796,0.666667,1.0,0.0,0.09112389999999998,0.4642937763107846,0.3
1769796198.756471,0.130177,-0.09112389999999998,1.5679820515698557,0.3,0.0,0.0,1.570796,0.666667,1.0,0.0,0.09112389999999998,0.4661866261075489,0.3
1769796198.756471,0.130177,-0.09112389999999998,1.5579348764851348,0.3,0.0,0.0,1.570796,0.666667,1.0,0.0,0.09112389999999998,0.4654438409868304,0.3
1769796198.756471,0.130177,-0.09112389999999998,1.5811806401833826,0.3,0.0,0.0,1.570796,0.666667,1.0,0.0,0.09112389999999998,0.4653750677551632,0.3
1769796198.756471,0.130177,-0.09112389999999998,1.5683946909598585,0.3,0.0,0.0,1.570796,0.666667,1.0,0.0,0.09112389999999998,0.4651980721340449,0.3
1769796198.756471,0.130177,-0.09112389999999998,1.5589968502118448,0.3,0.0,0.0,1.570796,0.666667,1.0,0.0,0.09112389999999998,0.469920064234912,0.3
1769796198.756471,0.130177,-0.09112389999999998,1.5528486875781797,0.3,0.0,0.0,1.570796,0.666667,1.0,0.0,0.09112389999999998,0.47057940365736156,0.3
1769796198.756471,0.130177,-0.09112389999999998,1.5644386544251616,0.3,0.0,0.0,1.570796,0.666667,1.0,0.0,0.09112389999999998,0.46793628324348524,0.3
1769796198.756471,0.130177,-0.09112389999999998,1.5748555726951021,0.3,0.0,0.0,1.570796,0.666667,1.0,0.0,0.09112389999999998,0.4623944680227016,0.3
1769796198.756471,0.130177,-0.09112389999999998,1.5860995789028818,0.3,0.0,0.0,1.570796,0.666667,1.0,0.0,0.09112389999999998,0.4627468751687412,0.3
1769796198.756471,0.130177,-0.09112389999999998,1.5623242115489238,0.3,0.0,0.0,1.570796,0.666667,1.0,0.0,0.09112389999999998,0.4612187342360623,0.3
1769796198.756471,0.130177,-0.09112389999999998,1.5840244182911758,0.3,0.0,0.0,1.570796,0.666667,1.0,0.0,0.09112389999999998,0.4644772454947326,0.3
1769796198.756471,0.130177,-0.09112389999999998,1.5665485113508595,0.3,0.0,0.0,1.570796,0.666667,1.0,0.0,0.09112389999999998,0.4641276605020657,0.3
1769796198.756471,0.130177,-0.09112389999999998,1.5644217215049256,0.3,0.0,0.0,1.570796,0.666667,1.0,0.0,0.09112389999999998,0.46400633339912617,0.3
1769796198.756471,0.130177,-0.09112389999999998,1.584752380908813,0.3,0.0,0.0,1.570796,0.666667,1.0,0.0,0.09112389999999998,0.46161405250858906,0.3
1769796198.756471,0.130177,-0.09112389999999998,1.5809021966940822,0.3,0.0,0.0,1.570796,0.666667,1.0,0.0,0.09112389999999998,0.4601700878114057,0.3
1769796198.756471,0.130177,-0.09112389999999998,1.5730855096880254,0.3,0.0,0.0,1.570796,0.666667,1.0,0.0,0.09112389999999998,0.46224668545082354,0.3
1769796198.756471,0.130177,-0.09112389999999998,1.5722927950723067,0.3,0.0,0.0,1.570796,0.666667,1.0,0.0,0.09112389999999998,0.46616678603378264,0.3
1769796198.756471,0.130177,-0.09112389999999998,1.557381593196327,0.3,0.0,0.0,1.570796,0.666667,1.0,0.0,0.09112389999999998,0.4649335057416987,0.3
1769796198.756471,0.130177,-0.09112389999999998,1.5804851914405291,0.3,0.0,0.0,1.570796,0.666667,1.0,0.0,0.09112389999999998,0.4650195440853348,0.3
1769796198.756471,0.130177,-0.09112389999999998,1.5717765650104902,0.3,0.0,0.0,1.570796,0.666667,1.0,0.0,0.09112389999999998,0.4630312992153775,0.3
1769796198.756471,0.130177,-0.09112389999999998,1.5693110624160709,0.3,0.0,0.0,1.570796,0.666667,1.0,0.0,0.09112389999999998,0.464580732765351,0.3
1769796198.756471,0.130177,-0.09112389999999998,1.571188590140688,0.3,0.0,0.0,1.570796,0.666667,1.0,0.0,0.09112389999999998,0.4650950643508973,0.3
1769796198.756471,0.130177,-0.09112389999999998,1.5686905754972122,0.3,0.0,0.0,1.570796,0.666667,1.0,0.0,0.09112389999999998,0.46273608076385564,0.3
1769796198.756471,0.130177,-0.09112389999999998,1.583464963938321,0.3,0.0,0.0,1.570796,0.666667,1.0,0.0,0.09112389999999998,0.46311187522038616,0.3
1769796198.756471,0.130177,-0.09112389999999998,1.5689338234015051,0.3,0.0,0.0,1.570796,0.666667,1.0,0.0,0.09112389999999998,0.4625652008127532,0.3
1769796198.756471,0.130177,-0.09112389999999998,1.5719706219430098,0.3,0.0,0.0,1.570796,0.666667,1.0,0.0,0.09112389999999998,0.4643867365284353,0.3
1769796198.756471,0.130177,-0.09112389999999998,1.5725357496442283,0.3,0.0,0.0,1.570796,0.666667,1.0,0.0,0.09112389999999998,0.46405889065310685,0.3
1769796198.756471,0.130177,-0.09112389999999998,1.5709008986534763,0.3,0.0,0.0,1.570796,0.666667,1.0,0.0,0.09112389999999998,0.464751388957139,0.3
1769796198.756471,0.130177,-0.09112389999999998,1.5678156321188168,0.3,0.0,0.0,1.570796,0.666667,1.0,0.0,0.09112389999999998,0.46453832678536,0.3
1769796198.756471,0.130177,-0.09112389999999998,1.5738141226749023,0.3,0.0,0.0,1.570796,0.666667,1.0,0.0,0.09112389999999998,0.4649791160513177,0.3
1769796198.756471,0.130177,-0.09112389999999998,1.5682561630577296,0.3,0.0,0.0,1.570796,0.666667,1.0,0.0,0.09112389999999998,0.4662838013221504,0.3
1769796198.756471,0.130177,-0.09112389999999998,1.5599875204938205,0.3,0.0,0.0,1.570796,0.666667,1.0,0.0,0.09112389999999998,0.46746381479146937,0.3
1769796198.756471,0.130177,-0.09112389999999998,1.5667340418589886,0.3,0.0,0.0,1.570796,0.666667,1.0,0.0,0.09112389999999998,0.468653635350804,0.3
1769796198.756471,0.130177,-0.09112389999999998,1.561117239701722,0.3,0.0,0.0,1.570796,0.666667,1.0,0.0,0.09112389999999998,0.4675487321974119,0.3
1769796198.756471,0.130177,-0.09112389999999998,1.5666169394141733,0.3,0.0,0.0,1.570796,0.666667,1.0,0.0,0.09112389999999998,0.466623260588305,0.3
1769796198.756471,0.130177,-0.09112389999999998,1.57228687151363,0.3,0.0,0.0,1.570796,0.666667,1.0,0.0,0.09112389999999998,0.4654997050818779,0.3
1769796198.756471,0.130177,-0.09112389999999998,1.5678585727402845,0.3,0.0,0.0,1.570796,0.666667,1.0,0.0,0.09112389999999998,0.46312248679776324,0.3
1769796198.756471,0.130177,-0.09112389999999998,1.5808802491188614,0.3,0.0,0.0,1.570796,0.666667,1.0,0.0,0.09112389999999998,0.4662149663275734,0.3
1769796198.756471,0.130177,-0.09112389999999998,1.5537319943347687,0.3,0.0,0.0,1.570796,0.666667,1.0,0.0,0.09112389999999998,0.46393332429287454,0.3
1769796198.756471,0.130177,-0.09112389999999998,1.581548424948478,0.3,0.0,0.0,1.570796,0.666667,1.0,0.0,0.09112389999999998,0.4658958575834133,0.3
1769796198.756471,0.130177,-0.09112389999999998,1.569105049375629,0.3,0.0,0.0,1.570796,0.666667,1.0,0.0,0.09112389999999998,0.4631940614818539,0.3
1769796198.756471,0.130177,-0.09112389999999998,1.5699427709441252,0.3,0.0,0.0,1.570796,0.666667,1.0,0.0,0.09112389999999998,0.46578858052697325,0.3
1769796198.756471,0.130177,-0.09112389999999998,1.5659813106777614,0.3,0.0,0.0,1.570796,0.666667,1.0,0.0,0.09112389999999998,0.4640120572843305,0.3
1769796198.756471,0.130177,-0.09112389999999998,1.5797641888314855,0.3,0.0,0.0,1.570796,0.666667,1.0,0.0,0.09112389999999998,0.4644566740830343,0.3
1769796198.756471,0.130177,-0.09112389999999998,1.567275070151902,0.3,0.0,0.0,1.570796,0.666667,1.0,0.0,0.09112389999999998,0.46368150335377983,0.3
1769796198.756471,0.130177,-0.09112389999999998,1.5706323350532887,0.3,0.0,0.0,1.570796,0.666667,1.0,0.0,0.09112389999999998,0.46584382916589234,0.3
1769796198.756471,0.130177,-0.09112389999999998,1.5667902339588107,0.3,0.0,0.0,1.570796,0.666667,1.0,0.0,0.09112389999999998,0.4661483334215808,0.3
1769796198.756471,0.130177,-0.09112389999999998,1.565448044617771,0.3,0.0,0.0,1.570796,0.666667,1.0,0.0,0.09112389999999998,0.4655186470015567,0.3
1769796198.756471,0.130177,-0.09112389999999998,1.5744104535734331,0.3,0.0,0.0,1.570796,0.666667,1.0,0.0,0.09112389999999998,0.46471754023637435,0.3
1769796198.756471,0.130177,-0.09112389999999998,1.5715968745499047,0.3,0.0,0.0,1.570796,0.666667,1.0,0.0,0.09112389999999998,0.4623721296314481,0.3
1769796198.756471,0.130177,-0.09112389999999998,1.579520508247329,0.3,0.0,0.0,1.570796,0.666667,1.0,0.0,0.09112389999999998,0.46343702541338977,0.3
1769796198.756471,0.130177,-0.09112389999999998,1.5680210788817825,0.3,0.0,0.0,1.570796,0.666667,1.0,0.0,0.09112389999999998,0.4624439976558261,0.3
1769796198.756471,0.130177,-0.09112389999999998,1.577555041095287,0.3,0.0,0.0,1.570796,0.666667,1.0,0.0,0.09112389999999998,0.4638683203909851,0.3
1769796198.756471,0.130177,-0.09112389999999998,1.5709745718363748,0.3,0.0,0.0,1.570796,0.666667,1.0,0.0,0.09112389999999998,0.46415957174262773,0.3
1769796198.756471,0.130177,-0.09112389999999998,1.566273570771927,0.3,0.0,0.0,1.570796,0.666667,1.0,0.0,0.09112389999999998,0.4658129573683032,0.3
1769796198.756471,0.130177,-0.09112389999999998,1.5676347273412343,0.3,0.0,0.0,1.570796,0.666667,1.0,0.0,0.09112389999999998,0.46452279731091045,0.3
1769796198.756471,0.130177,-0.09112389999999998,1.5787155321807311,0.3,0.0,0.0,1.570796,0.666667,1.0,0.0,0.09112389999999998,0.46678910335261176,0.3
1769796198.756471,0.130177,-0.09112389999999998,1.5526757345217188,0.3,0.0,0.0,1.570796,0.666667,1.0,0.0,0.09112389999999998,0.46553149214455103,0.3
1769796198.756471,0.130177,-0.09112389999999998,1.5751803945895988,0.3,0.0,0.0,1.570796,0.666667,1.0,0.0,0.09112389999999998,0.46690731418053216,0.3
1769796198.756471,0.130177,-0.09112389999999998,1.5704605999648447,0.3,0.0,0.0,1.570796,0.666667,1.0,0.0,0.09112389999999998,0.4657673731527275,0.3
1769796198.756471,0.130177,-0.09112389999999998,1.559515380688547,0.3,0.0,0.0,1.570796,0.666667,1.0,0.0,0.09112389999999998,0.46675679450543894,0.3
1769796198.756471,0.130177,-0.09112389999999998,1.56924386647333,0.3,0.0,0.0,1.570796,0.666667,1.0,0.0,0.09112389999999998,0.46580447459193186,0.3
1769796198.756471,0.130177,-0.09112389999999998,1.5761745194458872,0.3,0.0,0.0,1.570796,0.666667,1.0,0.0,0.09112389999999998,0.4642778977632225,0.3
1769796198.756471,0.130177,-0.09112389999999998,1.568674841660803,0.3,0.0,0.0,1.570796,0.666667,1.0,0.0,0.09112389999999998,0.4640602664045086,0.3
1769796198.756471,0.130177,-0.09112389999999998,1.5705496546256135,0.3,0.0,0.0,1.570796,0.666667,1.0,0.0,0.09112389999999998,0.46666948780574785,0.3
1769796198.756471,0.130177,-0.09112389999999998,1.5605191910384517,0.3,0.0,0.0,1.570796,0.666667,1.0,0.0,0.09112389999999998,0.4650241978195901,0.3
1769796198.756471,0.130177,-0.09112389999999998,1.5785465815777495,0.3,0.0,0.0,1.570796,0.666667,1.0,0.0,0.09112389999999998,0.46598840310382234,0.3
1769796198.756471,0.130177,-0.09112389999999998,1.5647644229202202,0.3,0.0,0.0,1.570796,0.666667,1.0,0.0,0.09112389999999998,0.46325648616976317,0.3
1769796198.756471,0.130177,-0.09112389999999998,1.5769106926428065,0.3,0.0,0.0,1.570796,0.666667,1.0,0.0,0.09112389999999998,0.464771163772374,0.3
1769796198.756471,0.130177,-0.09112389999999998,1.5694585159620846,0.3,0.0,0.0,1.570796,0.666667,1.0,0.0,0.09112389999999998,0.4651195720214776,0.3
1769796198.756471,0.130177,-0.09112389999999998,1.5626739734255983,0.3,0.0,0.0,1.570796,0.666667,1.0,0.0,0.09112389999999998,0.4671528110315331,0.3
1769796198.756471,0.130177,-0.09112389999999998,1.5647112585824734,0.3,0.0,0.0,1.570796,0.666667,1.0,0.0,0.09112389999999998,0.4683411694877124,0.3
1769796198.756471,0.130177,-0.09112389999999998,1.5623283652250088,0.3,0.0,0.0,1.570796,0.666667,1.0,0.0,0.09112389999999998,0.4674861108497211,0.3
1769796198.756471,0.130177,-0.09112389999999998,1.5678043252535465,0.3,0.0,0.0,1.570796,0.666667,1.0,0.0,0.09112389999999998,0.4674597038424342,0.3
1769796198.756471,0.130177,-0.09112389999999998,1.5648697006261945,0.3,0.0,0.0,1.570796,0.666667,1.0,0.0,0.09112389999999998,0.4656232299505616,0.3
1769796198.756471,0.130177,-0.09112389999999998,1.5733472085762443,0.3,0.0,0.0,1.570796,0.666667,1.0,0.0,0.09112389999999998,0.464092318843563,0.3
1769796198.756471,0.130177,-0.09112389999999998,1.5769897918955382,0.3,0.0,0.0,1.570796,0.666667,1.0,0.0,0.09112389999999998,0.46111564544710837,0.3
1769796198.756471,0.130177,-0.09112389999999998,1.5827297410049224,0.3,0.0,0.0,1.570796,0.666667,1.0,0.0,0.09112389999999998,0.463926198378257,0.3
1769796198.756471,0.130177,-0.09112389999999998,1.5564838909893526,0.3,0.0,0.0,1.570796,0.666667,1.0,0.0,0.09112389999999998,0.4652835252690755,0.3
1769796198.756471,0.130177,-0.09112389999999998,1.568845830550627,0.3,0.0,0.0,1.570796,0.666667,1.0,0.0,0.09112389999999998,0.4682370129576428,0.3
1769796198.756471,0.130177,-0.09112389999999998,1.5650088148735188,0.3,0.0,0.0,1.570796,0.666667,1.0,0.0,0.09112389999999998,0.46546177131346217,0.3
1769796198.756471,0.130177,-0.09112389999999998,1.5731353408544364,0.3,0.0,0.0,1.570796,0.666667,1.0,0.0,0.09112389999999998,0.4638129950934326,0.3
1769796198.756471,0.130177,-0.09112389999999998,1.5787384878708046,0.3,0.0,0.0,1.570796,0.666667,1.0,0.0,0.09112389999999998,0.46435144040204207,0.3
1769796198.756471,0.130177,-0.09112389999999998,1.5617781430218618,0.3,0.0,0.0,1.570796,0.666667,1.0,0.0,0.09112389999999998,0.4653314576620708,0.3
1769796198.756471,0.130177,-0.09112389999999998,1.5672552372942639,0.3,0.0,0.0,1.570796,0.666667,1.0,0.0,0.09112389999999998,0.4665107830275874,0.3
1769796198.756471,0.130177,-0.09112389999999998,1.5716625356777048,0.3,0.0,0.0,1.570796,0.666667,1.0,0.0,0.09112389999999998,0.46611376531178106,0.3
1769796198.756471,0.130177,-0.09112389999999998,1.5641602493167,0.3,0.0,0.0,1.570796,0.666667,1.0,0.0,0.09112389999999998,0.4652256697581259,0.3
1769796198.756471,0.130177,-0.09112389999999998,1.572583810616195,0.3,0.0,0.0,1.570796,0.666667,1.0,0.0,0.09112389999999998,0.4666587100257345,0.3
1769796198.756471,0.130177,-0.09112389999999998,1.5630642940720534,0.3,0.0,0.0,1.570796,0.666667,1.0,0.0,0.09112389999999998,0.4654899270050043,0.3
1769796198.756471,0.130177,-0.09112389999999998,1.5711729474410812,0.3,0.0,0.0,1.570796,0.666667,1.0,0.0,0.09112389999999998,0.4658600696585158,0.3
1769796198.756471,0.130177,-0.09112389999999998,1.570362954695126,0.3,0.0,0.0,1.570796,0.666667,1.0,0.0,0.09112389999999998,0.46572537079759063,0.3
1769796198.756471,0.130177,-0.09112389999999998,1.563872487237604,0.3,0.0,0.0,1.570796,0.666667,1.0,0.0,0.09112389999999998,0.464329922993358,0.3
1769796198.756471,0.130177,-0.09112389999999998,1.579545634266477,0.3,0.0,0.0,1.570796,0.666667,1.0,0.0,0.09112389999999998,0.46511145345174526,0.3
1769796198.756471,0.130177,-0.09112389999999998,1.5656737719448026,0.3,0.0,0.0,1.570796,0.666667,1.0,0.0,0.09112389999999998,0.4639481818073548,0.3
1769796198.756471,0.130177,-0.09112389999999998,1.5708521171039465,0.3,0.0,0.0,1.570796,0.666667,1.0,0.0,0.09112389999999998,0.4665388410114461,0.3
1769796198.756471,0.130177,-0.09112389999999998,1.5640016790419293,0.3,0.0,0.0,1.570796,0.666667,1.0,0.0,0.09112389999999998,0.466037087541149,0.3
1769796198.756471,0.130177,-0.09112389999999998,1.5686842927665854,0.3,0.0,0.0,1.570796,0.666667,1.0,0.0,0.09112389999999998,0.46571371313891213,0.3
1769796198.756471,0.130177,-0.09112389999999998,1.5727923635173677,0.3,0.0,0.0,1.570796,0.666667,1.0,0.0,0.09112389999999998,0.4649445901484171,0.3
1769796198.756471,0.130177,-0.09112389999999998,1.5686164169848995,0.3,0.0,0.0,1.570796,0.666667,1.0,0.0,0.09112389999999998,0.46486994316106744,0.3
1769796198.756471,0.130177,-0.09112389999999998,1.5691321746906832,0.3,0.0,0.0,1.570796,0.666667,1.0,0.0,0.09112389999999998,0.46581178474798435,0.3
1769796198.756471,0.130177,-0.09112389999999998,1.567141313995866,0.3,0.0,0.0,1.570796,0.666667,1.0,0.0,0.09112389999999998,0.4642209084454609,0.3
1769796198.756471,0.130177,-0.09112389999999998,1.5781616748000407,0.3,0.0,0.0,1.570796,0.666667,1.0,0.0,0.09112389999999998,0.46354866014146734,0.3
1769796198.756471,0.130177,-0.09112389999999998,1.5731656645146443,0.3,0.0,0.0,1.570796,0.666667,1.0,0.0,0.09112389999999998,0.46199908628152175,0.3
1769796198.756471,0.130177,-0.09112389999999998,1.5764387571555396,0.3,0.0,0.0,1.570796,0.666667,1.0,0.0,0.09112389999999998,0.4628366909207686,0.3
1769796198.756471,0.130177,-0.09112389999999998,1.5731360469645594,0.3,0.0,0.0,1.570796,0.666667,1.0,0.0,0.09112389999999998,0.4640589715541032,0.3
1769796198.756471,0.130177,-0.09112389999999998,1.5658319807146373,0.3,0.0,0.0,1.570796,0.666667,1.0,0.0,0.09112389999999998,0.4676250110833026,0.3
1769796198.756471,0.130177,-0.09112389999999998,1.5550425199803428,0.3,0.0,0.0,1.570796,0.666667,1.0,0.0,0.09112389999999998,0.46521468954985085,0.3
1769796198.756471,0.130177,-0.09112389999999998,1.5875979761652699,0.3,0.0,0.0,1.570796,0.666667,1.0,0.0,0.09112389999999998,0.4648254715575648,0.3
1769796198.756471,0.130177,-0.09112389999999998,1.5681672886683533,0.3,0.0,0.0,1.570796,0.666667,1.0,0.0,0.09112389999999998,0.46191196103937543,0.3
1769796198.756471,0.130177,-0.09112389999999998,1.5725235830894793,0.3,0.0,0.0,1.570796,0.666667,1.0,0.0,0.09112389999999998,0.4657443987595493,0.3
1769796198.756471,0.130177,-0.09112389999999998,1.5646033498442264,0.3,0.0,0.0,1.570796,0.666667,1.0,0.0,0.09112389999999998,0.46621833888729364,0.3
1769796198.756471,0.130177,-0.09112389999999998,1.5653236479018877,0.3,0.0,0.0,1.570796,0.666667,1.0,0.0,0.09112389999999998,0.46659002933299143,0.3
1769796198.756471,0.130177,-0.09112389999999998,1.5702934404152924,0.3,0.0,0.0,1.570796,0.666667,1.0,0.0,0.09112389999999998,0.4638954008314132,0.3
1769796198.756471,0.130177,-0.09112389999999998,1.580771120853696,0.3,0.0,0.0,1.570796,0.666667,1.0,0.0,0.09112389999999998,0.46284282367307505,0.3
1769796198.756471,0.130177,-0.09112389999999998,1.5716391108519163,0.3,0.0,0.0,1.570796,0.666667,1.0,0.0,0.09112389999999998,0.4627350030714818,0.3
1769796198.756471,0.130177,-0.09112389999999998,1.5709403640248523,0.3,0.0,0.0,1.570796,0.666667,1.0,0.0,0.09112389999999998,0.46337202666216387,0.3
1769796198.756471,0.130177,-0.09112389999999998,1.5769489793096032,0.3,0.0,0.0,1.570796,0.666667,1.0,0.0,0.09112389999999998,0.46440745266057243,0.3
1769796198.756471,0.130177,-0.09112389999999998,1.565426554861465,0.3,0.0,0.0,1.570796,0.666667,1.0,0.0,0.09112389999999998,0.46374889479636844,0.3
1769796198.756471,0.130177,-0.09112389999999998,1.574891711210076,0.3,0.0,0.0,1.570796,0.666667,1.0,0.0,0.09112389999999998,0.4643595612533585,0.3
1769796198.756471,0.130177,-0.09112389999999998,1.5732849805676634,0.3,0.0,0.0,1.570796,0.666667,1.0,0.0,0.09112389999999998,0.463001587843709,0.3
1769796198.756471,0.130177,-0.09112389999999998,1.5735743953193617,0.3,0.0,0.0,1.570796,0.666667,1.0,0.0,0.09112389999999998,0.4635277521600467,0.3
1769796198.756471,0.130177,-0.09112389999999998,1.57173472531205,0.3,0.0,0.0,1.570796,0.666667,1.0,0.0,0.09112389999999998,0.46399402724990696,0.3
1769796198.756471,0.130177,-0.09112389999999998,1.5704873300285018,0.3,0.0,0.0,1.570796,0.666667,1.0,0.0,0.09112389999999998,0.46458474871682903,0.3
1769796198.756471,0.130177,-0.09112389999999998,1.5700300665178295,0.3,0.0,0.0,1.570796,0.666667,1.0,0.0,0.09112389999999998,0.46294028937541754,0.3
1769796198.756471,0.130177,-0.09112389999999998,1.5816014813605184,0.3,0.0,0.0,1.570796,0.666667,1.0,0.0,0.09112389999999998,0.4606605102699797,0.3
1769796198.756471,0.130177,-0.09112389999999998,1.5841660046611292,0.3,0.0,0.0,1.570796,0.666667,1.0,0.0,0.09112389999999998,0.4604047656084791,0.3
1769796198.756471,0.130177,-0.09112389999999998,1.571564534486833,0.3,0.0,0.0,1.570796,0.666667,1.0,0.0,0.09112389999999998,0.4603167896044273,0.3
1769796198.756471,0.130177,-0.09112389999999998,1.5821293373848293,0.3,0.0,0.0,1.570796,0.666667,1.0,0.0,0.09112389999999998,0.46265086442799097,0.3
1769796198.756471,0.130177,-0.09112389999999998,1.570161555719747,0.3,0.0,0.0,1.570796,0.666667,1.0,0.0,0.09112389999999998,0.46072770713201017,0.3
1769796198.756471,0.130177,-0.09112389999999998,1.5831034782627178,0.3,0.0,0.0,1.570796,0.666667,1.0,0.0,0.09112389999999998,0.4619836407284368,0.3
1769796198.756471,0.130177,-0.09112389999999998,1.5745937358062698,0.3,0.0,0.0,1.570796,0.666667,1.0,0.0,0.09112389999999998,0.4615720735104281,0.3
1769796198.756471,0.130177,-0.09112389999999998,1.5726309590277985,0.3,0.0,0.0,1.570796,0.666667,1.0,0.0,0.09112389999999998,0.4625425674366937,0.3
1769796198.756471,0.130177,-0.09112389999999998,1.5772805147051245,0.3,0.0,0.0,1.570796,0.666667,1.0,0.0,0.09112389999999998,0.46321674777752303,0.3
1769796198.756471,0.130177,-0.09112389999999998,1.5705486537612938,0.3,0.0,0.0,1.570796,0.666667,1.0,0.0,0.09112389999999998,0.4617437118702848,0.3
1769796198.756471,0.130177,-0.09112389999999998,1.581469174471228,0.3,0.0,0.0,1.570796,0.666667,1.0,0.0,0.09112389999999998,0.46265459565204753,0.3
1769796198.756471,0.130177,-0.09112389999999998,1.571815212014548,0.3,0.0,0.0,1.570796,0.666667,1.0,0.0,0.09112389999999998,0.46101234407736597,0.3
1769796198.756471,0.130177,-0.09112389999999998,1.5804021632093834,0.3,0.0,0.0,1.570796,0.666667,1.0,0.0,0.09112389999999998,0.4619386787415452,0.3
1769796198.756471,0.130177,-0.09112389999999998,1.5759111664861525,0.3,0.0,0.0,1.570796,0.666667,1.0,0.0,0.09112389999999998,0.4625822010541611,0.3
1769796198.756471,0.130177,-0.09112389999999998,1.5679540781388528,0.3,0.0,0.0,1.570796,0.666667,1.0,0.0,0.09112389999999998,0.46657998028313274,0.3
1769796198.756471,0.130177,-0.09112389999999998,1.5564154878355534,0.3,0.0,0.0,1.570796,0.666667,1.0,0.0,0.09112389999999998,0.4672389581887308,0.3
1769796198.756471,0.130177,-0.09112389999999998,1.571957299052564,0.3,0.0,0.0,1.570796,0.666667,1.0,0.0,0.09112389999999998,0.4668146109726498,0.3
1769796198.756471,0.130177,-0.09112389999999998,1.570500161435339,0.3,0.0,0.0,1.570796,0.666667,1.0,0.0,0.09112389999999998,0.46549546645269807,0.3
1769796198.756471,0.130177,-0.09112389999999998,1.5643303549552634,0.3,0.0,0.0,1.570796,0.666667,1.0,0.0,0.09112389999999998,0.46626169807894097,0.3
1769796198.756471,0.130177,-0.09112389999999998,1.5673599092951067,0.3,0.0,0.0,1.570796,0.666667,1.0,0.0,0.09112389999999998,0.4653416899821929,0.3
1769796198.756471,0.130177,-0.09112389999999998,1.5760202100158278,0.3,0.0,0.0,1.570796,0.666667,1.0,0.0,0.09112389999999998,0.46553169032730607,0.3
1769796198.756471,0.130177,-0.09112389999999998,1.5631903528845843,0.3,0.0,0.0,1.570796,0.666667,1.0,0.0,0.09112389999999998,0.4645824755503465,0.3
1769796198.756471,0.130177,-0.09112389999999998,1.5730551979568643,0.3,0.0,0.0,1.570796,0.666667,1.0,0.0,0.09112389999999998,0.46643464275396757,0.3
1769796198.756471,0.130177,-0.09112389999999998,1.564907206794101,0.3,0.0,0.0,1.570796,0.666667,1.0,0.0,0.09112389999999998,0.4642024402632017,0.3
1769796198.756471,0.130177,-0.09112389999999998,1.5765835678291795,0.3,0.0,0.0,1.570796,0.666667,1.0,0.0,0.09112389999999998,0.46611030885696664,0.3
1769796198.756471,0.130177,-0.09112389999999998,1.5616079863942747,0.3,0.0,0.0,1.570796,0.666667,1.0,0.0,0.09112389999999998,0.46571990071778463,0.3
1769796198.756471,0.130177,-0.09112389999999998,1.567249655629193,0.3,0.0,0.0,1.570796,0.666667,1.0,0.0,0.09112389999999998,0.46622055780008026,0.3
1769796198.756471,0.130177,-0.09112389999999998,1.573579625335406,0.3,0.0,0.0,1.570796,0.666667,1.0,0.0,0.09112389999999998,0.4638136706496783,0.3
1769796198.756471,0.130177,-0.09112389999999998,1.576049309296686,0.3,0.0,0.0,1.570796,0.666667,1.0,0.0,0.09112389999999998,0.4630856626015769,0.3
1769796198.756471,0.130177,-0.09112389999999998,1.5716177039178016,0.3,0.0,0.0,1.570796,0.666667,1.0,0.0,0.09112389999999998,0.46254413966532065,0.3
1769796198.756471,0.130177,-0.09112389999999998,1.5768287629529436,0.3,0.0,0.0,1.570796,0.666667,1.0,0.0,0.09112389999999998,0.4639920819490095,0.3
1769796198.756471,0.130177,-0.09112389999999998,1.5673616555945533,0.3,0.0,0.0,1.570796,0.666667,1.0,0.0,0.09112389999999998,0.4642549963882306,0.3
1769796198.756471,0.130177,-0.09112389999999998,1.5700402172824746,0.3,0.0,0.0,1.570796,0.666667,1.0,0.0,0.09112389999999998,0.46493408920648016,0.3
1769796198.756471,0.130177,-0.09112389999999998,1.5727542060434463,0.3,0.0,0.0,1.570796,0.666667,1.0,0.0,0.09112389999999998,0.4646689469491969,0.3
1769796198.756471,0.130177,-0.09112389999999998,1.5689525091382528,0.3,0.0,0.0,1.570796,0.666667,1.0,0.0,0.09112389999999998,0.46230235421421395,0.3
1769796198.756471,0.130177,-0.09112389999999998,1.5842397736923723,0.3,0.0,0.0,1.570796,0.666667,1.0,0.0,0.09112389999999998,0.46331140056329345,0.3
1769796198.756471,0.130177,-0.09112389999999998,1.566699927948969,0.3,0.0,0.0,1.570796,0.666667,1.0,0.0,0.09112389999999998,0.4626067105265265,0.3
1769796198.756471,0.130177,-0.09112389999999998,1.5731806493588545,0.3,0.0,0.0,1.570796,0.666667,1.0,0.0,0.09112389999999998,0.4653170866588381,0.3
1769796198.756471,0.130177,-0.09112389999999998,1.5679775168985033,0.3,0.0,0.0,1.570796,0.666667,1.0,0.0,0.09112389999999998,0.4662791347181618,0.3
1769796198.756471,0.130177,-0.09112389999999998,1.560927639593027,0.3,0.0,0.0,1.570796,0.666667,1.0,0.0,0.09112389999999998,0.4672048208229234,0.3
1769796198.756471,0.130177,-0.09112389999999998,1.5676265327302843,0.3,0.0,0.0,1.570796,0.666667,1.0,0.0,0.09112389999999998,0.4671628299510362,0.3
1769796198.756471,0.130177,-0.09112389999999998,1.5682294621298265,0.3,0.0,0.0,1.570796,0.666667,1.0,0.0,0.09112389999999998,0.46518371465707214,0.3
1769796198.756471,0.130177,-0.09112389999999998,1.5728023313568114,0.3,0.0,0.0,1.570796,0.666667,1.0,0.0,0.09112389999999998,0.46290266752790515,0.3
1769796198.756471,0.130177,-0.09112389999999998,1.5813128155052862,0.3,0.0,0.0,1.570796,0.666667,1.0,0.0,0.09112389999999998,0.46426365149636,0.3
1769796198.756471,0.130177,-0.09112389999999998,1.5600635583190976,0.3,0.0,0.0,1.570796,0.666667,1.0,0.0,0.09112389999999998,0.4653629680770286,0.3
1769796198.756471,0.130177,-0.09112389999999998,1.5662064318727995,0.3,0.0,0.0,1.570796,0.666667,1.0,0.0,0.09112389999999998,0.46740730374245626,0.3
1769796198.756471,0.130177,-0.09112389999999998,1.5690468015127206,0.3,0.0,0.0,1.570796,0.666667,1.0,0.0,0.09112389999999998,0.4626813252837518,0.3
1769796198.756471,0.130177,-0.09112389999999998,1.5884194290713247,0.3,0.0,0.0,1.570796,0.666667,1.0,0.0,0.09112389999999998,0.4623110687238179,0.3
1769796198.756471,0.130177,-0.09112389999999998,1.5684279712324025,0.3,0.0,0.0,1.570796,0.666667,1.0,0.0,0.09112389999999998,0.4616507937746381,0.3
1769796198.756471,0.130177,-0.09112389999999998,1.5730084512077995,0.3,0.0,0.0,1.570796,0.666667,1.0,0.0,0.09112389999999998,0.46391455824878286,0.3
1769796198.756471,0.130177,-0.09112389999999998,1.5748368422264558,0.3,0.0,0.0,1.570796,0.666667,1.0,0.0,0.09112389999999998,0.46502034889645366,0.3
1769796198.756471,0.130177,-0.09112389999999998,1.561793227346378,0.3,0.0,0.0,1.570796,0.666667,1.0,0.0,0.09112389999999998,0.46452636700966554,0.3
1769796198.756471,0.130177,-0.09112389999999998,1.5759723425285281,0.3,0.0,0.0,1.570796,0.666667,1.0,0.0,0.09112389999999998,0.4652060851858808,0.3
1769796198.756471,0.130177,-0.09112389999999998,1.5707585331691645,0.3,0.0,0.0,1.570796,0.666667,1.0,0.0,0.09112389999999998,0.46458635011804766,0.3
1769796198.756471,0.130177,-0.09112389999999998,1.5655116377533767,0.3,0.0,0.0,1.570796,0.666667,1.0,0.0,0.09112389999999998,0.4650943752094469,0.3
1769796198.756471,0.130177,-0.09112389999999998,1.5729241919801327,0.3,0.0,0.0,1.570796,0.666667,1.0,0.0,0.09112389999999998,0.46660630454918833,0.3
1769796198.756471,0.130177,-0.09112389999999998,1.561686957130716,0.3,0.0,0.0,1.570796,0.666667,1.0,0.0,0.09112389999999998,0.4645281924242011,0.3
1769796198.756471,0.130177,-0.09112389999999998,1.5779803105032997,0.3,0.0,0.0,1.570796,0.666667,1.0,0.0,0.09112389999999998,0.46458654250059445,0.3
1769796198.756471,0.130177,-0.09112389999999998,1.5725740915217725,0.3,0.0,0.0,1.570796,0.666667,1.0,0.0,0.09112389999999998,0.46178103207495064,0.3
1769796198.756471,0.130177,-0.09112389999999998,1.578520019684579,0.3,0.0,0.0,1.570796,0.666667,1.0,0.0,0.09112389999999998,0.46499114858518203,0.3
1769796198.756471,0.130177,-0.09112389999999998,1.5587196114419115,0.3,0.0,0.0,1.570796,0.666667,1.0,0.0,0.09112389999999998,0.4640860908168621,0.3
1769796198.756471,0.130177,-0.09112389999999998,1.578004438131692,0.3,0.0,0.0,1.570796,0.666667,1.0,0.0,0.09112389999999998,0.4658915605928255,0.3
1769796198.756471,0.130177,-0.09112389999999998,1.567687201028799,0.3,0.0,0.0,1.570796,0.666667,1.0,0.0,0.09112389999999998,0.46419823381682296,0.3
1769796198.756471,0.130177,-0.09112389999999998,1.5688795720979263,0.3,0.0,0.0,1.570796,0.666667,1.0,0.0,0.09112389999999998,0.46619436207479437,0.3
1769796198.756471,0.130177,-0.09112389999999998,1.5660276685838637,0.3,0.0,0.0,1.570796,0.666667,1.0,0.0,0.09112389999999998,0.4661857262432741,0.3
1769796198.756471,0.130177,-0.09112389999999998,1.5677390160179203,0.3,0.0,0.0,1.570796,0.666667,1.0,0.0,0.09112389999999998,0.4658507788565062,0.3
1769796198.756471,0.130177,-0.09112389999999998,1.5708892564185337,0.3,0.0,0.0,1.570796,0.666667,1.0,0.0,0.09112389999999998,0.4650873633067403,0.3
1769796198.756471,0.130177,-0.09112389999999998,1.5706081618824594,0.3,0.0,0.0,1.570796,0.666667,1.0,0.0,0.09112389999999998,0.46386288673704906,0.3
1769796198.756471,0.130177,-0.09112389999999998,1.5750858754360677,0.3,0.0,0.0,1.570796,0.666667,1.0,0.0,0.09112389999999998,0.46356973619156494,0.3
1769796198.756471,0.130177,-0.09112389999999998,1.5726481596914383,0.3,0.0,0.0,1.570796,0.666667,1.0,0.0,0.09112389999999998,0.4637185114472602,0.3
1769796198.756471,0.130177,-0.09112389999999998,1.569715510348288,0.3,0.0,0.0,1.570796,0.666667,1.0,0.0,0.09112389999999998,0.46423225040364086,0.3
1769796198.756471,0.130177,-0.09112389999999998,1.5720034416977837,0.3,0.0,0.0,1.570796,0.666667,1.0,0.0,0.09112389999999998,0.4629714953287259,0.3
1769796198.756471,0.130177,-0.09112389999999998,1.5802126901409281,0.3,0.0,0.0,1.570796,0.666667,1.0,0.0,0.09112389999999998,0.46157694819668427,0.3
1769796198.756471,0.130177,-0.09112389999999998,1.5780827931405377,0.3,0.0,0.0,1.570796,0.666667,1.0,0.0,0.09112389999999998,0.46140661341506806,0.3
1769796198.756471,0.130177,-0.09112389999999998,1.5730254503874812,0.3,0.0,0.0,1.570796,0.666667,1.0,0.0,0.09112389999999998,0.4622724009695161,0.3
1769796198.756471,0.130177,-0.09112389999999998,1.5750179648142393,0.3,0.0,0.0,1.570796,0.666667,1.0,0.0,0.09112389999999998,0.4651258312519108,0.3
1769796198.756471,0.130177,-0.09112389999999998,1.5609622114461699,0.3,0.0,0.0,1.570796,0.666667,1.0,0.0,0.09112389999999998,0.464156143894608,0.3
1769796198.756471,0.130177,-0.09112389999999998,1.5788435745312976,0.3,0.0,0.0,1.570796,0.666667,1.0,0.0,0.09112389999999998,0.4638328711564755,0.3
1769796198.756471,0.130177,-0.09112389999999998,1.5769576012430349,0.3,0.0,0.0,1.570796,0.666667,1.0,0.0,0.09112389999999998,0.46120168021685815,0.3
1769796198.756471,0.130177,-0.09112389999999998,1.5767493570838738,0.3,0.0,0.0,1.570796,0.666667,1.0,0.0,0.09112389999999998,0.46251914865797494,0.3
1769796198.756471,0.130177,-0.09112389999999998,1.570938763884597,0.3,0.0,0.0,1.570796,0.666667,1.0,0.0,0.09112389999999998,0.4648090731816019,0.3
1769796198.756471,0.130177,-0.09112389999999998,1.5632180541012728,0.3,0.0,0.0,1.570796,0.666667,1.0,0.0,0.09112389999999998,0.46481590157411823,0.3
1769796198.756471,0.130177,-0.09112389999999998,1.5767083867287761,0.3,0.0,0.0,1.570796,0.666667,1.0,0.0,0.09112389999999998,0.46400522558070906,0.3
1769796198.756471,0.130177,-0.09112389999999998,1.5758028198450518,0.3,0.0,0.0,1.570796,0.666667,1.0,0.0,0.09112389999999998,0.46413698060595276,0.3
1769796198.756471,0.130177,-0.09112389999999998,1.5624275239498107,0.3,0.0,0.0,1.570796,0.666667,1.0,0.0,0.09112389999999998,0.4653524410692014,0.3
1769796198.756471,0.130177,-0.09112389999999998,1.5694156239492842,0.3,0.0,0.0,1.570796,0.666667,1.0,0.0,0.09112389999999998,0.4658152942112969,0.3
1769796198.756471,0.130177,-0.09112389999999998,1.5730257009924788,0.3,0.0,0.0,1.570796,0.666667,1.0,0.0,0.09112389999999998,0.4626694531758388,0.3
1769796198.756471,0.130177,-0.09112389999999998,1.5813025701625594,0.3,0.0,0.0,1.570796,0.666667,1.0,0.0,0.09112389999999998,0.4612805994248467,0.3
1769796198.756471,0.130177,-0.09112389999999998,1.5777487464552369,0.3,0.0,0.0,1.570796,0.666667,1.0,0.0,0.09112389999999998,0.46016243695489556,0.3
1769796198.756471,0.130177,-0.09112389999999998,1.5797346758121855,0.3,0.0,0.0,1.570796,0.666667,1.0,0.0,0.09112389999999998,0.45962393584433664,0.3
1769796198.756471,0.130177,-0.09112389999999998,1.5845335768259128,0.3,0.0,0.0,1.570796,0.666667,1.0,0.0,0.09112389999999998,0.4592693349585464,0.3
1769796198.756471,0.130177,-0.09112389999999998,1.5798763517699783,0.3,0.0,0.0,1.570796,0.666667,1.0,0.0,0.09112389999999998,0.46202416262115126,0.3
1769796198.756471,0.130177,-0.09112389999999998,1.5632057098365562,0.3,0.0,0.0,1.570796,0.666667,1.0,0.0,0.09112389999999998,0.46336277285376476,0.3
1769796198.756471,0.130177,-0.09112389999999998,1.576501915430232,0.3,0.0,0.0,1.570796,0.666667,1.0,0.0,0.09112389999999998,0.4653941680165092,0.3
1769796198.756471,0.130177,-0.09112389999999998,1.567687980793512,0.3,0.0,0.0,1.570796,0.666667,1.0,0.0,0.09112389999999998,0.46404632554834224,0.3
1769796198.756471,0.130177,-0.09112389999999998,1.5712927646455577,0.3,0.0,0.0,1.570796,0.666667,1.0,0.0,0.09112389999999998,0.46375844481655926,0.3
1769796198.756471,0.130177,-0.09112389999999998,1.57822919982093,0.3,0.0,0.0,1.570796,0.666667,1.0,0.0,0.09112389999999998,0.4644252774116453,0.3
1769796198.756471,0.130177,-0.09112389999999998,1.5636869852229958,0.3,0.0,0.0,1.570796,0.666667,1.0,0.0,0.09112389999999998,0.4667202501047993,0.3
1769796198.756471,0.130177,-0.09112389999999998,1.5575229284866339,0.3,0.0,0.0,1.570796,0.666667,1.0,0.0,0.09112389999999998,0.4657855411449445,0.3
1769796198.756471,0.130177,-0.09112389999999998,1.5838374535800586,0.3,0.0,0.0,1.570796,0.666667,1.0,0.0,0.09112389999999998,0.46445180520194257,0.3
1769796198.756471,0.130177,-0.09112389999999998,1.5716894008810076,0.3,0.0,0.0,1.570796,0.666667,1.0,0.0,0.09112389999999998,0.46228818459992427,0.3
1769796198.756471,0.130177,-0.09112389999999998,1.5705046520987436,0.3,0.0,0.0,1.570796,0.666667,1.0,0.0,0.09112389999999998,0.4639395149159961,0.3
1769796198.756471,0.130177,-0.09112389999999998,1.5739294716836272,0.3,0.0,0.0,1.570796,0.666667,1.0,0.0,0.09112389999999998,0.466183361329366,0.3
1769796198.756471,0.130177,-0.09112389999999998,1.5582263224007882,0.3,0.0,0.0,1.570796,0.666667,1.0,0.0,0.09112389999999998,0.4651101983908957,0.3
1769796198.756471,0.130177,-0.09112389999999998,1.5769436297295656,0.3,0.0,0.0,1.570796,0.666667,1.0,0.0,0.09112389999999998,0.46529111677107654,0.3
1769796198.756471,0.130177,-0.09112389999999998,1.572843961402542,0.3,0.0,0.0,1.570796,0.666667,1.0,0.0,0.09112389999999998,0.4627822270981408,0.3
1769796198.756471,0.130177,-0.09112389999999998,1.5732796604384027,0.3,0.0,0.0,1.570796,0.666667,1.0,0.0,0.09112389999999998,0.4626741969792687,0.3
1769796198.756471,0.130177,-0.09112389999999998,1.5775918104427982,0.3,0.0,0.0,1.570796,0.666667,1.0,0.0,0.09112389999999998,0.4633146527635387,0.3
1769796198.756471,0.130177,-0.09112389999999998,1.569001226696922,0.3,0.0,0.0,1.570796,0.666667,1.0,0.0,0.09112389999999998,0.4626984289650446,0.3
1769796198.756471,0.130177,-0.09112389999999998,1.5769770032293675,0.3,0.0,0.0,1.570796,0.666667,1.0,0.0,0.09112389999999998,0.46455490723921833,0.3
1769796198.756471,0.130177,-0.09112389999999998,1.5664529407977557,0.3,0.0,0.0,1.570796,0.666667,1.0,0.0,0.09112389999999998,0.46459872352892667,0.3
1769796198.756471,0.130177,-0.09112389999999998,1.5687383289586718,0.3,0.0,0.0,1.570796,0.666667,1.0,0.0,0.09112389999999998,0.46414631077391616,0.3
1769796198.756471,0.130177,-0.09112389999999998,1.5796914797594304,0.3,0.0,0.0,1.570796,0.666667,1.0,0.0,0.09112389999999998,0.46461065295651854,0.3
1769796198.756471,0.130177,-0.09112389999999998,1.5636668877021416,0.3,0.0,0.0,1.570796,0.666667,1.0,0.0,0.09112389999999998,0.4648328406343753,0.3
1769796198.756471,0.130177,-0.09112389999999998,1.5674052028915317,0.3,0.0,0.0,1.570796,0.666667,1.0,0.0,0.09112389999999998,0.4655058594688623,0.3
1769796198.756471,0.130177,-0.09112389999999998,1.5756533667525083,0.3,0.0,0.0,1.570796,0.666667,1.0,0.0,0.09112389999999998,0.4632084042060601,0.3
1769796198.756471,0.130177,-0.09112389999999998,1.5774516192789547,0.3,0.0,0.0,1.570796,0.666667,1.0,0.0,0.09112389999999998,0.46145467463171247,0.3
1769796198.756471,0.130177,-0.09112389999999998,1.5779275803376172,0.3,0.0,0.0,1.570796,0.666667,1.0,0.0,0.09112389999999998,0.462324514435774,0.3
1769796198.756471,0.130177,-0.09112389999999998,1.570434327928139,0.3,0.0,0.0,1.570796,0.666667,1.0,0.0,0.09112389999999998,0.46440256066831603,0.3
1769796198.756471,0.130177,-0.09112389999999998,1.5649833418837027,0.3,0.0,0.0,1.570796,0.666667,1.0,0.0,0.09112389999999998,0.46572140730438516,0.3
1769796198.756471,0.130177,-0.09112389999999998,1.5700145005212027,0.3,0.0,0.0,1.570796,0.666667,1.0,0.0,0.09112389999999998,0.46455720915400484,0.3
1769796198.756471,0.130177,-0.09112389999999998,1.5774195168304208,0.3,0.0,0.0,1.570796,0.666667,1.0,0.0,0.09112389999999998,0.46380069341329255,0.3
1769796198.756471,0.130177,-0.09112389999999998,1.569522436327976,0.3,0.0,0.0,1.570796,0.666667,1.0,0.0,0.09112389999999998,0.46349755441770407,0.3
1769796198.756471,0.130177,-0.09112389999999998,1.5718333344947337,0.3,0.0,0.0,1.570796,0.666667,1.0,0.0,0.09112389999999998,0.4631425270388346,0.3
1769796198.756471,0.130177,-0.09112389999999998,1.579549681103638,0.3,0.0,0.0,1.570796,0.666667,1.0,0.0,0.09112389999999998,0.4624795524177323,0.3
1769796198.756471,0.130177,-0.09112389999999998,1.5735002840545897,0.3,0.0,0.0,1.570796,0.666667,1.0,0.0,0.09112389999999998,0.461980999278512,0.3
1769796198.756471,0.130177,-0.09112389999999998,1.5748246533300552,0.3,0.0,0.0,1.570796,0.666667,1.0,0.0,0.09112389999999998,0.4630878824955538,0.3
1769796198.756471,0.130177,-0.09112389999999998,1.5729083818013871,0.3,0.0,0.0,1.570796,0.666667,1.0,0.0,0.09112389999999998,0.4626292539828332,0.3
1769796198.756471,0.130177,-0.09112389999999998,1.5762520551309132,0.3,0.0,0.0,1.570796,0.666667,1.0,0.0,0.09112389999999998,0.4626277504108524,0.3
1769796198.756471,0.130177,-0.09112389999999998,1.5748336747619407,0.3,0.0,0.0,1.570796,0.666667,1.0,0.0,0.09112389999999998,0.46172877932846146,0.3
1769796198.756471,0.130177,-0.09112389999999998,1.5783022082957323,0.3,0.0,0.0,1.570796,0.666667,1.0,0.0,0.09112389999999998,0.4624142086600243,0.3
1769796198.756471,0.130177,-0.09112389999999998,1.5721394791415364,0.3,0.0,0.0,1.570796,0.666667,1.0,0.0,0.09112389999999998,0.46154019184199796,0.3
1769796198.756471,0.130177,-0.09112389999999998,1.5800777756700983,0.3,0.0,0.0,1.570796,0.666667,1.0,0.0,0.09112389999999998,0.46199497161541786,0.3
1769796198.756471,0.130177,-0.09112389999999998,1.5755735296552136,0.3,0.0,0.0,1.570796,0.666667,1.0,0.0,0.09112389999999998,0.46176320417406486,0.3
1769796198.756471,0.130177,-0.09112389999999998,1.5735300837896542,0.3,0.0,0.0,1.570796,0.666667,1.0,0.0,0.09112389999999998,0.4608353305752142,0.3
1769796198.756471,0.130177,-0.09112389999999998,1.5856450172632024,0.3,0.0,0.0,1.570796,0.666667,1.0,0.0,0.09112389999999998,0.46013940269896486,0.3
1769796198.756471,0.130177,-0.09112389999999998,1.5797490969127095,0.3,0.0,0.0,1.570796,0.666667,1.0,0.0,0.09112389999999998,0.46126918177151865,0.3
1769796198.756471,0.130177,-0.09112389999999998,1.566751409354331,0.3,0.0,0.0,1.570796,0.666667,1.0,0.0,0.09112389999999998,0.46298175494580013,0.3
1769796198.756471,0.130177,-0.09112389999999998,1.5753695782175139,0.3,0.0,0.0,1.570796,0.666667,1.0,0.0,0.09112389999999998,0.4647447007196155,0.3
1769796198.756471,0.130177,-0.09112389999999998,1.5691714222698172,0.3,0.0,0.0,1.570796,0.666667,1.0,0.0,0.09112389999999998,0.4625785065495273,0.3
1769796198.756471,0.130177,-0.09112389999999998,1.5797485743748603,0.3,0.0,0.0,1.570796,0.666667,1.0,0.0,0.09112389999999998,0.4632330603642594,0.3
1769796198.756471,0.130177,-0.09112389999999998,1.5714422553291212,0.3,0.0,0.0,1.570796,0.666667,1.0,0.0,0.09112389999999998,0.4613055609776182,0.3
1769796198.756471,0.130177,-0.09112389999999998,1.5807364185896642,0.3,0.0,0.0,1.570796,0.666667,1.0,0.0,0.09112389999999998,0.4630376899885688,0.3
1769796198.756471,0.130177,-0.09112389999999998,1.569355800309157,0.3,0.0,0.0,1.570796,0.666667,1.0,0.0,0.09112389999999998,0.46396715456578635,0.3
1769796198.756471,0.130177,-0.09112389999999998,1.565865467865816,0.3,0.0,0.0,1.570796,0.666667,1.0,0.0,0.09112389999999998,0.4663483925497088,0.3
1769796198.756471,0.130177,-0.09112389999999998,1.5664489906861294,0.3,0.0,0.0,1.570796,0.666667,1.0,0.0,0.09112389999999998,0.4664405427526777,0.3
1769796198.756471,0.130177,-0.09112389999999998,1.5688028990913436,0.3,0.0,0.0,1.570796,0.666667,1.0,0.0,0.09112389999999998,0.46539149902864696,0.3
1769796198.756471,0.130177,-0.09112389999999998,1.5721597302100005,0.3,0.0,0.0,1.570796,0.666667,1.0,0.0,0.09112389999999998,0.4649782037312213,0.3
1769796198.756471,0.130177,-0.09112389999999998,1.5689287624706836,0.3,0.0,0.0,1.570796,0.666667,1.0,0.0,0.09112389999999998,0.46669994942935356,0.3
1769796198.756471,0.130177,-0.09112389999999998,1.5584724249025497,0.3,0.0,0.0,1.570796,0.666667,1.0,0.0,0.09112389999999998,0.4677243208611613,0.3
1769796198.756471,0.130177,-0.09112389999999998,1.566013501619154,0.3,0.0,0.0,1.570796,0.666667,1.0,0.0,0.09112389999999998,0.4669128965028097,0.3
1769796198.756471,0.130177,-0.09112389999999998,1.573797308620793,0.3,0.0,0.0,1.570796,0.666667,1.0,0.0,0.09112389999999998,0.462322049940695,0.3
1769796198.756471,0.130177,-0.09112389999999998,1.5860175042752382,0.3,0.0,0.0,1.570796,0.666667,1.0,0.0,0.09112389999999998,0.4606473753906752,0.3
1769796198.756471,0.130177,-0.09112389999999998,1.5760615489192729,0.3,0.0,0.0,1.570796,0.666667,1.0,0.0,0.09112389999999998,0.4601713491087553,0.3
1769796198.756471,0.130177,-0.09112389999999998,1.5766534663123126,0.3,0.0,0.0,1.570796,0.666667,1.0,0.0,0.09112389999999998,0.4616762453872843,0.3
1769796198.756471,0.130177,-0.09112389999999998,1.5769881266040635,0.3,0.0,0.0,1.570796,0.666667,1.0,0.0,0.09112389999999998,0.4623563169824379,0.3
1769796198.756471,0.130177,-0.09112389999999998,1.5719811193483513,0.3,0.0,0.0,1.570796,0.666667,1.0,0.0,0.09112389999999998,0.4632306584872581,0.3
1769796198.756471,0.130177,-0.09112389999999998,1.5714074172833918,0.3,0.0,0.0,1.570796,0.666667,1.0,0.0,0.09112389999999998,0.46535767747144857,0.3
1769796198.756471,0.130177,-0.09112389999999998,1.5642260126989205,0.3,0.0,0.0,1.570796,0.666667,1.0,0.0,0.09112389999999998,0.4665476493285798,0.3
1769796198.756471,0.130177,-0.09112389999999998,1.5648412882055645,0.3,0.0,0.0,1.570796,0.666667,1.0,0.0,0.09112389999999998,0.4684791053420338,0.3
1769796198.756471,0.130177,-0.09112389999999998,1.5598186812026673,0.3,0.0,0.0,1.570796,0.666667,1.0,0.0,0.09112389999999998,0.46568018112218174,0.3
1769796198.756471,0.130177,-0.09112389999999998,1.5810195580180333,0.3,0.0,0.0,1.570796,0.666667,1.0,0.0,0.09112389999999998,0.4631605741358178,0.3
1769796198.756471,0.130177,-0.09112389999999998,1.5799589301237476,0.3,0.0,0.0,1.570796,0.666667,1.0,0.0,0.09112389999999998,0.46185674006084376,0.3
1769796198.756471,0.130177,-0.09112389999999998,1.567641685652512,0.3,0.0,0.0,1.570796,0.666667,1.0,0.0,0.09112389999999998,0.4649490195789796,0.3
1769796198.756471,0.130177,-0.09112389999999998,1.562465880909218,0.3,0.0,0.0,1.570796,0.666667,1.0,0.0,0.09112389999999998,0.46561597916067266,0.3
1769796198.756471,0.130177,-0.09112389999999998,1.5759571726335893,0.3,0.0,0.0,1.570796,0.666667,1.0,0.0,0.09112389999999998,0.465984058280706,0.3
1769796198.756471,0.130177,-0.09112389999999998,1.565433210932312,0.3,0.0,0.0,1.570796,0.666667,1.0,0.0,0.09112389999999998,0.4653936803998526,0.3
1769796198.756471,0.130177,-0.09112389999999998,1.566008148194338,0.3,0.0,0.0,1.570796,0.666667,1.0,0.0,0.09112389999999998,0.4665786069964508,0.3
1769796198.756471,0.130177,-0.09112389999999998,1.5688476130540006,0.3,0.0,0.0,1.570796,0.666667,1.0,0.0,0.09112389999999998,0.4671982103381251,0.3
1769796198.756471,0.130177,-0.09112389999999998,1.5617155908822662,0.3,0.0,0.0,1.570796,0.666667,1.0,0.0,0.09112389999999998,0.4654351365906085,0.3
1769796198.756471,0.130177,-0.09112389999999998,1.5765865906794374,0.3,0.0,0.0,1.570796,0.666667,1.0,0.0,0.09112389999999998,0.46461890317900506,0.3
1769796198.756471,0.130177,-0.09112389999999998,1.5737450135236213,0.3,0.0,0.0,1.570796,0.666667,1.0,0.0,0.09112389999999998,0.46312538053382424,0.3
1769796198.756471,0.130177,-0.09112389999999998,1.570676726753351,0.3,0.0,0.0,1.570796,0.666667,1.0,0.0,0.09112389999999998,0.46344697337061347,0.3
1769796198.756471,0.130177,-0.09112389999999998,1.5746570336587022,0.3,0.0,0.0,1.570796,0.666667,1.0,0.0,0.09112389999999998,0.4641590289915143,0.3
1769796198.756471,0.130177,-0.09112389999999998,1.5694726797982161,0.3,0.0,0.0,1.570796,0.666667,1.0,0.0,0.09112389999999998,0.4655189738319745,0.3
1769796198.756471,0.130177,-0.09112389999999998,1.5625170577105896,0.3,0.0,0.0,1.570796,0.666667,1.0,0.0,0.09112389999999998,0.4664636928646331,0.3
1769796198.756471,0.130177,-0.09112389999999998,1.568988719462751,0.3,0.0,0.0,1.570796,0.666667,1.0,0.0,0.09112389999999998,0.46516110924426307,0.3
1769796198.756471,0.130177,-0.09112389999999998,1.577288181520436,0.3,0.0,0.0,1.570796,0.666667,1.0,0.0,0.09112389999999998,0.46509597823416177,0.3
1769796198.756471,0.130177,-0.09112389999999998,1.5629078437711974,0.3,0.0,0.0,1.570796,0.666667,1.0,0.0,0.09112389999999998,0.46401795999489576,0.3
1769796198.756471,0.130177,-0.09112389999999998,1.575456828898347,0.3,0.0,0.0,1.570796,0.666667,1.0,0.0,0.09112389999999998,0.4656831690105667,0.3
1769796198.756471,0.130177,-0.09112389999999998,1.5672969274264104,0.3,0.0,0.0,1.570796,0.666667,1.0,0.0,0.09112389999999998,0.46417739052412904,0.3
1769796198.756471,0.130177,-0.09112389999999998,1.5719425146898238,0.3,0.0,0.0,1.570796,0.666667,1.0,0.0,0.09112389999999998,0.4664926182108658,0.3
1769796198.756471,0.130177,-0.09112389999999998,1.561565462777926,0.3,0.0,0.0,1.570796,0.666667,1.0,0.0,0.09112389999999998,0.4667112265025726,0.3
1769796198.756471,0.130177,-0.09112389999999998,1.56598527767617,0.3,0.0,0.0,1.570796,0.666667,1.0,0.0,0.09112389999999998,0.465791719520707,0.3
1769796198.756471,0.130177,-0.09112389999999998,1.577459556581017,0.3,0.0,0.0,1.570796,0.666667,1.0,0.0,0.09112389999999998,0.4640315617169475,0.3
1769796198.756471,0.130177,-0.09112389999999998,1.5721264096004832,0.3,0.0,0.0,1.570796,0.666667,1.0,0.0,0.09112389999999998,0.46435184497693754,0.3
1769796198.756471,0.130177,-0.09112389999999998,1.5640635781162295,0.3,0.0,0.0,1.570796,0.666667,1.0,0.0,0.09112389999999998,0.46591796378019873,0.3
1769796198.756471,0.130177,-0.09112389999999998,1.5680628437614499,0.3,0.0,0.0,1.570796,0.666667,1.0,0.0,0.09112389999999998,0.46536335112398103,0.3
1769796198.756471,0.130177,-0.09112389999999998,1.5754540855377894,0.3,0.0,0.0,1.570796,0.666667,1.0,0.0,0.09112389999999998,0.46344192078946583,0.3
1769796198.756471,0.130177,-0.09112389999999998,1.5755921601233205,0.3,0.0,0.0,1.570796,0.666667,1.0,0.0,0.09112389999999998,0.4617072025672031,0.3
1769796198.756471,0.130177,-0.09112389999999998,1.5784711530950264,0.3,0.0,0.0,1.570796,0.666667,1.0,0.0,0.09112389999999998,0.46417345354254574,0.3
1769796198.756471,0.130177,-0.09112389999999998,1.5606565796857337,0.3,0.0,0.0,1.570796,0.666667,1.0,0.0,0.09112389999999998,0.466112901058583,0.3
1769796198.756471,0.130177,-0.09112389999999998,1.5639554750270972,0.3,0.0,0.0,1.570796,0.666667,1.0,0.0,0.09112389999999998,0.46649056252224796,0.3
1769796198.756471,0.130177,-0.09112389999999998,1.5762051843130367,0.3,0.0,0.0,1.570796,0.666667,1.0,0.0,0.09112389999999998,0.4638266142253826,0.3
1769796198.756471,0.130177,-0.09112389999999998,1.5766402694669255,0.3,0.0,0.0,1.570796,0.666667,1.0,0.0,0.09112389999999998,0.4622326545542725,0.3
1769796198.756471,0.130177,-0.09112389999999998,1.5735192330537582,0.3,0.0,0.0,1.570796,0.666667,1.0,0.0,0.09112389999999998,0.4628016997900887,0.3
1769796198.756471,0.130177,-0.09112389999999998,1.5727909128981392,0.3,0.0,0.0,1.570796,0.666667,1.0,0.0,0.09112389999999998,0.46536520686599353,0.3
1769796198.756471,0.130177,-0.09112389999999998,1.5612592270114964,0.3,0.0,0.0,1.570796,0.666667,1.0,0.0,0.09112389999999998,0.464933233639147,0.3
1769796198.756471,0.130177,-0.09112389999999998,1.576111072414837,0.3,0.0,0.0,1.570796,0.666667,1.0,0.0,0.09112389999999998,0.4644507118587626,0.3
1769796198.756471,0.130177,-0.09112389999999998,1.5756860435804463,0.3,0.0,0.0,1.570796,0.666667,1.0,0.0,0.09112389999999998,0.4625652963587176,0.3
1769796198.756471,0.130177,-0.09112389999999998,1.5725717200117661,0.3,0.0,0.0,1.570796,0.666667,1.0,0.0,0.09112389999999998,0.46313687576835916,0.3
1769796198.756471,0.130177,-0.09112389999999998,1.5726815959569878,0.3,0.0,0.0,1.570796,0.666667,1.0,0.0,0.09112389999999998,0.46418456659737856,0.3
1769796198.756471,0.130177,-0.09112389999999998,1.5693998986063296,0.3,0.0,0.0,1.570796,0.666667,1.0,0.0,0.09112389999999998,0.4653405850693948,0.3
1769796198.756471,0.130177,-0.09112389999999998,1.565635609179669,0.3,0.0,0.0,1.570796,0.666667,1.0,0.0,0.09112389999999998,0.46626879490660006,0.3
1769796198.756471,0.130177,-0.09112389999999998,1.567112336933756,0.3,0.0,0.0,1.570796,0.666667,1.0,0.0,0.09112389999999998,0.46500906149569515,0.3
1769796198.756471,0.130177,-0.09112389999999998,1.5769582990717592,0.3,0.0,0.0,1.570796,0.666667,1.0,0.0,0.09112389999999998,0.4631265836611734,0.3
1769796198.756471,0.130177,-0.09112389999999998,1.5769304761867995,0.3,0.0,0.0,1.570796,0.666667,1.0,0.0,0.09112389999999998,0.45979927837544227,0.3
1769796198.756471,0.130177,-0.09112389999999998,1.587076168648143,0.3,0.0,0.0,1.570796,0.666667,1.0,0.0,0.09112389999999998,0.46034825340728136,0.3
1769796198.756471,0.130177,-0.09112389999999998,1.5736644488807248,0.3,0.0,0.0,1.570796,0.666667,1.0,0.0,0.09112389999999998,0.46216386486668554,0.3
1769796198.756471,0.130177,-0.09112389999999998,1.5660368074303739,0.3,0.0,0.0,1.570796,0.666667,1.0,0.0,0.09112389999999998,0.467159489383352,0.3
1769796198.756471,0.130177,-0.09112389999999998,1.5571024215481444,0.3,0.0,0.0,1.570796,0.666667,1.0,0.0,0.09112389999999998,0.46764259946435294,0.3
1769796198.756471,0.130177,-0.09112389999999998,1.5707657883947193,0.3,0.0,0.0,1.570796,0.666667,1.0,0.0,0.09112389999999998,0.4665260018752991,0.3
1769796198.756471,0.130177,-0.09112389999999998,1.5727363929646971,0.3,0.0,0.0,1.570796,0.666667,1.0,0.0,0.09112389999999998,0.46661797201065536,0.3
1769796198.756471,0.130177,-0.09112389999999998,1.5565506007360068,0.3,0.0,0.0,1.570796,0.666667,1.0,0.0,0.09112389999999998,0.4661260811327875,0.3
1769796198.756471,0.130177,-0.09112389999999998,1.573717133661926,0.3,0.0,0.0,1.570796,0.666667,1.0,0.0,0.09112389999999998,0.465881005799625,0.3
1769796198.756471,0.130177,-0.09112389999999998,1.5742068449636724,0.3,0.0,0.0,1.570796,0.666667,1.0,0.0,0.09112389999999998,0.46334360492188215,0.3
1769796198.756471,0.130177,-0.09112389999999998,1.5717750060024638,0.3,0.0,0.0,1.570796,0.666667,1.0,0.0,0.09112389999999998,0.46547849562969223,0.3
1769796198.756471,0.130177,-0.09112389999999998,1.5609077894150658,0.3,0.0,0.0,1.570796,0.666667,1.0,0.0,0.09112389999999998,0.4674239684566217,0.3
1769796198.756471,0.130177,-0.09112389999999998,1.562534008002095,0.3,0.0,0.0,1.570796,0.666667,1.0,0.0,0.09112389999999998,0.466897857663327,0.3
1769796198.756471,0.130177,-0.09112389999999998,1.5749316707622325,0.3,0.0,0.0,1.570796,0.666667,1.0,0.0,0.09112389999999998,0.463743599252395,0.3
1769796198.756471,0.130177,-0.09112389999999998,1.5798333398806574,0.3,0.0,0.0,1.570796,0.666667,1.0,0.0,0.09112389999999998,0.4611603141471527,0.3
1769796198.756471,0.130177,-0.09112389999999998,1.5780337186335494,0.3,0.0,0.0,1.570796,0.666667,1.0,0.0,0.09112389999999998,0.4618790453824811,0.3
1769796198.756471,0.130177,-0.09112389999999998,1.5706192833502615,0.3,0.0,0.0,1.570796,0.666667,1.0,0.0,0.09112389999999998,0.4647578252243289,0.3
1769796198.756471,0.130177,-0.09112389999999998,1.562560660829571,0.3,0.0,0.0,1.570796,0.666667,1.0,0.0,0.09112389999999998,0.4646505134056096,0.3
1769796198.756471,0.130177,-0.09112389999999998,1.578677589545865,0.3,0.0,0.0,1.570796,0.666667,1.0,0.0,0.09112389999999998,0.4642237696958404,0.3
1769796198.756471,0.130177,-0.09112389999999998,1.573179745608877,0.3,0.0,0.0,1.570796,0.666667,1.0,0.0,0.09112389999999998,0.46301210035965235,0.3
1769796198.756471,0.130177,-0.09112389999999998,1.5698306768466992,0.3,0.0,0.0,1.570796,0.666667,1.0,0.0,0.09112389999999998,0.46375200506051145,0.3
1769796198.756471,0.130177,-0.09112389999999998,1.5742381613407104,0.3,0.0,0.0,1.570796,0.666667,1.0,0.0,0.09112389999999998,0.46376468649544716,0.3
1769796198.756471,0.130177,-0.09112389999999998,1.573103656999263,0.3,0.0,0.0,1.570796,0.666667,1.0,0.0,0.09112389999999998,0.4641296279490308,0.3
1769796198.756471,0.130177,-0.09112389999999998,1.5676410281251973,0.3,0.0,0.0,1.570796,0.666667,1.0,0.0,0.09112389999999998,0.4631916232012286,0.3
1769796198.756471,0.130177,-0.09112389999999998,1.5798661898275232,0.3,0.0,0.0,1.570796,0.666667,1.0,0.0,0.09112389999999998,0.46412105853087104,0.3
1769796198.756471,0.130177,-0.09112389999999998,1.5675270450214083,0.3,0.0,0.0,1.570796,0.666667,1.0,0.0,0.09112389999999998,0.4629181272833973,0.3
1769796198.756471,0.130177,-0.09112389999999998,1.5748586156100397,0.3,0.0,0.0,1.570796,0.666667,1.0,0.0,0.09112389999999998,0.4640689332956334,0.3
1769796198.756471,0.130177,-0.09112389999999998,1.5729613537541067,0.3,0.0,0.0,1.570796,0.666667,1.0,0.0,0.09112389999999998,0.46495452654855046,0.3
1769796198.756471,0.130177,-0.09112389999999998,1.5622134855039058,0.3,0.0,0.0,1.570796,0.666667,1.0,0.0,0.09112389999999998,0.46742514724076817,0.3
1769796198.756471,0.130177,-0.09112389999999998,1.5600348914567337,0.3,0.0,0.0,1.570796,0.666667,1.0,0.0,0.09112389999999998,0.4674377354259047,0.3
1769796198.756471,0.130177,-0.09112389999999998,1.5728858246432873,0.3,0.0,0.0,1.570796,0.666667,1.0,0.0,0.09112389999999998,0.46656200698747824,0.3
1769796198.756471,0.130177,-0.09112389999999998,1.5674678561344648,0.3,0.0,0.0,1.570796,0.666667,1.0,0.0,0.09112389999999998,0.4648667900645555,0.3
1769796198.756471,0.130177,-0.09112389999999998,1.57020619299427,0.3,0.0,0.0,1.570796,0.666667,1.0,0.0,0.09112389999999998,0.4654041770310489,0.3
1769796198.756471,0.130177,-0.09112389999999998,1.5696615028443268,0.3,0.0,0.0,1.570796,0.666667,1.0,0.0,0.09112389999999998,0.4642506798657177,0.3
1769796198.756471,0.130177,-0.09112389999999998,1.5743888391264522,0.3,0.0,0.0,1.570796,0.666667,1.0,0.0,0.09112389999999998,0.46383697735089174,0.3
1769796198.756471,0.130177,-0.09112389999999998,1.5726884080832257,0.3,0.0,0.0,1.570796,0.666667,1.0,0.0,0.09112389999999998,0.4640731701118838,0.3
1769796198.756471,0.130177,-0.09112389999999998,1.5682443462783744,0.3,0.0,0.0,1.570796,0.666667,1.0,0.0,0.09112389999999998,0.46568924309402315,0.3
1769796198.756471,0.130177,-0.09112389999999998,1.5646924012336159,0.3,0.0,0.0,1.570796,0.666667,1.0,0.0,0.09112389999999998,0.46704327194773976,0.3
1769796198.756471,0.130177,-0.09112389999999998,1.5645642349609261,0.3,0.0,0.0,1.570796,0.666667,1.0,0.0,0.09112389999999998,0.46703928856553206,0.3
1769796198.756471,0.130177,-0.09112389999999998,1.5682682465716207,0.3,0.0,0.0,1.570796,0.666667,1.0,0.0,0.09112389999999998,0.4642670410935709,0.3
1769796198.756471,0.130177,-0.09112389999999998,1.581325886065383,0.3,0.0,0.0,1.570796,0.666667,1.0,0.0,0.09112389999999998,0.4645555333029374,0.3
1769796198.756471,0.130177,-0.09112389999999998,1.5628332817047272,0.3,0.0,0.0,1.570796,0.666667,1.0,0.0,0.09112389999999998,0.4646338206704954,0.3
1769796198.756471,0.130177,-0.09112389999999998,1.5677985223662727,0.3,0.0,0.0,1.570796,0.666667,1.0,0.0,0.09112389999999998,0.46790713695102104,0.3
1769796198.756471,0.130177,-0.09112389999999998,1.561685988382229,0.3,0.0,0.0,1.570796,0.666667,1.0,0.0,0.09112389999999998,0.46562604195877794,0.3
1769796198.756471,0.130177,-0.09112389999999998,1.5765198516581855,0.3,0.0,0.0,1.570796,0.666667,1.0,0.0,0.09112389999999998,0.46693845410240464,0.3
1769796198.756471,0.130177,-0.09112389999999998,1.5599240495045126,0.3,0.0,0.0,1.570796,0.666667,1.0,0.0,0.09112389999999998,0.4684865370660636,0.3
1769796198.756471,0.130177,-0.09112389999999998,1.5523974906002755,0.3,0.0,0.0,1.570796,0.666667,1.0,0.0,0.09112389999999998,0.46864510395967535,0.3
1769796198.756471,0.130177,-0.09112389999999998,1.5755684502965148,0.3,0.0,0.0,1.570796,0.666667,1.0,0.0,0.09112389999999998,0.4659863944037948,0.3
1769796198.756471,0.130177,-0.09112389999999998,1.575876306839796,0.3,0.0,0.0,1.570796,0.666667,1.0,0.0,0.09112389999999998,0.4615027903386047,0.3
1769796198.756471,0.130177,-0.09112389999999998,1.579299114991416,0.3,0.0,0.0,1.570796,0.666667,1.0,0.0,0.09112389999999998,0.46340548146141186,0.3
1769796198.756471,0.130177,-0.09112389999999998,1.564152303559672,0.3,0.0,0.0,1.570796,0.666667,1.0,0.0,0.09112389999999998,0.46482049083324356,0.3
1769796198.756471,0.130177,-0.09112389999999998,1.5673862506088059,0.3,0.0,0.0,1.570796,0.666667,1.0,0.0,0.09112389999999998,0.4672215093799987,0.3
1769796198.756471,0.130177,-0.09112389999999998,1.5648930037108852,0.3,0.0,0.0,1.570796,0.666667,1.0,0.0,0.09112389999999998,0.465754549573081,0.3
1769796198.756471,0.130177,-0.09112389999999998,1.5729540624011782,0.3,0.0,0.0,1.570796,0.666667,1.0,0.0,0.09112389999999998,0.46628162296869297,0.3
1769796198.756471,0.130177,-0.09112389999999998,1.5642238102351338,0.3,0.0,0.0,1.570796,0.666667,1.0,0.0,0.09112389999999998,0.4669815689390253,0.3
1769796198.756471,0.130177,-0.09112389999999998,1.5606933278888915,0.3,0.0,0.0,1.570796,0.666667,1.0,0.0,0.09112389999999998,0.4678732470883972,0.3
1769796198.756471,0.130177,-0.09112389999999998,1.5676039935049466,0.3,0.0,0.0,1.570796,0.666667,1.0,0.0,0.09112389999999998,0.46625900332312215,0.3
1769796198.756471,0.130177,-0.09112389999999998,1.5739092728267843,0.3,0.0,0.0,1.570796,0.666667,1.0,0.0,0.09112389999999998,0.46359807957207894,0.3
1769796198.756471,0.130177,-0.09112389999999998,1.5766588703951505,0.3,0.0,0.0,1.570796,0.666667,1.0,0.0,0.09112389999999998,0.4638624645898027,0.3
1769796198.756471,0.130177,-0.09112389999999998,1.5660176833986041,0.3,0.0,0.0,1.570796,0.666667,1.0,0.0,0.09112389999999998,0.46311019515150753,0.3
1769796198.756471,0.130177,-0.09112389999999998,1.5784228894565555,0.3,0.0,0.0,1.570796,0.666667,1.0,0.0,0.09112389999999998,0.4630351669154053,0.3
1769796198.756471,0.130177,-0.09112389999999998,1.5771090398117635,0.3,0.0,0.0,1.570796,0.666667,1.0,0.0,0.09112389999999998,0.461300476128302,0.3
1769796198.756471,0.130177,-0.09112389999999998,1.576425828121224,0.3,0.0,0.0,1.570796,0.666667,1.0,0.0,0.09112389999999998,0.46046082159921436,0.3
1769796198.756471,0.130177,-0.09112389999999998,1.5834608166310813,0.3,0.0,0.0,1.570796,0.666667,1.0,0.0,0.09112389999999998,0.4588651792244132,0.3
1769796198.756471,0.130177,-0.09112389999999998,1.5866828940605706,0.3,0.0,0.0,1.570796,0.666667,1.0,0.0,0.09112389999999998,0.45980703234169873,0.3
1769796198.756471,0.130177,-0.09112389999999998,1.570774709417511,0.3,0.0,0.0,1.570796,0.666667,1.0,0.0,0.09112389999999998,0.46090518724114804,0.3
1769796198.756471,0.130177,-0.09112389999999998,1.5768718872343852,0.3,0.0,0.0,1.570796,0.666667,1.0,0.0,0.09112389999999998,0.46357238985787647,0.3
1769796198.756471,0.130177,-0.09112389999999998,1.5706796783602,0.3,0.0,0.0,1.570796,0.666667,1.0,0.0,0.09112389999999998,0.46363359972032,0.3
1769796198.756471,0.130177,-0.09112389999999998,1.57040745024285,0.3,0.0,0.0,1.570796,0.666667,1.0,0.0,0.09112389999999998,0.465689720285193,0.3
1769796198.756471,0.130177,-0.09112389999999998,1.5645351638451472,0.3,0.0,0.0,1.570796,0.666667,1.0,0.0,0.09112389999999998,0.4645520099870217,0.3
1769796198.756471,0.130177,-0.09112389999999998,1.5775059401492282,0.3,0.0,0.0,1.570796,0.666667,1.0,0.0,0.09112389999999998,0.4650761944878377,0.3
1769796198.756471,0.130177,-0.09112389999999998,1.5672623432379535,0.3,0.0,0.0,1.570796,0.666667,1.0,0.0,0.09112389999999998,0.464273488645214,0.3
1769796198.756471,0.130177,-0.09112389999999998,1.5693513989008891,0.3,0.0,0.0,1.570796,0.666667,1.0,0.0,0.09112389999999998,0.4665311805482724,0.3
1769796198.756471,0.130177,-0.09112389999999998,1.5639597887308778,0.3,0.0,0.0,1.570796,0.666667,1.0,0.0,0.09112389999999998,0.4663940217591455,0.3
1769796198.756471,0.130177,-0.09112389999999998,1.568085295972715,0.3,0.0,0.0,1.570796,0.666667,1.0,0.0,0.09112389999999998,0.46732514187239693,0.3
1769796198.756471,0.130177,-0.09112389999999998,1.5637646782213808,0.3,0.0,0.0,1.570796,0.666667,1.0,0.0,0.09112389999999998,0.4679747966267407,0.3
1769796198.756471,0.130177,-0.09112389999999998,1.560061860204815,0.3,0.0,0.0,1.570796,0.666667,1.0,0.0,0.09112389999999998,0.4675178204120735,0.3
1769796198.756471,0.130177,-0.09112389999999998,1.5708271532607185,0.3,0.0,0.0,1.570796,0.666667,1.0,0.0,0.09112389999999998,0.4662169593065526,0.3
1769796198.756471,0.130177,-0.09112389999999998,1.571569844854506,0.3,0.0,0.0,1.570796,0.666667,1.0,0.0,0.09112389999999998,0.46431017683677434,0.3
1769796198.756471,0.130177,-0.09112389999999998,1.5715025550234847,0.3,0.0,0.0,1.570796,0.666667,1.0,0.0,0.09112389999999998,0.4655199383039343,0.3
1769796198.756471,0.130177,-0.09112389999999998,1.563568584457759,0.3,0.0,0.0,1.570796,0.666667,1.0,0.0,0.09112389999999998,0.4646656282413046,0.3
1769796198.756471,0.130177,-0.09112389999999998,1.5766957052302841,0.3,0.0,0.0,1.570796,0.666667,1.0,0.0,0.09112389999999998,0.464081733321375,0.3
1769796198.756471,0.130177,-0.09112389999999998,1.575005924543062,0.3,0.0,0.0,1.570796,0.666667,1.0,0.0,0.09112389999999998,0.4630027076025926,0.3
1769796198.756471,0.130177,-0.09112389999999998,1.5700427387704534,0.3,0.0,0.0,1.570796,0.666667,1.0,0.0,0.09112389999999998,0.46567526331678727,0.3
1769796198.756471,0.130177,-0.09112389999999998,1.5606603709451163,0.3,0.0,0.0,1.570796,0.666667,1.0,0.0,0.09112389999999998,0.4654516912828679,0.3
1769796198.756471,0.130177,-0.09112389999999998,1.576347356746578,0.3,0.0,0.0,1.570796,0.666667,1.0,0.0,0.09112389999999998,0.4646505258568729,0.3
1769796198.756471,0.130177,-0.09112389999999998,1.5748497313264234,0.3,0.0,0.0,1.570796,0.666667,1.0,0.0,0.09112389999999998,0.465803232782153,0.3
1769796198.756471,0.130177,-0.09112389999999998,1.5537441293934355,0.3,0.0,0.0,1.570796,0.666667,1.0,0.0,0.09112389999999998,0.4665046948786557,0.3
1769796198.756471,0.130177,-0.09112389999999998,1.5721385841675621,0.3,0.0,0.0,1.570796,0.666667,1.0,0.0,0.09112389999999998,0.467131937400683,0.3
1769796198.756471,0.130177,-0.09112389999999998,1.57108627619426,0.3,0.0,0.0,1.570796,0.666667,1.0,0.0,0.09112389999999998,0.46457276631067485,0.3
1769796198.756471,0.130177,-0.09112389999999998,1.5690991559334841,0.3,0.0,0.0,1.570796,0.666667,1.0,0.0,0.09112389999999998,0.46291696433558166,0.3
1769796198.756471,0.130177,-0.09112389999999998,1.5820733960181212,0.3,0.0,0.0,1.570796,0.666667,1.0,0.0,0.09112389999999998,0.4654235769000396,0.3
1769796198.756471,0.130177,-0.09112389999999998,1.556046600807512,0.3,0.0,0.0,1.570796,0.666667,1.0,0.0,0.09112389999999998,0.46618676950758003,0.3
1769796198.756471,0.130177,-0.09112389999999998,1.5645200002882418,0.3,0.0,0.0,1.570796,0.666667,1.0,0.0,0.09112389999999998,0.46705133672375876,0.3
1769796198.756471,0.130177,-0.09112389999999998,1.576885992721049,0.3,0.0,0.0,1.570796,0.666667,1.0,0.0,0.09112389999999998,0.4651576964092354,0.3
1769796198.756471,0.130177,-0.09112389999999998,1.5674084426946522,0.3,0.0,0.0,1.570796,0.666667,1.0,0.0,0.09112389999999998,0.4635855603523471,0.3
1769796198.756471,0.130177,-0.09112389999999998,1.5739528166295715,0.3,0.0,0.0,1.570796,0.666667,1.0,0.0,0.09112389999999998,0.4663153255776615,0.3
1769796198.756471,0.130177,-0.09112389999999998,1.5605074013691627,0.3,0.0,0.0,1.570796,0.666667,1.0,0.0,0.09112389999999998,0.466735504514218,0.3
1769796198.756471,0.130177,-0.09112389999999998,1.564887369075313,0.3,0.0,0.0,1.570796,0.666667,1.0,0.0,0.09112389999999998,0.4682168089604289,0.3
1769796198.756471,0.130177,-0.09112389999999998,1.565064989952306,0.3,0.0,0.0,1.570796,0.666667,1.0,0.0,0.09112389999999998,0.46650915134269244,0.3
1769796198.756471,0.130177,-0.09112389999999998,1.5707533470755815,0.3,0.0,0.0,1.570796,0.666667,1.0,0.0,0.09112389999999998,0.46503954297099415,0.3
1769796198.756471,0.130177,-0.09112389999999998,1.573705019305503,0.3,0.0,0.0,1.570796,0.666667,1.0,0.0,0.09112389999999998,0.4650501601094101,0.3
1769796198.756471,0.130177,-0.09112389999999998,1.5650012871218102,0.3,0.0,0.0,1.570796,0.666667,1.0,0.0,0.09112389999999998,0.4651219477207737,0.3
1769796198.756471,0.130177,-0.09112389999999998,1.5703226214073998,0.3,0.0,0.0,1.570796,0.666667,1.0,0.0,0.09112389999999998,0.4643715620172866,0.3
1769796198.756471,0.130177,-0.09112389999999998,1.5782073335264257,0.3,0.0,0.0,1.570796,0.666667,1.0,0.0,0.09112389999999998,0.4654867583492928,0.3
1769796198.756471,0.130177,-0.09112389999999998,1.5583101091297729,0.3,0.0,0.0,1.570796,0.666667,1.0,0.0,0.09112389999999998,0.46472189724654894,0.3
1769796198.756471,0.130177,-0.09112389999999998,1.5749117880238632,0.3,0.0,0.0,1.570796,0.666667,1.0,0.0,0.09112389999999998,0.46619006926116396,0.3
1769796198.756471,0.130177,-0.09112389999999998,1.5693983014387352,0.3,0.0,0.0,1.570796,0.666667,1.0,0.0,0.09112389999999998,0.46388974576640113,0.3
1769796198.756471,0.130177,-0.09112389999999998,1.5721120500983499,0.3,0.0,0.0,1.570796,0.666667,1.0,0.0,0.09112389999999998,0.4660698510246441,0.3
1769796198.756471,0.130177,-0.09112389999999998,1.5618311564744054,0.3,0.0,0.0,1.570796,0.666667,1.0,0.0,0.09112389999999998,0.4656192809521418,0.3
1769796198.756471,0.130177,-0.09112389999999998,1.5721017218737494,0.3,0.0,0.0,1.570796,0.666667,1.0,0.0,0.09112389999999998,0.46606664256236785,0.3
1769796198.756471,0.130177,-0.09112389999999998,1.5694278804369932,0.3,0.0,0.0,1.570796,0.666667,1.0,0.0,0.09112389999999998,0.46289902221583873,0.3
1769796198.756471,0.130177,-0.09112389999999998,1.5808368785535802,0.3,0.0,0.0,1.570796,0.666667,1.0,0.0,0.09112389999999998,0.46362848999551814,0.3
1769796198.756471,0.130177,-0.09112389999999998,1.5677249151956725,0.3,0.0,0.0,1.570796,0.666667,1.0,0.0,0.09112389999999998,0.46492693233606913,0.3
1769796198.756471,0.130177,-0.09112389999999998,1.5616372263936875,0.3,0.0,0.0,1.570796,0.666667,1.0,0.0,0.09112389999999998,0.4667119474344083,0.3
1769796198.756471,0.130177,-0.09112389999999998,1.5701267879635452,0.3,0.0,0.0,1.570796,0.666667,1.0,0.0,0.09112389999999998,0.46532280250058816,0.3
1769796198.756471,0.130177,-0.09112389999999998,1.5760597847985935,0.3,0.0,0.0,1.570796,0.666667,1.0,0.0,0.09112389999999998,0.4644799737285255,0.3
1769796198.756471,0.130177,-0.09112389999999998,1.5666941990260634,0.3,0.0,0.0,1.570796,0.666667,1.0,0.0,0.09112389999999998,0.46265268220664973,0.3
1769796198.756471,0.130177,-0.09112389999999998,1.5810905370947996,0.3,0.0,0.0,1.570796,0.666667,1.0,0.0,0.09112389999999998,0.4641781400774842,0.3
1769796198.756471,0.130177,-0.09112389999999998,1.5669070375735872,0.3,0.0,0.0,1.570796,0.666667,1.0,0.0,0.09112389999999998,0.46384380589248164,0.3
1769796198.756471,0.130177,-0.09112389999999998,1.5687002041360785,0.3,0.0,0.0,1.570796,0.666667,1.0,0.0,0.09112389999999998,0.4652046328782902,0.3
1769796198.756471,0.130177,-0.09112389999999998,1.5729255751799482,0.3,0.0,0.0,1.570796,0.666667,1.0,0.0,0.09112389999999998,0.46359431024884296,0.3
1769796198.756471,0.130177,-0.09112389999999998,1.5765689733502706,0.3,0.0,0.0,1.570796,0.666667,1.0,0.0,0.09112389999999998,0.46378451858929376,0.3
1769796198.756471,0.130177,-0.09112389999999998,1.5675589540933736,0.3,0.0,0.0,1.570796,0.666667,1.0,0.0,0.09112389999999998,0.4647735796314059,0.3
1769796198.756471,0.130177,-0.09112389999999998,1.566991208927275,0.3,0.0,0.0,1.570796,0.666667,1.0,0.0,0.09112389999999998,0.46616291010928096,0.3
1769796198.756471,0.130177,-0.09112389999999998,1.5682329904830206,0.3,0.0,0.0,1.570796,0.666667,1.0,0.0,0.09112389999999998,0.46600027894430035,0.3
1769796198.756471,0.130177,-0.09112389999999998,1.568534741083257,0.3,0.0,0.0,1.570796,0.666667,1.0,0.0,0.09112389999999998,0.464679397208436,0.3
1769796198.756471,0.130177,-0.09112389999999998,1.5749164993424618,0.3,0.0,0.0,1.570796,0.666667,1.0,0.0,0.09112389999999998,0.4656862350948532,0.3
1769796198.756471,0.130177,-0.09112389999999998,1.5621919631645171,0.3,0.0,0.0,1.570796,0.666667,1.0,0.0,0.09112389999999998,0.4675497832995687,0.3
1769796198.756471,0.130177,-0.09112389999999998,1.557353451854964,0.3,0.0,0.0,1.570796,0.666667,1.0,0.0,0.09112389999999998,0.4691208141875667,0.3
1769796198.756471,0.130177,-0.09112389999999998,1.5654903140144736,0.3,0.0,0.0,1.570796,0.666667,1.0,0.0,0.09112389999999998,0.4692402740827337,0.3
1769796198.756471,0.130177,-0.09112389999999998,1.5614752037935153,0.3,0.0,0.0,1.570796,0.666667,1.0,0.0,0.09112389999999998,0.4669788930054372,0.3
1769796198.756471,0.130177,-0.09112389999999998,1.570921738318743,0.3,0.0,0.0,1.570796,0.666667,1.0,0.0,0.09112389999999998,0.46529101024063985,0.3
1769796198.756471,0.130177,-0.09112389999999998,1.5756176106032576,0.3,0.0,0.0,1.570796,0.666667,1.0,0.0,0.09112389999999998,0.4630800823190549,0.3
1769796198.756471,0.130177,-0.09112389999999998,1.574740771323025,0.3,0.0,0.0,1.570796,0.666667,1.0,0.0,0.09112389999999998,0.4646401301671246,0.3
1769796198.756471,0.130177,-0.09112389999999998,1.561561451230325,0.3,0.0,0.0,1.570796,0.666667,1.0,0.0,0.09112389999999998,0.46766053419497683,0.3
1769796198.756471,0.130177,-0.09112389999999998,1.5574951864361444,0.3,0.0,0.0,1.570796,0.666667,1.0,0.0,0.09112389999999998,0.46892969420049785,0.3
1769796198.756471,0.130177,-0.09112389999999998,1.5671258112898987,0.3,0.0,0.0,1.570796,0.666667,1.0,0.0,0.09112389999999998,0.4681798945477155,0.3
1769796198.756471,0.130177,-0.09112389999999998,1.5660602491470192,0.3,0.0,0.0,1.570796,0.666667,1.0,0.0,0.09112389999999998,0.46763177926674854,0.3
1769796198.756471,0.130177,-0.09112389999999998,1.560783878121946,0.3,0.0,0.0,1.570796,0.666667,1.0,0.0,0.09112389999999998,0.46634149537413383,0.3
1769796198.756471,0.130177,-0.09112389999999998,1.5748675146455866,0.3,0.0,0.0,1.570796,0.666667,1.0,0.0,0.09112389999999998,0.4639410425379919,0.3
1769796198.756471,0.130177,-0.09112389999999998,1.5804629661638712,0.3,0.0,0.0,1.570796,0.666667,1.0,0.0,0.09112389999999998,0.4641827696144847,0.3
1769796198.756471,0.130177,-0.09112389999999998,1.559333515662989,0.3,0.0,0.0,1.570796,0.666667,1.0,0.0,0.09112389999999998,0.4642279972155034,0.3
1769796198.756471,0.130177,-0.09112389999999998,1.5745961490394749,0.3,0.0,0.0,1.570796,0.666667,1.0,0.0,0.09112389999999998,0.46880616298216093,0.3
1769796198.756471,0.130177,-0.09112389999999998,1.5529939715639256,0.3,0.0,0.0,1.570796,0.666667,1.0,0.0,0.09112389999999998,0.46720342099110573,0.3
1769796198.756471,0.130177,-0.09112389999999998,1.5689499676093206,0.3,0.0,0.0,1.570796,0.666667,1.0,0.0,0.09112389999999998,0.4687841578338761,0.3
1769796198.756471,0.130177,-0.09112389999999998,1.565111727982852,0.3,0.0,0.0,1.570796,0.666667,1.0,0.0,0.09112389999999998,0.46441019243121456,0.3
1769796198.756471,0.130177,-0.09112389999999998,1.5792377639798951,0.3,0.0,0.0,1.570796,0.666667,1.0,0.0,0.09112389999999998,0.46524600680389616,0.3
1769796198.756471,0.130177,-0.09112389999999998,1.5639350813732311,0.3,0.0,0.0,1.570796,0.666667,1.0,0.0,0.09112389999999998,0.4663753492588076,0.3
1769796198.756471,0.130177,-0.09112389999999998,1.5583356732533837,0.3,0.0,0.0,1.570796,0.666667,1.0,0.0,0.09112389999999998,0.467686348175729,0.3
1769796198.756471,0.130177,-0.09112389999999998,1.571371770478366,0.3,0.0,0.0,1.570796,0.666667,1.0,0.0,0.09112389999999998,0.4662805112599749,0.3
1769796198.756471,0.130177,-0.09112389999999998,1.5723701028677557,0.3,0.0,0.0,1.570796,0.666667,1.0,0.0,0.09112389999999998,0.4649441904036086,0.3
1769796198.756471,0.130177,-0.09112389999999998,1.5663535983915817,0.3,0.0,0.0,1.570796,0.666667,1.0,0.0,0.09112389999999998,0.46566005908304337,0.3
1769796198.756471,0.130177,-0.09112389999999998,1.5670765584017572,0.3,0.0,0.0,1.570796,0.666667,1.0,0.0,0.09112389999999998,0.46419935821515973,0.3
1769796198.756471,0.130177,-0.09112389999999998,1.5811343080750582,0.3,0.0,0.0,1.570796,0.666667,1.0,0.0,0.09112389999999998,0.4638330234868364,0.3
1769796198.756471,0.130177,-0.09112389999999998,1.568551606761521,0.3,0.0,0.0,1.570796,0.666667,1.0,0.0,0.09112389999999998,0.46387453390032585,0.3
1769796198.756471,0.130177,-0.09112389999999998,1.566827495920821,0.3,0.0,0.0,1.570796,0.666667,1.0,0.0,0.09112389999999998,0.46451389107998176,0.3
1769796198.756471,0.130177,-0.09112389999999998,1.5772981649971225,0.3,0.0,0.0,1.570796,0.666667,1.0,0.0,0.09112389999999998,0.46378539255850443,0.3
1769796198.756471,0.130177,-0.09112389999999998,1.5729225978903854,0.3,0.0,0.0,1.570796,0.666667,1.0,0.0,0.09112389999999998,0.4637840088973209,0.3
1769796198.756471,0.130177,-0.09112389999999998,1.5668357978879215,0.3,0.0,0.0,1.570796,0.666667,1.0,0.0,0.09112389999999998,0.46338381298118536,0.3
1769796198.756471,0.130177,-0.09112389999999998,1.579699340493936,0.3,0.0,0.0,1.570796,0.666667,1.0,0.0,0.09112389999999998,0.4628200225394759,0.3
1769796198.756471,0.130177,-0.09112389999999998,1.576305340540642,0.3,0.0,0.0,1.570796,0.666667,1.0,0.0,0.09112389999999998,0.4618369868616295,0.3
1769796198.756471,0.130177,-0.09112389999999998,1.5727340119550002,0.3,0.0,0.0,1.570796,0.666667,1.0,0.0,0.09112389999999998,0.46332426613688615,0.3
1769796198.756471,0.130177,-0.09112389999999998,1.5707756648423963,0.3,0.0,0.0,1.570796,0.666667,1.0,0.0,0.09112389999999998,0.46357050313472503,0.3
1769796198.756471,0.130177,-0.09112389999999998,1.5748279185536087,0.3,0.0,0.0,1.570796,0.666667,1.0,0.0,0.09112389999999998,0.4643557931165745,0.3
1769796198.756471,0.130177,-0.09112389999999998,1.5680222720639032,0.3,0.0,0.0,1.570796,0.666667,1.0,0.0,0.09112389999999998,0.46440489497164156,0.3
1769796198.756471,0.130177,-0.09112389999999998,1.5704810537119938,0.3,0.0,0.0,1.570796,0.666667,1.0,0.0,0.09112389999999998,0.4660893069301206,0.3
1769796198.756471,0.130177,-0.09112389999999998,1.5647214468027348,0.3,0.0,0.0,1.570796,0.666667,1.0,0.0,0.09112389999999998,0.46601016000949974,0.3
1769796198.756471,0.130177,-0.09112389999999998,1.5684971535876282,0.3,0.0,0.0,1.570796,0.666667,1.0,0.0,0.09112389999999998,0.46407112547976737,0.3
1769796198.756471,0.130177,-0.09112389999999998,1.582115260890388,0.3,0.0,0.0,1.570796,0.666667,1.0,0.0,0.09112389999999998,0.4623059384547461,0.3
1769796198.756471,0.130177,-0.09112389999999998,1.5753125689528624,0.3,0.0,0.0,1.570796,0.666667,1.0,0.0,0.09112389999999998,0.46047244541818994,0.3
1769796198.756471,0.130177,-0.09112389999999998,1.5794981118069649,0.3,0.0,0.0,1.570796,0.666667,1.0,0.0,0.09112389999999998,0.46247699231581385,0.3
1769796198.756471,0.130177,-0.09112389999999998,1.5700879795046445,0.3,0.0,0.0,1.570796,0.666667,1.0,0.0,0.09112389999999998,0.46237764936468656,0.3
1769796198.756471,0.130177,-0.09112389999999998,1.5759086266596263,0.3,0.0,0.0,1.570796,0.666667,1.0,0.0,0.09112389999999998,0.46354540189679055,0.3
1769796198.756471,0.130177,-0.09112389999999998,1.5724915966143411,0.3,0.0,0.0,1.570796,0.666667,1.0,0.0,0.09112389999999998,0.46287784082091016,0.3
1769796198.756471,0.130177,-0.09112389999999998,1.574093345959927,0.3,0.0,0.0,1.570796,0.666667,1.0,0.0,0.09112389999999998,0.46318137962818434,0.3
1769796198.756471,0.130177,-0.09112389999999998,1.5740873938159807,0.3,0.0,0.0,1.570796,0.666667,1.0,0.0,0.09112389999999998,0.4640561952367311,0.3
1769796198.756471,0.130177,-0.09112389999999998,1.567242702963061,0.3,0.0,0.0,1.570796,0.666667,1.0,0.0,0.09112389999999998,0.46416343004243527,0.3
1769796198.756471,0.130177,-0.09112389999999998,1.573449937125702,0.3,0.0,0.0,1.570796,0.666667,1.0,0.0,0.09112389999999998,0.46534634178661644,0.3
1769796198.756471,0.130177,-0.09112389999999998,1.5669899233508937,0.3,0.0,0.0,1.570796,0.666667,1.0,0.0,0.09112389999999998,0.464046793846362,0.3
1769796198.756471,0.130177,-0.09112389999999998,1.5750399906045873,0.3,0.0,0.0,1.570796,0.666667,1.0,0.0,0.09112389999999998,0.46520801692524993,0.3
1769796198.756471,0.130177,-0.09112389999999998,1.5664825986523747,0.3,0.0,0.0,1.570796,0.666667,1.0,0.0,0.09112389999999998,0.46539438732568567,0.3
1769796198.756471,0.130177,-0.09112389999999998,1.565871700948279,0.3,0.0,0.0,1.570796,0.666667,1.0,0.0,0.09112389999999998,0.46447911511986,0.3
1769796198.756471,0.130177,-0.09112389999999998,1.5805316238395415,0.3,0.0,0.0,1.570796,0.666667,1.0,0.0,0.09112389999999998,0.46471930249569127,0.3
1769796198.756471,0.130177,-0.09112389999999998,1.5650414743973868,0.3,0.0,0.0,1.570796,0.666667,1.0,0.0,0.09112389999999998,0.4646017998148306,0.3
1769796198.756471,0.130177,-0.09112389999999998,1.5665767170334433,0.3,0.0,0.0,1.570796,0.666667,1.0,0.0,0.09112389999999998,0.46556782623353593,0.3
1769796198.756471,0.130177,-0.09112389999999998,1.5747354653273093,0.3,0.0,0.0,1.570796,0.666667,1.0,0.0,0.09112389999999998,0.46414846023565226,0.3
1769796198.756471,0.130177,-0.09112389999999998,1.5735576703846892,0.3,0.0,0.0,1.570796,0.666667,1.0,0.0,0.09112389999999998,0.4640930315059677,0.3
1769796198.756471,0.130177,-0.09112389999999998,1.5669092894115504,0.3,0.0,0.0,1.570796,0.666667,1.0,0.0,0.09112389999999998,0.463022211447661,0.3
1769796198.756471,0.130177,-0.09112389999999998,1.5811603856771497,0.3,0.0,0.0,1.570796,0.666667,1.0,0.0,0.09112389999999998,0.46429621696469653,0.3
1769796198.756471,0.130177,-0.09112389999999998,1.5659136372824756,0.3,0.0,0.0,1.570796,0.666667,1.0,0.0,0.09112389999999998,0.46324528125058073,0.3
1769796198.756471,0.130177,-0.09112389999999998,1.5732149036962455,0.3,0.0,0.0,1.570796,0.666667,1.0,0.0,0.09112389999999998,0.46600554751352014,0.3
1769796198.756471,0.130177,-0.09112389999999998,1.5645987880995131,0.3,0.0,0.0,1.570796,0.666667,1.0,0.0,0.09112389999999998,0.4640427309129726,0.3
1769796198.756471,0.130177,-0.09112389999999998,1.577690536885761,0.3,0.0,0.0,1.570796,0.666667,1.0,0.0,0.09112389999999998,0.4651707699115961,0.3
1769796198.756471,0.130177,-0.09112389999999998,1.5664466697045043,0.3,0.0,0.0,1.570796,0.666667,1.0,0.0,0.09112389999999998,0.4643233131895546,0.3
1769796198.756471,0.130177,-0.09112389999999998,1.569683528431762,0.3,0.0,0.0,1.570796,0.666667,1.0,0.0,0.09112389999999998,0.46684633854271146,0.3
1769796198.756471,0.130177,-0.09112389999999998,1.5625523847668201,0.3,0.0,0.0,1.570796,0.666667,1.0,0.0,0.09112389999999998,0.46425544059885926,0.3
1769796198.756471,0.130177,-0.09112389999999998,1.5819920573676176,0.3,0.0,0.0,1.570796,0.666667,1.0,0.0,0.09112389999999998,0.4637376542016402,0.3
1769796198.756471,0.130177,-0.09112389999999998,1.5727902468150763,0.3,0.0,0.0,1.570796,0.666667,1.0,0.0,0.09112389999999998,0.4633828534042605,0.3
1769796198.756471,0.130177,-0.09112389999999998,1.5646811895510984,0.3,0.0,0.0,1.570796,0.666667,1.0,0.0,0.09112389999999998,0.4651259154870073,0.3
1769796198.756471,0.130177,-0.09112389999999998,1.5715336848711363,0.3,0.0,0.0,1.570796,0.666667,1.0,0.0,0.09112389999999998,0.46573468884121705,0.3
1769796198.756471,0.130177,-0.09112389999999998,1.569137606689818,0.3,0.0,0.0,1.570796,0.666667,1.0,0.0,0.09112389999999998,0.4660045729982749,0.3
1769796198.756471,0.130177,-0.09112389999999998,1.5630618846087514,0.3,0.0,0.0,1.570796,0.666667,1.0,0.0,0.09112389999999998,0.46529172915477907,0.3
1769796198.756471,0.130177,-0.09112389999999998,1.5758107479321117,0.3,0.0,0.0,1.570796,0.666667,1.0,0.0,0.09112389999999998,0.4642728274590208,0.3
1769796198.756471,0.130177,-0.09112389999999998,1.5752510168643672,0.3,0.0,0.0,1.570796,0.666667,1.0,0.0,0.09112389999999998,0.46428665844845357,0.3
1769796198.756471,0.130177,-0.09112389999999998,1.562978898672155,0.3,0.0,0.0,1.570796,0.666667,1.0,0.0,0.09112389999999998,0.4664573106749757,0.3
1769796198.756471,0.130177,-0.09112389999999998,1.5627868345729785,0.3,0.0,0.0,1.570796,0.666667,1.0,0.0,0.09112389999999998,0.4675080133025748,0.3
1769796198.756471,0.130177,-0.09112389999999998,1.5689468010987733,0.3,0.0,0.0,1.570796,0.666667,1.0,0.0,0.09112389999999998,0.46330535308320314,0.3
1769796198.756471,0.130177,-0.09112389999999998,1.5881948599883844,0.3,0.0,0.0,1.570796,0.666667,1.0,0.0,0.09112389999999998,0.4639419387137844,0.3
1769796198.756471,0.130177,-0.09112389999999998,1.5589673207894912,0.3,0.0,0.0,1.570796,0.666667,1.0,0.0,0.09112389999999998,0.46421378553836457,0.3
1769796198.756471,0.130177,-0.09112389999999998,1.567315720151292,0.3,0.0,0.0,1.570796,0.666667,1.0,0.0,0.09112389999999998,0.46796270814112956,0.3
1769796198.756471,0.130177,-0.09112389999999998,1.5657013243717945,0.3,0.0,0.0,1.570796,0.666667,1.0,0.0,0.09112389999999998,0.4649216460293802,0.3
1769796198.756471,0.130177,-0.09112389999999998,1.5772136934599872,0.3,0.0,0.0,1.570796,0.666667,1.0,0.0,0.09112389999999998,0.46509916813156243,0.3
1769796198.756471,0.130177,-0.09112389999999998,1.566250587538199,0.3,0.0,0.0,1.570796,0.666667,1.0,0.0,0.09112389999999998,0.4618881758159637,0.3
1769796198.756471,0.130177,-0.09112389999999998,1.5849672782653867,0.3,0.0,0.0,1.570796,0.666667,1.0,0.0,0.09112389999999998,0.4618278714172755,0.3
1769796198.756471,0.130177,-0.09112389999999998,1.5775755198521164,0.3,0.0,0.0,1.570796,0.666667,1.0,0.0,0.09112389999999998,0.4631810531686171,0.3
1769796198.756471,0.13206766666666667,-0.09178563333333332,1.5581314970301494,0.3,0.0,0.0,1.570796,0.666667,1.0,0.0,0.09112389999999998,0.4679240346196267,0.3
1769796218.098902,0.13583900000000002,-0.06237269999999998,1.570405789559329,0.3,0.0,0.0,1.570796,0.666667,1.0,0.0,0.09310909999999999,0.47780770171634,0.3
1769796218.120708,0.14148033333333335,-0.034298749999999996,1.6227359172718365,0.3,-0.00296,0.094186,1.633628,0.666667,1.0,0.094232,0.0970711,0.488716487359315,0.3
1769796218.139763,0.14707499999999998,-0.006914299999999998,1.6252598331722998,0.3,-0.00296,0.094186,1.633628,0.666667,1.0,0.094232,0.10108805000000001,0.5023323058835337,0.3
1769796218.160004,0.15259599999999998,-0.010933466666666664,1.635771428414017,0.3,-0.00296,0.094186,1.633628,0.666667,1.0,0.094232,0.10514175,0.5126892461999343,0.3
1769796218.180042,0.15800566666666668,-0.014913316666666657,1.6449967753734334,0.3,-0.00296,0.094186,1.633628,0.666667,1.0,0.094232,0.10912859999999999,0.5244923710053359,0.3
1769796218.200083,0.16321133333333335,-0.018786999999999988,1.6380179343398893,0.3,-0.00296,0.094186,1.633628,0.666667,1.0,0.094232,0.11302759999999999,0.5380476332225096,0.3
1769796218.220697,0.168165,-0.02250924999999999,1.635787205110975,0.3,-0.00296,0.094186,1.633628,0.666667,1.0,0.094232,0.1167628,0.5522109327275756,0.3
1769796218.240855,0.17287566666666668,-0.026067233333333325,1.6381842283430377,0.3,-0.00296,0.094186,1.633628,0.666667,1.0,0.094232,0.12029535,0.5669264382450957,0.3
1769796218.26104,0.17740533333333333,-0.029482649999999996,1.6244425512347682,0.3,-0.00296,0.094186,1.633628,0.666667,1.0,0.094232,0.12370155,0.5802265809248968,0.3
1769796218.281117,0.181789,-0.032786066666666655,1.6277100990321687,0.3,-0.00296,0.094186,1.633628,0.666667,1.0,0.094232,0.12700905,0.5910901576984141,0.3
1769796218.301589,0.18603899999999998,-0.035993349999999986,1.6423745177019338,0.3,-0.00296,0.094186,1.633628,0.666667,1.0,0.094232,0.13020559999999998,0.5993286611127292,0.3
1769796218.321951,0.19019166666666668,-0.039122233333333305,1.6423644807488775,0.3,-0.00296,0.094186,1.633628,0.666667,1.0,0.094232,0.13332339999999998,0.605255635164793,0.3
1769796218.341985,0.19430899999999998,-0.04220853333333332,1.6341650178890825,0.3,-0.00296,0.094186,1.633628,0.666667,1.0,0.094232,0.13639569999999998,0.6098973706618178,0.3
1769796218.36274,0.19842700000000002,-0.0452867833333333,1.6392995418261822,0.3,-0.00296,0.094186,1.633628,0.666667,1.0,0.094232,0.1394645,0.6109,0.3
1769796218.382999,0.20263366666666668,-0.048398516666666634,1.6338432229240039,0.3,-0.00296,0.094186,1.633628,0.666667,1.0,0.094232,0.14255814999999997,0.6109,0.3
1769796218.402798,0.20692266666666667,-0.051571149999999955,1.6224235357229049,0.3,-0.00296,0.094186,1.633628,0.666667,1.0,0.094232,0.14573089999999997,0.6109,0.3
1769796218.422904,0.20982899999999996,-0.05425599999999997,1.6114769033796583,0.3,-0.00296,0.094186,1.633628,0.666667,1.0,0.094232,0.14898239999999996,0.6109,0.3
1769796218.422904,0.21271766666666667,-0.05641899999999996,1.627390491026913,0.3,-0.00296,0.094186,1.633628,0.666667,1.0,0.094232,0.1506127,0.6109,0.3
1769796218.443476,0.21555833333333332,-0.0585615833333333,1.640061908589617,0.3,-0.00296,0.094186,1.633628,0.666667,1.0,0.094232,0.15221989999999996,0.6109,0.3
1769796218.463682,0.219782,-0.06120781666666664,1.6241079478686506,0.3,-0.00296,0.094186,1.633628,0.666667,1.0,0.094232,0.15541014999999997,0.6109,0.3
1769796218.483837,0.223921,-0.06434521666666664,1.6273998391150934,0.3,-0.00296,0.094186,1.633628,0.666667,1.0,0.094232,0.15855139999999998,0.6109,0.3
1769796218.503891,0.22793133333333335,-0.06741004999999996,1.6337320555727965,0.3,-0.00296,0.094186,1.633628,0.666667,1.0,0.094232,0.16163209999999997,0.6109,0.3
1769796218.523989,0.23175166666666666,-0.0703656833333333,1.641998626778472,0.3,-0.00296,0.094186,1.633628,0.666667,1.0,0.094232,0.16460464999999996,0.6109,0.3
1769796218.544533,0.23538,-0.07319134999999995,1.6350583963668064,0.3,-0.00296,0.094186,1.633628,0.666667,1.0,0.094232,0.16741829999999996,0.6109,0.3
1769796218.564848,0.23885466666666666,-0.07590058333333329,1.6351560286521107,0.3,-0.00296,0.094186,1.633628,0.666667,1.0,0.094232,0.17010909999999996,0.6109,0.3
1769796218.585291,0.242231,-0.07852569999999996,1.6243369473648737,0.3,-0.00296,0.094186,1.633628,0.666667,1.0,0.094232,0.17273234999999998,0.6109,0.3
1769796218.605186,0.24551466666666666,-0.04982569999999995,1.6261982651484193,0.3,-0.00296,0.094186,1.633628,0.666667,1.0,0.094232,0.17529364999999997,0.6109,0.3
1769796218.625471,0.24870533333333333,-0.021112983333333293,1.6961703586575743,0.3,-0.011828,0.188,1.69646,0.666667,1.0,0.188465,0.17782309999999996,0.6109,0.3
1769796218.645836,0.25179999999999997,0.007581766666666702,1.6885218146817567,0.3,-0.011828,0.188,1.69646,0.666667,1.0,0.188465,0.18040819999999996,0.6109,0.3
1769796218.665851,0.254793,0.004997133333333357,1.7000628483631268,0.3,-0.011828,0.188,1.69646,0.666667,1.0,0.188465,0.18302339999999997,0.6109,0.3
1769796218.68626,0.2576776666666667,0.0024469166666666966,1.6890698930300116,0.3,-0.011828,0.188,1.69646,0.666667,1.0,0.188465,0.185577,0.6109,0.3
1769796218.706666,0.26045,-3.423333333330003e-05,1.6980549287849676,0.3,-0.011828,0.188,1.69646,0.666667,1.0,0.188465,0.18805884999999994,0.6109,0.3
1769796218.727032,0.263109,-0.0024418833333332926,1.6864396740641034,0.3,-0.011828,0.188,1.69646,0.666667,1.0,0.188465,0.19046684999999997,0.6109,0.3
1769796218.74721,0.2656536666666667,-0.0047747499999999665,1.7081330506661203,0.3,-0.011828,0.188,1.69646,0.666667,1.0,0.188465,0.19279994999999997,0.6109,0.3
1769796218.767597,0.268083,-0.007032016666666631,1.7090426956959375,0.3,-0.011828,0.188,1.69646,0.666667,1.0,0.188465,0.19505744999999997,0.6109,0.3
1769796218.788051,0.27039566666666665,-0.009212983333333294,1.6989206611590235,0.3,-0.011828,0.188,1.69646,0.666667,1.0,0.188465,0.19723864999999996,0.6109,0.3
1769796218.807982,0.27259099999999997,-0.011316833333333295,1.6978292686912253,0.3,-0.011828,0.188,1.69646,0.666667,1.0,0.188465,0.19934284999999996,0.6109,0.3
1769796218.828615,0.2746683333333333,-0.013342633333333298,1.7050727484320576,0.3,-0.011828,0.188,1.69646,0.666667,1.0,0.188465,0.20136899999999996,0.6109,0.3
1769796218.848722,0.27662733333333334,-0.015289683333333304,1.7052584256167636,0.3,-0.011828,0.188,1.69646,0.666667,1.0,0.188465,0.20331604999999997,0.6109,0.3
1769796218.868746,0.278467,-0.01715728333333331,1.7135971429426227,0.3,-0.011828,0.188,1.69646,0.666667,1.0,0.188465,0.20518399999999998,0.6109,0.3
1769796218.889558,0.2801886666666667,-0.018945199999999985,1.6893905852129008,0.3,-0.011828,0.188,1.69646,0.666667,1.0,0.188465,0.20697179999999998,0.6109,0.3
1769796218.909345,0.281801,-0.020654716666666656,1.6966074013139694,0.3,-0.011828,0.188,1.69646,0.666667,1.0,0.188465,0.2086798,0.6109,0.3
1769796218.9296,0.283308,-0.022288283333333315,1.6932839299644626,0.3,-0.011828,0.188,1.69646,0.666667,1.0,0.188465,0.21031255,0.6109,0.3
1769796218.949863,0.284714,-0.02384811666666664,1.6966818891941366,0.3,-0.011828,0.188,1.69646,0.666667,1.0,0.188465,0.21187249999999996,0.6109,0.3
1769796218.970276,0.28602333333333335,-0.02533736666666664,1.7016053704908902,0.3,-0.011828,0.188,1.69646,0.666667,1.0,0.188465,0.21335929999999997,0.6109,0.3
1769796218.990766,0.28731466666666666,-0.026786599999999976,1.689476309022213,0.3,-0.011828,0.188,1.69646,0.666667,1.0,0.188465,0.21478029999999998,0.6109,0.3
1769796219.010881,0.2886206666666667,0.0027476833333333617,1.6882632256207029,0.3,-0.011828,0.188,1.69646,0.666667,1.0,0.188465,0.21622019999999997,0.6109,0.3
1769796219.030935,0.2899343333333333,0.03218618333333336,1.7476672527252737,0.3,-0.026569,0.281072,1.759292,0.666667,1.0,0.282697,0.21782844999999995,0.6109,0.3
1769796219.051159,0.291178,0.06155375000000002,1.7427644723858697,0.3,-0.026569,0.281072,1.759292,0.666667,1.0,0.282697,0.21953679999999998,0.6109,0.3
1769796219.071442,0.2923166666666666,0.059906533333333345,1.762278205220815,0.3,-0.026569,0.281072,1.759292,0.666667,1.0,0.282697,0.22118949999999998,0.6109,0.3
1769796219.091796,0.29331833333333335,0.05833760000000001,1.7570007091663071,0.3,-0.026569,0.281072,1.759292,0.666667,1.0,0.282697,0.22277009999999997,0.6109,0.3
1769796219.112087,0.2940873333333333,0.05690061666666668,1.7699474085568823,0.3,-0.026569,0.281072,1.759292,0.666667,1.0,0.282697,0.2242436,0.6109,0.3
1769796219.132411,0.29459133333333337,0.05564470000000002,1.7589233735176264,0.3,-0.026569,0.281072,1.759292,0.666667,1.0,0.282697,0.22550044999999996,0.6109,0.3
1769796219.15283,0.294858,0.054571600000000026,1.7709097077494087,0.3,-0.026569,0.281072,1.759292,0.666667,1.0,0.282697,0.22653784999999996,0.6109,0.3
1769796219.172689,0.29498,0.05363523333333336,1.7551850907771476,0.3,-0.026569,0.281072,1.759292,0.666667,1.0,0.282697,0.22746289999999997,0.6109,0.3
1769796219.192864,0.29498766666666665,0.05278893333333335,1.7642322892807842,0.3,-0.026569,0.281072,1.759292,0.666667,1.0,0.282697,0.22830954999999997,0.6109,0.3
1769796219.213456,0.2948793333333333,0.05202301666666669,1.7682235529719383,0.3,-0.026569,0.281072,1.759292,0.666667,1.0,0.282697,0.22907674999999997,0.6109,0.3
1769796219.233754,0.2946566666666667,0.05133841666666669,1.75577065953974,0.3,-0.026569,0.281072,1.759292,0.666667,1.0,0.282697,0.22976064999999996,0.6109,0.3
1769796219.254002,0.29433366666666666,0.05073093333333336,1.768801532875654,0.3,-0.026569,0.281072,1.759292,0.666667,1.0,0.282697,0.23036334999999997,0.6109,0.3
1769796219.274411,0.29391933333333337,0.05019356666666669,1.7619552058361734,0.3,-0.026569,0.281072,1.759292,0.666667,1.0,0.282697,0.23089919999999997,0.6109,0.3
1769796219.294896,0.29340066666666664,0.04972526666666669,1.7632600174939546,0.3,-0.026569,0.281072,1.759292,0.666667,1.0,0.282697,0.23137274999999996,0.6109,0.3
1769796219.314995,0.29276466666666673,0.04933070000000003,1.7653976187980882,0.3,-0.026569,0.281072,1.759292,0.666667,1.0,0.282697,0.23176824999999995,0.6109,0.3
1769796219.335272,0.2920016666666667,0.0490151166666667,1.755535213068602,0.3,-0.026569,0.281072,1.759292,0.666667,1.0,0.282697,0.23208289999999995,0.6109,0.3
1769796219.355601,0.2911173333333334,0.04878061666666669,1.7510543165533883,0.3,-0.026569,0.281072,1.759292,0.666667,1.0,0.282697,0.23231949999999996,0.6109,0.3
1769796219.375758,0.29010033333333335,0.048629066666666686,1.7587362679900453,0.3,-0.026569,0.281072,1.759292,0.666667,1.0,0.282697,0.23247174999999998,0.6109,0.3
1769796219.39584,0.2889386666666666,0.07917245000000002,1.7592145142271522,0.3,-0.026569,0.281072,1.759292,0.666667,1.0,0.282697,0.23253754999999998,0.6109,0.3
1769796219.415989,0.2876316666666667,0.10971128333333337,1.8298075889856436,0.3,-0.047125,0.373035,1.822124,0.666667,1.0,0.376929,0.23265234999999995,0.6109,0.3
1769796219.436664,0.286187,0.14024556666666674,1.825215382767986,0.3,-0.047125,0.373035,1.822124,0.666667,1.0,0.376929,0.23281824999999995,0.6109,0.3
1769796219.456789,0.28461566666666666,0.14016705000000004,1.8248016714763255,0.3,-0.047125,0.373035,1.822124,0.666667,1.0,0.376929,0.23289769999999996,0.6109,0.3
1769796219.476759,0.2829253333333333,0.14017521666666669,1.8266450283502706,0.3,-0.047125,0.373035,1.822124,0.666667,1.0,0.376929,0.23288789999999998,0.6109,0.3
1769796219.497133,0.281133,0.14026540000000007,1.8249020461147871,0.3,-0.047125,0.373035,1.822124,0.666667,1.0,0.376929,0.23279374999999997,0.6109,0.3
1769796219.517565,0.279247,0.14043223333333335,1.8184576991979031,0.3,-0.047125,0.373035,1.822124,0.666667,1.0,0.376929,0.23262714999999995,0.6109,0.3
1769796219.538003,0.2772693333333333,0.1406737333333334,1.8093450776957987,0.3,-0.047125,0.373035,1.822124,0.666667,1.0,0.376929,0.23238739999999997,0.6109,0.3
1769796219.558439,0.275195,0.14098955000000005,1.8242742354959154,0.3,-0.047125,0.373035,1.822124,0.666667,1.0,0.376929,0.23206924999999995,0.6109,0.3
1769796219.578374,0.2730303333333333,0.14137665000000002,1.8202404795835627,0.3,-0.047125,0.373035,1.822124,0.666667,1.0,0.376929,0.23167969999999996,0.6109,0.3
1769796219.598756,0.2707583333333334,0.1418401666666667,1.8130714855393495,0.3,-0.047125,0.373035,1.822124,0.666667,1.0,0.376929,0.2312261,0.6109,0.3
1769796219.61868,0.2683903333333333,0.14238500000000004,1.8465245963506862,0.3,-0.047125,0.373035,1.822124,0.666667,1.0,0.376929,0.23067869999999996,0.6109,0.3
1769796219.638783,0.265935,0.14300485000000004,1.826916049386109,0.3,-0.047125,0.373035,1.822124,0.666667,1.0,0.376929,0.23004519999999995,0.6109,0.3
1769796219.659131,0.2634193333333333,0.14368455000000005,1.8228641823623193,0.3,-0.047125,0.373035,1.822124,0.666667,1.0,0.376929,0.22936654999999997,0.6109,0.3
1769796219.679359,0.2608316666666667,0.14441500000000004,1.8213886767530314,0.3,-0.047125,0.373035,1.822124,0.666667,1.0,0.376929,0.22863959999999997,0.6109,0.3
1769796219.699697,0.25815699999999997,0.14520460000000002,1.8263117190579454,0.3,-0.047125,0.373035,1.822124,0.666667,1.0,0.376929,0.22785384999999997,0.6109,0.3
1769796219.719934,0.2553876666666666,0.14606221666666672,1.8087680344907604,0.3,-0.047125,0.373035,1.822124,0.666667,1.0,0.376929,0.22699774999999997,0.6109,0.3
1769796219.740373,0.25252033333333335,0.14699310000000002,1.8217604943931625,0.3,-0.047125,0.373035,1.822124,0.666667,1.0,0.376929,0.22606674999999998,0.6109,0.3
1769796219.760446,0.24955633333333335,0.17812430000000004,1.817590868865618,0.3,-0.047125,0.373035,1.822124,0.666667,1.0,0.376929,0.22506119999999996,0.6109,0.3
1769796219.780774,0.24649766666666664,0.20924675000000006,1.8851782487533228,0.3,-0.073415,0.463525,1.884956,0.666667,1.0,0.471161,0.22409414999999994,0.6109,0.3
1769796219.800836,0.24335033333333334,0.24035053333333342,1.88099285916229,0.3,-0.073415,0.463525,1.884956,0.666667,1.0,0.471161,0.22318939999999998,0.6109,0.3
1769796219.82091,0.24013166666666666,0.24130055000000006,1.8924350446575924,0.3,-0.073415,0.463525,1.884956,0.666667,1.0,0.471161,0.22223984999999996,0.6109,0.3
1769796219.841392,0.23687066666666667,0.24228533333333338,1.8922979935434867,0.3,-0.073415,0.463525,1.884956,0.666667,1.0,0.471161,0.22124409999999994,0.6109,0.3
1769796219.861731,0.23359566666666667,0.24328761666666673,1.8863340446327932,0.3,-0.073415,0.463525,1.884956,0.666667,1.0,0.471161,0.22023505,0.6109,0.3
1769796219.88178,0.230291,0.24430250000000006,1.8762279348428061,0.3,-0.073415,0.463525,1.884956,0.666667,1.0,0.471161,0.21923299999999996,0.6109,0.3
1769796219.901698,0.22687466666666667,0.24537373333333337,1.8734457256502473,0.3,-0.073415,0.463525,1.884956,0.666667,1.0,0.471161,0.21819944999999996,0.6109,0.3
1769796219.921969,0.2232586666666667,0.24657108333333336,1.8806459713112749,0.3,-0.073415,0.463525,1.884956,0.666667,1.0,0.471161,0.21702134999999997,0.6109,0.3
1769796219.942542,0.21939666666666668,0.24794133333333337,1.885890407981266,0.3,-0.073415,0.463525,1.884956,0.666667,1.0,0.471161,0.21564094999999997,0.6109,0.3
1769796219.962855,0.21533900000000003,0.24947596666666672,1.8706526559519976,0.3,-0.073415,0.463525,1.884956,0.666667,1.0,0.471161,0.21408869999999997,0.6109,0.3
1769796219.983109,0.21257199999999998,0.2508359500000001,1.8931503246429258,0.3,-0.073415,0.463525,1.884956,0.666667,1.0,0.471161,0.21241744999999995,0.6109,0.3
1769796219.983109,0.20974,0.2519774166666667,1.885055757804614,0.3,-0.073415,0.463525,1.884956,0.666667,1.0,0.471161,0.211561,0.6109,0.3
1769796220.003502,0.20684533333333333,0.25317301666666675,1.8815099677645177,0.3,-0.073415,0.463525,1.884956,0.666667,1.0,0.471161,0.21066429999999997,0.6109,0.3
1769796220.023811,0.202457,0.25472083333333334,1.8898691223357336,0.3,-0.073415,0.463525,1.884956,0.666667,1.0,0.471161,0.20883064999999995,0.6109,0.3
1769796220.044351,0.19797733333333334,0.2566338166666667,1.8869691285998262,0.3,-0.073415,0.463525,1.884956,0.666667,1.0,0.471161,0.20691754999999998,0.6109,0.3
1769796220.064657,0.19340733333333335,0.25862578333333336,1.8879563434650408,0.3,-0.073415,0.463525,1.884956,0.666667,1.0,0.471161,0.20492534999999995,0.6109,0.3
1769796220.085162,0.18874933333333332,0.2606960333333334,1.8908034821399395,0.3,-0.073415,0.463525,1.884956,0.666667,1.0,0.471161,0.20285474999999997,0.6109,0.3
1769796220.105501,0.18400433333333333,0.2628438666666667,1.880277739319684,0.3,-0.073415,0.463525,1.884956,0.666667,1.0,0.471161,0.20070679999999996,0.6109,0.3
1769796220.125757,0.17917466666666668,0.2650684666666667,1.8933808036767747,0.3,-0.073415,0.463525,1.884956,0.666667,1.0,0.471161,0.19848184999999996,0.6109,0.3
1769796220.145702,0.174268,0.29687915000000004,1.894942910164552,0.3,-0.073415,0.463525,1.884956,0.666667,1.0,0.471161,0.19618094999999997,0.6109,0.3
1769796220.165944,0.1693083333333333,0.3286695333333333,1.9474026503318382,0.3,-0.105335,0.552187,1.947787,0.666667,1.0,0.565394,0.19393675,0.6109,0.3
1769796220.186368,0.16431300000000001,0.36042864999999996,1.9445756873471196,0.3,-0.105335,0.552187,1.947787,0.666667,1.0,0.565394,0.1917727,0.6109,0.3
1769796220.206625,0.15928333333333333,0.36264146666666663,1.950040792140952,0.3,-0.105335,0.552187,1.947787,0.666667,1.0,0.565394,0.18956559999999997,0.6109,0.3
1769796220.227502,0.15420766666666666,0.36490865,1.9547617520166825,0.3,-0.105335,0.552187,1.947787,0.666667,1.0,0.565394,0.18729829999999997,0.6109,0.3
1769796220.247133,0.14908633333333335,0.36723253333333333,1.9477004235325976,0.3,-0.105335,0.552187,1.947787,0.666667,1.0,0.565394,0.18497114999999997,0.6109,0.3
1769796220.267562,0.143937,0.36960529999999997,1.9503513204347849,0.3,-0.105335,0.552187,1.947787,0.666667,1.0,0.565394,0.18259394999999998,0.6109,0.3
1769796220.287965,0.13876,0.37202088333333333,1.946175184267671,0.3,-0.105335,0.552187,1.947787,0.666667,1.0,0.565394,0.18017999999999995,0.6109,0.3
1769796220.307813,0.13357433333333332,0.37446855,1.9585854923622568,0.3,-0.105335,0.552187,1.947787,0.666667,1.0,0.565394,0.17772439999999995,0.6109,0.3
1769796220.328069,0.12841533333333333,0.3769183166666667,1.9268440335132717,0.3,-0.105335,0.552187,1.947787,0.666667,1.0,0.565394,0.17525094999999996,0.6109,0.3
1769796220.348617,0.12330800000000001,0.3793410166666667,1.9471975910548316,0.3,-0.105335,0.552187,1.947787,0.666667,1.0,0.565394,0.17283069999999998,0.6109,0.3
1769796220.368641,0.118244,0.38173361666666666,1.9506471373073258,0.3,-0.105335,0.552187,1.947787,0.666667,1.0,0.565394,0.17045629999999998,0.6109,0.3
1769796220.388992,0.11319900000000001,0.38411816666666665,1.9613325752195718,0.3,-0.105335,0.552187,1.947787,0.666667,1.0,0.565394,0.16807314999999998,0.6109,0.3
1769796220.409026,0.10816333333333333,0.38651485,1.9557405319325978,0.3,-0.105335,0.552187,1.947787,0.666667,1.0,0.565394,0.16567705,0.6109,0.3
1769796220.429458,0.103119,0.38893428333333335,1.950960644808285,0.3,-0.105335,0.552187,1.947787,0.666667,1.0,0.565394,0.16326624999999997,0.6109,0.3
1769796220.449841,0.098011,0.39140493333333337,1.9571112305960812,0.3,-0.105335,0.552187,1.947787,0.666667,1.0,0.565394,0.16081484999999995,0.6109,0.3
1769796220.470092,0.09274633333333333,0.39399131666666665,1.9428800156035138,0.3,-0.105335,0.552187,1.947787,0.666667,1.0,0.565394,0.1582651,0.6109,0.3
1769796220.49033,0.08729033333333334,0.39675235000000003,1.9558190767217518,0.3,-0.105335,0.552187,1.947787,0.666667,1.0,0.565394,0.15550709999999998,0.6109,0.3
1769796220.510653,0.08167766666666666,0.3996901333333333,1.9576085091764872,0.3,-0.105335,0.552187,1.947787,0.666667,1.0,0.565394,0.15253174999999997,0.6109,0.3
1769796220.531075,0.07600666666666667,0.4027482,1.9557983413455395,0.3,-0.105335,0.552187,1.947787,0.666667,1.0,0.565394,0.14945175,0.6109,0.3
1769796220.550988,0.07032233333333333,0.4058648333333333,1.9611972611701087,0.3,-0.105335,0.552187,1.947787,0.666667,1.0,0.565394,0.1463329,0.6109,0.3
1769796220.571324,0.064599,0.4090255666666667,1.967448942485868,0.3,-0.105335,0.552187,1.947787,0.666667,1.0,0.565394,0.14318184999999997,0.6109,0.3
1769796220.59191,0.058789,0.44104396666666673,1.9427120613932642,0.3,-0.105335,0.552187,1.947787,0.666667,1.0,0.565394,0.13996955,0.6109,0.3
1769796220.611727,0.05288233333333334,0.47307286666666676,2.009635698300406,0.3,-0.142759,0.638669,2.010619,0.666667,1.0,0.659626,0.13675969999999998,0.6109,0.3
1769796220.632141,0.04692833333333333,0.5050937166666668,2.00647537244376,0.3,-0.142759,0.638669,2.010619,0.666667,1.0,0.659626,0.13357714999999998,0.6072749297021959,0.3
1769796220.652181,0.04095966666666667,0.5082845500000001,2.0145493265066103,0.3,-0.142759,0.638669,2.010619,0.666667,1.0,0.659626,0.13038899999999998,0.6010351229205435,0.3
1769796220.67263,0.034999666666666665,0.5114888000000001,2.0078251454096985,0.3,-0.142759,0.638669,2.010619,0.666667,1.0,0.659626,0.12718719999999997,0.5898611460292045,0.3
1769796220.693095,0.02904733333333333,0.5146984166666667,2.0148705660678194,0.3,-0.142759,0.638669,2.010619,0.666667,1.0,0.659626,0.12396439999999997,0.5792570748087482,0.3
1769796220.713266,0.023123333333333333,0.51790115,2.010771803829348,0.3,-0.142759,0.638669,2.010619,0.666667,1.0,0.659626,0.12076014999999998,0.5670953695530597,0.3
1769796220.733829,0.017232333333333332,0.5210854500000001,2.0135379769438293,0.3,-0.142759,0.638669,2.010619,0.666667,1.0,0.659626,0.11757899999999996,0.5574839779722282,0.3
1769796220.753744,0.011375333333333335,0.52425365,2.005668615552809,0.3,-0.142759,0.638669,2.010619,0.666667,1.0,0.659626,0.11441149999999997,0.544822611010563,0.3
1769796220.773849,0.005547666666666667,0.5274103,2.020207805599339,0.3,-0.142759,0.638669,2.010619,0.666667,1.0,0.659626,0.11125554999999998,0.5331173672527528,0.3
1769796220.794198,-0.0002470000000000001,0.5305551666666667,2.0174797894906904,0.3,-0.142759,0.638669,2.010619,0.666667,1.0,0.659626,0.10810904999999998,0.5225675159809261,0.3
1769796220.814941,-0.006014000000000001,0.5336863833333334,2.0029255231837695,0.3,-0.142759,0.638669,2.010619,0.666667,1.0,0.659626,0.10497689999999998,0.5125630019868647,0.3
1769796220.834841,-0.011752666666666668,0.5368032500000001,2.0144793395637075,0.3,-0.142759,0.638669,2.010619,0.666667,1.0,0.659626,0.10186189999999998,0.5040765383739305,0.3
1769796220.854842,-0.01747433333333333,0.5399072833333335,2.002944371168295,0.3,-0.142759,0.638669,2.010619,0.666667,1.0,0.659626,0.09875844999999998,0.4917648792762279,0.3
1769796220.874974,-0.023172666666666664,0.5429983666666668,2.011610777769985,0.3,-0.142759,0.638669,2.010619,0.666667,1.0,0.659626,0.09566479999999998,0.4830646299458321,0.3
1769796220.89581,-0.028849666666666666,0.5460738166666667,2.0017680855460824,0.3,-0.142759,0.638669,2.010619,0.666667,1.0,0.659626,0.09258864999999998,0.46954214054982296,0.3
1769796220.915781,-0.034547,0.5491457666666668,2.01949485754435,0.3,-0.142759,0.638669,2.010619,0.666667,1.0,0.659626,0.08953209999999998,0.45900732778742376,0.3
1769796220.936002,-0.04032466666666667,0.5522431500000001,2.0103087043443804,0.3,-0.142759,0.638669,2.010619,0.666667,1.0,0.659626,0.08644894999999998,0.4470173590348469,0.3
1769796220.956184,-0.04618133333333333,0.5553817166666667,2.0086628480615434,0.3,-0.142759,0.638669,2.010619,0.666667,1.0,0.659626,0.08329649999999998,0.43674977703023027,0.3
1769796220.976621,-0.05207166666666666,0.5585453666666668,2.01519044957205,0.3,-0.142759,0.638669,2.010619,0.666667,1.0,0.659626,0.08011639999999998,0.42605560291861727,0.3
1769796220.996861,-0.05794266666666666,0.56170295,2.0080370990140586,0.3,-0.142759,0.638669,2.010619,0.666667,1.0,0.659626,0.07695799999999997,0.41479639846089805,0.3
1769796221.01695,-0.06379,0.5648360333333334,2.0099088248078583,0.3,-0.142759,0.638669,2.010619,0.666667,1.0,0.659626,0.07382375,0.4060004179006749,0.3
1769796221.037328,-0.06961233333333333,0.5679417000000001,2.002171582933389,0.3,-0.142759,0.638669,2.010619,0.666667,1.0,0.659626,0.07071714999999998,0.39424925644438513,0.3
1769796221.057478,-0.07540766666666666,0.5710184333333334,2.0133250677517975,0.3,-0.142759,0.638669,2.010619,0.666667,1.0,0.659626,0.06764099999999998,0.38278232479292856,0.3
1769796221.077661,-0.08117566666666666,0.6020421333333333,2.014099014716597,0.3,-0.142759,0.638669,2.010619,0.666667,1.0,0.659626,0.06459354999999997,0.36904515810589283,0.3
1769796221.097989,-0.086916,0.6329918666666666,2.0836628830556037,0.3,-0.18554,0.722631,2.073451,0.666667,1.0,0.753858,0.061608049999999984,0.35819576302634965,0.3
1769796221.118354,-0.09260800000000001,0.6638392833333334,2.079043038229056,0.3,-0.18554,0.722631,2.073451,0.666667,1.0,0.753858,0.05875379999999998,0.3483143851372079,0.3
1769796221.138864,-0.09821099999999999,0.6665916833333334,2.0761575320514476,0.3,-0.18554,0.722631,2.073451,0.666667,1.0,0.753858,0.05601329999999998,0.3403401384576505,0.3
1769796221.159019,-0.10373,0.6692618333333334,2.0737079631329483,0.3,-0.18554,0.722631,2.073451,0.666667,1.0,0.753858,0.05335084999999998,0.33262548947933185,0.3
1769796221.179238,-0.10919133333333335,0.6718829833333334,2.0692577820989677,0.3,-0.18554,0.722631,2.073451,0.666667,1.0,0.753858,0.05074334999999998,0.32536179319952413,0.3
1769796221.199744,-0.11463666666666666,0.6744749666666667,2.0646955597302936,0.3,-0.18554,0.722631,2.073451,0.666667,1.0,0.753858,0.04814984999999998,0.3168631402712309,0.3
1769796221.219838,-0.12006566666666667,0.6770492166666667,2.0702682307027076,0.3,-0.18554,0.722631,2.073451,0.666667,1.0,0.753858,0.04557489999999999,0.30768882142234943,0.3
1769796221.240136,-0.125476,0.6796037500000001,2.0702444451922566,0.3,-0.18554,0.722631,2.073451,0.666667,1.0,0.753858,0.04302059999999998,0.29687978068560456,0.3
1769796221.260671,-0.1308713333333333,0.6821375166666668,2.075904604150763,0.3,-0.18554,0.722631,2.073451,0.666667,1.0,0.753858,0.04048624999999998,0.28793012341581375,0.3
1769796221.280833,-0.136256,0.6846513333333334,2.070757074321452,0.3,-0.18554,0.722631,2.073451,0.666667,1.0,0.753858,0.03797359999999998,0.27974978013024815,0.3
1769796221.30126,-0.14167,0.6871559333333334,2.0665363549056504,0.3,-0.18554,0.722631,2.073451,0.666667,1.0,0.753858,0.03547914999999999,0.2703562114129279,0.3
1769796221.321585,-0.14713366666666663,0.68966625,2.0796694164546845,0.3,-0.18554,0.722631,2.073451,0.666667,1.0,0.753858,0.032972449999999986,0.2602310589147607,0.3
1769796221.341767,-0.152641,0.69218485,2.0787913393104556,0.3,-0.18554,0.722631,2.073451,0.666667,1.0,0.753858,0.030442649999999984,0.25063390385445844,0.3
1769796221.361946,-0.1581503333333333,0.6946984333333334,2.071228685267464,0.3,-0.18554,0.722631,2.073451,0.666667,1.0,0.753858,0.027923349999999986,0.24149099348844458,0.3
1769796221.382026,-0.16363833333333333,0.6971892666666667,2.0817416286507675,0.3,-0.18554,0.722631,2.073451,0.666667,1.0,0.753858,0.025431699999999988,0.2326319586625016,0.3
1769796221.40248,-0.16910266666666665,0.6996498833333332,2.0796380482661134,0.3,-0.18554,0.722631,2.073451,0.666667,1.0,0.753858,0.022970149999999988,0.22403700138260466,0.3
1769796221.42284,-0.172737,0.7016819833333333,2.0711254789468456,0.3,-0.18554,0.722631,2.073451,0.666667,1.0,0.753858,0.020541499999999983,0.21718741586482793,0.3
1769796221.42284,-0.17635333333333333,0.7032897666666668,2.0801650417574282,0.3,-0.18554,0.722631,2.073451,0.666667,1.0,0.753858,0.0193354,0.21130613483765595,0.3
1769796221.443272,-0.17995433333333333,0.7048762000000001,2.081162284429145,0.3,-0.18554,0.722631,2.073451,0.666667,1.0,0.753858,0.018146799999999984,0.2050011362995646,0.3
1769796221.463736,-0.18532933333333332,0.7068382999999999,2.075640370175394,0.3,-0.18554,0.722631,2.073451,0.666667,1.0,0.753858,0.015782199999999986,0.19739978236763858,0.3
1769796221.483782,-0.1906393333333333,0.73619945,2.084569065348984,0.3,-0.18554,0.722631,2.073451,0.666667,1.0,0.753858,0.013449099999999985,0.18970504364014493,0.3
1769796221.503939,-0.19593800000000003,0.7654909500000001,2.1413415667941074,0.3,-0.233508,0.80374,2.136283,0.666667,1.0,0.84809,0.011172349999999985,0.18283409473649329,0.3
1769796221.524339,-0.20123633333333332,0.7946880666666667,2.132339563597304,0.3,-0.233508,0.80374,2.136283,0.666667,1.0,0.84809,0.009016699999999985,0.17580035066758984,0.3
1769796221.5447,-0.20653699999999997,0.7967545833333333,2.144227079762405,0.3,-0.233508,0.80374,2.136283,0.666667,1.0,0.84809,0.006966749999999985,0.17018944744637907,0.3
1769796221.565312,-0.21174766666666667,0.7987425833333334,2.131610136121372,0.3,-0.233508,0.80374,2.136283,0.666667,1.0,0.84809,0.0049727999999999856,0.16274056261984723,0.3
1769796221.584963,-0.2168763333333333,0.8006705000000002,2.1352848725564946,0.3,-0.233508,0.80374,2.136283,0.666667,1.0,0.84809,0.0030526999999999855,0.15548752755001727,0.3
1769796221.605049,-0.22194899999999998,0.8025490666666667,2.147259040181385,0.3,-0.233508,0.80374,2.136283,0.666667,1.0,0.84809,0.001182999999999986,0.14556763856680996,0.3
1769796221.625278,-0.22700166666666666,0.8043939166666667,2.151679570020616,0.3,-0.233508,0.80374,2.136283,0.666667,1.0,0.84809,-0.0006629000000000139,0.14016589605883353,0.3
1769796221.645737,-0.23202966666666666,0.8062122833333333,2.128953477604353,0.3,-0.233508,0.80374,2.136283,0.666667,1.0,0.84809,-0.0024818500000000137,0.13631094768418608,0.3
1769796221.666457,-0.23703233333333332,0.8080023000000001,2.1322030304292694,0.3,-0.233508,0.80374,2.136283,0.666667,1.0,0.84809,-0.004272100000000013,0.13236291735136127,0.3
1769796221.686447,-0.24200999999999998,0.8097635000000002,2.1377774020175653,0.3,-0.233508,0.80374,2.136283,0.666667,1.0,0.84809,-0.0060329500000000135,0.12228452919446657,0.3
1769796221.706746,-0.24698266666666666,0.8114997333333335,2.1524386065457213,0.3,-0.233508,0.80374,2.136283,0.666667,1.0,0.84809,-0.007765450000000013,0.11434167945221985,0.3
1769796221.726945,-0.251956,0.8132160166666668,2.1433992288827497,0.3,-0.233508,0.80374,2.136283,0.666667,1.0,0.84809,-0.009480800000000013,0.10910730119228303,0.3
1769796221.747075,-0.25692866666666664,0.8149127000000002,2.133141721577186,0.3,-0.233508,0.80374,2.136283,0.666667,1.0,0.84809,-0.011181800000000013,0.1031901235562273,0.3
1769796221.767642,-0.26188300000000003,0.8165843,2.152311322362056,0.3,-0.233508,0.80374,2.136283,0.666667,1.0,0.84809,-0.012855500000000013,0.1003394305179937,0.3
1769796221.787696,-0.266812,0.8182239333333333,2.1253997871121513,0.3,-0.233508,0.80374,2.136283,0.666667,1.0,0.84809,-0.014495600000000015,0.0926685635418239,0.3
1769796221.80768,-0.271716,0.8198288000000001,2.144734623434205,0.3,-0.233508,0.80374,2.136283,0.666667,1.0,0.84809,-0.016100700000000016,0.08919261405742357,0.3
1769796221.827861,-0.27659100000000003,0.8213979666666668,2.1394648192684578,0.3,-0.233508,0.80374,2.136283,0.666667,1.0,0.84809,-0.017670100000000015,0.08272499551525074,0.3
1769796221.848047,-0.281436,0.8488811333333333,2.1312529983651882,0.3,-0.233508,0.80374,2.136283,0.666667,1.0,0.84809,-0.019203100000000015,0.07773279164495467,0.3
1769796221.868562,-0.286248,0.8762569666666667,2.205939346655981,0.3,-0.286475,0.881678,2.199115,0.666667,1.0,0.942323,-0.020612200000000015,0.07309204681093479,0.3
1769796221.888872,-0.2910276666666667,0.9035132166666666,2.200814788272577,0.3,-0.286475,0.881678,2.199115,0.666667,1.0,0.942323,-0.021859600000000014,0.06732252225298184,0.3
1769796221.908969,-0.295775,0.9047012333333333,2.2018868957129056,0.3,-0.286475,0.881678,2.199115,0.666667,1.0,0.942323,-0.023033850000000015,0.06611858368576973,0.3
1769796221.929487,-0.30049033333333336,0.9058446833333332,2.188214628059254,0.3,-0.286475,0.881678,2.199115,0.666667,1.0,0.942323,-0.024176250000000014,0.05951752671662489,0.3
1769796221.949775,-0.30518,0.9069607166666667,2.216408680087446,0.3,-0.286475,0.881678,2.199115,0.666667,1.0,0.942323,-0.025289950000000012,0.0568719834281648,0.3
1769796221.970001,-0.30984866666666666,0.9080544666666667,2.194323455443666,0.3,-0.286475,0.881678,2.199115,0.666667,1.0,0.942323,-0.026381950000000015,0.05061835176117795,0.3
1769796221.990536,-0.31450266666666665,0.9091294333333333,2.202767668061175,0.3,-0.286475,0.881678,2.199115,0.666667,1.0,0.942323,-0.027457500000000013,0.050502210472752475,0.3
1769796222.01081,-0.31915066666666664,0.9101880666666666,2.1945312278179987,0.3,-0.286475,0.881678,2.199115,0.666667,1.0,0.942323,-0.028514850000000015,0.047203106009312795,0.3
1769796222.031183,-0.3237933333333333,0.9112307166666667,2.191886782224304,0.3,-0.286475,0.881678,2.199115,0.666667,1.0,0.942323,-0.02955785000000001,0.0445224582401628,0.3
1769796222.051398,-0.328431,0.91225645,2.196955904676075,0.3,-0.286475,0.881678,2.199115,0.666667,1.0,0.942323,-0.030585450000000014,0.03936031253553058,0.3
1769796222.071932,-0.333058,0.9132645666666667,2.203963702045792,0.3,-0.286475,0.881678,2.199115,0.666667,1.0,0.942323,-0.03159205000000001,0.03341068654040043,0.3
1769796222.091826,-0.337671,0.9142526166666666,2.206414088195085,0.3,-0.286475,0.881678,2.199115,0.666667,1.0,0.942323,-0.03258220000000001,0.029714178799210313,0.3
1769796222.112177,-0.34226566666666663,0.9152172166666666,2.1983859011232156,0.3,-0.286475,0.881678,2.199115,0.666667,1.0,0.942323,-0.03354960000000001,0.028544816666309734,0.3
1769796222.132553,-0.346835,0.9161545166666666,2.1907232748431955,0.3,-0.286475,0.881678,2.199115,0.666667,1.0,0.942323,-0.03448585000000001,0.025635181895584672,0.3
1769796222.15297,-0.3513773333333334,0.9418787166666666,2.2041885968194355,0.3,-0.286475,0.881678,2.199115,0.666667,1.0,0.942323,-0.03539410000000001,0.02350207438957066,0.3
1769796222.173192,-0.3558923333333333,0.9675270833333333,2.2550143461593,0.3,-0.34423,0.956136,2.261947,0.666667,1.0,1.036555,-0.03626420000000001,0.0179923816041426,0.3
1769796222.193679,-0.3603823333333333,0.9930598333333333,2.269203731555764,0.3,-0.34423,0.956136,2.261947,0.666667,1.0,1.036555,-0.03697295000000002,0.015692645522321125,0.3
1769796222.213737,-0.3648363333333333,0.9936639333333334,2.2658372633103645,0.3,-0.34423,0.956136,2.261947,0.666667,1.0,1.036555,-0.037534350000000015,0.013016761831575194,0.3
1769796222.234318,-0.36925199999999997,0.9942076000000001,2.2583835483037755,0.3,-0.34423,0.956136,2.261947,0.666667,1.0,1.036555,-0.03807650000000001,0.011682414162820324,0.3
1769796222.254265,-0.3736346666666666,0.99473645,2.2657928175682933,0.3,-0.34423,0.956136,2.261947,0.666667,1.0,1.036555,-0.03860395000000001,0.012289900482757096,0.3
1769796222.274523,-0.37800233333333333,0.9952534000000001,2.251086495390744,0.3,-0.34423,0.956136,2.261947,0.666667,1.0,1.036555,-0.039120900000000014,0.009762726484385476,0.3
1769796222.294896,-0.3823653333333334,0.9957593833333332,2.262690642294005,0.3,-0.34423,0.956136,2.261947,0.666667,1.0,1.036555,-0.03962735000000002,0.010395799255192692,0.3
1769796222.315231,-0.38671966666666674,0.9962537,2.25136873094345,0.3,-0.34423,0.956136,2.261947,0.666667,1.0,1.036555,-0.040121900000000016,0.007466360471766048,0.3
1769796222.335839,-0.391063,0.9967353,2.258282478091304,0.3,-0.34423,0.956136,2.261947,0.666667,1.0,1.036555,-0.04060385000000001,0.008011064189502601,0.3
1769796222.35582,-0.39538999999999996,0.9972031333333332,2.249308819987586,0.3,-0.34423,0.956136,2.261947,0.666667,1.0,1.036555,-0.041072150000000016,0.003067041259219777,0.3
1769796222.375951,-0.399693,0.9976550999999999,2.271208368525147,0.3,-0.34423,0.956136,2.261947,0.666667,1.0,1.036555,-0.04152540000000002,-0.00018468918877034834,0.3
1769796222.396576,-0.40396933333333335,0.9980889833333334,2.2683015607792445,0.3,-0.34423,0.956136,2.261947,0.666667,1.0,1.036555,-0.04195975000000002,-0.0028398398998310814,0.3
1769796222.41676,-0.40821966666666665,0.9985039666666666,2.2561281742539503,0.3,-0.34423,0.956136,2.261947,0.666667,1.0,1.036555,-0.04237380000000002,-0.005320997957413624,0.3
1769796222.436789,-0.41245099999999996,0.9989008666666667,2.2773806668706422,0.3,-0.34423,0.956136,2.261947,0.666667,1.0,1.036555,-0.04277035000000001,-0.007002087657569868,0.3
1769796222.457217,-0.416664,0.99928085,2.270053198980182,0.3,-0.34423,0.956136,2.261947,0.666667,1.0,1.036555,-0.043150450000000014,-0.009505867176921784,0.3
1769796222.477548,-0.42085900000000004,1.02316475,2.263171201370062,0.3,-0.34423,0.956136,2.261947,0.666667,1.0,1.036555,-0.04351375000000002,-0.008115608359092816,0.3
1769796222.497738,-0.4250313333333333,1.04694645,2.325104213963668,0.3,-0.406547,1.026821,2.324779,0.666667,1.0,1.130787,-0.04373705000000001,-0.006379919245759748,0.3
1769796222.518134,-0.4291853333333333,1.0706242000000001,2.3178503643001833,0.3,-0.406547,1.026821,2.324779,0.666667,1.0,1.130787,-0.04381055000000002,-0.00777112258781502,0.3
1769796222.538596,-0.4333263333333333,1.0706813666666668,2.3319126714223932,0.3,-0.406547,1.026821,2.324779,0.666667,1.0,1.130787,-0.04386200000000001,-0.008554187480673723,0.3
1769796222.558684,-0.4374623333333334,1.0707283833333332,2.3286021033208204,0.3,-0.406547,1.026821,2.324779,0.666667,1.0,1.130787,-0.04390855000000001,-0.010333061541704222,0.3
1769796222.579335,-0.4415986666666667,1.0707730666666668,2.3275362586663664,0.3,-0.406547,1.026821,2.324779,0.666667,1.0,1.130787,-0.04395160000000001,-0.0076216686804346885,0.3
1769796222.59993,-0.4457356666666667,1.0708181,2.314705964254776,0.3,-0.406547,1.026821,2.324779,0.666667,1.0,1.130787,-0.04399605000000001,-0.007639455128294355,0.3
1769796222.620023,-0.4498743333333333,1.070864066666667,2.3277631220079784,0.3,-0.406547,1.026821,2.324779,0.666667,1.0,1.130787,-0.04404365000000001,-0.006437855473711877,0.3
1769796222.640344,-0.4540056666666667,1.0709113166666666,2.3193613607388714,0.3,-0.406547,1.026821,2.324779,0.666667,1.0,1.130787,-0.04408950000000002,-0.01016577077445092,0.3
1769796222.6607,-0.45812866666666663,1.0709595,2.33608120605921,0.3,-0.406547,1.026821,2.324779,0.666667,1.0,1.130787,-0.04413780000000002,-0.00942572804409129,0.3
1769796222.680645,-0.46224499999999996,1.0710073333333334,2.3223110156258207,0.3,-0.406547,1.026821,2.324779,0.666667,1.0,1.130787,-0.04418820000000001,-0.010094016876992897,0.3
1769796222.701271,-0.4663616666666666,1.0710510833333333,2.322366593736281,0.3,-0.406547,1.026821,2.324779,0.666667,1.0,1.130787,-0.04423300000000001,-0.007549913414280046,0.3
1769796222.721416,-0.4704786666666667,1.0710874833333333,2.319897835282933,0.3,-0.406547,1.026821,2.324779,0.666667,1.0,1.130787,-0.04426905000000002,-0.007183080562213682,0.3
1769796222.742019,-0.47459366666666664,1.07111595,2.3193456185134225,0.3,-0.406547,1.026821,2.324779,0.666667,1.0,1.130787,-0.044297400000000015,-0.006079443547046111,0.3
1769796222.761807,-0.4787056666666667,1.0711366,2.3151469716452757,0.3,-0.406547,1.026821,2.324779,0.666667,1.0,1.130787,-0.044318400000000015,-0.0072375710935610555,0.3
1769796222.781911,-0.48281599999999997,1.0933241666666669,2.326412950562023,0.3,-0.406547,1.026821,2.324779,0.666667,1.0,1.130787,-0.044331000000000016,-0.0068899529247050395,0.3
1769796222.802562,-0.4869253333333334,1.1154242333333333,2.3805760095002864,0.3,-0.473179,1.093453,2.38761,0.666667,1.0,1.22502,-0.04422810000000002,-0.00900852249507684,0.3
1769796222.822654,-0.4910383333333334,1.1374312,2.3930119890675066,0.3,-0.473179,1.093453,2.38761,0.666667,1.0,1.22502,-0.043986600000000015,-0.008462023579049635,0.3
1769796222.842794,-0.4951553333333334,1.1371740666666665,2.3902426570658597,0.3,-0.473179,1.093453,2.38761,0.666667,1.0,1.22502,-0.04371990000000001,-0.0103031053782002,0.3
1769796222.862672,-0.499282,1.1369126166666668,2.39702230029519,0.3,-0.473179,1.093453,2.38761,0.666667,1.0,1.22502,-0.043456700000000015,-0.008853955205854849,0.3
1769796222.88273,-0.5020350000000001,1.1366988833333334,2.3898075380334345,0.3,-0.473179,1.093453,2.38761,0.666667,1.0,1.22502,-0.04320225000000001,-0.007822721551671871,0.3
1769796222.88273,-0.5047976666666667,1.1365339166666668,2.388543655140762,0.3,-0.473179,1.093453,2.38761,0.666667,1.0,1.22502,-0.0430787,-0.0063336805298546866,0.3
1769796222.904922,-0.5075676666666668,1.1363772333333333,2.3915523541642867,0.3,-0.473179,1.093453,2.38761,0.666667,1.0,1.22502,-0.042961800000000015,-0.004395601743252912,0.3
1769796222.923891,-0.5117263333333334,1.1361877666666667,2.381469415313824,0.3,-0.473179,1.093453,2.38761,0.666667,1.0,1.22502,-0.04273220000000001,-0.0015883036220498876,0.3
1769796222.944128,-0.5158916666666666,1.1359655166666667,2.3756786664135436,0.3,-0.473179,1.093453,2.38761,0.666667,1.0,1.22502,-0.042510300000000015,-0.00011066811620957795,0.3
1769796222.964566,-0.5200606666666666,1.1357489833333334,2.387353791129245,0.3,-0.473179,1.093453,2.38761,0.666667,1.0,1.22502,-0.042295050000000015,0.0003915005272911905,0.3
1769796222.984733,-0.524232,1.1355360666666667,2.3830036034528193,0.3,-0.473179,1.093453,2.38761,0.666667,1.0,1.22502,-0.04208260000000001,-0.0017499472150112327,0.3
1769796223.00528,-0.5284043333333334,1.1353256,2.392998602867358,0.3,-0.473179,1.093453,2.38761,0.666667,1.0,1.22502,-0.041871550000000014,-0.0005625026483830712,0.3
1769796223.02502,-0.532575,1.1351188666666667,2.384648923729476,0.3,-0.473179,1.093453,2.38761,0.666667,1.0,1.22502,-0.04166365000000001,-0.0006479994147498835,0.3
1769796223.045477,-0.536744,1.1349175000000002,2.38785798405102,0.3,-0.473179,1.093453,2.38761,0.666667,1.0,1.22502,-0.04146240000000001,0.0006205261484025504,0.3
1769796223.065676,-0.5409116666666667,1.1347209166666667,2.3896161494884436,0.3,-0.473179,1.093453,2.38761,0.666667,1.0,1.22502,-0.04126745000000001,0.0012923184865253807,0.3
1769796223.086031,-0.5450813333333333,1.1552677333333334,2.384746419700739,0.3,-0.473179,1.093453,2.38761,0.666667,1.0,1.22502,-0.04107390000000002,0.0014748722066408408,0.3
1769796223.106421,-0.549253,1.1757398833333335,2.454330511730327,0.3,-0.543864,1.15577,2.450442,0.666667,1.0,1.319252,-0.04078585000000001,0.00303894624180287,0.3
1769796223.126727,-0.5534276666666668,1.19612535,2.449367555277471,0.3,-0.543864,1.15577,2.450442,0.666667,1.0,1.319252,-0.04036690000000001,0.002064134366776882,0.3
1769796223.146909,-0.5576033333333333,1.1956858666666665,2.4615514909508946,0.3,-0.543864,1.15577,2.450442,0.666667,1.0,1.319252,-0.03991330000000001,0.002877659451682039,0.3
1769796223.167275,-0.561771,1.1952444,2.458678511220896,0.3,-0.543864,1.15577,2.450442,0.666667,1.0,1.319252,-0.039467400000000014,0.0038298806271537624,0.3
1769796223.187754,-0.5659433333333334,1.1948178666666667,2.452925028224641,0.3,-0.543864,1.15577,2.450442,0.666667,1.0,1.319252,-0.039042500000000015,0.007094748289143758,0.3
1769796223.208248,-0.5701356666666667,1.1944048666666667,2.4509194849789546,0.3,-0.543864,1.15577,2.450442,0.666667,1.0,1.319252,-0.038633700000000014,0.010718884998655845,0.3
1769796223.227851,-0.574363,1.1940021333333333,2.4456066909638237,0.3,-0.543864,1.15577,2.450442,0.666667,1.0,1.319252,-0.03822840000000001,0.01260406809280512,0.3
1769796223.248308,-0.5786169999999999,1.1936100166666666,2.450071329659745,0.3,-0.543864,1.15577,2.450442,0.666667,1.0,1.319252,-0.037834300000000015,0.013223051346146134,0.3
1769796223.268857,-0.5828890000000001,1.1932323666666667,2.4554400354589085,0.3,-0.543864,1.15577,2.450442,0.666667,1.0,1.319252,-0.037457350000000014,0.016044312946702194,0.3
1769796223.28886,-0.5871813333333334,1.1928704666666665,2.4366097713604873,0.3,-0.543864,1.15577,2.450442,0.666667,1.0,1.319252,-0.037095450000000016,0.018682500518108342,0.3
1769796223.308922,-0.5914953333333334,1.1925234999999998,2.4418421042313083,0.3,-0.543864,1.15577,2.450442,0.666667,1.0,1.319252,-0.03674860000000001,0.02171478673108136,0.3
1769796223.329499,-0.5958223333333333,1.1921897166666666,2.4445326181810705,0.3,-0.543864,1.15577,2.450442,0.666667,1.0,1.319252,-0.03641645000000001,0.020252965542232066,0.3
1769796223.349808,-0.6001563333333333,1.1918667833333332,2.452390148493583,0.3,-0.543864,1.15577,2.450442,0.666667,1.0,1.319252,-0.03609410000000001,0.01964823201668193,0.3
1769796223.37011,-0.6044933333333332,1.1915528333333334,2.452252105384609,0.3,-0.543864,1.15577,2.450442,0.666667,1.0,1.319252,-0.035779800000000014,0.020584526461416435,0.3
1769796223.390357,-0.6088423333333334,1.2104785333333332,2.4455078015126634,0.3,-0.543864,1.15577,2.450442,0.666667,1.0,1.319252,-0.035474600000000016,0.02299740301040765,0.3
1769796223.41045,-0.6132036666666666,1.2293500999999998,2.507590189199636,0.3,-0.618322,1.213525,2.513274,0.666667,1.0,1.413484,-0.035116200000000014,0.02471991043919323,0.3
1769796223.43072,-0.6175776666666666,1.2481460666666664,2.512731160811896,0.3,-0.618322,1.213525,2.513274,0.666667,1.0,1.413484,-0.03463950000000002,0.02533848151834822,0.3
1769796223.450888,-0.6219603333333333,1.2476344833333333,2.5141980750377337,0.3,-0.618322,1.213525,2.513274,0.666667,1.0,1.413484,-0.03410750000000001,0.0273069452195745,0.3
1769796223.471667,-0.6263566666666667,1.24711065,2.5065226569922783,0.3,-0.618322,1.213525,2.513274,0.666667,1.0,1.413484,-0.03358145000000001,0.030052811522362718,0.3
1769796223.491821,-0.630772,1.2466018666666667,2.5072564629951666,0.3,-0.618322,1.213525,2.513274,0.666667,1.0,1.413484,-0.033068000000000014,0.03224499843447353,0.3
1769796223.511992,-0.635212,1.2461153666666667,2.511729403565069,0.3,-0.618322,1.213525,2.513274,0.666667,1.0,1.413484,-0.03258115000000002,0.030833968354196797,0.3
1769796223.532402,-0.6396756666666666,1.2456551166666667,2.5252053374739387,0.3,-0.618322,1.213525,2.513274,0.666667,1.0,1.413484,-0.03212195000000001,0.031322257237695245,0.3
1769796223.552974,-0.6441606666666667,1.2452195999999998,2.513991979694176,0.3,-0.618322,1.213525,2.513274,0.666667,1.0,1.413484,-0.031687250000000014,0.03140331108853757,0.3
1769796223.573256,-0.6486656666666666,1.2448063666666667,2.520388930460015,0.3,-0.618322,1.213525,2.513274,0.666667,1.0,1.413484,-0.031274600000000013,0.03516577558925706,0.3
1769796223.593396,-0.6531883333333334,1.2444134333333334,2.5113084504696217,0.3,-0.618322,1.213525,2.513274,0.666667,1.0,1.413484,-0.030882250000000014,0.03633940387225095,0.3
1769796223.613558,-0.6577246666666666,1.2440389333333333,2.5152018099962126,0.3,-0.618322,1.213525,2.513274,0.666667,1.0,1.413484,-0.030508450000000013,0.03940800687074924,0.3
1769796223.633821,-0.6622716666666667,1.2436808833333333,2.509841812469025,0.3,-0.618322,1.213525,2.513274,0.666667,1.0,1.413484,-0.030151100000000014,0.04120561830855161,0.3
1769796223.654304,-0.666827,1.24333765,2.5080418318428075,0.3,-0.618322,1.213525,2.513274,0.666667,1.0,1.413484,-0.029808100000000014,0.04287791331479071,0.3
1769796223.675338,-0.6713906666666666,1.24300795,2.512375939958778,0.3,-0.618322,1.213525,2.513274,0.666667,1.0,1.413484,-0.029478750000000015,0.04314125981178656,0.3
1769796223.694905,-0.675963,1.2603372999999998,2.51518543348705,0.3,-0.618322,1.213525,2.513274,0.666667,1.0,1.413484,-0.029162000000000018,0.04484660682221229,0.3
1769796223.715242,-0.6805433333333334,1.2776258166666665,2.567494399780253,0.3,-0.69626,1.266492,2.576106,0.666667,1.0,1.507716,-0.02882915000000002,0.04641204143030913,0.3
1769796223.735644,-0.685133,1.2948400166666667,2.5735254823101967,0.3,-0.69626,1.266492,2.576106,0.666667,1.0,1.507716,-0.028377300000000015,0.04659422647948932,0.3
1769796223.756408,-0.6897310000000001,1.2943345,2.5861951231919686,0.3,-0.69626,1.266492,2.576106,0.666667,1.0,1.507716,-0.027837600000000018,0.04437943927125935,0.3
1769796223.776788,-0.6943413333333334,1.2938106666666667,2.5913989730296327,0.3,-0.69626,1.266492,2.576106,0.666667,1.0,1.507716,-0.027312600000000013,0.04608367326631465,0.3
1769796223.796975,-0.6989693333333333,1.2933070166666667,2.574300578339865,0.3,-0.69626,1.266492,2.576106,0.666667,1.0,1.507716,-0.02680580000000002,0.050933773769263446,0.3
1769796223.817087,-0.7036220000000001,1.2928285666666666,2.567671170174276,0.3,-0.69626,1.266492,2.576106,0.666667,1.0,1.507716,-0.026326650000000017,0.05540664816060065,0.3
1769796223.837469,-0.708301,1.2923784666666667,2.5746091766816095,0.3,-0.69626,1.266492,2.576106,0.666667,1.0,1.507716,-0.02587725000000002,0.055809130369805844,0.3
1769796223.857975,-0.7130043333333332,1.2919557833333333,2.5813377850846337,0.3,-0.69626,1.266492,2.576106,0.666667,1.0,1.507716,-0.025455500000000016,0.05646661747821804,0.3
1769796223.878064,-0.7177253333333334,1.2915594666666665,2.5726025975238027,0.3,-0.69626,1.266492,2.576106,0.666667,1.0,1.507716,-0.025058600000000014,0.057108501627419074,0.3
1769796223.898331,-0.7224626666666666,1.291188233333333,2.5790805217864032,0.3,-0.69626,1.266492,2.576106,0.666667,1.0,1.507716,-0.024688300000000017,0.05823393635561618,0.3
1769796223.918661,-0.7272156666666666,1.2908396333333332,2.582381076715451,0.3,-0.69626,1.266492,2.576106,0.666667,1.0,1.507716,-0.024341800000000018,0.060002106565415325,0.3
1769796223.938897,-0.7319883333333334,1.2905101666666665,2.569314176265008,0.3,-0.69626,1.266492,2.576106,0.666667,1.0,1.507716,-0.024012800000000015,0.06293871155198603,0.3
1769796223.958867,-0.7367793333333333,1.2901970333333332,2.568379691866979,0.3,-0.69626,1.266492,2.576106,0.666667,1.0,1.507716,-0.023699900000000017,0.06640757278490249,0.3
1769796223.979359,-0.7415873333333334,1.2898995333333332,2.5681437093179524,0.3,-0.69626,1.266492,2.576106,0.666667,1.0,1.507716,-0.023402400000000018,0.06675233474531127,0.3
1769796223.999612,-0.7464106666666667,1.2896171999999997,2.573493104502555,0.3,-0.69626,1.266492,2.576106,0.666667,1.0,1.507716,-0.023120300000000017,0.06704459289809532,0.3
1769796224.019719,-0.7512536666666666,1.30530565,2.5725551429502747,0.3,-0.69626,1.266492,2.576106,0.666667,1.0,1.507716,-0.022852900000000016,0.06762007059964238,0.3
1769796224.040174,-0.756117,1.3209304,2.6338413931086704,0.3,-0.777369,1.31446,2.638938,0.666667,1.0,1.601949,-0.022499750000000013,0.06705703271804746,0.3
1769796224.05997,-0.761,1.3364808333333336,2.647359581792125,0.3,-0.777369,1.31446,2.638938,0.666667,1.0,1.601949,-0.022026550000000013,0.07048798282441875,0.3
1769796224.080294,-0.7658986666666667,1.3360034333333335,2.624018342312047,0.3,-0.777369,1.31446,2.638938,0.666667,1.0,1.601949,-0.021536200000000016,0.07088800051847484,0.3
1769796224.100692,-0.7708313333333333,1.3355377,2.6414666869443337,0.3,-0.777369,1.31446,2.638938,0.666667,1.0,1.601949,-0.021067550000000018,0.0745958062561944,0.3
1769796224.120988,-0.7758223333333333,1.3351025333333333,2.6348931473658075,0.3,-0.777369,1.31446,2.638938,0.666667,1.0,1.601949,-0.02062935000000002,0.06984457226648343,0.3
1769796224.141212,-0.7808696666666667,1.3347017833333332,2.661664246250313,0.3,-0.777369,1.31446,2.638938,0.666667,1.0,1.601949,-0.020230700000000018,0.0730610244274774,0.3
1769796224.161681,-0.7859523333333334,1.3343335833333334,2.63058372397837,0.3,-0.777369,1.31446,2.638938,0.666667,1.0,1.601949,-0.019865300000000016,0.07388739382857941,0.3
1769796224.181859,-0.7910446666666667,1.3339925666666665,2.6376671309591955,0.3,-0.777369,1.31446,2.638938,0.666667,1.0,1.601949,-0.019524750000000014,0.07683321886858799,0.3
1769796224.202232,-0.7961466666666667,1.3336747666666666,2.6511506460102616,0.3,-0.777369,1.31446,2.638938,0.666667,1.0,1.601949,-0.019207650000000014,0.0745413511738076,0.3
1769796224.222955,-0.7995510000000001,1.3334228833333335,2.651008730147052,0.3,-0.777369,1.31446,2.638938,0.666667,1.0,1.601949,-0.018911900000000016,0.07489610189549822,0.3
1769796224.222955,-0.8046730000000001,1.3331909499999999,2.640828176629052,0.3,-0.777369,1.31446,2.638938,0.666667,1.0,1.601949,-0.0187691,0.07984092911357635,0.3
1769796224.262937,-0.8098066666666668,1.3329327666666666,2.626352282701793,0.3,-0.777369,1.31446,2.638938,0.666667,1.0,1.601949,-0.018511850000000017,0.08179126699139733,0.3
1769796224.283039,-0.8149403333333334,1.3326831,2.6447285528801263,0.3,-0.777369,1.31446,2.638938,0.666667,1.0,1.601949,-0.018137350000000017,0.08178621555417294,0.3
1769796224.283039,-0.8183750000000001,1.3324824333333334,2.646101485252398,0.3,-0.777369,1.31446,2.638938,0.666667,1.0,1.601949,-0.018020099999999997,0.07975069841700692,0.3
1769796224.303288,-0.8218163333333334,1.3323356666666666,2.642779385524789,0.3,-0.777369,1.31446,2.638938,0.666667,1.0,1.601949,-0.017909850000000015,0.0800486699734415,0.3
1769796224.323897,-0.8269843333333333,1.3464042,2.646022823541519,0.3,-0.777369,1.31446,2.638938,0.666667,1.0,1.601949,-0.017697050000000016,0.08032167795157757,0.3
1769796224.344356,-0.8321646666666668,1.36038675,2.7113232373835814,0.3,-0.861331,1.357241,2.70177,0.666667,1.0,1.696181,-0.017444700000000014,0.08235639045061212,0.3
1769796224.363802,-0.837357,1.3742971999999998,2.6992365605305815,0.3,-0.861331,1.357241,2.70177,0.666667,1.0,1.696181,-0.017076500000000015,0.08640485685878603,0.3
1769796224.383967,-0.8425553333333333,1.3738962166666664,2.691911575092475,0.3,-0.861331,1.357241,2.70177,0.666667,1.0,1.696181,-0.016647400000000014,0.08792470094186777,0.3
1769796224.404387,-0.8477549999999999,1.3734930166666668,2.710624822885091,0.3,-0.861331,1.357241,2.70177,0.666667,1.0,1.696181,-0.016241750000000017,0.08994347795188527,0.3
1769796224.424671,-0.8529626666666666,1.3731180499999998,2.6955910984704765,0.3,-0.861331,1.357241,2.70177,0.666667,1.0,1.696181,-0.015866900000000017,0.08719345974989501,0.3
1769796224.44502,-0.85819,1.37277435,2.7162859843044167,0.3,-0.861331,1.357241,2.70177,0.666667,1.0,1.696181,-0.015522500000000017,0.09060432647408682,0.3
1769796224.465379,-0.863445,1.3724621499999998,2.69737732253994,0.3,-0.861331,1.357241,2.70177,0.666667,1.0,1.696181,-0.015210650000000017,0.08892240445549665,0.3
1769796224.485982,-0.868716,1.3721802833333332,2.7122388305820175,0.3,-0.861331,1.357241,2.70177,0.666667,1.0,1.696181,-0.014930300000000016,0.09091433805567335,0.3
1769796224.50626,-0.8739943333333334,1.3719258333333333,2.7102535827033565,0.3,-0.861331,1.357241,2.70177,0.666667,1.0,1.696181,-0.014676900000000017,0.09398518984748061,0.3
1769796224.526618,-0.8792756666666667,1.3716957666666667,2.6842956617890965,0.3,-0.861331,1.357241,2.70177,0.666667,1.0,1.696181,-0.014447300000000017,0.09713824816111287,0.3
1769796224.546879,-0.8845640000000001,1.3714880999999999,2.698151880700224,0.3,-0.861331,1.357241,2.70177,0.666667,1.0,1.696181,-0.014240100000000016,0.09847326184695704,0.3
1769796224.567091,-0.8898609999999999,1.3713014333333333,2.7066045005882913,0.3,-0.861331,1.357241,2.70177,0.666667,1.0,1.696181,-0.014053900000000015,0.09576511661658549,0.3
1769796224.587585,-0.8951646666666667,1.3711345999999998,2.704464533171326,0.3,-0.861331,1.357241,2.70177,0.666667,1.0,1.696181,-0.013887300000000017,0.09456839722831989,0.3
1769796224.608181,-0.9004753333333334,1.3709864333333333,2.7088356970298175,0.3,-0.861331,1.357241,2.70177,0.666667,1.0,1.696181,-0.013739600000000018,0.09544911147781666,0.3
1769796224.627911,-0.9057939999999999,1.3708558833333333,2.7044317150913106,0.3,-0.861331,1.357241,2.70177,0.666667,1.0,1.696181,-0.013609400000000018,0.09590589061105466,0.3
1769796224.648363,-0.9111213333333333,1.3831770166666668,2.704465408371898,0.3,-0.861331,1.357241,2.70177,0.666667,1.0,1.696181,-0.013495650000000015,0.09541038715094508,0.3
1769796224.668663,-0.9164653333333334,1.3954311833333335,2.7778649177904753,0.3,-0.947813,1.394665,2.764602,0.666667,1.0,1.790413,-0.013279000000000016,0.09708179753597639,0.3
1769796224.689113,-0.9218270000000001,1.4076146500000002,2.761865752781123,0.3,-0.947813,1.394665,2.764602,0.666667,1.0,1.790413,-0.012947900000000016,0.09919052033651328,0.3
1769796224.709286,-0.9272023333333334,1.4072939333333334,2.7607602715686768,0.3,-0.947813,1.394665,2.764602,0.666667,1.0,1.790413,-0.012622050000000017,0.1039756178397309,0.3
1769796224.729403,-0.9325693333333334,1.4069921166666666,2.7558893827711697,0.3,-0.947813,1.394665,2.764602,0.666667,1.0,1.790413,-0.012316850000000018,0.10489621988949623,0.3
1769796224.749809,-0.937933,1.4067186500000002,2.762680290482531,0.3,-0.947813,1.394665,2.764602,0.666667,1.0,1.790413,-0.012042450000000017,0.1080305938710377,0.3
1769796224.76981,-0.943305,1.4064759833333333,2.747696827679428,0.3,-0.947813,1.394665,2.764602,0.666667,1.0,1.790413,-0.011801650000000018,0.1074332134279979,0.3
1769796224.790092,-0.9487066666666667,1.4062622500000002,2.7645696654294083,0.3,-0.947813,1.394665,2.764602,0.666667,1.0,1.790413,-0.011588850000000019,0.10558290243904762,0.3
1769796224.810573,-0.9541363333333334,1.40607395,2.7782705564162327,0.3,-0.947813,1.394665,2.764602,0.666667,1.0,1.790413,-0.011401250000000017,0.1037509733897108,0.3
1769796224.830721,-0.9595926666666666,1.40590875,2.762642701975449,0.3,-0.947813,1.394665,2.764602,0.666667,1.0,1.790413,-0.011236750000000018,0.1063426172499173,0.3
1769796224.850897,-0.9650783333333334,1.4057635,2.7524890022681694,0.3,-0.947813,1.394665,2.764602,0.666667,1.0,1.790413,-0.011093250000000016,0.1063327449511277,0.3
1769796224.87093,-0.9705893333333334,1.4056359833333332,2.7813800402089703,0.3,-0.947813,1.394665,2.764602,0.666667,1.0,1.790413,-0.010965500000000017,0.10651193090272655,0.3
1769796224.891403,-0.9761216666666667,1.4055260833333334,2.7642454362658557,0.3,-0.947813,1.394665,2.764602,0.666667,1.0,1.790413,-0.010854200000000015,0.10507974661680085,0.3
1769796224.912403,-0.981666,1.405434966666667,2.7633900079837237,0.3,-0.947813,1.394665,2.764602,0.666667,1.0,1.790413,-0.010763550000000016,0.11033178376193982,0.3
1769796224.931823,-0.9872236666666666,1.405363216666667,2.7517812673381363,0.3,-0.947813,1.394665,2.764602,0.666667,1.0,1.790413,-0.010692150000000017,0.10986237406038069,0.3
1769796224.952198,-0.9928026666666666,1.41593765,2.7685686444752107,0.3,-0.947813,1.394665,2.764602,0.666667,1.0,1.790413,-0.010638950000000017,0.10922702758468981,0.3
1769796224.97268,-0.998402,1.4264735833333333,2.831409986837869,0.3,-1.036475,1.426585,2.827433,0.666667,1.0,1.884646,-0.010566850000000017,0.10937265720432672,0.3
1769796224.992834,-1.004016,1.4369397499999998,2.815923889620315,0.3,-1.036475,1.426585,2.827433,0.666667,1.0,1.884646,-0.010379950000000016,0.11121887098040557,0.3
1769796225.013026,-1.009654,1.4367105,2.8239728618187376,0.3,-1.036475,1.426585,2.827433,0.666667,1.0,1.884646,-0.010117450000000017,0.11453000845228152,0.3
1769796225.033088,-1.0153186666666667,1.4364732,2.8163574120066133,0.3,-1.036475,1.426585,2.827433,0.666667,1.0,1.884646,-0.009879100000000017,0.1147088885825353,0.3
1769796225.053495,-1.0210093333333334,1.4362629666666666,2.8198339088387923,0.3,-1.036475,1.426585,2.827433,0.666667,1.0,1.884646,-0.009668050000000018,0.11382954028065241,0.3
1769796225.073836,-1.0266973333333336,1.4360810833333335,2.833663851630035,0.3,-1.036475,1.426585,2.827433,0.666667,1.0,1.884646,-0.009486750000000016,0.11288629057588094,0.3
1769796225.093929,-1.0323853333333333,1.43592755,2.825836460235242,0.3,-1.036475,1.426585,2.827433,0.666667,1.0,1.884646,-0.009333450000000017,0.112664217165157,0.3
1769796225.114267,-1.0380840000000002,1.4358019000000002,2.824390549303136,0.3,-1.036475,1.426585,2.827433,0.666667,1.0,1.884646,-0.009207450000000016,0.11375366740506858,0.3
1769796225.134281,-1.0438083333333332,1.4357033166666666,2.8297658001905655,0.3,-1.036475,1.426585,2.827433,0.666667,1.0,1.884646,-0.009109800000000017,0.11366925426132558,0.3
1769796225.154756,-1.0495536666666667,1.4356308666666668,2.8284131890977,0.3,-1.036475,1.426585,2.827433,0.666667,1.0,1.884646,-0.009037700000000017,0.1130708890950421,0.3
1769796225.174885,-1.0553126666666666,1.4355825666666666,2.829502190300837,0.3,-1.036475,1.426585,2.827433,0.666667,1.0,1.884646,-0.008990100000000016,0.11231425319215434,0.3
1769796225.195178,-1.0610786666666667,1.435556316666667,2.835319915607892,0.3,-1.036475,1.426585,2.827433,0.666667,1.0,1.884646,-0.008964900000000017,0.1120381844408083,0.3
1769796225.215201,-1.0668516666666668,1.4355497833333333,2.8306208516057763,0.3,-1.036475,1.426585,2.827433,0.666667,1.0,1.884646,-0.008958950000000018,0.11348922983897508,0.3
1769796225.235625,-1.0726313333333335,1.4355606333333333,2.8209331179118364,0.3,-1.036475,1.426585,2.827433,0.666667,1.0,1.884646,-0.008970500000000017,0.11306352262947901,0.3
1769796225.255911,-1.078418,1.4355872333333333,2.8376463088648682,0.3,-1.036475,1.426585,2.827433,0.666667,1.0,1.884646,-0.008997450000000018,0.11247636353861452,0.3
1769796225.276156,-1.0842103333333333,1.4443523166666665,2.833585206150963,0.3,-1.036475,1.426585,2.827433,0.666667,1.0,1.884646,-0.009038750000000016,0.11086222747559886,0.3
1769796225.296591,-1.0900056666666667,1.4530466999999998,2.89341318428993,0.3,-1.126965,1.452875,2.890265,0.666667,1.0,1.978878,-0.008975750000000015,0.11454668151256776,0.3
1769796225.316433,-1.0957763333333332,1.4616628,2.8798195346430546,0.3,-1.126965,1.452875,2.890265,0.666667,1.0,1.978878,-0.008790600000000016,0.1144169174946383,0.3
1769796225.33683,-1.1015409999999999,1.4614804499999998,2.9002876902585397,0.3,-1.126965,1.452875,2.890265,0.666667,1.0,1.978878,-0.008597050000000016,0.11603634142757678,0.3
1769796225.357335,-1.107303,1.4613153666666667,2.8875259906922994,0.3,-1.126965,1.452875,2.890265,0.666667,1.0,1.978878,-0.008428700000000016,0.11572839990399564,0.3
1769796225.377592,-1.11309,1.4611788666666665,2.8851339337845414,0.3,-1.126965,1.452875,2.890265,0.666667,1.0,1.978878,-0.008295350000000017,0.11911796443781303,0.3
1769796225.397905,-1.1188770000000001,1.4610712999999997,2.8828168030556354,0.3,-1.126965,1.452875,2.890265,0.666667,1.0,1.978878,-0.008187550000000016,0.1191918315153051,0.3
1769796225.418003,-1.124663,1.46098905,2.889341688227347,0.3,-1.126965,1.452875,2.890265,0.666667,1.0,1.978878,-0.008106000000000016,0.11982371012109584,0.3
1769796225.438565,-1.130446,1.460930833333333,2.883069912149797,0.3,-1.126965,1.452875,2.890265,0.666667,1.0,1.978878,-0.008048600000000017,0.11990186733925005,0.3
1769796225.458883,-1.1362423333333334,1.4608951333333333,2.88357040974671,0.3,-1.126965,1.452875,2.890265,0.666667,1.0,1.978878,-0.008012900000000017,0.11940170381540675,0.3
1769796225.479074,-1.142056,1.4608810166666666,2.893092369370407,0.3,-1.126965,1.452875,2.890265,0.666667,1.0,1.978878,-0.007998900000000017,0.1191949689273123,0.3
1769796225.499596,-1.147888,1.4608873166666665,2.8846067714783636,0.3,-1.126965,1.452875,2.890265,0.666667,1.0,1.978878,-0.008006250000000017,0.1177437878742696,0.3
1769796225.519839,-1.1537273333333333,1.460911933333333,2.8921451960649662,0.3,-1.126965,1.452875,2.890265,0.666667,1.0,1.978878,-0.008031800000000016,0.11796851512326502,0.3
1769796225.54026,-1.1595693333333335,1.4609515999999998,2.8912270558764344,0.3,-1.126965,1.452875,2.890265,0.666667,1.0,1.978878,-0.008072750000000017,0.11695337021372822,0.3
1769796225.560362,-1.1654163333333334,1.4610039833333335,2.8898646409355844,0.3,-1.126965,1.452875,2.890265,0.666667,1.0,1.978878,-0.008125250000000018,0.11676847654515138,0.3
1769796225.581607,-1.1712673333333334,1.4679055666666667,2.8921545080764273,0.3,-1.126965,1.452875,2.890265,0.666667,1.0,1.978878,-0.008188950000000018,0.11606730884875636,0.3
1769796225.600974,-1.177123,1.4747607166666665,2.957224812054805,0.3,-1.218928,1.473431,2.953097,0.666667,1.0,2.07311,-0.008221500000000017,0.11586863730647723,0.3
1769796225.621064,-1.1829753333333333,1.4815422500000002,2.9538225201892594,0.3,-1.218928,1.473431,2.953097,0.666667,1.0,2.07311,-0.008134700000000017,0.11693012444001875,0.3
1769796225.641541,-1.188815,1.4814160166666666,2.9500973852751784,0.3,-1.218928,1.473431,2.953097,0.666667,1.0,2.07311,-0.007977550000000017,0.11922446813318736,0.3
1769796225.661854,-1.1946426666666667,1.4812823166666667,2.946109649895793,0.3,-1.218928,1.473431,2.953097,0.666667,1.0,2.07311,-0.007842800000000016,0.12107307359688367,0.3
1769796225.681914,-1.20047,1.4811743999999998,2.9455385874070816,0.3,-1.218928,1.473431,2.953097,0.666667,1.0,2.07311,-0.007733600000000016,0.12115839574460592,0.3
1769796225.702116,-1.2063123333333332,1.48109425,2.951851702388845,0.3,-1.218928,1.473431,2.953097,0.666667,1.0,2.07311,-0.007653800000000016,0.1204022401847067,0.3
1769796225.722601,-1.2121713333333333,1.481041283333333,2.9523297332551883,0.3,-1.218928,1.473431,2.953097,0.666667,1.0,2.07311,-0.007602350000000016,0.11982079651500942,0.3
1769796225.742837,-1.2180443333333335,1.4810127,2.9501395494252654,0.3,-1.218928,1.473431,2.953097,0.666667,1.0,2.07311,-0.007574700000000017,0.12045407133047374,0.3
1769796225.763004,-1.221964,1.48100185,2.948652303496059,0.3,-1.218928,1.473431,2.953097,0.666667,1.0,2.07311,-0.007568050000000017,0.12076760931099574,0.3
1769796225.763004,-1.2258913333333334,1.4810041833333332,2.9506763553720563,0.3,-1.218928,1.473431,2.953097,0.666667,1.0,2.07311,-0.0075698,0.12133622382321309,0.3
1769796225.783772,-1.229825,1.4810196999999998,2.9466788623519613,0.3,-1.218928,1.473431,2.953097,0.666667,1.0,2.07311,-0.007581700000000018,0.1203646698540447,0.3
1769796225.803853,-1.2357286666666667,1.4810514333333333,2.9541557773110694,0.3,-1.218928,1.473431,2.953097,0.666667,1.0,2.07311,-0.0076146000000000165,0.1195864054996426,0.3
1769796225.824018,-1.2416383333333334,1.4811016,2.954679541498469,0.3,-1.218928,1.473431,2.953097,0.666667,1.0,2.07311,-0.007665000000000017,0.11843398970537927,0.3
1769796225.844443,-1.2475533333333335,1.4811686833333333,2.952539857117541,0.3,-1.218928,1.473431,2.953097,0.666667,1.0,2.07311,-0.007732200000000017,0.11935720345603135,0.3
1769796225.864711,-1.2534736666666666,1.4812519833333333,2.947207744807157,0.3,-1.218928,1.473431,2.953097,0.666667,1.0,2.07311,-0.007815850000000017,0.1181497286888357,0.3
1769796225.884947,-1.259399,1.4813508000000002,2.9601750901016426,0.3,-1.218928,1.473431,2.953097,0.666667,1.0,2.07311,-0.007914900000000016,0.11764407678071853,0.3
1769796225.90526,-1.2653283333333334,1.4863467166666666,2.953498618566244,0.3,-1.218928,1.473431,2.953097,0.666667,1.0,2.07311,-0.008028650000000017,0.11512641567236863,0.3
1769796225.925812,-1.2712616666666667,1.4912809166666667,3.0234184614572563,0.3,-1.312,1.488172,3.015929,0.666667,1.0,2.167342,-0.008062600000000017,0.11634799373292971,0.3
1769796225.945818,-1.2772003333333333,1.4961398666666668,3.0152464217382757,0.3,-1.312,1.488172,3.015929,0.666667,1.0,2.167342,-0.007976500000000018,0.11590296537391338,0.3
1769796225.966058,-1.283139,1.49604315,3.020149838720342,0.3,-1.312,1.488172,3.015929,0.666667,1.0,2.167342,-0.007864500000000017,0.11848482731370437,0.3
1769796225.986512,-1.2890723333333334,1.4959529666666667,3.0099583398185104,0.3,-1.312,1.488172,3.015929,0.666667,1.0,2.167342,-0.007772450000000017,0.11749702808835838,0.3
1769796226.006771,-1.2950043333333334,1.4958870500000003,3.0230670670903517,0.3,-1.312,1.488172,3.015929,0.666667,1.0,2.167342,-0.007705950000000017,0.11763466630921193,0.3
1769796226.026983,-1.3009443333333335,1.4958477333333333,3.020708259395221,0.3,-1.312,1.488172,3.015929,0.666667,1.0,2.167342,-0.007666750000000017,0.11654490314593668,0.3
1769796226.047541,-1.306894,1.4958343166666668,3.017322568798162,0.3,-1.312,1.488172,3.015929,0.666667,1.0,2.167342,-0.0076545,0.11712204834305594,0.3
1769796226.06762,-1.3128446666666667,1.4958447,3.019885945907636,0.3,-1.312,1.488172,3.015929,0.666667,1.0,2.167342,-0.007665700000000017,0.11767579463251292,0.3
1769796226.087714,-1.318789,1.4958762000000003,3.017167731658479,0.3,-1.312,1.488172,3.015929,0.666667,1.0,2.167342,-0.007697900000000016,0.11843059396787925,0.3
1769796226.107744,-1.3247276666666667,1.495926716666667,3.012132272785964,0.3,-1.312,1.488172,3.015929,0.666667,1.0,2.167342,-0.007749000000000016,0.11737172446975026,0.3
1769796226.128044,-1.3306616666666666,1.4959943833333333,3.02517831289641,0.3,-1.312,1.488172,3.015929,0.666667,1.0,2.167342,-0.007817250000000015,0.1192758072163053,0.3
1769796226.14852,-1.3365926666666665,1.4960778000000001,3.0043222351791488,0.3,-1.312,1.488172,3.015929,0.666667,1.0,2.167342,-0.007900900000000016,0.11867384925359264,0.3
1769796226.168709,-1.3425209999999999,1.4961756833333333,3.0139922705622397,0.3,-1.312,1.488172,3.015929,0.666667,1.0,2.167342,-0.007999250000000017,0.12065189941758166,0.3
1769796226.188635,-1.348448,1.4962871,3.011254461912476,0.3,-1.312,1.488172,3.015929,0.666667,1.0,2.167342,-0.008110900000000016,0.11775383226573033,0.3
1769796226.209074,-1.3543753333333335,1.4993641999999998,3.0193708880902568,0.3,-1.312,1.488172,3.015929,0.666667,1.0,2.167342,-0.008235150000000017,0.11628226946218878,0.3
1769796226.229288,-1.3603156666666667,1.5024067666666667,3.083110547383489,0.3,-1.405814,1.49704,3.078761,0.666667,1.0,2.261575,-0.008362550000000017,0.11604692139479615,0.3
1769796226.25099,-1.3662906666666668,1.50537525,3.073680650316832,0.3,-1.405814,1.49704,3.078761,0.666667,1.0,2.261575,-0.008370600000000016,0.1165671089028791,0.3
1769796226.270025,-1.372295,1.50531925,3.0788196130417593,0.3,-1.405814,1.49704,3.078761,0.666667,1.0,2.261575,-0.008272600000000015,0.1157954894011397,0.3
1769796226.290259,-1.37831,1.5052423666666666,3.0889162643939256,0.3,-1.405814,1.49704,3.078761,0.666667,1.0,2.261575,-0.008194550000000016,0.11579154037777979,0.3
1769796226.310626,-1.3843196666666666,1.5051884666666666,3.0753188944569914,0.3,-1.405814,1.49704,3.078761,0.666667,1.0,2.261575,-0.008139950000000016,0.11556293577758653,0.3
1769796226.330884,-1.3903343333333333,1.5051587166666665,3.081323140642919,0.3,-1.405814,1.49704,3.078761,0.666667,1.0,2.261575,-0.008110900000000016,0.11883619927221079,0.3
1769796226.351557,-1.3963656666666668,1.505152533333333,3.06990143342618,0.3,-1.405814,1.49704,3.078761,0.666667,1.0,2.261575,-0.008105300000000017,0.11867955213089339,0.3
1769796226.371587,-1.402411,1.5051679333333332,3.0763886273048957,0.3,-1.405814,1.49704,3.078761,0.666667,1.0,2.261575,-0.008121400000000016,0.11682424218459365,0.3
1769796226.392048,-1.4084583333333336,1.5052030500000002,3.0921316003207173,0.3,-1.405814,1.49704,3.078761,0.666667,1.0,2.261575,-0.008157100000000016,0.11537279997991105,0.3
1769796226.412061,-1.4145046666666667,1.5052562499999997,3.0778726366542757,0.3,-1.405814,1.49704,3.078761,0.666667,1.0,2.261575,-0.008210650000000016,0.11570724231285663,0.3
1769796226.432241,-1.4205453333333333,1.5053260166666667,3.0732647733072223,0.3,-1.405814,1.49704,3.078761,0.666667,1.0,2.261575,-0.008281000000000016,0.11728348011031138,0.3
1769796226.452663,-1.4265843333333335,1.50541095,3.0812090735359887,0.3,-1.405814,1.49704,3.078761,0.666667,1.0,2.261575,-0.008366400000000017,0.11504972683097299,0.3
1769796226.472772,-1.4326186666666667,1.5055098833333334,3.089491556330306,0.3,-1.405814,1.49704,3.078761,0.666667,1.0,2.261575,-0.008465450000000017,0.11400928423839356,0.3
1769796226.492941,-1.4386489999999998,1.5056218833333332,3.077429828862699,0.3,-1.405814,1.49704,3.078761,0.666667,1.0,2.261575,-0.008577800000000016,0.11269162646129989,0.3
1769796226.51291,-1.444676,1.5057461333333333,3.0867630201985508,0.3,-1.405814,1.49704,3.078761,0.666667,1.0,2.261575,-0.008702400000000016,0.11473486736465072,0.3
1769796226.533237,-1.4507,1.5068431666666668,3.074622860910201,0.3,-1.405814,1.49704,3.078761,0.666667,1.0,2.261575,-0.008838200000000015,0.11527261103367213,0.3
1769796226.553661,-1.456721,1.5078813999999998,3.1347176668485703,0.3,-1.5,1.5,3.141593,0.666667,1.0,2.355807,-0.008908899999999999,0.11756695257571519,0.3
1769796226.573944,-1.462737,1.508842866666667,3.134746070946292,0.3,-1.5,1.5,3.141593,0.666667,1.0,2.355807,-0.008857100000000015,0.1162198393079345,0.3
1769796226.594185,-1.4687246666666667,1.5087694833333334,3.146066740516885,0.3,-1.5,1.5,3.141593,0.666667,1.0,2.355807,-0.008762600000000016,0.1141378782595026,0.3
1769796226.614637,-1.4746803333333334,1.5086969166666666,3.1487504831391617,0.3,-1.5,1.5,3.141593,0.666667,1.0,2.355807,-0.008688750000000016,0.11265732969152871,0.3
1769796226.634896,-1.4806106666666665,1.5086484999999998,3.1451532623541354,0.3,-1.5,1.5,3.141593,0.666667,1.0,2.355807,-0.008639400000000016,0.11316306444270241,0.3
1769796226.65494,-1.4865446666666668,1.50862575,3.144049082009843,0.3,-1.5,1.5,3.141593,0.666667,1.0,2.355807,-0.008617350000000017,0.11300688821941574,0.3
1769796226.675487,-1.492491,1.5086273833333335,3.1501652904788817,0.3,-1.5,1.5,3.141593,0.666667,1.0,2.355807,-0.008620500000000015,0.11175509351544631,0.3
1769796226.695798,-1.4984496666666667,1.5086504833333334,3.152629730577952,0.3,-1.5,1.5,3.141593,0.666667,1.0,2.355807,-0.008644300000000014,0.11025348395428695,0.3
1769796226.715858,-1.5044190000000002,1.5086921333333334,3.152573639376799,0.3,-1.5,1.5,3.141593,0.666667,1.0,2.355807,-0.008686650000000016,0.11295459045284893,0.3
1769796226.736031,-1.510397,1.5087505833333335,3.13308400148751,0.3,-1.5,1.5,3.141593,0.666667,1.0,2.355807,-0.008745450000000016,0.11526553422684799,0.3
1769796226.756313,-1.5163813333333334,1.50882455,3.1375366179339577,0.3,-1.5,1.5,3.141593,0.666667,1.0,2.355807,-0.008819650000000016,0.11543034197105317,0.3
1769796226.776784,-1.5223673333333334,1.5089128666666667,3.150031492911568,0.3,-1.5,1.5,3.141593,0.666667,1.0,2.355807,-0.008908550000000015,0.11448696118001987,0.3
1769796226.796911,-1.5283426666666668,1.5090143666666667,3.1368896362337098,0.3,-1.5,1.5,3.141593,0.666667,1.0,2.355807,-0.009010400000000016,0.11451184204489634,0.3
1769796226.81734,-1.5343053333333332,1.5091277666666667,3.135255832744699,0.3,-1.5,1.5,3.141593,0.666667,1.0,2.355807,-0.009124150000000015,0.11373686451084213,0.3
1769796226.837599,-1.540256,1.50925225,3.152299958115893,0.3,-1.5,1.5,3.141593,0.666667,1.0,2.355807,-0.009248750000000017,0.11279795946289244,0.3
1769796226.857772,-1.546204333333333,1.5083607833333332,3.139908916521408,0.3,-1.5,1.5,3.141593,0.666667,1.0,2.355807,-0.009383850000000016,0.11293889200107517,0.3
1769796226.877915,-1.5521503333333335,1.5073958166666666,3.1952430375156027,0.3,-1.594186,1.49704,3.204425,0.666667,1.0,2.450039,-0.009409750000000015,0.11511659335840331,0.3
1769796226.898668,-1.5580903333333334,1.5063547833333333,3.2016100499719244,0.3,-1.594186,1.49704,3.204425,0.666667,1.0,2.450039,-0.009313850000000016,0.11613933057377691,0.3
1769796226.919352,-1.564057,1.50626845,3.1977461932291664,0.3,-1.594186,1.49704,3.204425,0.666667,1.0,2.450039,-0.009220750000000017,0.11502971553307047,0.3
1769796226.938865,-1.5700486666666666,1.5061995000000001,3.2037137277598413,0.3,-1.594186,1.49704,3.204425,0.666667,1.0,2.450039,-0.009150750000000017,0.11535584351461342,0.3
1769796226.959124,-1.5760646666666667,1.5061552833333334,3.201101232082667,0.3,-1.594186,1.49704,3.204425,0.666667,1.0,2.450039,-0.009107000000000014,0.1144160743860531,0.3
1769796226.979819,-1.5820666666666667,1.5061354500000002,3.2043133580005283,0.3,-1.594186,1.49704,3.204425,0.666667,1.0,2.450039,-0.009088100000000016,0.11505926613296236,0.3
1769796226.999783,-1.5880526666666668,1.50613755,3.200271077278386,0.3,-1.594186,1.49704,3.204425,0.666667,1.0,2.450039,-0.009091250000000016,0.11575684667100487,0.3
1769796227.020142,-1.594025,1.5061590166666665,3.1968716488544118,0.3,-1.594186,1.49704,3.204425,0.666667,1.0,2.450039,-0.009113300000000015,0.11354566256930686,0.3
1769796227.040436,-1.5999956666666666,1.5061977500000001,3.2171296626107164,0.3,-1.594186,1.49704,3.204425,0.666667,1.0,2.450039,-0.009152500000000017,0.11286200040484969,0.3
1769796227.060941,-1.605991333333333,1.5062523499999998,3.2035596502651287,0.3,-1.594186,1.49704,3.204425,0.666667,1.0,2.450039,-0.009207450000000016,0.11153087763168634,0.3
1769796227.081063,-1.612019,1.5063218833333334,3.203711785493392,0.3,-1.594186,1.49704,3.204425,0.666667,1.0,2.450039,-0.009277100000000017,0.11513084247729342,0.3
1769796227.101441,-1.6180736666666666,1.5064055333333333,3.194069673537074,0.3,-1.594186,1.49704,3.204425,0.666667,1.0,2.450039,-0.009361100000000016,0.11481532711496593,0.3
1769796227.121838,-1.624132666666667,1.5065026,3.2036960924390936,0.3,-1.594186,1.49704,3.204425,0.666667,1.0,2.450039,-0.009458400000000016,0.11484530138398959,0.3
1769796227.142209,-1.6301923333333335,1.5066120333333333,3.20149353987925,0.3,-1.594186,1.49704,3.204425,0.666667,1.0,2.450039,-0.009568300000000016,0.1136658740717738,0.3
1769796227.162713,-1.6362413333333332,1.5037592833333333,3.1988481374103688,0.3,-1.594186,1.49704,3.204425,0.666667,1.0,2.450039,-0.009689400000000016,0.11363779785892443,0.3
1769796227.182681,-1.6422676666666665,1.5008556666666666,3.26452729971619,0.3,-1.688,1.488172,3.267256,0.666667,1.0,2.544271,-0.009768150000000017,0.1138433421437443,0.3
1769796227.202858,-1.6482686666666666,1.49787645,3.261991224170331,0.3,-1.688,1.488172,3.267256,0.666667,1.0,2.544271,-0.009725450000000016,0.11121548698881507,0.3
1769796227.222934,-1.6522603333333334,1.4978112333333335,3.2779338183399442,0.3,-1.688,1.488172,3.267256,0.666667,1.0,2.544271,-0.009619750000000015,0.11041166356280357,0.3
1769796227.222934,-1.6562739999999998,1.4977487,3.270719790272259,0.3,-1.688,1.488172,3.267256,0.666667,1.0,2.544271,-0.0095725,0.1085919853396854,0.3
1769796227.243737,-1.6603129999999997,1.4977026166666667,3.27422249350904,0.3,-1.688,1.488172,3.267256,0.666667,1.0,2.544271,-0.009537850000000016,0.11153912370304671,0.3
1769796227.263842,-1.6663649999999999,1.4976616666666667,3.2612187381597764,0.3,-1.688,1.488172,3.267256,0.666667,1.0,2.544271,-0.009481500000000016,0.11339608538478226,0.3
1769796227.28415,-1.672407,1.4976291166666666,3.2604379701818456,0.3,-1.688,1.488172,3.267256,0.666667,1.0,2.544271,-0.009449650000000016,0.11389666391829734,0.3
1769796227.304428,-1.6784360000000003,1.4976192,3.2719025723079493,0.3,-1.688,1.488172,3.267256,0.666667,1.0,2.544271,-0.009440200000000017,0.11181352243334863,0.3
1769796227.324699,-1.6844546666666667,1.49763005,3.2739258370694686,0.3,-1.688,1.488172,3.267256,0.666667,1.0,2.544271,-0.009451750000000016,0.10973005953379772,0.3
1769796227.344777,-1.690463,1.4976599166666666,3.272710897579151,0.3,-1.688,1.488172,3.267256,0.666667,1.0,2.544271,-0.009482200000000017,0.11088486424878385,0.3
1769796227.365226,-1.6964596666666667,1.497707166666667,3.2643465440180326,0.3,-1.688,1.488172,3.267256,0.666667,1.0,2.544271,-0.009529800000000015,0.11010264984355582,0.3
1769796227.385682,-1.7024463333333333,1.4977704,3.2776268735008367,0.3,-1.688,1.488172,3.267256,0.666667,1.0,2.544271,-0.009593500000000015,0.11215175077339519,0.3
1769796227.405788,-1.708424,1.497848216666667,3.259088392000115,0.3,-1.688,1.488172,3.267256,0.666667,1.0,2.544271,-0.009671900000000015,0.11087510036021221,0.3
1769796227.426092,-1.7143886666666666,1.4979392166666667,3.2703722964971305,0.3,-1.688,1.488172,3.267256,0.666667,1.0,2.544271,-0.009763250000000015,0.1107116452869047,0.3
1769796227.44617,-1.7203376666666668,1.4980423499999997,3.2766966039406817,0.3,-1.688,1.488172,3.267256,0.666667,1.0,2.544271,-0.009866500000000016,0.10789010025322919,0.3
1769796227.466594,-1.7262736666666667,1.4981569166666666,3.273851862202168,0.3,-1.688,1.488172,3.267256,0.666667,1.0,2.544271,-0.009981300000000016,0.10836169443199584,0.3
1769796227.486786,-1.732204,1.4933266666666667,3.2651368314245306,0.3,-1.688,1.488172,3.267256,0.666667,1.0,2.544271,-0.010106950000000017,0.10765745476319016,0.3
1769796227.506957,-1.738133666666667,1.4884204666666667,3.3420022919535155,0.3,-1.781072,1.473431,3.330088,0.666667,1.0,2.638504,-0.010116750000000016,0.11101795463797133,0.3
1769796227.527328,-1.7440636666666667,1.4834359833333333,3.3163640629534807,0.3,-1.781072,1.473431,3.330088,0.666667,1.0,2.638504,-0.010003700000000015,0.11218798631353466,0.3
1769796227.547646,-1.7499766666666667,1.4833318,3.3224357913711504,0.3,-1.781072,1.473431,3.330088,0.666667,1.0,2.638504,-0.009894500000000014,0.1145258945039539,0.3
1769796227.567745,-1.7558523333333333,1.4832441833333332,3.330162692811,0.3,-1.781072,1.473431,3.330088,0.666667,1.0,2.638504,-0.009804200000000016,0.11360411261725145,0.3
1769796227.588266,-1.7616926666666668,1.4831803666666667,3.3237347042736953,0.3,-1.781072,1.473431,3.330088,0.666667,1.0,2.638504,-0.009740850000000016,0.11134468475923777,0.3
1769796227.608127,-1.7675183333333333,1.4831416333333332,3.3373325085192325,0.3,-1.781072,1.473431,3.330088,0.666667,1.0,2.638504,-0.009703050000000015,0.11326308044680646,0.3
1769796227.628761,-1.7733526666666666,1.4831258833333332,3.319465718685588,0.3,-1.781072,1.473431,3.330088,0.666667,1.0,2.638504,-0.009688000000000016,0.11231930400188629,0.3
1769796227.648907,-1.7791956666666666,1.4831306666666666,3.3297281129432164,0.3,-1.781072,1.473431,3.330088,0.666667,1.0,2.638504,-0.009693600000000016,0.11263463632057207,0.3
1769796227.668939,-1.7850463333333335,1.483154,3.335340064607118,0.3,-1.781072,1.473431,3.330088,0.666667,1.0,2.638504,-0.009717400000000015,0.11212869258835668,0.3
1769796227.689181,-1.7908990000000002,1.4831943666666667,3.3220113810788803,0.3,-1.781072,1.473431,3.330088,0.666667,1.0,2.638504,-0.009758000000000017,0.11128470254399937,0.3
1769796227.70949,-1.7967483333333334,1.4832504833333333,3.3339443532093602,0.3,-1.781072,1.473431,3.330088,0.666667,1.0,2.638504,-0.009814700000000016,0.11286302521121415,0.3
1769796227.729778,-1.8025873333333333,1.4833209499999997,3.324691678603829,0.3,-1.781072,1.473431,3.330088,0.666667,1.0,2.638504,-0.009885750000000016,0.10915064298201639,0.3
1769796227.749927,-1.8084183333333332,1.4834044833333333,3.3428058744540667,0.3,-1.781072,1.473431,3.330088,0.666667,1.0,2.638504,-0.009969400000000015,0.10896781684282096,0.3
1769796227.770043,-1.8142420000000001,1.48350015,3.333287110044533,0.3,-1.781072,1.473431,3.330088,0.666667,1.0,2.638504,-0.010065300000000017,0.10741954879889547,0.3
1769796227.790298,-1.820062,1.4767421833333332,3.3319722868673822,0.3,-1.781072,1.473431,3.330088,0.666667,1.0,2.638504,-0.010172750000000015,0.11025481449709584,0.3
1769796227.810779,-1.8258780000000001,1.4699380166666665,3.3866515802648647,0.3,-1.873035,1.452875,3.39292,0.666667,1.0,2.732736,-0.010251500000000018,0.110795547678747,0.3
1769796227.831025,-1.8316873333333332,1.4630573166666665,3.391870210954626,0.3,-1.873035,1.452875,3.39292,0.666667,1.0,2.732736,-0.010208800000000018,0.11142173183407504,0.3
1769796227.85128,-1.837504,1.4629680666666667,3.391649881935414,0.3,-1.873035,1.452875,3.39292,0.666667,1.0,2.732736,-0.010086650000000016,0.1111807089571157,0.3
1769796227.871456,-1.8433263333333334,1.4628669166666668,3.3899719675266207,0.3,-1.873035,1.452875,3.39292,0.666667,1.0,2.732736,-0.009983750000000017,0.1114645316815671,0.3
1769796227.891585,-1.849162,1.462788633333333,3.392291424607918,0.3,-1.873035,1.452875,3.39292,0.666667,1.0,2.732736,-0.009905350000000016,0.11226768610119563,0.3
1769796227.911909,-1.8550006666666665,1.46273415,3.388474905417643,0.3,-1.873035,1.452875,3.39292,0.666667,1.0,2.732736,-0.009851800000000015,0.11212016561170175,0.3
1769796227.932179,-1.8608473333333333,1.4627021833333334,3.3920012404635838,0.3,-1.873035,1.452875,3.39292,0.666667,1.0,2.732736,-0.009820300000000016,0.11221227212216352,0.3
1769796227.952722,-1.8666996666666666,1.4626905166666668,3.3924100855451473,0.3,-1.873035,1.452875,3.39292,0.666667,1.0,2.732736,-0.009809450000000016,0.10974296707931352,0.3
1769796227.972654,-1.872554,1.4626975166666665,3.403535735674743,0.3,-1.873035,1.452875,3.39292,0.666667,1.0,2.732736,-0.009816800000000016,0.10897753339584255,0.3
1769796227.992748,-1.8784043333333333,1.4627219,3.3964468425644094,0.3,-1.873035,1.452875,3.39292,0.666667,1.0,2.732736,-0.009841300000000016,0.10737267651561803,0.3
1769796228.013046,-1.8842466666666666,1.4627626166666665,3.4015271768264945,0.3,-1.873035,1.452875,3.39292,0.666667,1.0,2.732736,-0.009882600000000016,0.10920376854724156,0.3
1769796228.03341,-1.890079,1.4628186166666666,3.391694133485002,0.3,-1.873035,1.452875,3.39292,0.666667,1.0,2.732736,-0.009938950000000016,0.11075400631181208,0.3
1769796228.05389,-1.8959020000000002,1.4628885,3.3859694159769864,0.3,-1.873035,1.452875,3.39292,0.666667,1.0,2.732736,-0.010009300000000016,0.11481146530583136,0.3
1769796228.073842,-1.9017166666666665,1.4629710999999999,3.3757148728623787,0.3,-1.873035,1.452875,3.39292,0.666667,1.0,2.732736,-0.010092250000000016,0.11517350635502625,0.3
1769796228.094281,-1.9075226666666667,1.4630650166666666,3.3877872871898327,0.3,-1.873035,1.452875,3.39292,0.666667,1.0,2.732736,-0.010186750000000015,0.11307862369682636,0.3
1769796228.114645,-1.9133203333333333,1.4543709833333331,3.3965664619261857,0.3,-1.873035,1.452875,3.39292,0.666667,1.0,2.732736,-0.010291050000000017,0.10940294594349126,0.3
1769796228.134772,-1.9191099999999999,1.4456075333333331,3.459145639382389,0.3,-1.963525,1.426585,3.455752,0.666667,1.0,2.826968,-0.010300150000000015,0.1073939683126276,0.3
1769796228.15524,-1.9248886666666667,1.4367665,3.4626756029750143,0.3,-1.963525,1.426585,3.455752,0.666667,1.0,2.826968,-0.010186400000000016,0.10796516579371186,0.3
1769796228.175271,-1.9306836666666667,1.4366493666666666,3.45760297703968,0.3,-1.963525,1.426585,3.455752,0.666667,1.0,2.826968,-0.010057950000000017,0.10835467557246609,0.3
1769796228.195853,-1.9364933333333332,1.4365417999999999,3.459268380709864,0.3,-1.963525,1.426585,3.455752,0.666667,1.0,2.826968,-0.009948750000000017,0.111000820413098,0.3
1769796228.215805,-1.9423176666666666,1.4364575666666666,3.449057633931223,0.3,-1.963525,1.426585,3.455752,0.666667,1.0,2.826968,-0.009863700000000017,0.1120960077718439,0.3
1769796228.235824,-1.9481226666666664,1.4363987666666667,3.4528007528872044,0.3,-1.963525,1.426585,3.455752,0.666667,1.0,2.826968,-0.009805250000000015,0.11442387980522689,0.3
1769796228.257052,-1.9539013333333333,1.4363651666666666,3.446535948509566,0.3,-1.963525,1.426585,3.455752,0.666667,1.0,2.826968,-0.009772350000000016,0.11198503607601944,0.3
1769796228.276289,-1.9596613333333333,1.4363542,3.4643962963064676,0.3,-1.963525,1.426585,3.455752,0.666667,1.0,2.826968,-0.009762900000000015,0.11011563469061492,0.3
1769796228.296939,-1.9653956666666665,1.4363628333333331,3.4642474611996317,0.3,-1.963525,1.426585,3.455752,0.666667,1.0,2.826968,-0.009772350000000016,0.10825065169044118,0.3
1769796228.316799,-1.971107,1.4363884999999998,3.4575445465106083,0.3,-1.963525,1.426585,3.455752,0.666667,1.0,2.826968,-0.009798250000000015,0.11055263212433065,0.3
1769796228.336871,-1.9767903333333334,1.4364295666666667,3.4500454137031307,0.3,-1.963525,1.426585,3.455752,0.666667,1.0,2.826968,-0.009839900000000016,0.11198305222927597,0.3
1769796228.357377,-1.9824553333333332,1.4364850999999998,3.45480254056996,0.3,-1.963525,1.426585,3.455752,0.666667,1.0,2.826968,-0.009895550000000015,0.11173440038742592,0.3
1769796228.377408,-1.9881046666666666,1.4365541666666666,3.4578702575617086,0.3,-1.963525,1.426585,3.455752,0.666667,1.0,2.826968,-0.009964850000000015,0.11174163352929624,0.3
1769796228.397677,-1.99374,1.4366358333333336,3.4485516148519086,0.3,-1.963525,1.426585,3.455752,0.666667,1.0,2.826968,-0.010047100000000017,0.1116270059705571,0.3
1769796228.417691,-1.9993660000000002,1.4260765666666666,3.453775305922395,0.3,-1.963525,1.426585,3.455752,0.666667,1.0,2.826968,-0.010140550000000016,0.1122870694926575,0.3
1769796228.43778,-2.0049863333333335,1.4154718,3.5150464764291063,0.3,-2.052187,1.394665,3.518584,0.666667,1.0,2.921201,-0.010207050000000016,0.11174268494908779,0.3
1769796228.458034,-2.010597666666667,1.4047910833333332,3.5139100221133273,0.3,-2.052187,1.394665,3.518584,0.666667,1.0,2.921201,-0.010152800000000016,0.11372813125746939,0.3
1769796228.478686,-2.016195333333333,1.4046902833333335,3.5055496780721054,0.3,-2.052187,1.394665,3.518584,0.666667,1.0,2.921201,-0.010018400000000016,0.11337603631480227,0.3
1769796228.498953,-2.0217956666666663,1.4045764166666668,3.519275846085109,0.3,-2.052187,1.394665,3.518584,0.666667,1.0,2.921201,-0.009904650000000015,0.11205714169909907,0.3
1769796228.519099,-2.027401,1.4044829666666665,3.5242145898075465,0.3,-2.052187,1.394665,3.518584,0.666667,1.0,2.921201,-0.009811200000000016,0.11193253412633943,0.3
1769796228.539447,-2.0330103333333334,1.4044112166666667,3.508259773508663,0.3,-2.052187,1.394665,3.518584,0.666667,1.0,2.921201,-0.009738050000000015,0.11268119801206981,0.3
1769796228.560177,-2.038603333333333,1.4043619833333334,3.5162906127707267,0.3,-2.052187,1.394665,3.518584,0.666667,1.0,2.921201,-0.009689400000000016,0.11591825609078893,0.3
1769796228.580203,-2.0441776666666667,1.4043352666666669,3.505826141335232,0.3,-2.052187,1.394665,3.518584,0.666667,1.0,2.921201,-0.009663500000000016,0.1147676748272284,0.3
1769796228.600567,-2.049737,1.40432885,3.5157243110900263,0.3,-2.052187,1.394665,3.518584,0.666667,1.0,2.921201,-0.009657900000000014,0.11380427802691961,0.3
1769796228.620758,-2.0552829999999997,1.4043404,3.5222057435725795,0.3,-2.052187,1.394665,3.518584,0.666667,1.0,2.921201,-0.009670150000000016,0.10926383143929708,0.3
1769796228.640829,-2.0608176666666664,1.4043680500000002,3.532826270860967,0.3,-2.052187,1.394665,3.518584,0.666667,1.0,2.921201,-0.009698150000000016,0.10921928338854109,0.3
1769796228.661167,-2.066349666666667,1.4044101666666666,3.5154109493945622,0.3,-2.052187,1.394665,3.518584,0.666667,1.0,2.921201,-0.009740850000000016,0.11091776539282577,0.3
1769796228.681717,-2.0718816666666666,1.40446535,3.5111304015468714,0.3,-2.052187,1.394665,3.518584,0.666667,1.0,2.921201,-0.009796500000000015,0.11375405031617465,0.3
1769796228.701907,-2.0774156666666665,1.4045324333333333,3.5146497113208737,0.3,-2.052187,1.394665,3.518584,0.666667,1.0,2.921201,-0.009863700000000015,0.11421716092119716,0.3
1769796228.722088,-2.0829459999999997,1.4046108333333336,3.5112235357644273,0.3,-2.052187,1.394665,3.518584,0.666667,1.0,2.921201,-0.009942100000000016,0.11301509496896944,0.3
1769796228.742559,-2.0884743333333335,1.3921957833333334,3.5166963972602376,0.3,-2.052187,1.394665,3.518584,0.666667,1.0,2.921201,-0.010031700000000015,0.11476606988080744,0.3
1769796228.762934,-2.094003333333333,1.3797177333333333,3.5657239118498456,0.3,-2.138669,1.357241,3.581416,0.666667,1.0,3.015433,-0.010042550000000015,0.11285725464274038,0.3
1769796228.783107,-2.09769,1.3671851999999998,3.5855794771928293,0.3,-2.138669,1.357241,3.581416,0.666667,1.0,3.015433,-0.009931950000000016,0.11169287005744005,0.3
1769796228.783107,-2.101384,1.3671030666666664,3.5877299047720395,0.3,-2.138669,1.357241,3.581416,0.666667,1.0,3.015433,-0.0098581,0.10962678290903864,0.3
1769796228.803483,-2.105091,1.3670195333333333,3.579845234740254,0.3,-2.138669,1.357241,3.581416,0.666667,1.0,3.015433,-0.009796150000000017,0.10937641816710884,0.3
1769796228.823878,-2.110647333333333,1.3669299333333333,3.588835865644408,0.3,-2.138669,1.357241,3.581416,0.666667,1.0,3.015433,-0.009681350000000016,0.11103997846117253,0.3
1769796228.84375,-2.1161956666666666,1.3668392833333332,3.579630143007657,0.3,-2.138669,1.357241,3.581416,0.666667,1.0,3.015433,-0.009589300000000016,0.1131898021419107,0.3
1769796228.864153,-2.1217253333333335,1.3667733666666664,3.568849942655825,0.3,-2.138669,1.357241,3.581416,0.666667,1.0,3.015433,-0.009524200000000017,0.11476447549882124,0.3
1769796228.884093,-2.1272373333333334,1.3667321833333332,3.580772075502945,0.3,-2.138669,1.357241,3.581416,0.666667,1.0,3.015433,-0.009483600000000016,0.11488151201082693,0.3
1769796228.904649,-2.132733,1.3667138666666665,3.579792773935623,0.3,-2.138669,1.357241,3.581416,0.666667,1.0,3.015433,-0.009465750000000016,0.11298664359816175,0.3
1769796228.925649,-2.138211,1.3667165499999998,3.580603803131816,0.3,-2.138669,1.357241,3.581416,0.666667,1.0,3.015433,-0.009469250000000016,0.11250728015708078,0.3
1769796228.944964,-2.143673333333333,1.3667383666666666,3.583591906149431,0.3,-2.138669,1.357241,3.581416,0.666667,1.0,3.015433,-0.009491650000000015,0.11209418230635548,0.3
1769796228.965431,-2.149121666666667,1.3667774499999998,3.5818132110399747,0.3,-2.138669,1.357241,3.581416,0.666667,1.0,3.015433,-0.009531200000000016,0.11305088578762157,0.3
1769796228.985748,-2.154557,1.3668322833333333,3.5740428322442197,0.3,-2.138669,1.357241,3.581416,0.666667,1.0,3.015433,-0.009586500000000015,0.11474255302579012,0.3
1769796229.005822,-2.1599806666666668,1.3669014666666666,3.5722904027204194,0.3,-2.138669,1.357241,3.581416,0.666667,1.0,3.015433,-0.009656150000000016,0.11313926334737377,0.3
1769796229.025919,-2.1653936666666667,1.3669837166666665,3.589980099110473,0.3,-2.138669,1.357241,3.581416,0.666667,1.0,3.015433,-0.009738750000000016,0.11181149644741008,0.3
1769796229.046585,-2.1707970000000003,1.3528065666666667,3.5802821836440017,0.3,-2.138669,1.357241,3.581416,0.666667,1.0,3.015433,-0.009833250000000016,0.11107765018073806,0.3
1769796229.06706,-2.176191333333333,1.3385853166666666,3.6377776303204516,0.3,-2.222631,1.31446,3.644247,0.666667,1.0,3.109665,-0.009905700000000016,0.11320893497131403,0.3
1769796229.086913,-2.1815766666666665,1.3242863666666667,3.6392026403670172,0.3,-2.222631,1.31446,3.644247,0.666667,1.0,3.109665,-0.009856000000000016,0.11190989087081248,0.3
1769796229.107327,-2.1869516666666664,1.3241824166666667,3.651718398247011,0.3,-2.222631,1.31446,3.644247,0.666667,1.0,3.109665,-0.009717400000000017,0.11195774887158454,0.3
1769796229.127668,-2.192315333333333,1.3240607333333334,3.6396734323158193,0.3,-2.222631,1.31446,3.644247,0.666667,1.0,3.109665,-0.009593850000000017,0.11179633474567197,0.3
1769796229.147869,-2.1976626666666665,1.323959,3.6427264751224926,0.3,-2.222631,1.31446,3.644247,0.666667,1.0,3.109665,-0.009490950000000015,0.11308862263321214,0.3
1769796229.168001,-2.202987333333333,1.3238809500000002,3.64610107092177,0.3,-2.222631,1.31446,3.644247,0.666667,1.0,3.109665,-0.009412200000000016,0.11307542343703092,0.3
1769796229.188399,-2.2082853333333334,1.3238277500000002,3.6413916774929067,0.3,-2.222631,1.31446,3.644247,0.666667,1.0,3.109665,-0.009359700000000016,0.11179942421705143,0.3
1769796229.208699,-2.2135573333333336,1.323798,3.6514996704423694,0.3,-2.222631,1.31446,3.644247,0.666667,1.0,3.109665,-0.009331350000000016,0.11241553533895936,0.3
1769796229.228806,-2.218806666666667,1.3237889,3.6430291541903226,0.3,-2.222631,1.31446,3.644247,0.666667,1.0,3.109665,-0.009322950000000016,0.11147953708555568,0.3
1769796229.248973,-2.2240366666666667,1.3237976499999997,3.647198767013329,0.3,-2.222631,1.31446,3.644247,0.666667,1.0,3.109665,-0.009332400000000015,0.11328723884159293,0.3
1769796229.269241,-2.2292520000000002,1.3238218,3.640469709906146,0.3,-2.222631,1.31446,3.644247,0.666667,1.0,3.109665,-0.009357600000000015,0.11554146821246386,0.3
1769796229.289487,-2.234456666666667,1.3238594833333333,3.628996627965097,0.3,-2.222631,1.31446,3.644247,0.666667,1.0,3.109665,-0.009395400000000016,0.11700384286635113,0.3
1769796229.309708,-2.239649333333333,1.3239107,3.6376331690900052,0.3,-2.222631,1.31446,3.644247,0.666667,1.0,3.109665,-0.009445450000000015,0.11709587049579173,0.3
1769796229.329793,-2.2448296666666665,1.3239763833333333,3.638841994129502,0.3,-2.222631,1.31446,3.644247,0.666667,1.0,3.109665,-0.009511250000000016,0.11642627452571512,0.3
1769796229.350093,-2.2499983333333335,1.3240564166666668,3.631634853785557,0.3,-2.222631,1.31446,3.644247,0.666667,1.0,3.109665,-0.009592450000000016,0.11299155186916925,0.3
1769796229.37033,-2.2551583333333336,1.3081302,3.6565608050292804,0.3,-2.222631,1.31446,3.644247,0.666667,1.0,3.109665,-0.009685550000000015,0.11183551893549604,0.3
1769796229.390922,-2.260310666666667,1.29214145,3.707284741731541,0.3,-2.30374,1.266492,3.707079,0.666667,1.0,3.203897,-0.009700600000000016,0.11093740982154544,0.3
1769796229.411133,-2.2654520000000002,1.2760768666666664,3.69984325846926,0.3,-2.30374,1.266492,3.707079,0.666667,1.0,3.203897,-0.009594200000000016,0.11312002098987937,0.3
1769796229.431756,-2.270566666666667,1.2759584499999999,3.7078773880192766,0.3,-2.30374,1.266492,3.707079,0.666667,1.0,3.203897,-0.009459800000000016,0.11696543519529344,0.3
1769796229.451828,-2.2756496666666663,1.2758451666666666,3.686699006499057,0.3,-2.30374,1.266492,3.707079,0.666667,1.0,3.203897,-0.009345350000000016,0.1156499431854129,0.3
1769796229.471854,-2.2807063333333333,1.2757546333333334,3.7101151605285434,0.3,-2.30374,1.266492,3.707079,0.666667,1.0,3.203897,-0.009254350000000015,0.1174676786761546,0.3
1769796229.492093,-2.2857536666666665,1.2756874333333335,3.6988721750748264,0.3,-2.30374,1.266492,3.707079,0.666667,1.0,3.203897,-0.009188200000000016,0.11327209883594708,0.3
1769796229.51258,-2.2907976666666667,1.2756425166666667,3.713283685540302,0.3,-2.30374,1.266492,3.707079,0.666667,1.0,3.203897,-0.009143750000000016,0.11157110097206661,0.3
1769796229.53304,-2.2958396666666667,1.27561755,3.7212643977118263,0.3,-2.30374,1.266492,3.707079,0.666667,1.0,3.203897,-0.009119600000000016,0.11046188016768758,0.3
1769796229.553058,-2.300891333333333,1.2756099666666667,3.7060517999011005,0.3,-2.30374,1.266492,3.707079,0.666667,1.0,3.203897,-0.009113300000000015,0.11009212501638073,0.3
1769796229.573302,-2.3059526666666668,1.27561755,3.715661466448143,0.3,-2.30374,1.266492,3.707079,0.666667,1.0,3.203897,-0.009121000000000015,0.11414261041501735,0.3
1769796229.5939,-2.3110180000000002,1.2756400666666667,3.6968022353200065,0.3,-2.30374,1.266492,3.707079,0.666667,1.0,3.203897,-0.009142350000000016,0.11296571256722938,0.3
1769796229.613762,-2.316075666666667,1.2756786833333333,3.7126403369878282,0.3,-2.30374,1.266492,3.707079,0.666667,1.0,3.203897,-0.009180850000000016,0.11437030293656698,0.3
1769796229.634057,-2.3211223333333337,1.2757335166666666,3.7064229742321175,0.3,-2.30374,1.266492,3.707079,0.666667,1.0,3.203897,-0.009236850000000015,0.11268966126812739,0.3
1769796229.654715,-2.3261583333333333,1.2758028166666666,3.705734585330644,0.3,-2.30374,1.266492,3.707079,0.666667,1.0,3.203897,-0.009306850000000016,0.1141099126168358,0.3
1769796229.674986,-2.3311793333333335,1.2582261333333333,3.702663528895578,0.3,-2.30374,1.266492,3.707079,0.666667,1.0,3.203897,-0.009388750000000015,0.11379113108680312,0.3
1769796229.695242,-2.3361886666666667,1.2406138666666666,3.7695090134123137,0.3,-2.381678,1.213525,3.769911,0.666667,1.0,3.29813,-0.009473800000000015,0.1129816697065719,0.3
1769796229.715889,-2.341185,1.2229247166666666,3.7725119536120317,0.3,-2.381678,1.213525,3.769911,0.666667,1.0,3.29813,-0.009437050000000016,0.11450687148213005,0.3
1769796229.735967,-2.3461753333333335,1.2228225166666666,3.757047468242229,0.3,-2.381678,1.213525,3.769911,0.666667,1.0,3.29813,-0.009288300000000017,0.11551092903347386,0.3
1769796229.756111,-2.3511596666666663,1.2227021166666667,3.765630868104251,0.3,-2.381678,1.213525,3.769911,0.666667,1.0,3.29813,-0.009167200000000016,0.11702540615637258,0.3
1769796229.776414,-2.35614,1.2226062166666667,3.7659534908746393,0.3,-2.381678,1.213525,3.769911,0.666667,1.0,3.29813,-0.009075850000000017,0.11642266512131165,0.3
1769796229.796845,-2.361105,1.2225323666666668,3.7626778144525947,0.3,-2.381678,1.213525,3.769911,0.666667,1.0,3.29813,-0.009000600000000015,0.11728512094871678,0.3
1769796229.816996,-2.3660493333333332,1.2224788166666667,3.76200698313982,0.3,-2.381678,1.213525,3.769911,0.666667,1.0,3.29813,-0.008945650000000015,0.11675979897922624,0.3
1769796229.837191,-2.3709693333333335,1.2224473166666667,3.7702299726915824,0.3,-2.381678,1.213525,3.769911,0.666667,1.0,3.29813,-0.008915200000000015,0.11549690492183438,0.3
1769796229.857604,-2.375871,1.2224376333333333,3.770916678796946,0.3,-2.381678,1.213525,3.769911,0.666667,1.0,3.29813,-0.008906100000000016,0.1150928364148952,0.3
1769796229.877785,-2.380755666666667,1.2224474333333333,3.764634744181455,0.3,-2.381678,1.213525,3.769911,0.666667,1.0,3.29813,-0.008916600000000016,0.11375811870469242,0.3
1769796229.897905,-2.3856256666666664,1.22247485,3.7780324789527993,0.3,-2.381678,1.213525,3.769911,0.666667,1.0,3.29813,-0.008944600000000014,0.11344545853084946,0.3
1769796229.918073,-2.3904786666666666,1.2225183666666668,3.7722168898400037,0.3,-2.381678,1.213525,3.769911,0.666667,1.0,3.29813,-0.008988350000000015,0.11105119346292537,0.3
1769796229.938486,-2.395305,1.2225775166666668,3.7780864845889996,0.3,-2.381678,1.213525,3.769911,0.666667,1.0,3.29813,-0.009047150000000014,0.11118122970475251,0.3
1769796229.958975,-2.4001040000000002,1.2226519500000002,3.7760101115018365,0.3,-2.381678,1.213525,3.769911,0.666667,1.0,3.29813,-0.009122050000000017,0.1120604770316655,0.3
1769796229.978839,-2.4048789999999998,1.2227403833333332,3.7653783058785257,0.3,-2.381678,1.213525,3.769911,0.666667,1.0,3.29813,-0.009211650000000016,0.11499016944341132,0.3
1769796229.99932,-2.4096413333333335,1.2035628,3.7586512301185246,0.3,-2.381678,1.213525,3.769911,0.666667,1.0,3.29813,-0.009312450000000017,0.11545580518666367,0.3
1769796230.01973,-2.414388666666667,1.1843247833333332,3.834492547042322,0.3,-2.456136,1.15577,3.832743,0.666667,1.0,3.392362,-0.009344300000000017,0.11463090735213673,0.3
1769796230.039891,-2.419121,1.1650082499999999,3.832873042885687,0.3,-2.456136,1.15577,3.832743,0.666667,1.0,3.392362,-0.009252600000000017,0.1110025436113456,0.3
1769796230.060337,-2.423846,1.1648943833333332,3.8446156125632713,0.3,-2.456136,1.15577,3.832743,0.666667,1.0,3.392362,-0.009117850000000016,0.11150751393910463,0.3
1769796230.080384,-2.428563666666667,1.1647813333333332,3.833853925075768,0.3,-2.456136,1.15577,3.832743,0.666667,1.0,3.392362,-0.009002700000000016,0.11276597313129283,0.3
1769796230.100768,-2.433268,1.1646919666666666,3.827696337732558,0.3,-2.456136,1.15577,3.832743,0.666667,1.0,3.392362,-0.008913450000000017,0.11579289539556754,0.3
1769796230.120847,-2.4379453333333334,1.1646273333333335,3.828330778977623,0.3,-2.456136,1.15577,3.832743,0.666667,1.0,3.392362,-0.008849750000000016,0.11498436085207127,0.3
1769796230.141025,-2.4425946666666665,1.1645848666666667,3.8400624323367456,0.3,-2.456136,1.15577,3.832743,0.666667,1.0,3.392362,-0.008808800000000016,0.11271208453157507,0.3
1769796230.161748,-2.4472186666666667,1.1645617666666668,3.842221795655535,0.3,-2.456136,1.15577,3.832743,0.666667,1.0,3.392362,-0.008786050000000016,0.11120805878798813,0.3
1769796230.181837,-2.451821333333333,1.1645562833333332,3.8378400334391447,0.3,-2.456136,1.15577,3.832743,0.666667,1.0,3.392362,-0.008780450000000016,0.11466675938973114,0.3
1769796230.202116,-2.456407,1.1645678333333331,3.8194253787262875,0.3,-2.456136,1.15577,3.832743,0.666667,1.0,3.392362,-0.008792350000000015,0.1176390479019171,0.3
1769796230.222655,-2.460978,1.1645957166666665,3.8241455145824195,0.3,-2.456136,1.15577,3.832743,0.666667,1.0,3.392362,-0.008820700000000015,0.1174213438575849,0.3
1769796230.242914,-2.464020666666667,1.1646280333333332,3.838560707705138,0.3,-2.456136,1.15577,3.832743,0.666667,1.0,3.392362,-0.008864100000000015,0.11501604002990817,0.3
1769796230.242914,-2.467059666666666,1.1646609333333335,3.833178551692348,0.3,-2.456136,1.15577,3.832743,0.666667,1.0,3.392362,-0.0088893,0.1132497921763871,0.3
1769796230.263595,-2.4700973333333334,1.1647015333333333,3.834052101703546,0.3,-2.456136,1.15577,3.832743,0.666667,1.0,3.392362,-0.008919400000000015,0.11331732704084314,0.3
1769796230.283698,-2.474648333333333,1.1647600999999999,3.8373028985184017,0.3,-2.456136,1.15577,3.832743,0.666667,1.0,3.392362,-0.008985900000000015,0.11455552906022222,0.3
1769796230.303772,-2.4791883333333335,1.1648390833333335,3.8245194395760733,0.3,-2.456136,1.15577,3.832743,0.666667,1.0,3.392362,-0.009065000000000016,0.11293691106483716,0.3
1769796230.323861,-2.4837179999999996,1.14411435,3.842105159675856,0.3,-2.456136,1.15577,3.832743,0.666667,1.0,3.392362,-0.009156350000000016,0.11177790941005984,0.3
1769796230.344071,-2.488239333333333,1.12331355,3.906089308447066,0.3,-2.526821,1.093453,3.895575,0.666667,1.0,3.486594,-0.009128700000000017,0.11205862772611062,0.3
1769796230.364594,-2.4927566666666667,1.1024356333333334,3.886264929679769,0.3,-2.526821,1.093453,3.895575,0.666667,1.0,3.486594,-0.008979600000000016,0.1135001657768613,0.3
1769796230.384953,-2.4972673333333337,1.1022972666666666,3.8985051813713523,0.3,-2.526821,1.093453,3.895575,0.666667,1.0,3.486594,-0.008839600000000017,0.11782605461487687,0.3
1769796230.405388,-2.501771,1.1021722,3.8830396754189724,0.3,-2.526821,1.093453,3.895575,0.666667,1.0,3.486594,-0.008713600000000016,0.11648058599486659,0.3
1769796230.425689,-2.5062580000000003,1.1020653333333332,3.8969641413998306,0.3,-2.526821,1.093453,3.895575,0.666667,1.0,3.486594,-0.008604400000000016,0.11774253977146605,0.3
1769796230.445972,-2.510723666666667,1.1019819166666667,3.8931776587117555,0.3,-2.526821,1.093453,3.895575,0.666667,1.0,3.486594,-0.008519000000000016,0.11612148077945254,0.3
1769796230.466365,-2.515169333333333,1.1019273166666665,3.8945177793710535,0.3,-2.526821,1.093453,3.895575,0.666667,1.0,3.486594,-0.008463350000000015,0.11538637054159256,0.3
1769796230.48627,-2.5195966666666667,1.1019031666666665,3.9025214028269906,0.3,-2.526821,1.093453,3.895575,0.666667,1.0,3.486594,-0.008440600000000017,0.11505306303264184,0.3
1769796230.506857,-2.524005666666667,1.1019058499999999,3.8956846537654597,0.3,-2.526821,1.093453,3.895575,0.666667,1.0,3.486594,-0.008446550000000016,0.11316027709320624,0.3
1769796230.52681,-2.5283909999999996,1.1019298833333333,3.905818145007667,0.3,-2.526821,1.093453,3.895575,0.666667,1.0,3.486594,-0.008471400000000016,0.11387210201983507,0.3
1769796230.547051,-2.532753666666667,1.1019703666666665,3.8977457532672175,0.3,-2.526821,1.093453,3.895575,0.666667,1.0,3.486594,-0.008512700000000015,0.11285516564559446,0.3
1769796230.567612,-2.5370969999999997,1.10202555,3.9009361220109033,0.3,-2.526821,1.093453,3.895575,0.666667,1.0,3.486594,-0.008568000000000017,0.11348089565653069,0.3
1769796230.58765,-2.541423,1.1020943833333334,3.90090491494205,0.3,-2.526821,1.093453,3.895575,0.666667,1.0,3.486594,-0.008636950000000015,0.11289281418192988,0.3
1769796230.607842,-2.5457366666666665,1.1021768666666667,3.8998287421148223,0.3,-2.526821,1.093453,3.895575,0.666667,1.0,3.486594,-0.008719200000000017,0.11371423184745655,0.3
1769796230.628229,-2.5500403333333335,1.0800399333333333,3.8942754660177434,0.3,-2.526821,1.093453,3.895575,0.666667,1.0,3.486594,-0.008815450000000016,0.11332576753478023,0.3
1769796230.648585,-2.554335,1.0578492166666666,3.9645193008181074,0.3,-2.593453,1.026821,3.958407,0.666667,1.0,3.580827,-0.008858150000000016,0.11257605589037566,0.3
1769796230.668771,-2.5586186666666664,1.0355820833333333,3.9667400619812496,0.3,-2.593453,1.026821,3.958407,0.666667,1.0,3.580827,-0.008779050000000016,0.10957640474517666,0.3
1769796230.688697,-2.5628816666666663,1.03547265,3.976291172888937,0.3,-2.593453,1.026821,3.958407,0.666667,1.0,3.580827,-0.008646050000000016,0.11007712061824358,0.3
1769796230.709113,-2.567114666666667,1.0353583166666667,3.963813105579706,0.3,-2.593453,1.026821,3.958407,0.666667,1.0,3.580827,-0.008529850000000016,0.1100683740669192,0.3
1769796230.729481,-2.5713143333333335,1.0352652166666667,3.969193541289196,0.3,-2.593453,1.026821,3.958407,0.666667,1.0,3.580827,-0.008436050000000014,0.11320138961386833,0.3
1769796230.749886,-2.5754873333333332,1.0351959166666667,3.9594481796072425,0.3,-2.593453,1.026821,3.958407,0.666667,1.0,3.580827,-0.008366750000000017,0.11395878451104911,0.3
1769796230.769896,-2.5796386666666664,1.0351507666666666,3.960724036196621,0.3,-2.593453,1.026821,3.958407,0.666667,1.0,3.580827,-0.008321950000000015,0.11797663672166754,0.3
1769796230.789915,-2.5837689999999998,1.0351288333333335,3.9460345780254853,0.3,-2.593453,1.026821,3.958407,0.666667,1.0,3.580827,-0.008300600000000016,0.11717364532844948,0.3
1769796230.81053,-2.587877333333333,1.0351284833333334,3.964726727966551,0.3,-2.593453,1.026821,3.958407,0.666667,1.0,3.580827,-0.008300950000000015,0.11642149444499883,0.3
1769796230.830989,-2.591966333333333,1.0351477333333332,3.965244291497325,0.3,-2.593453,1.026821,3.958407,0.666667,1.0,3.580827,-0.008320900000000016,0.1147064870048125,0.3
1769796230.851067,-2.596032666666667,1.0351834333333334,3.9559203726666032,0.3,-2.593453,1.026821,3.958407,0.666667,1.0,3.580827,-0.008358350000000016,0.11432433125493809,0.3
1769796230.871369,-2.6000753333333333,1.0352316166666666,3.9662699624657973,0.3,-2.593453,1.026821,3.958407,0.666667,1.0,3.580827,-0.008408050000000016,0.11498045383893478,0.3
1769796230.891677,-2.6040946666666667,1.0352898333333334,3.960295705993345,0.3,-2.593453,1.026821,3.958407,0.666667,1.0,3.580827,-0.008465450000000017,0.11172556003860819,0.3
1769796230.911676,-2.608097,1.0353579666666668,3.9742271854685627,0.3,-2.593453,1.026821,3.958407,0.666667,1.0,3.580827,-0.008533000000000016,0.11135899439182506,0.3
1769796230.932378,-2.6120856666666668,1.0354371833333333,3.967038556346496,0.3,-2.593453,1.026821,3.958407,0.666667,1.0,3.580827,-0.008612450000000015,0.11033751985599376,0.3
1769796230.952013,-2.6160623333333333,1.01192545,3.964761003208333,0.3,-2.593453,1.026821,3.958407,0.666667,1.0,3.580827,-0.008703100000000016,0.11360756999921527,0.3
1769796230.972505,-2.620032,0.9883412666666667,4.016390284609233,0.3,-2.65577,0.956136,4.021239,0.666667,1.0,3.675059,-0.008682800000000015,0.11487183572835397,0.3
1769796230.993003,-2.6239916666666665,0.9646844,4.022757811971664,0.3,-2.65577,0.956136,4.021239,0.666667,1.0,3.675059,-0.008544900000000015,0.11339412273451653,0.3
1769796231.013456,-2.6279466666666664,0.96455875,4.038458481171357,0.3,-2.65577,0.956136,4.021239,0.666667,1.0,3.675059,-0.008417500000000015,0.11434621690456048,0.3
1769796231.034267,-2.631880666666667,0.9644473333333333,4.01331636958897,0.3,-2.65577,0.956136,4.021239,0.666667,1.0,3.675059,-0.008305850000000017,0.1146808346940222,0.3
1769796231.054276,-2.6357896666666663,0.9643548166666666,4.023089855234893,0.3,-2.65577,0.956136,4.021239,0.666667,1.0,3.675059,-0.008210650000000017,0.11826892353091191,0.3
1769796231.074728,-2.6396580000000003,0.9642849333333333,4.018872798150019,0.3,-2.65577,0.956136,4.021239,0.666667,1.0,3.675059,-0.008139950000000016,0.11684514312928462,0.3
1769796231.094885,-2.643492333333333,0.9642408333333333,4.0233266019987335,0.3,-2.65577,0.956136,4.021239,0.666667,1.0,3.675059,-0.008096200000000015,0.11549349834536522,0.3
1769796231.115557,-2.647299666666667,0.9642211166666667,4.03212582393841,0.3,-2.65577,0.956136,4.021239,0.666667,1.0,3.675059,-0.008078350000000015,0.1141801334488995,0.3
1769796231.135873,-2.6510903333333333,0.9642225166666666,4.027167037528813,0.3,-2.65577,0.956136,4.021239,0.666667,1.0,3.675059,-0.008080800000000016,0.11617081761927524,0.3
1769796231.155912,-2.6548700000000003,0.9642415333333334,4.011353096976479,0.3,-2.65577,0.956136,4.021239,0.666667,1.0,3.675059,-0.008100400000000015,0.11964413747598968,0.3
1769796231.176229,-2.658645333333333,0.96427525,4.010886554798123,0.3,-2.65577,0.956136,4.021239,0.666667,1.0,3.675059,-0.008135400000000015,0.12009078627376062,0.3
1769796231.196592,-2.662414666666667,0.9643218,4.023779094742188,0.3,-2.65577,0.956136,4.021239,0.666667,1.0,3.675059,-0.008181950000000016,0.1198862804882694,0.3
1769796231.216693,-2.6661763333333335,0.9643807166666667,4.011602581689426,0.3,-2.65577,0.956136,4.021239,0.666667,1.0,3.675059,-0.008240050000000016,0.11749536898745121,0.3
1769796231.236912,-2.669923333333333,0.9644524666666667,4.023994773803032,0.3,-2.65577,0.956136,4.021239,0.666667,1.0,3.675059,-0.008312150000000016,0.11786012624088145,0.3
1769796231.257205,-2.6736563333333336,0.9397039499999998,4.020083801221606,0.3,-2.65577,0.956136,4.021239,0.666667,1.0,3.675059,-0.008397200000000016,0.11457684008717776,0.3
1769796231.277502,-2.6773756666666664,0.9149095833333334,4.0926461486116485,0.3,-2.713525,0.881678,4.08407,0.666667,1.0,3.769291,-0.008452500000000016,0.11598433533847004,0.3
1769796231.297723,-2.6810786666666666,0.8900399666666666,4.077856502295279,0.3,-2.713525,0.881678,4.08407,0.666667,1.0,3.769291,-0.008387050000000017,0.11783608018727139,0.3
1769796231.318172,-2.684766666666667,0.88992855,4.072860282128798,0.3,-2.713525,0.881678,4.08407,0.666667,1.0,3.769291,-0.008246350000000017,0.11996014880684447,0.3
1769796231.338677,-2.6884346666666663,0.8898010333333333,4.08224148689421,0.3,-2.713525,0.881678,4.08407,0.666667,1.0,3.769291,-0.008118250000000016,0.11982409467474775,0.3
1769796231.358775,-2.6920789999999997,0.8896914833333334,4.081350677087859,0.3,-2.713525,0.881678,4.08407,0.666667,1.0,3.769291,-0.008004500000000015,0.11881810810291311,0.3
1769796231.378784,-2.695693,0.8896052666666666,4.081196751559806,0.3,-2.713525,0.881678,4.08407,0.666667,1.0,3.769291,-0.007917700000000015,0.11767602681409679,0.3
1769796231.398986,-2.699276333333333,0.8895464666666667,4.090904524627108,0.3,-2.713525,0.881678,4.08407,0.666667,1.0,3.769291,-0.007859600000000015,0.11682470494909662,0.3
1769796231.419582,-2.7028323333333333,0.88951415,4.08769340827786,0.3,-2.713525,0.881678,4.08407,0.666667,1.0,3.769291,-0.007828100000000015,0.1184510880428122,0.3
1769796231.439917,-2.706364,0.8895060999999999,4.072117102997512,0.3,-2.713525,0.881678,4.08407,0.666667,1.0,3.769291,-0.007820750000000015,0.1208874905554412,0.3
1769796231.460097,-2.709875333333333,0.8895198666666667,4.076455159551334,0.3,-2.713525,0.881678,4.08407,0.666667,1.0,3.769291,-0.007835450000000016,0.12208945097951773,0.3
1769796231.480237,-2.713369,0.8895531166666667,4.080192545733401,0.3,-2.713525,0.881678,4.08407,0.666667,1.0,3.769291,-0.007869400000000016,0.11962636652551474,0.3
1769796231.500617,-2.7168433333333333,0.8896046833333333,4.08619735972153,0.3,-2.713525,0.881678,4.08407,0.666667,1.0,3.769291,-0.007920500000000018,0.11849045167175613,0.3
1769796231.520775,-2.720299666666667,0.8896737499999999,4.082187748673886,0.3,-2.713525,0.881678,4.08407,0.666667,1.0,3.769291,-0.007990150000000015,0.11804888453066131,0.3
1769796231.540878,-2.7237373333333337,0.88975915,4.08139154857997,0.3,-2.713525,0.881678,4.08407,0.666667,1.0,3.769291,-0.008076600000000017,0.11979726024865091,0.3
1769796231.561127,-2.727159333333333,0.88985855,4.0739137054135925,0.3,-2.713525,0.881678,4.08407,0.666667,1.0,3.769291,-0.008176700000000016,0.12153075619240944,0.3
1769796231.581576,-2.730567,0.8639559833333333,4.069699373011335,0.3,-2.713525,0.881678,4.08407,0.666667,1.0,3.769291,-0.008288350000000017,0.12195038764828586,0.3
1769796231.602606,-2.7339613333333332,0.8379854,4.140093659844712,0.3,-2.766492,0.80374,4.146902,0.666667,1.0,3.863523,-0.008306900000000016,0.11992548721256145,0.3
1769796231.621982,-2.737342,0.811937,4.148711358027939,0.3,-2.766492,0.80374,4.146902,0.666667,1.0,3.863523,-0.008202950000000014,0.11856254997211789,0.3
1769796231.642158,-2.7407016666666664,0.8118269833333334,4.142159396453996,0.3,-2.766492,0.80374,4.146902,0.666667,1.0,3.863523,-0.008081150000000016,0.11603547562620531,0.3
1769796231.662638,-2.7440350000000002,0.8117250166666666,4.157566455920187,0.3,-2.766492,0.80374,4.146902,0.666667,1.0,3.863523,-0.007976850000000016,0.11585384456711116,0.3
1769796231.682723,-2.7473376666666667,0.8116455666666668,4.151942444382504,0.3,-2.766492,0.80374,4.146902,0.666667,1.0,3.863523,-0.007897050000000017,0.11658423102830368,0.3
1769796231.702996,-2.750609666666667,0.8115902666666667,4.139445527686841,0.3,-2.766492,0.80374,4.146902,0.666667,1.0,3.863523,-0.007842800000000016,0.1179680539771399,0.3
1769796231.723076,-2.7527806666666663,0.8115579500000001,4.15042481822717,0.3,-2.766492,0.80374,4.146902,0.666667,1.0,3.863523,-0.007810950000000016,0.12001650924592683,0.3
1769796231.723076,-2.754934,0.8115437166666667,4.140330362769783,0.3,-2.766492,0.80374,4.146902,0.666667,1.0,3.863523,-0.0078001,0.11842240159145516,0.3
1769796231.743444,-2.757074333333333,0.8115437166666667,4.149309073613671,0.3,-2.766492,0.80374,4.146902,0.666667,1.0,3.863523,-0.0078001,0.11809590811943638,0.3
1769796231.763784,-2.760275666666667,0.8115574833333333,4.152383779059282,0.3,-2.766492,0.80374,4.146902,0.666667,1.0,3.863523,-0.007810950000000016,0.11891853926539868,0.3
1769796231.784266,-2.7634586666666667,0.8115868833333333,4.135105475894009,0.3,-2.766492,0.80374,4.146902,0.666667,1.0,3.863523,-0.007841400000000016,0.11981099381389419,0.3
1769796231.804851,-2.7666230000000005,0.8116333166666667,4.143336946322698,0.3,-2.766492,0.80374,4.146902,0.666667,1.0,3.863523,-0.007888300000000015,0.11967497147402044,0.3
1769796231.824968,-2.7697673333333337,0.8116943333333334,4.152224813098525,0.3,-2.766492,0.80374,4.146902,0.666667,1.0,3.863523,-0.007950250000000016,0.11599580357751117,0.3
1769796231.845246,-2.772892666666667,0.8117680666666667,4.155899133273064,0.3,-2.766492,0.80374,4.146902,0.666667,1.0,3.863523,-0.008024450000000016,0.11703189119500845,0.3
1769796231.865698,-2.7760003333333336,0.8118533499999999,4.1355720206177145,0.3,-2.766492,0.80374,4.146902,0.666667,1.0,3.863523,-0.008109500000000016,0.1153704461117339,0.3
1769796231.885884,-2.7790963333333334,0.7849029999999999,4.160402533598172,0.3,-2.766492,0.80374,4.146902,0.666667,1.0,3.863523,-0.008206100000000015,0.11803302644675279,0.3
1769796231.905887,-2.7821836666666666,0.7579083166666667,4.200950001262951,0.3,-2.81446,0.722631,4.209734,0.666667,1.0,3.957756,-0.008282400000000016,0.11673740710759628,0.3
1769796231.925909,-2.7852630000000005,0.7308344166666667,4.205303086652654,0.3,-2.81446,0.722631,4.209734,0.666667,1.0,3.957756,-0.008234450000000015,0.1191101774732089,0.3
1769796231.946215,-2.7883289999999996,0.7307284833333334,4.209786811404497,0.3,-2.81446,0.722631,4.209734,0.666667,1.0,3.957756,-0.008093400000000014,0.11863643345257129,0.3
1769796231.966746,-2.791373666666667,0.7306006166666666,4.206017065386777,0.3,-2.81446,0.722631,4.209734,0.666667,1.0,3.957756,-0.007964600000000016,0.11923434929394432,0.3
1769796231.986799,-2.79439,0.73048885,4.2044007916044155,0.3,-2.81446,0.722631,4.209734,0.666667,1.0,3.957756,-0.007850850000000015,0.12089721988482083,0.3
1769796232.006902,-2.7973693333333336,0.7304004166666666,4.202156687859238,0.3,-2.81446,0.722631,4.209734,0.666667,1.0,3.957756,-0.007758100000000015,0.12085578643297201,0.3
1769796232.027009,-2.8003139999999997,0.73034045,4.20812276609787,0.3,-2.81446,0.722631,4.209734,0.666667,1.0,3.957756,-0.007699300000000015,0.11924001866039048,0.3
1769796232.04748,-2.803229,0.7303076666666667,4.215354698239905,0.3,-2.81446,0.722631,4.209734,0.666667,1.0,3.957756,-0.007670950000000015,0.11743427128034663,0.3
1769796232.067879,-2.8061220000000002,0.7302967000000001,4.213679622139501,0.3,-2.81446,0.722631,4.209734,0.666667,1.0,3.957756,-0.0076597500000000155,0.11926340704054555,0.3
1769796232.088127,-2.8089929999999996,0.7303041666666666,4.197378251536676,0.3,-2.81446,0.722631,4.209734,0.666667,1.0,3.957756,-0.007666400000000015,0.11837214221431998,0.3
1769796232.108643,-2.811841333333333,0.7303305333333333,4.220545487197258,0.3,-2.81446,0.722631,4.209734,0.666667,1.0,3.957756,-0.0076933500000000155,0.1200360324605322,0.3
1769796232.128734,-2.8146686666666665,0.7303750999999999,4.203142580662227,0.3,-2.81446,0.722631,4.209734,0.666667,1.0,3.957756,-0.007738850000000015,0.11772089385951562,0.3
1769796232.149009,-2.8174770000000002,0.730436,4.210333183142776,0.3,-2.81446,0.722631,4.209734,0.666667,1.0,3.957756,-0.007800100000000015,0.11721053192525001,0.3
1769796232.169449,-2.820268,0.7305116000000001,4.222328758802852,0.3,-2.81446,0.722631,4.209734,0.666667,1.0,3.957756,-0.007876050000000016,0.11637511530116029,0.3
1769796232.18991,-2.8230426666666664,0.7306012000000001,4.206567480406766,0.3,-2.81446,0.722631,4.209734,0.666667,1.0,3.957756,-0.007965650000000015,0.11799588929262732,0.3
1769796232.209829,-2.825803,0.7026877166666669,4.198726939193974,0.3,-2.81446,0.722631,4.209734,0.666667,1.0,3.957756,-0.008068900000000016,0.12071473667790933,0.3
1769796232.22994,-2.8285493333333336,0.6747128666666667,4.26729682449116,0.3,-2.857241,0.638669,4.272566,0.666667,1.0,4.051988,-0.008097600000000017,0.11911997812160431,0.3
1769796232.250708,-2.8312796666666666,0.6466616000000002,4.278705881744596,0.3,-2.857241,0.638669,4.272566,0.666667,1.0,4.051988,-0.008003100000000016,0.11706361677270068,0.3
1769796232.271756,-2.833987,0.6465511166666666,4.275239707287396,0.3,-2.857241,0.638669,4.272566,0.666667,1.0,4.051988,-0.007877100000000015,0.11570407702818415,0.3
1769796232.291093,-2.8366636666666665,0.6464413333333333,4.277774212958259,0.3,-2.857241,0.638669,4.272566,0.666667,1.0,4.051988,-0.007766150000000016,0.11815414203058493,0.3
1769796232.311664,-2.8393053333333333,0.6463520833333334,4.266310941730191,0.3,-2.857241,0.638669,4.272566,0.666667,1.0,4.051988,-0.007673750000000016,0.12068154932889719,0.3
1769796232.331671,-2.841912,0.6462874500000001,4.261949513497522,0.3,-2.857241,0.638669,4.272566,0.666667,1.0,4.051988,-0.0076093500000000164,0.12200283508482258,0.3
1769796232.35179,-2.8444873333333334,0.6462498833333336,4.2712037984227065,0.3,-2.857241,0.638669,4.272566,0.666667,1.0,4.051988,-0.0075722500000000165,0.12216524631670005,0.3
1769796232.372308,-2.8470343333333332,0.6462375166666668,4.266125374338927,0.3,-2.857241,0.638669,4.272566,0.666667,1.0,4.051988,-0.007561050000000016,0.11985172584373782,0.3
1769796232.392288,-2.8495563333333336,0.6462468500000002,4.276090336335296,0.3,-2.857241,0.638669,4.272566,0.666667,1.0,4.051988,-0.0075722500000000165,0.11964153042129701,0.3
1769796232.412732,-2.8520563333333335,0.6462738,4.272268970957351,0.3,-2.857241,0.638669,4.272566,0.666667,1.0,4.051988,-0.007600250000000017,0.1161038107985951,0.3
1769796232.432797,-2.8545370000000005,0.6463150999999999,4.286785742075138,0.3,-2.857241,0.638669,4.272566,0.666667,1.0,4.051988,-0.0076419000000000166,0.1156249362921209,0.3
1769796232.452901,-2.856999666666667,0.6463694666666667,4.278096283374141,0.3,-2.857241,0.638669,4.272566,0.666667,1.0,4.051988,-0.007696150000000016,0.11737407501792511,0.3
1769796232.473248,-2.8594426666666664,0.6464367833333334,4.260632438602526,0.3,-2.857241,0.638669,4.272566,0.666667,1.0,4.051988,-0.007763350000000016,0.11951182791845218,0.3
1769796232.493584,-2.861867333333333,0.64651705,4.272545574671976,0.3,-2.857241,0.638669,4.272566,0.666667,1.0,4.051988,-0.007843850000000017,0.1191261353178551,0.3
1769796232.5141,-2.8642796666666666,0.6177836333333334,4.278724838977723,0.3,-2.857241,0.638669,4.272566,0.666667,1.0,4.051988,-0.007936950000000016,0.11749821616910071,0.3
1769796232.534321,-2.8666846666666665,0.5890208166666667,4.331259703495052,0.3,-2.894665,0.552187,4.335398,0.666667,1.0,4.14622,-0.008045100000000017,0.11682878194479286,0.3
1769796232.554653,-2.8690803333333332,0.5601853166666667,4.338039330017822,0.3,-2.894665,0.552187,4.335398,0.666667,1.0,4.14622,-0.008037400000000017,0.11941403365274296,0.3
1769796232.575054,-2.871458,0.56010435,4.326216828730022,0.3,-2.894665,0.552187,4.335398,0.666667,1.0,4.14622,-0.007912450000000015,0.11967011423816593,0.3
1769796232.595177,-2.8738093333333334,0.5599949166666667,4.331423519982514,0.3,-2.894665,0.552187,4.335398,0.666667,1.0,4.14622,-0.007802200000000016,0.12290890645623598,0.3
1769796232.615678,-2.876129666666667,0.5599042666666666,4.320904676709402,0.3,-2.894665,0.552187,4.335398,0.666667,1.0,4.14622,-0.007709100000000016,0.12302699189846444,0.3
1769796232.635822,-2.878418,0.5598361333333334,4.327411966076651,0.3,-2.894665,0.552187,4.335398,0.666667,1.0,4.14622,-0.007640500000000016,0.12285129378368514,0.3
1769796232.655963,-2.8806783333333335,0.5597921499999999,4.33390850867119,0.3,-2.894665,0.552187,4.335398,0.666667,1.0,4.14622,-0.007597800000000016,0.11909795586947038,0.3
1769796232.67636,-2.8829116666666668,0.5597712666666667,4.344348354194691,0.3,-2.894665,0.552187,4.335398,0.666667,1.0,4.14622,-0.007577150000000016,0.11821898291112831,0.3
1769796232.696741,-2.885124,0.5597709166666666,4.333124353826704,0.3,-2.894665,0.552187,4.335398,0.666667,1.0,4.14622,-0.007577850000000016,0.11940895377915384,0.3
1769796232.717051,-2.8873146666666667,0.5597883,4.3267760334630365,0.3,-2.894665,0.552187,4.335398,0.666667,1.0,4.14622,-0.007596750000000016,0.12172535176997651,0.3
1769796232.737927,-2.889488333333333,0.5598206166666667,4.330084916249755,0.3,-2.894665,0.552187,4.335398,0.666667,1.0,4.14622,-0.007629300000000016,0.11975703491424804,0.3
1769796232.757918,-2.8916423333333334,0.5598662333333334,4.3442556049610745,0.3,-2.894665,0.552187,4.335398,0.666667,1.0,4.14622,-0.007674800000000016,0.11820220214904009,0.3
1769796232.77778,-2.8937779999999997,0.5599250333333333,4.335147080054284,0.3,-2.894665,0.552187,4.335398,0.666667,1.0,4.14622,-0.007733600000000016,0.11587742332726031,0.3
1769796232.797928,-2.8958953333333333,0.5599967833333332,4.342798789180433,0.3,-2.894665,0.552187,4.335398,0.666667,1.0,4.14622,-0.007805700000000017,0.11695217494310883,0.3
1769796232.818099,-2.8979956666666666,0.5600809,4.336300345265983,0.3,-2.894665,0.552187,4.335398,0.666667,1.0,4.14622,-0.007890050000000016,0.11624465846066968,0.3
1769796232.838764,-2.9000796666666666,0.53060075,4.337625728948919,0.3,-2.894665,0.552187,4.335398,0.666667,1.0,4.14622,-0.007985950000000016,0.11892775361250389,0.3
1769796232.858821,-2.9021486666666667,0.5010654166666667,4.387981368269428,0.3,-2.926585,0.463525,4.39823,0.666667,1.0,4.240452,-0.008027250000000017,0.11977277516665519,0.3
1769796232.878953,-2.904199,0.4714532,4.393670215941076,0.3,-2.926585,0.463525,4.39823,0.666667,1.0,4.240452,-0.007946050000000017,0.11884524332860041,0.3
1769796232.899364,-2.9062246666666667,0.47134225,4.407245469977248,0.3,-2.926585,0.463525,4.39823,0.666667,1.0,4.240452,-0.007811300000000017,0.11775020157948322,0.3
1769796232.919756,-2.9082163333333333,0.47122710000000007,4.396881568764131,0.3,-2.926585,0.463525,4.39823,0.666667,1.0,4.240452,-0.007694400000000016,0.11644019298361602,0.3
1769796232.93997,-2.9101743333333334,0.4711334166666667,4.403948417516279,0.3,-2.926585,0.463525,4.39823,0.666667,1.0,4.240452,-0.007600600000000016,0.1162754831838088,0.3
1769796232.960225,-2.9121,0.4710624833333334,4.410201078776091,0.3,-2.926585,0.463525,4.39823,0.666667,1.0,4.240452,-0.007530250000000016,0.11669861523684429,0.3
1769796232.980419,-2.913997666666667,0.47101441666666677,4.395832376445918,0.3,-2.926585,0.463525,4.39823,0.666667,1.0,4.240452,-0.007481600000000017,0.11804943345902032,0.3
1769796233.000776,-2.9158666666666666,0.47098851666666675,4.396852908183223,0.3,-2.926585,0.463525,4.39823,0.666667,1.0,4.240452,-0.0074564000000000175,0.12236468687927622,0.3
1769796233.020811,-2.9177063333333333,0.47098455,4.384853458254556,0.3,-2.926585,0.463525,4.39823,0.666667,1.0,4.240452,-0.007452550000000018,0.1223584322280689,0.3
1769796233.04111,-2.9195196666666665,0.4710011166666667,4.395953204353162,0.3,-2.926585,0.463525,4.39823,0.666667,1.0,4.240452,-0.0074697000000000175,0.12083325803309719,0.3
1769796233.061483,-2.92131,0.47103600000000007,4.405656053353053,0.3,-2.926585,0.463525,4.39823,0.666667,1.0,4.240452,-0.007506100000000017,0.11857824694732937,0.3
1769796233.08174,-2.923083,0.47108651666666673,4.397650974769163,0.3,-2.926585,0.463525,4.39823,0.666667,1.0,4.240452,-0.0075572000000000165,0.11870173950973595,0.3
1769796233.101896,-2.9248399999999997,0.4711503333333334,4.394151398978723,0.3,-2.926585,0.463525,4.39823,0.666667,1.0,4.240452,-0.007621250000000017,0.11913584851557713,0.3
1769796233.122427,-2.9265806666666667,0.4712266333333333,4.401711249318006,0.3,-2.926585,0.463525,4.39823,0.666667,1.0,4.240452,-0.0076975500000000165,0.11950775322805235,0.3
1769796233.143006,-2.9283040000000002,0.47131530000000005,4.3938172464943115,0.3,-2.926585,0.463525,4.39823,0.666667,1.0,4.240452,-0.007786100000000016,0.11919593832508847,0.3
1769796233.162964,-2.9294466666666668,0.4713963833333334,4.394160288396506,0.3,-2.926585,0.463525,4.39823,0.666667,1.0,4.240452,-0.007887250000000016,0.12014030889955518,0.3
1769796233.162964,-2.930578666666667,0.4412656,4.394342275871206,0.3,-2.926585,0.463525,4.39823,0.666667,1.0,4.240452,-0.0079408,0.11851365519449035,0.3
1769796233.183254,-2.9316999999999998,0.4110586333333333,4.465725618724701,0.3,-2.952875,0.373035,4.461062,0.666667,1.0,4.334685,-0.007883750000000016,0.11968342626234935,0.3
1769796233.203717,-2.933374,0.38078913333333336,4.450889961989352,0.3,-2.952875,0.373035,4.461062,0.666667,1.0,4.334685,-0.007756350000000016,0.11749496136430698,0.3
1769796233.223726,-2.9350270000000003,0.3806633666666667,4.47253456525946,0.3,-2.952875,0.373035,4.461062,0.666667,1.0,4.334685,-0.007622300000000017,0.11841142473057337,0.3
1769796233.243921,-2.9366556666666668,0.38055031666666667,4.462867938527102,0.3,-2.952875,0.373035,4.461062,0.666667,1.0,4.334685,-0.007506450000000017,0.11780313480876453,0.3
1769796233.264289,-2.938252666666667,0.3804617666666667,4.456913751520205,0.3,-2.952875,0.373035,4.461062,0.666667,1.0,4.334685,-0.007417200000000017,0.12091219426968781,0.3
1769796233.284703,-2.939816,0.38040005,4.4557397584939205,0.3,-2.952875,0.373035,4.461062,0.666667,1.0,4.334685,-0.007356650000000017,0.12220536608505632,0.3
1769796233.304985,-2.941345,0.38036353333333334,4.456404957634891,0.3,-2.952875,0.373035,4.461062,0.666667,1.0,4.334685,-0.007321300000000017,0.12235511036450948,0.3
1769796233.325214,-2.942842666666667,0.3803490666666667,4.456782135843486,0.3,-2.952875,0.373035,4.461062,0.666667,1.0,4.334685,-0.007307650000000017,0.1212841331649163,0.3
1769796233.345749,-2.9443136666666665,0.38035385000000005,4.4624694216914795,0.3,-2.952875,0.373035,4.461062,0.666667,1.0,4.334685,-0.007313250000000018,0.11777226465998958,0.3
1769796233.36566,-2.94576,0.38037648333333335,4.477375718664452,0.3,-2.952875,0.373035,4.461062,0.666667,1.0,4.334685,-0.0073356500000000165,0.11679285176452482,0.3
1769796233.386055,-2.947186,0.38041720000000007,4.462183313216275,0.3,-2.952875,0.373035,4.461062,0.666667,1.0,4.334685,-0.007375550000000017,0.11575688061600307,0.3
1769796233.406504,-2.9485930000000002,0.38047611666666664,4.46783019858261,0.3,-2.952875,0.373035,4.461062,0.666667,1.0,4.334685,-0.0074354000000000165,0.1175813581652656,0.3
1769796233.426762,-2.949983,0.3805517166666667,4.4651916033688765,0.3,-2.952875,0.373035,4.461062,0.666667,1.0,4.334685,-0.007512400000000016,0.11759211702226686,0.3
1769796233.446815,-2.951356,0.3806413166666667,4.460531160074267,0.3,-2.952875,0.373035,4.461062,0.666667,1.0,4.334685,-0.007602350000000016,0.11903136411948002,0.3
1769796233.467109,-2.9527146666666666,0.3500750666666667,4.457313115999331,0.3,-2.952875,0.373035,4.461062,0.666667,1.0,4.334685,-0.007704200000000017,0.11995169904020431,0.3
1769796233.487823,-2.954061,0.3194613333333333,4.520650843844531,0.3,-2.973431,0.281072,4.523893,0.666667,1.0,4.428917,-0.007776650000000017,0.12131406735092713,0.3
1769796233.508081,-2.955395333333333,0.28876815000000006,4.51433535020993,0.3,-2.973431,0.281072,4.523893,0.666667,1.0,4.428917,-0.007724150000000016,0.12157005059908488,0.3
1769796233.528237,-2.9567116666666666,0.28866455,4.519424066510385,0.3,-2.973431,0.281072,4.523893,0.666667,1.0,4.428917,-0.007587650000000017,0.12051736607649953,0.3
1769796233.548367,-2.958002,0.28854426666666666,4.529142550980043,0.3,-2.973431,0.281072,4.523893,0.666667,1.0,4.428917,-0.007465850000000017,0.11796120687800138,0.3
1769796233.568588,-2.959259,0.2884431166666666,4.532198255400919,0.3,-2.973431,0.281072,4.523893,0.666667,1.0,4.428917,-0.007363300000000017,0.11779603269291576,0.3
1769796233.588898,-2.9604813333333335,0.2883653,4.522539261620898,0.3,-2.973431,0.281072,4.523893,0.666667,1.0,4.428917,-0.007284200000000017,0.11894812547305882,0.3
1769796233.609209,-2.9616703333333336,0.2883132666666667,4.523864144299185,0.3,-2.973431,0.281072,4.523893,0.666667,1.0,4.428917,-0.007232400000000017,0.11980612238312667,0.3
1769796233.629072,-2.962828333333333,0.28828666666666664,4.528142973940512,0.3,-2.973431,0.281072,4.523893,0.666667,1.0,4.428917,-0.007207200000000016,0.11993273605514569,0.3
1769796233.649281,-2.963957,0.28828258333333334,4.522338179588784,0.3,-2.973431,0.281072,4.523893,0.666667,1.0,4.428917,-0.007204400000000017,0.12087712720635463,0.3
1769796233.669832,-2.965059,0.28829774999999996,4.518283547391931,0.3,-2.973431,0.281072,4.523893,0.666667,1.0,4.428917,-0.007220150000000017,0.12099760841409864,0.3
1769796233.690127,-2.966137,0.2883296,4.527101586694048,0.3,-2.973431,0.281072,4.523893,0.666667,1.0,4.428917,-0.007252700000000016,0.11967142374171269,0.3
1769796233.710437,-2.967193333333334,0.2883765,4.5296264376231,0.3,-2.973431,0.281072,4.523893,0.666667,1.0,4.428917,-0.007299950000000017,0.11867277015264129,0.3
1769796233.730629,-2.968230333333333,0.28843705,4.52329056892636,0.3,-2.973431,0.281072,4.523893,0.666667,1.0,4.428917,-0.007360850000000018,0.11944265257483415,0.3
1769796233.750849,-2.969249333333334,0.2885102,4.521210742160891,0.3,-2.973431,0.281072,4.523893,0.666667,1.0,4.428917,-0.0074343500000000175,0.11887803309564059,0.3
1769796233.771452,-2.9702513333333336,0.28859525,4.531478004498261,0.3,-2.973431,0.281072,4.523893,0.666667,1.0,4.428917,-0.007519400000000018,0.1165748654478121,0.3
1769796233.791778,-2.971237,0.2576309833333334,4.535323524813331,0.3,-2.973431,0.281072,4.523893,0.666667,1.0,4.428917,-0.007616000000000017,0.11748655995349318,0.3
1769796233.812174,-2.9722073333333334,0.2265967166666667,4.577318175126805,0.3,-2.988172,0.188,4.586725,0.666667,1.0,4.523149,-0.007613550000000017,0.11805080410047507,0.3
1769796233.832257,-2.9731590000000003,0.19548580000000002,4.59114013961637,0.3,-2.988172,0.188,4.586725,0.666667,1.0,4.523149,-0.007488600000000017,0.11935864633351756,0.3
1769796233.852567,-2.9740793333333335,0.19536306666666667,4.592133721415076,0.3,-2.988172,0.188,4.586725,0.666667,1.0,4.523149,-0.007355250000000016,0.11714758547512967,0.3
1769796233.872895,-2.9749603333333337,0.19525456666666666,4.593161940277132,0.3,-2.988172,0.188,4.586725,0.666667,1.0,4.523149,-0.007245350000000017,0.11751559302714225,0.3
1769796233.892924,-2.975801,0.19517150000000003,4.591210594304295,0.3,-2.988172,0.188,4.586725,0.666667,1.0,4.523149,-0.007163100000000016,0.1189686297018306,0.3
1769796233.913328,-2.9766093333333337,0.19511351666666668,4.5851599013669455,0.3,-2.988172,0.188,4.586725,0.666667,1.0,4.523149,-0.0071060500000000165,0.11976746072206003,0.3
1769796233.933693,-2.9773906666666665,0.19507781666666668,4.589586604155755,0.3,-2.988172,0.188,4.586725,0.666667,1.0,4.523149,-0.007071400000000017,0.12010516556346869,0.3
1769796233.95414,-2.978146666666667,0.19506183333333335,4.589934065255843,0.3,-2.988172,0.188,4.586725,0.666667,1.0,4.523149,-0.007056000000000017,0.11847655139815372,0.3
1769796233.974447,-2.9788793333333334,0.19506405000000002,4.595267236358835,0.3,-2.988172,0.188,4.586725,0.666667,1.0,4.523149,-0.007058100000000017,0.11875914666009535,0.3
1769796233.994742,-2.9795886666666664,0.1950833,4.587844482584106,0.3,-2.988172,0.188,4.586725,0.666667,1.0,4.523149,-0.007078050000000016,0.11912014074612465,0.3
1769796234.014896,-2.980276333333333,0.19511841666666666,4.587363850739667,0.3,-2.988172,0.188,4.586725,0.666667,1.0,4.523149,-0.007113750000000018,0.11999986426373195,0.3
1769796234.034827,-2.9809436666666667,0.195168,4.589251445253192,0.3,-2.988172,0.188,4.586725,0.666667,1.0,4.523149,-0.007163450000000017,0.1197744889309244,0.3
1769796234.05531,-2.9815923333333334,0.19523088333333335,4.588155484580951,0.3,-2.988172,0.188,4.586725,0.666667,1.0,4.523149,-0.007226800000000017,0.12029370260952366,0.3
1769796234.075852,-2.9822236666666666,0.19530625000000001,4.582928018668071,0.3,-2.988172,0.188,4.586725,0.666667,1.0,4.523149,-0.007302400000000016,0.1234011406877877,0.3
1769796234.095763,-2.9828390000000002,0.16411646666666668,4.569024116783607,0.3,-2.988172,0.188,4.586725,0.666667,1.0,4.523149,-0.007389550000000017,0.12324141233434104,0.3
1769796234.116234,-2.983439333333333,0.13288853333333336,4.65023330470163,0.3,-2.99704,0.094186,4.649557,0.666667,1.0,4.617382,-0.007471450000000017,0.12279500871664985,0.3
1769796234.136576,-2.984022,0.10158476666666667,4.647527040374218,0.3,-2.99704,0.094186,4.649557,0.666667,1.0,4.617382,-0.007432600000000017,0.11879157942523776,0.3
1769796234.156786,-2.9845813333333333,0.10148478333333334,4.656557792532079,0.3,-2.99704,0.094186,4.649557,0.666667,1.0,4.617382,-0.0072922500000000175,0.11885213590924504,0.3
1769796234.177096,-2.98511,0.10136555000000003,4.6519696157975865,0.3,-2.99704,0.094186,4.649557,0.666667,1.0,4.617382,-0.007171500000000017,0.12105151470176691,0.3
1769796234.196913,-2.985604,0.10126953333333337,4.636834667619087,0.3,-2.99704,0.094186,4.649557,0.666667,1.0,4.617382,-0.007074900000000018,0.12346620919811173,0.3
1769796234.21733,-2.9860633333333326,0.10119860000000003,4.6440859755540105,0.3,-2.99704,0.094186,4.649557,0.666667,1.0,4.617382,-0.007004200000000017,0.12364711000815572,0.3
1769796234.237519,-2.98649,0.10115205000000001,4.6523738109373225,0.3,-2.99704,0.094186,4.649557,0.666667,1.0,4.617382,-0.006958700000000017,0.12317685630034825,0.3
1769796234.25781,-2.986887,0.1011279,4.640633739865931,0.3,-2.99704,0.094186,4.649557,0.666667,1.0,4.617382,-0.006935250000000018,0.12178711821131445,0.3
1769796234.278613,-2.987258,0.10112381666666669,4.652931554088213,0.3,-2.99704,0.094186,4.649557,0.666667,1.0,4.617382,-0.006931750000000017,0.12112579537928632,0.3
1769796234.298268,-2.987605666666667,0.1011378166666667,4.656427497929491,0.3,-2.99704,0.094186,4.649557,0.666667,1.0,4.617382,-0.006946450000000016,0.11789702412350817,0.3
1769796234.318718,-2.987932333333333,0.10116815000000003,4.6597123674006005,0.3,-2.99704,0.094186,4.649557,0.666667,1.0,4.617382,-0.006977250000000016,0.11766904385382597,0.3
1769796234.338804,-2.9882386666666663,0.10121318333333336,4.653662435706306,0.3,-2.99704,0.094186,4.649557,0.666667,1.0,4.617382,-0.007022750000000017,0.11909479342041647,0.3
1769796234.359363,-2.9885260000000002,0.10127163333333337,4.646927300529948,0.3,-2.99704,0.094186,4.649557,0.666667,1.0,4.617382,-0.007081550000000017,0.12280724935695582,0.3
1769796234.380552,-2.9887953333333335,0.10134245000000003,4.636210181781364,0.3,-2.99704,0.094186,4.649557,0.666667,1.0,4.617382,-0.007152600000000017,0.12376228066699761,0.3
1769796234.399822,-2.9890480000000004,0.10142493333333336,4.646445097846056,0.3,-2.99704,0.094186,4.649557,0.666667,1.0,4.617382,-0.007235200000000016,0.12431978671661188,0.3
1769796234.420174,-2.989285333333333,0.07009866666666668,4.641850114232263,0.3,-2.99704,0.094186,4.649557,0.666667,1.0,4.617382,-0.007329000000000017,0.12019782575523863,0.3
1769796234.440657,-2.9895073333333335,0.03871453333333335,4.722323547549604,0.3,-3.0,0.0,4.712389,0.666667,1.0,4.711614,-0.007359800000000017,0.11951175837035309,0.3
1769796234.460812,-2.9897080000000003,0.007254916666666683,4.713158302155369,0.3,-3.0,0.0,4.712389,0.666667,1.0,4.711614,-0.007268800000000016,0.11763279546471844,0.3
1769796234.480832,-2.9898786666666664,0.007144666666666684,4.717305841666071,0.3,-3.0,0.0,4.712389,0.666667,1.0,4.711614,-0.0071361500000000164,0.11915224591339513,0.3
1769796234.501011,-2.990013,0.007037916666666683,4.715522094857544,0.3,-3.0,0.0,4.712389,0.666667,1.0,4.711614,-0.007029050000000017,0.12004542052842254,0.3
1769796234.521506,-2.9901106666666664,0.006956716666666683,4.710041004465205,0.3,-3.0,0.0,4.712389,0.666667,1.0,4.711614,-0.006948550000000017,0.12185485097998068,0.3
1769796234.541867,-2.990175333333333,0.006899900000000017,4.708154458956722,0.3,-3.0,0.0,4.712389,0.666667,1.0,4.711614,-0.006892550000000016,0.1235212132038244,0.3
1769796234.562033,-2.99021,0.0068651333333333495,4.706717071514482,0.3,-3.0,0.0,4.712389,0.666667,1.0,4.711614,-0.006858600000000017,0.12600730568057705,0.3
1769796234.582245,-2.990218,0.006850200000000017,4.695854549604689,0.3,-3.0,0.0,4.712389,0.666667,1.0,4.711614,-0.006844250000000017,0.12500729309172806,0.3
1769796234.602656,-2.9902013333333333,0.006853233333333351,4.714468134489816,0.3,-3.0,0.0,4.712389,0.666667,1.0,4.711614,-0.006847750000000017,0.12402449567620244,0.3
1769796234.623026,-2.9901823333333333,0.006865716666666678,4.7125501560076355,0.3,-3.0,0.0,4.712389,0.666667,1.0,4.711614,-0.0068677000000000165,0.12180382348249436,0.3
1769796234.623026,-2.9901486666666663,0.006884150000000012,4.708916432766937,0.3,-3.0,0.0,4.712389,0.666667,1.0,4.711614,-0.006881699999999999,0.12250574415461722,0.3
1769796234.643629,-2.9901016666666664,0.006912383333333344,4.709869510457079,0.3,-3.0,0.0,4.712389,0.666667,1.0,4.711614,-0.0069030500000000165,0.12437297192512159,0.3
1769796234.664006,-2.990021,0.006957066666666684,4.700753889384609,0.3,-3.0,0.0,4.712389,0.666667,1.0,4.711614,-0.0069524000000000166,0.12379689977300297,0.3
1769796234.683801,-2.9899210000000003,0.007020300000000017,4.711434515679649,0.3,-3.0,0.0,4.712389,0.666667,1.0,4.711614,-0.007015750000000017,0.1254976402285375,0.3
1769796234.703929,-2.9898023333333335,0.007096833333333351,4.698337167723872,0.3,-3.0,0.0,4.712389,0.666667,1.0,4.711614,-0.007092750000000017,0.12342077871977246,0.3
1769796234.724564,-2.9896663333333335,-0.024212166666666656,4.711607858437199,0.3,-3.0,0.0,4.712389,0.666667,1.0,4.711614,-0.0071820000000000165,0.12285300614975292,0.3
1769796234.744953,-2.989514,-0.055556166666666656,4.775860151099766,0.3,-2.99704,-0.094186,4.775221,0.666667,1.0,4.805846,-0.007274750000000017,0.11920717404872216,0.3
1769796234.764953,-2.9893463333333337,-0.0869767,4.7819661603300565,0.3,-2.99704,-0.094186,4.775221,0.666667,1.0,4.805846,-0.007246750000000017,0.11744906834933323,0.3
1769796234.785304,-2.989159666666667,-0.08707411666666666,4.785517692633533,0.3,-2.99704,-0.094186,4.775221,0.666667,1.0,4.805846,-0.007106400000000017,0.11954717633703725,0.3
1769796234.805739,-2.9889466666666666,-0.08719545,4.765317253173542,0.3,-2.99704,-0.094186,4.775221,0.666667,1.0,4.805846,-0.0069825000000000165,0.11911717460158117,0.3
1769796234.826078,-2.9886993333333334,-0.0872945,4.787094170742793,0.3,-2.99704,-0.094186,4.775221,0.666667,1.0,4.805846,-0.006882750000000017,0.12062401358317988,0.3
1769796234.84636,-2.988415666666667,-0.08736870000000001,4.778556708743941,0.3,-2.99704,-0.094186,4.775221,0.666667,1.0,4.805846,-0.006809250000000017,0.11957766990257984,0.3
1769796234.86689,-2.9880976666666665,-0.08741863333333333,4.7731535152571425,0.3,-2.99704,-0.094186,4.775221,0.666667,1.0,4.805846,-0.006759900000000017,0.12035166103649804,0.3
1769796234.886942,-2.9877486666666666,-0.08744628333333332,4.783498823939284,0.3,-2.99704,-0.094186,4.775221,0.666667,1.0,4.805846,-0.006732950000000017,0.12212706833341029,0.3
1769796234.907063,-2.9873713333333334,-0.08745363333333332,4.7684849149624675,0.3,-2.99704,-0.094186,4.775221,0.666667,1.0,4.805846,-0.006726300000000017,0.12264715404404548,0.3
1769796234.92765,-2.9869683333333334,-0.08744266666666667,4.770187350993331,0.3,-2.99704,-0.094186,4.775221,0.666667,1.0,4.805846,-0.006737850000000017,0.12294998209771606,0.3
1769796234.948713,-2.986542333333334,-0.08741501666666666,4.78145155561726,0.3,-2.99704,-0.094186,4.775221,0.666667,1.0,4.805846,-0.006765850000000016,0.1223960228712367,0.3
1769796234.967946,-2.986095666666667,-0.08737196666666665,4.7712280203213435,0.3,-2.99704,-0.094186,4.775221,0.666667,1.0,4.805846,-0.006809250000000017,0.12131978827886807,0.3
1769796234.988211,-2.9856293333333332,-0.08731456666666666,4.775740708547543,0.3,-2.99704,-0.094186,4.775221,0.666667,1.0,4.805846,-0.006867000000000017,0.12354519299757045,0.3
1769796235.008738,-2.985144,-0.08724375,4.766893727305046,0.3,-2.99704,-0.094186,4.775221,0.666667,1.0,4.805846,-0.006938050000000017,0.12199836661313435,0.3
1769796235.0289,-2.984641,-0.08716056666666666,4.77902182862796,0.3,-2.99704,-0.094186,4.775221,0.666667,1.0,4.805846,-0.007021700000000016,0.12031633678239466,0.3
1769796235.049007,-2.984121666666667,-0.11835244999999998,4.784086037531981,0.3,-2.99704,-0.094186,4.775221,0.666667,1.0,4.805846,-0.007116550000000017,0.1186877174225258,0.3
1769796235.069516,-2.983587333333333,-0.1495926333333333,4.837828993464259,0.3,-2.988172,-0.188,4.838053,0.666667,1.0,4.900078,-0.007176400000000017,0.12039955996580427,0.3
1769796235.089775,-2.9830353333333335,-0.18090888333333333,4.8309286233682895,0.3,-2.988172,-0.188,4.838053,0.666667,1.0,4.900078,-0.007115150000000018,0.12116327915238623,0.3
1769796235.109854,-2.982458333333333,-0.18101108333333335,4.84327897241249,0.3,-2.988172,-0.188,4.838053,0.666667,1.0,4.900078,-0.006981800000000017,0.12114145689672089,0.3
1769796235.129876,-2.9818486666666666,-0.18112156666666668,4.8401061269982515,0.3,-2.988172,-0.188,4.838053,0.666667,1.0,4.900078,-0.006869800000000017,0.12230696899374889,0.3
1769796235.150058,-2.9812006666666666,-0.18120813333333333,4.826255700786121,0.3,-2.988172,-0.188,4.838053,0.666667,1.0,4.900078,-0.0067837000000000175,0.12428055674623577,0.3
1769796235.170524,-2.980515333333333,-0.18127055,4.833255345897569,0.3,-2.988172,-0.188,4.838053,0.666667,1.0,4.900078,-0.006722100000000017,0.12149810971371115,0.3
1769796235.190645,-2.9797956666666665,-0.18131033333333332,4.858111559193399,0.3,-2.988172,-0.188,4.838053,0.666667,1.0,4.900078,-0.006682550000000017,0.11908960693500255,0.3
1769796235.210875,-2.9790469999999996,-0.1813292333333333,4.841542167458373,0.3,-2.988172,-0.188,4.838053,0.666667,1.0,4.900078,-0.006664350000000017,0.11918038292190185,0.3
1769796235.230928,-2.9782733333333336,-0.18132876666666667,4.833107589976173,0.3,-2.988172,-0.188,4.838053,0.666667,1.0,4.900078,-0.006665400000000016,0.12302100979711506,0.3
1769796235.251264,-2.977477,-0.18131068333333333,4.83505799794212,0.3,-2.988172,-0.188,4.838053,0.666667,1.0,4.900078,-0.006683950000000017,0.12296515497741405,0.3
1769796235.271737,-2.9766593333333335,-0.18127649999999998,4.841497546376579,0.3,-2.988172,-0.188,4.838053,0.666667,1.0,4.900078,-0.006718600000000017,0.12224914750178917,0.3
1769796235.292029,-2.9758223333333333,-0.18122738333333333,4.836685784829922,0.3,-2.988172,-0.188,4.838053,0.666667,1.0,4.900078,-0.006767950000000017,0.12069812506586801,0.3
1769796235.312137,-2.974967,-0.18116449999999998,4.843332682557647,0.3,-2.988172,-0.188,4.838053,0.666667,1.0,4.900078,-0.006831300000000018,0.12215308272831349,0.3
1769796235.332684,-2.974095,-0.1810887833333333,4.831447250401906,0.3,-2.988172,-0.188,4.838053,0.666667,1.0,4.900078,-0.0069072500000000175,0.12029082652730694,0.3
1769796235.353087,-2.9732066666666666,-0.18100116666666666,4.846269272035961,0.3,-2.988172,-0.188,4.838053,0.666667,1.0,4.900078,-0.006995100000000016,0.1203049884194702,0.3
1769796235.3733,-2.9723036666666665,-0.21196263333333332,4.8414077612046675,0.3,-2.988172,-0.188,4.838053,0.666667,1.0,4.900078,-0.007094150000000016,0.11890414533905143,0.3
1769796235.393819,-2.9713863333333332,-0.2429939833333333,4.901371108884418,0.3,-2.973431,-0.281072,4.900885,0.666667,1.0,4.994311,-0.007094850000000016,0.1207611769371635,0.3
1769796235.414263,-2.970451666666667,-0.2741019833333333,4.898113432447288,0.3,-2.973431,-0.281072,4.900885,0.666667,1.0,4.994311,-0.006973050000000017,0.12086346974748612,0.3
1769796235.433943,-2.969492666666667,-0.27422215,4.905390004342731,0.3,-2.973431,-0.281072,4.900885,0.666667,1.0,4.994311,-0.006842150000000017,0.12146036472738346,0.3
1769796235.454358,-2.9685013333333337,-0.2743287833333333,4.900313239005034,0.3,-2.973431,-0.281072,4.900885,0.666667,1.0,4.994311,-0.006734350000000017,0.12288853497046708,0.3
1769796235.474726,-2.9674739999999997,-0.2744105666666667,4.891783710988786,0.3,-2.973431,-0.281072,4.900885,0.666667,1.0,4.994311,-0.006653150000000017,0.12363019283380207,0.3
1769796235.494874,-2.9664110000000004,-0.27446773333333335,4.902657507162721,0.3,-2.973431,-0.281072,4.900885,0.666667,1.0,4.994311,-0.006596800000000017,0.12430713161397033,0.3
1769796235.515384,-2.965317333333333,-0.2745023833333333,4.897452106324025,0.3,-2.973431,-0.281072,4.900885,0.666667,1.0,4.994311,-0.006562850000000017,0.12129833225830566,0.3
1769796235.535595,-2.964198,-0.2745165,4.910564157122774,0.3,-2.973431,-0.281072,4.900885,0.666667,1.0,4.994311,-0.006549200000000017,0.11963710903757163,0.3
1769796235.555764,-2.9630566666666667,-0.2745118333333333,4.912921296487125,0.3,-2.973431,-0.281072,4.900885,0.666667,1.0,4.994311,-0.006554450000000017,0.11936817445684289,0.3
1769796235.576102,-2.9618960000000008,-0.27449071666666663,4.898967713808397,0.3,-2.973431,-0.281072,4.900885,0.666667,1.0,4.994311,-0.006576850000000017,0.12187860350494713,0.3
1769796235.596269,-2.9607170000000003,-0.27445525,4.895058132834149,0.3,-2.973431,-0.281072,4.900885,0.666667,1.0,4.994311,-0.006612550000000017,0.12220215727809562,0.3
1769796235.618287,-2.9595206666666667,-0.27440648333333334,4.910235173848235,0.3,-2.973431,-0.281072,4.900885,0.666667,1.0,4.994311,-0.006660850000000017,0.12088816977854129,0.3
1769796235.636826,-2.958306,-0.27434429999999993,4.905827538805723,0.3,-2.973431,-0.281072,4.900885,0.666667,1.0,4.994311,-0.006723150000000016,0.12112098367588779,0.3
1769796235.657166,-2.9570736666666666,-0.2742687,4.89235539945007,0.3,-2.973431,-0.281072,4.900885,0.666667,1.0,4.994311,-0.006799100000000016,0.12418765571282231,0.3
1769796235.677665,-2.9558249999999995,-0.3048432333333333,4.890247541626628,0.3,-2.973431,-0.281072,4.900885,0.666667,1.0,4.994311,-0.006887650000000016,0.12537368771198013,0.3
1769796235.698021,-2.9545616666666668,-0.3354583666666667,4.959866546810776,0.3,-2.952875,-0.373035,4.963716,0.666667,1.0,5.088543,-0.006962550000000017,0.12445953296274008,0.3
1769796235.718703,-2.953281666666667,-0.36614909999999995,4.95984812794551,0.3,-2.952875,-0.373035,4.963716,0.666667,1.0,5.088543,-0.006916700000000017,0.11907174034571173,0.3
1769796235.738789,-2.951980333333333,-0.36624978333333336,4.986169697328798,0.3,-2.952875,-0.373035,4.963716,0.666667,1.0,5.088543,-0.0067784500000000174,0.11820967529992382,0.3
1769796235.758806,-2.950651333333333,-0.36636621666666663,4.9671532870855035,0.3,-2.952875,-0.373035,4.963716,0.666667,1.0,5.088543,-0.006660500000000017,0.11823074588688805,0.3
1769796235.778958,-2.94929,-0.3664592,4.962166804423725,0.3,-2.952875,-0.373035,4.963716,0.666667,1.0,5.088543,-0.006567400000000017,0.12278616614917737,0.3
1769796235.799274,-2.9478946666666666,-0.3665279166666667,4.960789825755062,0.3,-2.952875,-0.373035,4.963716,0.666667,1.0,5.088543,-0.006499500000000017,0.12567955918215096,0.3
1769796235.819872,-2.9464653333333337,-0.3665737666666667,4.951235978887662,0.3,-2.952875,-0.373035,4.963716,0.666667,1.0,5.088543,-0.006454350000000017,0.12555152543076978,0.3
1769796235.839953,-2.945005333333333,-0.36659896666666664,4.963897856932012,0.3,-2.952875,-0.373035,4.963716,0.666667,1.0,5.088543,-0.0064298500000000165,0.12559133604209097,0.3
1769796235.860451,-2.9435179999999996,-0.3666056166666667,4.961080162087135,0.3,-2.952875,-0.373035,4.963716,0.666667,1.0,5.088543,-0.006423900000000017,0.12285862341992553,0.3
1769796235.880471,-2.9420070000000003,-0.36659558333333336,4.967771904620655,0.3,-2.952875,-0.373035,4.963716,0.666667,1.0,5.088543,-0.006434400000000017,0.12315840801690041,0.3
1769796235.900708,-2.940473666666666,-0.36657026666666664,4.9618884493501625,0.3,-2.952875,-0.373035,4.963716,0.666667,1.0,5.088543,-0.006459950000000016,0.12492402676067954,0.3
1769796235.920982,-2.938919,-0.3665307166666667,4.94995479962446,0.3,-2.952875,-0.373035,4.963716,0.666667,1.0,5.088543,-0.006499850000000017,0.12720130134839389,0.3
1769796235.941315,-2.937343,-0.36647798333333337,4.953277707094369,0.3,-2.952875,-0.373035,4.963716,0.666667,1.0,5.088543,-0.006553050000000017,0.12592418319259194,0.3
1769796235.961775,-2.9357469999999997,-0.3664127666666667,4.968443758284974,0.3,-2.952875,-0.373035,4.963716,0.666667,1.0,5.088543,-0.006618150000000017,0.12468567151490086,0.3
1769796235.981883,-2.9341329999999997,-0.3663353,4.956016319690606,0.3,-2.952875,-0.373035,4.963716,0.666667,1.0,5.088543,-0.006695500000000017,0.12185160447074417,0.3
1769796236.001864,-2.932503,-0.3964317833333333,4.968655309359309,0.3,-2.952875,-0.373035,4.963716,0.666667,1.0,5.088543,-0.0067854500000000175,0.1243497375431926,0.3
1769796236.022133,-2.930858333333333,-0.42658345000000003,5.014883109850284,0.3,-2.926585,-0.463525,5.026548,0.666667,1.0,5.182775,-0.006818700000000017,0.12298889174699157,0.3
1769796236.042483,-2.929188333333333,-0.45680955,5.026768394467813,0.3,-2.926585,-0.463525,5.026548,0.666667,1.0,5.182775,-0.006730500000000016,0.12549779365916133,0.3
1769796236.062795,-2.9274833333333334,-0.4569196833333333,5.017751997886291,0.3,-2.926585,-0.463525,5.026548,0.666667,1.0,5.182775,-0.006597150000000017,0.12236849157131074,0.3
1769796236.083031,-2.9257376666666666,-0.45702935,5.035971722377387,0.3,-2.926585,-0.463525,5.026548,0.666667,1.0,5.182775,-0.006488300000000017,0.12389598992100803,0.3
1769796236.103137,-2.924560666666667,-0.4571071666666667,5.019906404369629,0.3,-2.926585,-0.463525,5.026548,0.666667,1.0,5.182775,-0.006401500000000017,0.12245794942437165,0.3
1769796236.103137,-2.923363333333333,-0.4571569833333333,5.028014390866109,0.3,-2.926585,-0.463525,5.026548,0.666667,1.0,5.182775,-0.0063637,0.12356194813223854,0.3
1769796236.123574,-2.9221463333333335,-0.45719058333333334,5.030393880130186,0.3,-2.926585,-0.463525,5.026548,0.666667,1.0,5.182775,-0.006338850000000017,0.12124456243622216,0.3
1769796236.14383,-2.920308,-0.4572173,5.034516318545728,0.3,-2.926585,-0.463525,5.026548,0.666667,1.0,5.182775,-0.006300700000000018,0.12064436203890154,0.3
1769796236.163961,-2.9184439999999996,-0.4572350333333333,5.0321766432500326,0.3,-2.926585,-0.463525,5.026548,0.666667,1.0,5.182775,-0.006283550000000017,0.12304519077602984,0.3
1769796236.184199,-2.916556,-0.4572332833333333,5.016361307707416,0.3,-2.926585,-0.463525,5.026548,0.666667,1.0,5.182775,-0.006285650000000017,0.12225025081730857,0.3
1769796236.204552,-2.9146456666666665,-0.4572135666666666,5.039249208298055,0.3,-2.926585,-0.463525,5.026548,0.666667,1.0,5.182775,-0.006305950000000017,0.1238320268185062,0.3
1769796236.224749,-2.912714,-0.45717705000000003,5.022271937242847,0.3,-2.926585,-0.463525,5.026548,0.666667,1.0,5.182775,-0.006342700000000017,0.12296000032890834,0.3
1769796236.245018,-2.910763333333333,-0.4571246666666667,5.020826616645003,0.3,-2.926585,-0.463525,5.026548,0.666667,1.0,5.182775,-0.0063952000000000175,0.12516129622722946,0.3
1769796236.265392,-2.9087943333333333,-0.45705711666666665,5.024941382908128,0.3,-2.926585,-0.463525,5.026548,0.666667,1.0,5.182775,-0.006463100000000017,0.12320778339544565,0.3
1769796236.286073,-2.9068086666666666,-0.45697556666666667,5.03257446423355,0.3,-2.926585,-0.463525,5.026548,0.666667,1.0,5.182775,-0.0065453500000000175,0.12151938485315296,0.3
1769796236.305887,-2.9048103333333337,-0.4864364666666667,5.029244457898759,0.3,-2.926585,-0.463525,5.026548,0.666667,1.0,5.182775,-0.006639850000000017,0.12035900510780499,0.3
1769796236.32635,-2.902802666666666,-0.5159302666666666,5.092780561380216,0.3,-2.894665,-0.552187,5.08938,0.666667,1.0,5.277008,-0.0067424000000000164,0.12108751559101018,0.3
1769796236.346671,-2.900786,-0.5454996666666666,5.089771201334319,0.3,-2.894665,-0.552187,5.08938,0.666667,1.0,5.277008,-0.006725950000000017,0.12192261507829548,0.3
1769796236.366979,-2.8987533333333335,-0.5455890333333333,5.087389260975048,0.3,-2.894665,-0.552187,5.08938,0.666667,1.0,5.277008,-0.006593650000000017,0.12161522861841813,0.3
1769796236.386966,-2.896695,-0.5457072166666667,5.09650158013948,0.3,-2.894665,-0.552187,5.08938,0.666667,1.0,5.277008,-0.006474300000000018,0.12276601442878471,0.3
1769796236.407248,-2.8946023333333337,-0.5458076666666666,5.085348336472119,0.3,-2.894665,-0.552187,5.08938,0.666667,1.0,5.277008,-0.006371400000000017,0.12161771740437849,0.3
1769796236.427824,-2.892474333333333,-0.5458857166666666,5.096388493121485,0.3,-2.894665,-0.552187,5.08938,0.666667,1.0,5.277008,-0.006292300000000016,0.12430857809445806,0.3
1769796236.447989,-2.890314666666667,-0.5459390333333333,5.081995465999003,0.3,-2.894665,-0.552187,5.08938,0.666667,1.0,5.277008,-0.006240150000000017,0.12264387300974362,0.3
1769796236.46854,-2.8881296666666665,-0.5459686666666667,5.096456216980406,0.3,-2.894665,-0.552187,5.08938,0.666667,1.0,5.277008,-0.006211450000000018,0.12299334181363734,0.3
1769796236.488828,-2.8859219999999994,-0.5459774166666667,5.094913980298123,0.3,-2.894665,-0.552187,5.08938,0.666667,1.0,5.277008,-0.006203400000000017,0.12228353889555997,0.3
1769796236.508909,-2.883694333333333,-0.5459676166666666,5.086438033507467,0.3,-2.894665,-0.552187,5.08938,0.666667,1.0,5.277008,-0.006213900000000017,0.12530869673983971,0.3
1769796236.529361,-2.881447666666667,-0.5459410166666667,5.0780994699147275,0.3,-2.894665,-0.552187,5.08938,0.666667,1.0,5.277008,-0.0062408500000000165,0.12647551405379634,0.3
1769796236.549628,-2.879182666666667,-0.5458986666666666,5.087354476414383,0.3,-2.894665,-0.552187,5.08938,0.666667,1.0,5.277008,-0.0062832000000000165,0.12701938646320896,0.3
1769796236.569839,-2.8769000000000005,-0.5458413833333333,5.082285449050992,0.3,-2.894665,-0.552187,5.08938,0.666667,1.0,5.277008,-0.006340950000000017,0.1245102634589625,0.3
1769796236.589788,-2.8746003333333334,-0.5457703333333332,5.091951257940206,0.3,-2.894665,-0.552187,5.08938,0.666667,1.0,5.277008,-0.006412700000000017,0.1236880734921018,0.3
1769796236.609879,-2.8722836666666667,-0.5456872666666666,5.090795566215547,0.3,-2.894665,-0.552187,5.08938,0.666667,1.0,5.277008,-0.006496350000000017,0.12166792612863286,0.3
1769796236.630094,-2.86995,-0.5744378333333333,5.092661933231805,0.3,-2.894665,-0.552187,5.08938,0.666667,1.0,5.277008,-0.006590150000000017,0.1248202614720495,0.3
1769796236.650514,-2.867601,-0.6032393833333333,5.1342571458797055,0.3,-2.857241,-0.638669,5.152212,0.666667,1.0,5.37124,-0.006643000000000017,0.12563667422196353,0.3
1769796236.670886,-2.865235,-0.6321175833333333,5.148187639716062,0.3,-2.857241,-0.638669,5.152212,0.666667,1.0,5.37124,-0.006573700000000017,0.12465841147455169,0.3
1769796236.691162,-2.8628553333333335,-0.6322242166666667,5.162431709716276,0.3,-2.857241,-0.638669,5.152212,0.666667,1.0,5.37124,-0.006437550000000017,0.12144482017446882,0.3
1769796236.71178,-2.8604566666666664,-0.6323373833333333,5.155777993680203,0.3,-2.857241,-0.638669,5.152212,0.666667,1.0,5.37124,-0.006323100000000016,0.11990628704436124,0.3
1769796236.731824,-2.8580313333333334,-0.6324271000000001,5.159795338496708,0.3,-2.857241,-0.638669,5.152212,0.666667,1.0,5.37124,-0.006234200000000017,0.1212140746638075,0.3
1769796236.752208,-2.8555616666666666,-0.632495,5.156469033999598,0.3,-2.857241,-0.638669,5.152212,0.666667,1.0,5.37124,-0.0061684000000000174,0.12290386421978526,0.3
1769796236.772785,-2.853048,-0.6325435333333335,5.147065156344336,0.3,-2.857241,-0.638669,5.152212,0.666667,1.0,5.37124,-0.006119400000000017,0.12390203206995626,0.3
1769796236.792922,-2.850498333333334,-0.63257305,5.154825531395682,0.3,-2.857241,-0.638669,5.152212,0.666667,1.0,5.37124,-0.006088600000000017,0.12457405976383129,0.3
1769796236.813007,-2.8479243333333337,-0.6325826166666667,5.153056717836348,0.3,-2.857241,-0.638669,5.152212,0.666667,1.0,5.37124,-0.006079850000000018,0.12349927974679581,0.3
1769796236.833323,-2.845328,-0.6325725833333333,5.153714736446549,0.3,-2.857241,-0.638669,5.152212,0.666667,1.0,5.37124,-0.0060907000000000175,0.1230575074851798,0.3
1769796236.853798,-2.8427113333333334,-0.6325448166666667,5.157265464965378,0.3,-2.857241,-0.638669,5.152212,0.666667,1.0,5.37124,-0.006118700000000017,0.12243841375824656,0.3
1769796236.873872,-2.840074,-0.6325003666666666,5.1561881801979474,0.3,-2.857241,-0.638669,5.152212,0.666667,1.0,5.37124,-0.0061631500000000165,0.12157055353873585,0.3
1769796236.893958,-2.8374173333333332,-0.6324398166666666,5.157988447763613,0.3,-2.857241,-0.638669,5.152212,0.666667,1.0,5.37124,-0.0062240500000000165,0.12098442671720581,0.3
1769796236.914414,-2.8347426666666666,-0.63236445,5.159510675894558,0.3,-2.857241,-0.638669,5.152212,0.666667,1.0,5.37124,-0.006300350000000017,0.12117264882375268,0.3
1769796236.934877,-2.8320543333333337,-0.6322761333333333,5.153476147558666,0.3,-2.857241,-0.638669,5.152212,0.666667,1.0,5.37124,-0.0063892500000000164,0.12252935575299491,0.3
1769796236.955712,-2.8293536666666665,-0.6601991833333334,5.14799355618816,0.3,-2.857241,-0.638669,5.152212,0.666667,1.0,5.37124,-0.0064890000000000165,0.12450814523406646,0.3
1769796236.975451,-2.8266383333333334,-0.6881907166666666,5.209119989008129,0.3,-2.81446,-0.722631,5.215044,0.666667,1.0,5.465472,-0.006493200000000017,0.12427114627859044,0.3
1769796236.995933,-2.823903,-0.7162572666666668,5.217818341291522,0.3,-2.81446,-0.722631,5.215044,0.666667,1.0,5.465472,-0.006376650000000017,0.12309276207187493,0.3
1769796237.015792,-2.8211446666666666,-0.7163734666666667,5.219559411428453,0.3,-2.81446,-0.722631,5.215044,0.666667,1.0,5.465472,-0.006251350000000017,0.12220413752211738,0.3
1769796237.03585,-2.8183596666666673,-0.7164789333333333,5.216891936306674,0.3,-2.81446,-0.722631,5.215044,0.666667,1.0,5.465472,-0.0061446000000000165,0.12366869767303983,0.3
1769796237.055989,-2.8155463333333333,-0.7165613,5.211245780385988,0.3,-2.81446,-0.722631,5.215044,0.666667,1.0,5.465472,-0.006060250000000017,0.12394161922017777,0.3
1769796237.076473,-2.8127003333333334,-0.7166188166666667,5.219651582145626,0.3,-2.81446,-0.722631,5.215044,0.666667,1.0,5.465472,-0.0060042500000000165,0.12461128972431242,0.3
1769796237.096729,-2.8098240000000003,-0.7166518333333333,5.214081763281866,0.3,-2.81446,-0.722631,5.215044,0.666667,1.0,5.465472,-0.005972050000000017,0.124665868395057,0.3
1769796237.116854,-2.8069233333333337,-0.7166626833333334,5.21161165836152,0.3,-2.81446,-0.722631,5.215044,0.666667,1.0,5.465472,-0.005961199999999999,0.12582896557113665,0.3
1769796237.136946,-2.8040033333333336,-0.7166528833333334,5.212900849089148,0.3,-2.81446,-0.722631,5.215044,0.666667,1.0,5.465472,-0.005971700000000016,0.12492847069619267,0.3
1769796237.157551,-2.801066,-0.7166240666666667,5.21927893253153,0.3,-2.81446,-0.722631,5.215044,0.666667,1.0,5.465472,-0.006001450000000017,0.12537200220743117,0.3
1769796237.177775,-2.798111,-0.7165784500000001,5.208345319294089,0.3,-2.81446,-0.722631,5.215044,0.666667,1.0,5.465472,-0.006047650000000017,0.12427893677909996,0.3
1769796237.198441,-2.795139666666667,-0.7165180166666666,5.218501291659135,0.3,-2.81446,-0.722631,5.215044,0.666667,1.0,5.465472,-0.006108550000000016,0.12455087614455886,0.3
1769796237.218853,-2.792153666666666,-0.7164442833333333,5.216378196338777,0.3,-2.81446,-0.722631,5.215044,0.666667,1.0,5.465472,-0.006182750000000017,0.12164791709832971,0.3
1769796237.238829,-2.7891533333333336,-0.7163584166666667,5.224214673571464,0.3,-2.81446,-0.722631,5.215044,0.666667,1.0,5.465472,-0.006268850000000017,0.12144779739282753,0.3
1769796237.258921,-2.7861403333333334,-0.7433066666666667,5.217898809892148,0.3,-2.81446,-0.722631,5.215044,0.666667,1.0,5.465472,-0.006366150000000017,0.12084829445148226,0.3
1769796237.279378,-2.783115,-0.7702972666666666,5.280957463986849,0.3,-2.766492,-0.80374,5.277876,0.666667,1.0,5.559704,-0.006447000000000017,0.12322690881436855,0.3
1769796237.299683,-2.780075666666667,-0.7973655666666666,5.271814587394147,0.3,-2.766492,-0.80374,5.277876,0.666667,1.0,5.559704,-0.006406050000000017,0.12413431951230185,0.3
1769796237.319819,-2.7770143333333337,-0.79746485,5.2759576457045485,0.3,-2.766492,-0.80374,5.277876,0.666667,1.0,5.559704,-0.006270250000000017,0.12642774810710233,0.3
1769796237.33984,-2.7739239999999996,-0.7975832666666666,5.269281842418046,0.3,-2.766492,-0.80374,5.277876,0.666667,1.0,5.559704,-0.006149150000000016,0.12475247233734692,0.3
1769796237.36003,-2.7708013333333334,-0.7976803333333334,5.284352992012679,0.3,-2.766492,-0.80374,5.277876,0.666667,1.0,5.559704,-0.006050800000000017,0.12391924437121433,0.3
1769796237.380747,-2.7676513333333332,-0.7977527833333333,5.282995413501344,0.3,-2.766492,-0.80374,5.277876,0.666667,1.0,5.559704,-0.005979050000000017,0.12175238181792071,0.3
1769796237.400974,-2.7644796666666664,-0.7978013166666668,5.2838044677378075,0.3,-2.766492,-0.80374,5.277876,0.666667,1.0,5.559704,-0.0059318000000000174,0.12465781686262484,0.3
1769796237.421169,-2.761291,-0.7978288499999998,5.2679395817444545,0.3,-2.766492,-0.80374,5.277876,0.666667,1.0,5.559704,-0.005905200000000017,0.1245291480480144,0.3
1769796237.441373,-2.758085666666666,-0.7978378333333334,5.2843456263890065,0.3,-2.766492,-0.80374,5.277876,0.666667,1.0,5.559704,-0.005896450000000017,0.12328284612719635,0.3
1769796237.461664,-2.7548619999999997,-0.7978296666666665,5.291470929262716,0.3,-2.766492,-0.80374,5.277876,0.666667,1.0,5.559704,-0.005904850000000017,0.120989126699545,0.3
1769796237.482003,-2.7516183333333335,-0.7978055166666667,5.2815303983103625,0.3,-2.766492,-0.80374,5.277876,0.666667,1.0,5.559704,-0.005929700000000017,0.12280203563224934,0.3
1769796237.502042,-2.7483546666666663,-0.79776655,5.272961022792781,0.3,-2.766492,-0.80374,5.277876,0.666667,1.0,5.559704,-0.0059689000000000166,0.12459576487208135,0.3
1769796237.522591,-2.7450699999999997,-0.7977143999999999,5.279890253823724,0.3,-2.766492,-0.80374,5.277876,0.666667,1.0,5.559704,-0.006021750000000017,0.12305701811608077,0.3
1769796237.542711,-2.741765666666667,-0.79765035,5.289667728846366,0.3,-2.766492,-0.80374,5.277876,0.666667,1.0,5.559704,-0.006086150000000018,0.12170033984198876,0.3
1769796237.563165,-2.7384436666666665,-0.7975749833333333,5.279756042437333,0.3,-2.766492,-0.80374,5.277876,0.666667,1.0,5.559704,-0.006161050000000017,0.12087808320946967,0.3
1769796237.583189,-2.736224,-0.7975055666666666,5.283241093618838,0.3,-2.766492,-0.80374,5.277876,0.666667,1.0,5.559704,-0.006247850000000017,0.1208088083027865,0.3
1769796237.583189,-2.7339956666666665,-0.8234493166666667,5.288625628286465,0.3,-2.766492,-0.80374,5.277876,0.666667,1.0,5.559704,-0.0062943999999999995,0.12300279558947706,0.3
1769796237.603713,-2.7317590000000003,-0.8494558333333332,5.3286768687171895,0.3,-2.713525,-0.881678,5.340708,0.666667,1.0,5.653937,-0.006267800000000017,0.12439395859616574,0.3
1769796237.624991,-2.728396666666667,-0.8755255833333333,5.3382969655787065,0.3,-2.713525,-0.881678,5.340708,0.666667,1.0,5.653937,-0.006166300000000017,0.12887983483838486,0.3
1769796237.643897,-2.7250150000000004,-0.87564995,5.326441120833151,0.3,-2.713525,-0.881678,5.340708,0.666667,1.0,5.653937,-0.006023150000000017,0.12780789293122927,0.3
1769796237.664498,-2.7216073333333335,-0.8757769999999999,5.337720220160123,0.3,-2.713525,-0.881678,5.340708,0.666667,1.0,5.653937,-0.0058947000000000175,0.1275253629294236,0.3
1769796237.684687,-2.7181683333333333,-0.8758845666666666,5.3426601955895405,0.3,-2.713525,-0.881678,5.340708,0.666667,1.0,5.653937,-0.005785150000000017,0.12578527187500788,0.3
1769796237.705002,-2.7146976666666665,-0.8759683333333333,5.339140567159645,0.3,-2.713525,-0.881678,5.340708,0.666667,1.0,5.653937,-0.005700450000000017,0.12606966476486245,0.3
1769796237.725352,-2.711197,-0.8760257333333333,5.337772962820996,0.3,-2.713525,-0.881678,5.340708,0.666667,1.0,5.653937,-0.005643400000000017,0.1270574048868179,0.3
1769796237.745615,-2.707669333333333,-0.876057,5.337939154857808,0.3,-2.713525,-0.881678,5.340708,0.666667,1.0,5.653937,-0.005612950000000017,0.12735011217917525,0.3
1769796237.765771,-2.7041176666666664,-0.8760641166666665,5.338040923405501,0.3,-2.713525,-0.881678,5.340708,0.666667,1.0,5.653937,-0.005606650000000017,0.12619144409888786,0.3
1769796237.78577,-2.7005459999999997,-0.8760492999999999,5.34487442130272,0.3,-2.713525,-0.881678,5.340708,0.666667,1.0,5.653937,-0.0056220500000000164,0.12358681860982718,0.3
1769796237.805799,-2.6969550000000004,-0.8760148833333332,5.353255757792172,0.3,-2.713525,-0.881678,5.340708,0.666667,1.0,5.653937,-0.005657400000000017,0.12281680385611256,0.3
1769796237.826277,-2.693346,-0.8759629666666665,5.341938261927789,0.3,-2.713525,-0.881678,5.340708,0.666667,1.0,5.653937,-0.005709900000000018,0.12308410772840446,0.3
1769796237.84682,-2.6897196666666665,-0.8758943666666665,5.342180348068968,0.3,-2.713525,-0.881678,5.340708,0.666667,1.0,5.653937,-0.005777800000000017,0.12377899257373715,0.3
1769796237.867102,-2.6860769999999996,-0.8758092,5.347645848720176,0.3,-2.713525,-0.881678,5.340708,0.666667,1.0,5.653937,-0.005863200000000016,0.12293713732051437,0.3
1769796237.88763,-2.6824176666666664,-0.9005286666666666,5.345200893447125,0.3,-2.713525,-0.881678,5.340708,0.666667,1.0,5.653937,-0.0059654000000000165,0.12414098259099411,0.3
1769796237.907821,-2.678744,-0.9252788166666667,5.39569107644609,0.3,-2.65577,-0.956136,5.403539,0.666667,1.0,5.748169,-0.006077400000000017,0.12482256078765841,0.3
1769796237.927925,-2.6750589999999996,-0.9501038666666667,5.40493452954019,0.3,-2.65577,-0.956136,5.403539,0.666667,1.0,5.748169,-0.006070750000000017,0.12787409398544408,0.3
1769796237.948417,-2.6713616666666664,-0.9501833166666667,5.389842744260411,0.3,-2.65577,-0.956136,5.403539,0.666667,1.0,5.748169,-0.005948250000000017,0.1260589971132091,0.3
1769796237.968884,-2.667645333333333,-0.9502916999999999,5.4082501076795,0.3,-2.65577,-0.956136,5.403539,0.666667,1.0,5.748169,-0.0058390500000000175,0.1265081938518315,0.3
1769796237.988679,-2.6639036666666667,-0.9503835166666667,5.404515399108456,0.3,-2.65577,-0.956136,5.403539,0.666667,1.0,5.748169,-0.005745600000000017,0.12426712127136848,0.3
1769796238.008841,-2.660134333333333,-0.9504546833333333,5.40521732974319,0.3,-2.65577,-0.956136,5.403539,0.666667,1.0,5.748169,-0.005672800000000017,0.12472899702353135,0.3
1769796238.029216,-2.656338,-0.9505021666666668,5.4069733531665225,0.3,-2.65577,-0.956136,5.403539,0.666667,1.0,5.748169,-0.005625550000000017,0.12516003313516597,0.3
1769796238.049709,-2.6525166666666666,-0.9505252666666667,5.402926332438648,0.3,-2.65577,-0.956136,5.403539,0.666667,1.0,5.748169,-0.005603150000000017,0.12436343575995941,0.3
1769796238.070034,-2.648673666666667,-0.9505257333333333,5.410482013994429,0.3,-2.65577,-0.956136,5.403539,0.666667,1.0,5.748169,-0.0056035000000000165,0.12495521520487886,0.3
1769796238.089997,-2.6448110000000002,-0.9505061333333332,5.403432476497006,0.3,-2.65577,-0.956136,5.403539,0.666667,1.0,5.748169,-0.005624150000000017,0.12445240099787862,0.3
1769796238.110541,-2.640931,-0.9504689166666666,5.40553161768065,0.3,-2.65577,-0.956136,5.403539,0.666667,1.0,5.748169,-0.005661950000000017,0.12638560647584737,0.3
1769796238.131053,-2.6370356666666668,-0.9504160666666667,5.398101231126616,0.3,-2.65577,-0.956136,5.403539,0.666667,1.0,5.748169,-0.005715150000000017,0.12629718031792428,0.3
1769796238.151079,-2.6331263333333332,-0.9503489833333333,5.402853183444544,0.3,-2.65577,-0.956136,5.403539,0.666667,1.0,5.748169,-0.005782700000000017,0.12410134447338343,0.3
1769796238.171541,-2.629204,-0.9502688333333333,5.417297882747895,0.3,-2.65577,-0.956136,5.403539,0.666667,1.0,5.748169,-0.005863200000000016,0.1219069818701193,0.3
1769796238.191942,-2.6252696666666666,-0.9501768999999999,5.409584256746201,0.3,-2.65577,-0.956136,5.403539,0.666667,1.0,5.748169,-0.005955600000000017,0.12250647538268955,0.3
1769796238.212142,-2.6213243333333334,-0.9736550333333334,5.397325622369123,0.3,-2.65577,-0.956136,5.403539,0.666667,1.0,5.748169,-0.006058500000000017,0.12138151661067968,0.3
1769796238.23248,-2.6173673333333336,-0.9971866,5.4851254353799535,0.3,-2.593453,-1.026821,5.466371,0.666667,1.0,5.842401,-0.006113800000000017,0.12260701398232939,0.3
1769796238.252674,-2.6133966666666666,-1.0207963333333334,5.464431172516302,0.3,-2.593453,-1.026821,5.466371,0.666667,1.0,5.842401,-0.006045900000000017,0.12087857551848301,0.3
1769796238.272861,-2.60941,-1.0209017999999999,5.4715376531522,0.3,-2.593453,-1.026821,5.466371,0.666667,1.0,5.842401,-0.005914300000000017,0.1239065191369858,0.3
1769796238.293443,-2.6054029999999995,-1.0210177666666667,5.469172573668937,0.3,-2.593453,-1.026821,5.466371,0.666667,1.0,5.842401,-0.005797400000000017,0.12367205069178788,0.3
1769796238.312989,-2.6013726666666668,-1.0211166999999999,5.468273283187489,0.3,-2.593453,-1.026821,5.466371,0.666667,1.0,5.842401,-0.005698000000000017,0.12496355190087949,0.3
1769796238.333559,-2.5973176666666666,-1.021196383333333,5.465866245897651,0.3,-2.593453,-1.026821,5.466371,0.666667,1.0,5.842401,-0.005617500000000017,0.12707661659050062,0.3
1769796238.353697,-2.593239333333333,-1.0212546,5.45816753553121,0.3,-2.593453,-1.026821,5.466371,0.666667,1.0,5.842401,-0.0055583500000000174,0.12572415433591236,0.3
1769796238.373729,-2.5891393333333332,-1.0212903,5.477610606715019,0.3,-2.593453,-1.026821,5.466371,0.666667,1.0,5.842401,-0.005523350000000017,0.12509132675062185,0.3
1769796238.39396,-2.585018,-1.0213037166666667,5.470412911409394,0.3,-2.593453,-1.026821,5.466371,0.666667,1.0,5.842401,-0.005510400000000018,0.1229633364745803,0.3
1769796238.414573,-2.580877,-1.0212963666666666,5.471217227187459,0.3,-2.593453,-1.026821,5.466371,0.666667,1.0,5.842401,-0.005518100000000017,0.12486476353094123,0.3
1769796238.43491,-2.5767176666666667,-1.0212698833333334,5.4660476943768534,0.3,-2.593453,-1.026821,5.466371,0.666667,1.0,5.842401,-0.005545400000000017,0.1257440732065629,0.3
1769796238.454912,-2.5725423333333333,-1.0212259000000001,5.464580903355664,0.3,-2.593453,-1.026821,5.466371,0.666667,1.0,5.842401,-0.005589850000000018,0.12525516922342758,0.3
1769796238.475427,-2.5683526666666663,-1.0211662833333335,5.473227001086271,0.3,-2.593453,-1.026821,5.466371,0.666667,1.0,5.842401,-0.0056500500000000176,0.12716511553411206,0.3
1769796238.495714,-2.5641496666666668,-1.0210924333333333,5.453336066512747,0.3,-2.593453,-1.026821,5.466371,0.666667,1.0,5.842401,-0.005724250000000017,0.1265865382084851,0.3
1769796238.516505,-2.5599346666666665,-1.0210055166666667,5.466501517309426,0.3,-2.593453,-1.026821,5.466371,0.666667,1.0,5.842401,-0.005811400000000017,0.1266823759862619,0.3
1769796238.536804,-2.5557083333333335,-1.0431552833333333,5.47082672441961,0.3,-2.593453,-1.026821,5.466371,0.666667,1.0,5.842401,-0.005910800000000017,0.12421182486295783,0.3
1769796238.556859,-2.5514716666666666,-1.0653759833333334,5.529712473252571,0.3,-2.526821,-1.093453,5.529203,0.666667,1.0,5.936633,-0.005906950000000018,0.12442392758739818,0.3
1769796238.577114,-2.547221,-1.0876724,5.528271600962784,0.3,-2.526821,-1.093453,5.529203,0.666667,1.0,5.936633,-0.005781300000000017,0.12500687945353198,0.3
1769796238.597265,-2.542961666666667,-1.0877942,5.5319617632228075,0.3,-2.526821,-1.093453,5.529203,0.666667,1.0,5.936633,-0.005653550000000018,0.12515044925681126,0.3
1769796238.617844,-2.538692333333333,-1.0879039833333335,5.531408854432896,0.3,-2.526821,-1.093453,5.529203,0.666667,1.0,5.936633,-0.005541550000000017,0.12460726309731329,0.3
1769796238.637855,-2.5344116666666667,-1.0879904333333332,5.533836167919771,0.3,-2.526821,-1.093453,5.529203,0.666667,1.0,5.936633,-0.005451950000000017,0.12556629781216253,0.3
1769796238.65832,-2.5301076666666664,-1.0880505166666665,5.528023004933712,0.3,-2.526821,-1.093453,5.529203,0.666667,1.0,5.936633,-0.005394200000000017,0.125856326393434,0.3
1769796238.678583,-2.525775,-1.0880849333333333,5.530930432945267,0.3,-2.526821,-1.093453,5.529203,0.666667,1.0,5.936633,-0.005361300000000017,0.12725248250537305,0.3
1769796238.698959,-2.521416,-1.0880975333333334,5.526181981248137,0.3,-2.526821,-1.093453,5.529203,0.666667,1.0,5.936633,-0.005348700000000017,0.1258133977884397,0.3
1769796238.718848,-2.5170383333333333,-1.08809065,5.536922113235312,0.3,-2.526821,-1.093453,5.529203,0.666667,1.0,5.936633,-0.005356400000000016,0.1245585168433037,0.3
1769796238.738868,-2.5126476666666666,-1.08806615,5.538315168616083,0.3,-2.526821,-1.093453,5.529203,0.666667,1.0,5.936633,-0.005381950000000017,0.1238821950215601,0.3
1769796238.759072,-2.5082453333333334,-1.0880261333333334,5.529725412178599,0.3,-2.526821,-1.093453,5.529203,0.666667,1.0,5.936633,-0.005422200000000017,0.12260432646145257,0.3
1769796238.7795,-2.5038300000000002,-1.0879714166666667,5.543748974595958,0.3,-2.526821,-1.093453,5.529203,0.666667,1.0,5.936633,-0.005476450000000017,0.12426495134733205,0.3
1769796238.799942,-2.4994066666666668,-1.08790235,5.527202369300806,0.3,-2.526821,-1.093453,5.529203,0.666667,1.0,5.936633,-0.005546100000000017,0.12457045212182273,0.3
1769796238.820019,-2.494967,-1.08781905,5.526442007531655,0.3,-2.526821,-1.093453,5.529203,0.666667,1.0,5.936633,-0.005629400000000017,0.1276682126098274,0.3
1769796238.840343,-2.4905023333333336,-1.1085019,5.52341311166793,0.3,-2.526821,-1.093453,5.529203,0.666667,1.0,5.936633,-0.005726350000000016,0.12694941352737676,0.3
1769796238.860679,-2.486008333333334,-1.1292224333333334,5.59246801379551,0.3,-2.456136,-1.15577,5.592035,0.666667,1.0,6.030866,-0.005814550000000017,0.12744573646141535,0.3
1769796238.880848,-2.4814933333333333,-1.1500163499999998,5.585208269927423,0.3,-2.456136,-1.15577,5.592035,0.666667,1.0,6.030866,-0.005784800000000017,0.12783223150329368,0.3
1769796238.901135,-2.476965,-1.1501031499999999,5.58437939141666,0.3,-2.456136,-1.15577,5.592035,0.666667,1.0,6.030866,-0.005661600000000017,0.12805285775425992,0.3
1769796238.92169,-2.4724186666666665,-1.15020885,5.592967056289712,0.3,-2.456136,-1.15577,5.592035,0.666667,1.0,6.030866,-0.005554150000000016,0.1276530644287398,0.3
1769796238.941831,-2.4678506666666666,-1.1502937833333333,5.589826729880544,0.3,-2.456136,-1.15577,5.592035,0.666667,1.0,6.030866,-0.005467700000000016,0.12585255150689242,0.3
1769796238.962646,-2.4632583333333335,-1.1503548,5.5969660689477445,0.3,-2.456136,-1.15577,5.592035,0.666667,1.0,6.030866,-0.005406800000000017,0.12668106477097932,0.3
1769796238.982342,-2.4586436666666667,-1.1503914333333334,5.589277326705191,0.3,-2.456136,-1.15577,5.592035,0.666667,1.0,6.030866,-0.0053711000000000175,0.12634515100388025,0.3
1769796239.00287,-2.454009,-1.1504055499999999,5.592611512483138,0.3,-2.456136,-1.15577,5.592035,0.666667,1.0,6.030866,-0.005357800000000017,0.1273287293638453,0.3
1769796239.023168,-2.449357,-1.1503995999999999,5.591361048787954,0.3,-2.456136,-1.15577,5.592035,0.666667,1.0,6.030866,-0.005364450000000017,0.12745099840344884,0.3
1769796239.043188,-2.44625,-1.1503837333333333,5.58841876246757,0.3,-2.456136,-1.15577,5.592035,0.666667,1.0,6.030866,-0.005388950000000017,0.1269054457643593,0.3
1769796239.043188,-2.44313,-1.1503626166666667,5.595551628317676,0.3,-2.456136,-1.15577,5.592035,0.666667,1.0,6.030866,-0.0054053999999999994,0.12549607702636423,0.3
1769796239.063649,-2.4399956666666665,-1.1503326333333332,5.599373811215925,0.3,-2.456136,-1.15577,5.592035,0.666667,1.0,6.030866,-0.005427800000000017,0.12761936821695072,0.3
1769796239.083767,-2.435286,-1.1502867833333335,5.575049365324051,0.3,-2.456136,-1.15577,5.592035,0.666667,1.0,6.030866,-0.0054789000000000174,0.12836747410674745,0.3
1769796239.103889,-2.4305636666666666,-1.1502233166666667,5.590100142978895,0.3,-2.456136,-1.15577,5.592035,0.666667,1.0,6.030866,-0.005542950000000017,0.12923124283742377,0.3
1769796239.124272,-2.425834666666667,-1.1501485333333334,5.592858398831867,0.3,-2.456136,-1.15577,5.592035,0.666667,1.0,6.030866,-0.005618200000000017,0.1253214444116066,0.3
1769796239.144533,-2.421101666666667,-1.1500630166666668,5.596937705878954,0.3,-2.456136,-1.15577,5.592035,0.666667,1.0,6.030866,-0.005703250000000017,0.12483999289128227,0.3
1769796239.164807,-2.4163633333333334,-1.1692465499999998,5.591193002100841,0.3,-2.456136,-1.15577,5.592035,0.666667,1.0,6.030866,-0.005799500000000017,0.12440579117489063,0.3
1769796239.184934,-2.4116180000000003,-1.1884913333333333,5.656864809130217,0.3,-2.381678,-1.213525,5.654867,0.666667,1.0,6.125098,-0.005822600000000018,0.12559230263624285,0.3
1769796239.205047,-2.4068656666666666,-1.2078140499999999,5.652506087110841,0.3,-2.381678,-1.213525,5.654867,0.666667,1.0,6.125098,-0.005723900000000018,0.12580581831542806,0.3
1769796239.225353,-2.402101333333333,-1.2079348,5.65423595802573,0.3,-2.381678,-1.213525,5.654867,0.666667,1.0,6.125098,-0.005586350000000017,0.12584358534075446,0.3
1769796239.245583,-2.3973213333333336,-1.2080577666666665,5.659173956978258,0.3,-2.381678,-1.213525,5.654867,0.666667,1.0,6.125098,-0.005460350000000017,0.12619217389313583,0.3
1769796239.266013,-2.3925280000000004,-1.2081621833333334,5.652996855796553,0.3,-2.381678,-1.213525,5.654867,0.666667,1.0,6.125098,-0.005355000000000017,0.12787274831581705,0.3
1769796239.286006,-2.387722333333333,-1.2082443166666668,5.6463452614896426,0.3,-2.381678,-1.213525,5.654867,0.666667,1.0,6.125098,-0.005273100000000017,0.12881957856064438,0.3
1769796239.306473,-2.3829006666666666,-1.2083020666666666,5.6552177755092945,0.3,-2.381678,-1.213525,5.654867,0.666667,1.0,6.125098,-0.0052139500000000175,0.12779100588827128,0.3
1769796239.326754,-2.3780566666666663,-1.2083345,5.660381041830791,0.3,-2.381678,-1.213525,5.654867,0.666667,1.0,6.125098,-0.005181750000000017,0.1278686386227906,0.3
1769796239.346929,-2.3731906666666664,-1.2083419666666668,5.646560565082527,0.3,-2.381678,-1.213525,5.654867,0.666667,1.0,6.125098,-0.005175800000000017,0.12714997588090712,0.3
1769796239.367461,-2.368306666666667,-1.2083266833333335,5.659686551960595,0.3,-2.381678,-1.213525,5.654867,0.666667,1.0,6.125098,-0.005191550000000017,0.12825802439393896,0.3
1769796239.387616,-2.3634090000000003,-1.2082908666666665,5.6534118007526,0.3,-2.381678,-1.213525,5.654867,0.666667,1.0,6.125098,-0.005227600000000017,0.12476733734269681,0.3
1769796239.407761,-2.3585006666666666,-1.20823615,5.666752537389979,0.3,-2.381678,-1.213525,5.654867,0.666667,1.0,6.125098,-0.005283250000000017,0.12874743644767594,0.3
1769796239.428088,-2.3535836666666667,-1.20816475,5.63465690733072,0.3,-2.381678,-1.213525,5.654867,0.666667,1.0,6.125098,-0.005355700000000017,0.12697043189484333,0.3
1769796239.448124,-2.348655,-1.20807935,5.662574428069596,0.3,-2.381678,-1.213525,5.654867,0.666667,1.0,6.125098,-0.0054418000000000175,0.12869220589841412,0.3
1769796239.468582,-2.343714,-1.2256393499999998,5.654628493368555,0.3,-2.381678,-1.213525,5.654867,0.666667,1.0,6.125098,-0.005539450000000017,0.12737956532197192,0.3
1769796239.488759,-2.338765,-1.2432331833333332,5.703355750789373,0.3,-2.30374,-1.266492,5.717699,0.666667,1.0,6.21933,-0.005642700000000017,0.12815437091348583,0.3
1769796239.508807,-2.3338126666666668,-1.2609029666666665,5.719459094520512,0.3,-2.30374,-1.266492,5.717699,0.666667,1.0,6.21933,-0.005627300000000017,0.12851498640105066,0.3
1769796239.52916,-2.328859,-1.2609912833333334,5.715593250443165,0.3,-2.30374,-1.266492,5.717699,0.666667,1.0,6.21933,-0.005497100000000017,0.12668551704559416,0.3
1769796239.54967,-2.3239029999999996,-1.2611091166666666,5.716187216922112,0.3,-2.30374,-1.266492,5.717699,0.666667,1.0,6.21933,-0.005377750000000017,0.12857416176079434,0.3
1769796239.569835,-2.3189359999999994,-1.2612103833333332,5.710601726229311,0.3,-2.30374,-1.266492,5.717699,0.666667,1.0,6.21933,-0.005273800000000018,0.12808985785655339,0.3
1769796239.589885,-2.3139526666666668,-1.2612894833333332,5.720625673868611,0.3,-2.30374,-1.266492,5.717699,0.666667,1.0,6.21933,-0.005193300000000017,0.1306082005944791,0.3
1769796239.610121,-2.3089436666666665,-1.2613429166666668,5.702738260494558,0.3,-2.30374,-1.266492,5.717699,0.666667,1.0,6.21933,-0.005140450000000017,0.1291403110662347,0.3
1769796239.631617,-2.3039083333333337,-1.261370333333333,5.720531163398777,0.3,-2.30374,-1.266492,5.717699,0.666667,1.0,6.21933,-0.005113500000000017,0.1302588259432913,0.3
1769796239.650779,-2.2988519999999997,-1.2613743,5.714490334606271,0.3,-2.30374,-1.266492,5.717699,0.666667,1.0,6.21933,-0.005111050000000017,0.12897611746989332,0.3
1769796239.670838,-2.2937816666666664,-1.2613581999999999,5.710517811334945,0.3,-2.30374,-1.266492,5.717699,0.666667,1.0,6.21933,-0.005128550000000016,0.13018063728609666,0.3
1769796239.691066,-2.2887020000000002,-1.2613248333333333,5.7129659445015575,0.3,-2.30374,-1.266492,5.717699,0.666667,1.0,6.21933,-0.005161800000000017,0.1287228543154354,0.3
1769796239.711557,-2.283602,-1.2612747833333333,5.722536332430239,0.3,-2.30374,-1.266492,5.717699,0.666667,1.0,6.21933,-0.005211150000000017,0.12770278830441756,0.3
1769796239.731642,-2.2784736666666667,-1.2612074666666666,5.715587157401052,0.3,-2.30374,-1.266492,5.717699,0.666667,1.0,6.21933,-0.005278700000000017,0.1257935719506458,0.3
1769796239.751945,-2.2733190000000003,-1.2611235833333332,5.723007592624188,0.3,-2.30374,-1.266492,5.717699,0.666667,1.0,6.21933,-0.005363750000000018,0.12443797883852135,0.3
1769796239.772377,-2.268148333333333,-1.2610254666666665,5.7289083411029855,0.3,-2.30374,-1.266492,5.717699,0.666667,1.0,6.21933,-0.005462800000000018,0.1243285132308426,0.3
1769796239.792572,-2.262969333333333,-1.27692205,5.714183501047125,0.3,-2.30374,-1.266492,5.717699,0.666667,1.0,6.21933,-0.005573050000000017,0.12636132410962433,0.3
1769796239.81274,-2.2577833333333337,-1.29286985,5.7716939773514975,0.3,-2.222631,-1.31446,5.78053,0.666667,1.0,6.313563,-0.005642000000000017,0.1307739568039589,0.3
1769796239.832922,-2.252587,-1.3088952333333335,5.764391344936978,0.3,-2.222631,-1.31446,5.78053,0.666667,1.0,6.313563,-0.005587400000000017,0.12986731352879785,0.3
1769796239.853484,-2.2473873333333336,-1.3089904333333333,5.783211410698091,0.3,-2.222631,-1.31446,5.78053,0.666667,1.0,6.313563,-0.005464900000000017,0.12739849737332773,0.3
1769796239.873764,-2.242179333333333,-1.3090984666666667,5.788506074284318,0.3,-2.222631,-1.31446,5.78053,0.666667,1.0,6.313563,-0.005356400000000017,0.12539343843673859,0.3
1769796239.893821,-2.2369553333333334,-1.30918935,5.778690398556513,0.3,-2.222631,-1.31446,5.78053,0.666667,1.0,6.313563,-0.005263300000000017,0.1273192577234694,0.3
1769796239.914406,-2.231704,-1.3092597,5.7735650449777065,0.3,-2.222631,-1.31446,5.78053,0.666667,1.0,6.313563,-0.005192250000000016,0.12770263602834475,0.3
1769796239.934886,-2.2264253333333333,-1.3093066,5.787683154455066,0.3,-2.222631,-1.31446,5.78053,0.666667,1.0,6.313563,-0.005145350000000017,0.12941148624515195,0.3
1769796239.954751,-2.2211263333333333,-1.3093295833333334,5.76942219725567,0.3,-2.222631,-1.31446,5.78053,0.666667,1.0,6.313563,-0.005122600000000017,0.12730107941975016,0.3
1769796239.974885,-2.215811,-1.3093300499999998,5.786710135930117,0.3,-2.222631,-1.31446,5.78053,0.666667,1.0,6.313563,-0.005123300000000016,0.12881753263606657,0.3
1769796239.995219,-2.210485,-1.3093109166666668,5.7785942351571675,0.3,-2.222631,-1.31446,5.78053,0.666667,1.0,6.313563,-0.005143950000000017,0.1266243581919866,0.3
1769796240.015678,-2.2051536666666665,-1.3092751,5.78217944392015,0.3,-2.222631,-1.31446,5.78053,0.666667,1.0,6.313563,-0.005180000000000017,0.12601223263434524,0.3
1769796240.036045,-2.199818666666667,-1.3092245833333331,5.789630739275966,0.3,-2.222631,-1.31446,5.78053,0.666667,1.0,6.313563,-0.005230750000000017,0.12484341452178592,0.3
1769796240.056198,-2.1944793333333332,-1.3091603,5.784546293832523,0.3,-2.222631,-1.31446,5.78053,0.666667,1.0,6.313563,-0.005295500000000017,0.12283158270995405,0.3
1769796240.076514,-2.189135333333333,-1.3090831833333334,5.792900484791141,0.3,-2.222631,-1.31446,5.78053,0.666667,1.0,6.313563,-0.0053728500000000175,0.12295207346280633,0.3
1769796240.09686,-2.183787,-1.3089941666666667,5.787288344758852,0.3,-2.222631,-1.31446,5.78053,0.666667,1.0,6.313563,-0.005462100000000017,0.12252151582294755,0.3
1769796240.116729,-2.178434333333333,-1.3231922,5.785260289671676,0.3,-2.222631,-1.31446,5.78053,0.666667,1.0,6.313563,-0.005562550000000017,0.12326064563846152,0.3
1769796240.137112,-2.173078,-1.33746175,5.849989405898057,0.3,-2.138669,-1.357241,5.843362,0.666667,1.0,6.407795,-0.005559750000000017,0.1250861997775028,0.3
1769796240.157427,-2.1677146666666665,-1.3518078333333332,5.8393605699246045,0.3,-2.138669,-1.357241,5.843362,0.666667,1.0,6.407795,-0.005434450000000017,0.12468453866399017,0.3
1769796240.17773,-2.162358333333333,-1.3519312666666667,5.852303006352752,0.3,-2.138669,-1.357241,5.843362,0.666667,1.0,6.407795,-0.005305300000000016,0.12559801698555842,0.3
1769796240.19794,-2.1570056666666666,-1.3520451333333332,5.847100635968648,0.3,-2.138669,-1.357241,5.843362,0.666667,1.0,6.407795,-0.005189450000000017,0.12341508888438972,0.3
1769796240.218135,-2.151653666666667,-1.3521381166666666,5.854849338531617,0.3,-2.138669,-1.357241,5.843362,0.666667,1.0,6.407795,-0.005092850000000017,0.12373569633013888,0.3
1769796240.238549,-2.146284,-1.3522056666666666,5.852332011678257,0.3,-2.138669,-1.357241,5.843362,0.666667,1.0,6.407795,-0.005026350000000016,0.12488831479086437,0.3
1769796240.258819,-2.140895,-1.3522460333333333,5.841603475204295,0.3,-2.138669,-1.357241,5.843362,0.666667,1.0,6.407795,-0.004986800000000017,0.1282668752383466,0.3
1769796240.278958,-2.13549,-1.3522617833333335,5.835425675846723,0.3,-2.138669,-1.357241,5.843362,0.666667,1.0,6.407795,-0.004971750000000017,0.12960981862356846,0.3
1769796240.299746,-2.1300713333333334,-1.3522550166666667,5.844605101366926,0.3,-2.138669,-1.357241,5.843362,0.666667,1.0,6.407795,-0.0049791000000000175,0.12952931248372052,0.3
1769796240.3197,-2.1246410000000004,-1.3522284166666665,5.841944412043382,0.3,-2.138669,-1.357241,5.843362,0.666667,1.0,6.407795,-0.005007100000000017,0.12715509600107924,0.3
1769796240.340236,-2.119199,-1.352184433333333,5.849112374742571,0.3,-2.138669,-1.357241,5.843362,0.666667,1.0,6.407795,-0.005051550000000017,0.12696659679252184,0.3
1769796240.360339,-2.1137483333333336,-1.352125283333333,5.8448124466182705,0.3,-2.138669,-1.357241,5.843362,0.666667,1.0,6.407795,-0.005111050000000016,0.1259537615709224,0.3
1769796240.380681,-2.1082983333333334,-1.3520533,5.846779273372979,0.3,-2.138669,-1.357241,5.843362,0.666667,1.0,6.407795,-0.005184550000000017,0.12586501052207025,0.3
1769796240.400928,-2.102851,-1.3519704666666665,5.848133231035684,0.3,-2.138669,-1.357241,5.843362,0.666667,1.0,6.407795,-0.005267500000000017,0.12468381883226194,0.3
1769796240.420964,-2.097404666666667,-1.3643602,5.85016009675712,0.3,-2.138669,-1.357241,5.843362,0.666667,1.0,6.407795,-0.005359550000000017,0.12724589988808455,0.3
1769796240.441265,-2.091944,-1.3767905333333335,5.892455187038044,0.3,-2.052187,-1.394665,5.906194,0.666667,1.0,6.502027,-0.005439350000000018,0.12890484877756,0.3
1769796240.461659,-2.0864686666666663,-1.3892953,5.900080537698831,0.3,-2.052187,-1.394665,5.906194,0.666667,1.0,6.502027,-0.005400500000000018,0.13242750820904378,0.3
1769796240.481832,-2.080985,-1.3893898,5.892488240168218,0.3,-2.052187,-1.394665,5.906194,0.666667,1.0,6.502027,-0.005269250000000017,0.12904021153272827,0.3
1769796240.502174,-2.0754993333333336,-1.3895020333333334,5.914763467095937,0.3,-2.052187,-1.394665,5.906194,0.666667,1.0,6.502027,-0.005155850000000017,0.12892604610015065,0.3
1769796240.522302,-2.0700073333333333,-1.3895926833333334,5.903122430294297,0.3,-2.052187,-1.394665,5.906194,0.666667,1.0,6.502027,-0.005063800000000017,0.12596330549022575,0.3
1769796240.54264,-2.064493666666667,-1.38965895,5.9121683338277675,0.3,-2.052187,-1.394665,5.906194,0.666667,1.0,6.502027,-0.004997300000000017,0.12844495319676952,0.3
1769796240.562878,-2.060809666666667,-1.3896990833333334,5.901265180856674,0.3,-2.052187,-1.394665,5.906194,0.666667,1.0,6.502027,-0.004957050000000017,0.12838263352580273,0.3
1769796240.562878,-2.0571066666666664,-1.3897179833333333,5.904339148320098,0.3,-2.052187,-1.394665,5.906194,0.666667,1.0,6.502027,-0.0049434,0.12838561413547303,0.3
1769796240.583241,-2.053395666666667,-1.3897225333333332,5.912547350169746,0.3,-2.052187,-1.394665,5.906194,0.666667,1.0,6.502027,-0.004940600000000017,0.12797646960381892,0.3
1769796240.603521,-2.047822333333333,-1.38971565,5.903815598046599,0.3,-2.052187,-1.394665,5.906194,0.666667,1.0,6.502027,-0.004943400000000017,0.12766836028572212,0.3
1769796240.624346,-2.04223,-1.3896945333333335,5.9060432542286785,0.3,-2.052187,-1.394665,5.906194,0.666667,1.0,6.502027,-0.004964050000000017,0.130043596421291,0.3
1769796240.643991,-2.036607,-1.3896552166666665,5.897852483356332,0.3,-2.052187,-1.394665,5.906194,0.666667,1.0,6.502027,-0.005003950000000017,0.12897053304822473,0.3
1769796240.664404,-2.0309546666666667,-1.3895990999999999,5.909428328284997,0.3,-2.052187,-1.394665,5.906194,0.666667,1.0,6.502027,-0.0050613500000000165,0.12856452442600827,0.3
1769796240.684528,-2.025285333333333,-1.3895288666666668,5.907300855961977,0.3,-2.052187,-1.394665,5.906194,0.666667,1.0,6.502027,-0.005132400000000017,0.1268688886755331,0.3
1769796240.704738,-2.0196166666666664,-1.3894472,5.906551397859183,0.3,-2.052187,-1.394665,5.906194,0.666667,1.0,6.502027,-0.005214650000000017,0.1262057712608798,0.3
1769796240.725094,-2.0139533333333333,-1.3893555,5.911692032772916,0.3,-2.052187,-1.394665,5.906194,0.666667,1.0,6.502027,-0.005306350000000017,0.1258854404426146,0.3
1769796240.74487,-2.008294,-1.3999176833333333,5.907297140871568,0.3,-2.052187,-1.394665,5.906194,0.666667,1.0,6.502027,-0.005407500000000017,0.12494671041794565,0.3
1769796240.765053,-2.002632333333333,-1.4105376166666668,5.973381628007197,0.3,-1.963525,-1.426585,5.969026,0.666667,1.0,6.596259,-0.005448100000000017,0.12638061620428528,0.3
1769796240.785504,-1.9969683333333332,-1.4212363000000001,5.965499198054879,0.3,-1.963525,-1.426585,5.969026,0.666667,1.0,6.596259,-0.005366550000000017,0.12412811723908844,0.3
1769796240.805751,-1.9912993333333333,-1.4213491166666667,5.98487648466275,0.3,-1.963525,-1.426585,5.969026,0.666667,1.0,6.596259,-0.005231450000000017,0.12444078973456506,0.3
1769796240.826021,-1.98562,-1.4214670666666667,5.9738747430343375,0.3,-1.963525,-1.426585,5.969026,0.666667,1.0,6.596259,-0.005109650000000017,0.12401475645642712,0.3
1769796240.845842,-1.9799253333333333,-1.4215630833333333,5.970532347723706,0.3,-1.963525,-1.426585,5.969026,0.666667,1.0,6.596259,-0.0050127000000000175,0.12448489096370619,0.3
1769796240.866283,-1.9742126666666666,-1.4216327333333334,5.984072027619075,0.3,-1.963525,-1.426585,5.969026,0.666667,1.0,6.596259,-0.004943400000000017,0.1257976262337003,0.3
1769796240.886813,-1.9684816666666667,-1.421675783333333,5.967460981414373,0.3,-1.963525,-1.426585,5.969026,0.666667,1.0,6.596259,-0.0049007000000000165,0.12655520929494593,0.3
1769796240.906854,-1.9627326666666667,-1.4216938666666665,5.966890899356232,0.3,-1.963525,-1.426585,5.969026,0.666667,1.0,6.596259,-0.004883550000000017,0.12961459433355568,0.3
1769796240.927125,-1.9569690000000002,-1.4216892,5.966095467387417,0.3,-1.963525,-1.426585,5.969026,0.666667,1.0,6.596259,-0.004889150000000017,0.12860540856088773,0.3
1769796240.947457,-1.9511960000000002,-1.4216645833333335,5.973418096050381,0.3,-1.963525,-1.426585,5.969026,0.666667,1.0,6.596259,-0.004914700000000017,0.12892575243636747,0.3
1769796240.968099,-1.9454196666666668,-1.4216224666666666,5.964451886103354,0.3,-1.963525,-1.426585,5.969026,0.666667,1.0,6.596259,-0.004957400000000017,0.12777885554250576,0.3
1769796240.987924,-1.9396426666666666,-1.4215648333333333,5.972092398750587,0.3,-1.963525,-1.426585,5.969026,0.666667,1.0,6.596259,-0.005015500000000017,0.1285601792325583,0.3
1769796241.008286,-1.9338656666666667,-1.4214931999999998,5.967519853910066,0.3,-1.963525,-1.426585,5.969026,0.666667,1.0,6.596259,-0.005087600000000017,0.12975342601984166,0.3
1769796241.028837,-1.928089,-1.42140885,5.9557881053796535,0.3,-1.963525,-1.426585,5.969026,0.666667,1.0,6.596259,-0.005172300000000017,0.13017393207444994,0.3
1769796241.048774,-1.9223143333333332,-1.4213127166666668,5.9677980124229375,0.3,-1.963525,-1.426585,5.969026,0.666667,1.0,6.596259,-0.005268550000000018,0.1282013876505628,0.3
1769796241.068997,-1.916545,-1.43001235,5.9773363204533885,0.3,-1.963525,-1.426585,5.969026,0.666667,1.0,6.596259,-0.005376000000000017,0.12398298216859001,0.3
1769796241.08934,-1.910781,-1.4387884,6.0425928382714895,0.3,-1.873035,-1.452875,6.031858,0.666667,1.0,6.690492,-0.005363400000000016,0.12487190815460407,0.3
1769796241.109698,-1.9050209999999999,-1.4476405166666666,6.0255635065068525,0.3,-1.873035,-1.452875,6.031858,0.666667,1.0,6.690492,-0.005230400000000017,0.12421287719988565,0.3
1769796241.129802,-1.8992786666666668,-1.4477602166666665,6.045986956181698,0.3,-1.873035,-1.452875,6.031858,0.666667,1.0,6.690492,-0.005109650000000017,0.12530793003549254,0.3
1769796241.149882,-1.8935466666666667,-1.447863,6.038536221257848,0.3,-1.873035,-1.452875,6.031858,0.666667,1.0,6.690492,-0.005004300000000017,0.12456218135431622,0.3
1769796241.170594,-1.8878190000000001,-1.44794385,6.03219644859391,0.3,-1.873035,-1.452875,6.031858,0.666667,1.0,6.690492,-0.004922050000000017,0.12629671817051571,0.3
1769796241.190902,-1.8820736666666669,-1.4479998499999998,6.037277585284501,0.3,-1.873035,-1.452875,6.031858,0.666667,1.0,6.690492,-0.0048671000000000166,0.12678899729715273,0.3
1769796241.210914,-1.8763116666666668,-1.4480312333333334,6.036758546498026,0.3,-1.873035,-1.452875,6.031858,0.666667,1.0,6.690492,-0.004836300000000017,0.1279751923567605,0.3
1769796241.231271,-1.8705343333333333,-1.4480403333333332,6.0257383282362635,0.3,-1.873035,-1.452875,6.031858,0.666667,1.0,6.690492,-0.004827900000000017,0.1270035068062074,0.3
1769796241.251596,-1.8647443333333333,-1.4480293666666666,6.04329879858782,0.3,-1.873035,-1.452875,6.031858,0.666667,1.0,6.690492,-0.004839800000000017,0.12660681661069853,0.3
1769796241.271808,-1.858943,-1.4480004333333332,6.038908387671079,0.3,-1.873035,-1.452875,6.031858,0.666667,1.0,6.690492,-0.004869200000000017,0.12747645109774633,0.3
1769796241.291825,-1.8531323333333332,-1.4479554,6.019912921313977,0.3,-1.873035,-1.452875,6.031858,0.666667,1.0,6.690492,-0.004914700000000017,0.1285255048243454,0.3
1769796241.31206,-1.8473126666666666,-1.44789555,6.036058776228225,0.3,-1.873035,-1.452875,6.031858,0.666667,1.0,6.690492,-0.004974900000000017,0.13011030110357205,0.3
1769796241.332488,-1.8414856666666666,-1.4478220499999999,6.02814275999572,0.3,-1.873035,-1.452875,6.031858,0.666667,1.0,6.690492,-0.005048750000000017,0.12768138268206028,0.3
1769796241.352805,-1.8356523333333332,-1.44773595,6.032942931843047,0.3,-1.873035,-1.452875,6.031858,0.666667,1.0,6.690492,-0.005135200000000017,0.12826233630249528,0.3
1769796241.372767,-1.829813,-1.4545031333333334,6.0307649545056154,0.3,-1.873035,-1.452875,6.031858,0.666667,1.0,6.690492,-0.005233200000000017,0.12598435041244319,0.3
1769796241.392834,-1.8239686666666668,-1.4613164,6.102861525336032,0.3,-1.781072,-1.473431,6.09469,0.666667,1.0,6.784724,-0.005303200000000017,0.12690288192827187,0.3
1769796241.413292,-1.8181153333333333,-1.4682064333333333,6.0894503427480755,0.3,-1.781072,-1.473431,6.09469,0.666667,1.0,6.784724,-0.005251400000000017,0.12659754693067513,0.3
1769796241.433948,-1.812273,-1.4683063,6.096227664491196,0.3,-1.781072,-1.473431,6.09469,0.666667,1.0,6.784724,-0.005119100000000017,0.1284512230114471,0.3
1769796241.453944,-1.8064419999999999,-1.4684197,6.0938366688514005,0.3,-1.781072,-1.473431,6.09469,0.666667,1.0,6.784724,-0.005003600000000018,0.12919274353887175,0.3
1769796241.473925,-1.8006060000000002,-1.4685105833333332,6.087382619583527,0.3,-1.781072,-1.473431,6.09469,0.666667,1.0,6.784724,-0.004911200000000017,0.12968471290355157,0.3
1769796241.494251,-1.7947389999999999,-1.4685768499999998,6.095184398303117,0.3,-1.781072,-1.473431,6.09469,0.666667,1.0,6.784724,-0.004846450000000017,0.12990619881796903,0.3
1769796241.514642,-1.7888293333333334,-1.4686187333333331,6.093899353364896,0.3,-1.781072,-1.473431,6.09469,0.666667,1.0,6.784724,-0.004804800000000017,0.1303040351073456,0.3
1769796241.534767,-1.782894,-1.4686378666666666,6.085875151847268,0.3,-1.781072,-1.473431,6.09469,0.666667,1.0,6.784724,-0.004785550000000017,0.1298285781518159,0.3
1769796241.55495,-1.7769413333333333,-1.4686362333333332,6.098438940036296,0.3,-1.781072,-1.473431,6.09469,0.666667,1.0,6.784724,-0.004789050000000017,0.12927904776673024,0.3
1769796241.57522,-1.7709853333333332,-1.4686161666666664,6.09716223567541,0.3,-1.781072,-1.473431,6.09469,0.666667,1.0,6.784724,-0.004809700000000017,0.12811937656174666,0.3
1769796241.595554,-1.765032,-1.468580233333333,6.092411779077169,0.3,-1.781072,-1.473431,6.09469,0.666667,1.0,6.784724,-0.004845750000000017,0.13080599059734366,0.3
1769796241.615748,-1.7590813333333333,-1.4685297166666667,6.081564655822714,0.3,-1.781072,-1.473431,6.09469,0.666667,1.0,6.784724,-0.004896850000000017,0.13270465063199863,0.3
1769796241.6369,-1.7531323333333333,-1.4684655500000001,6.08470942546748,0.3,-1.781072,-1.473431,6.09469,0.666667,1.0,6.784724,-0.004961250000000017,0.13233450590118956,0.3
1769796241.656223,-1.7471843333333332,-1.4683886666666666,6.093285147462024,0.3,-1.781072,-1.473431,6.09469,0.666667,1.0,6.784724,-0.005038250000000017,0.1313988045511424,0.3
1769796241.676804,-1.741237,-1.4682998833333334,6.085564313922997,0.3,-1.781072,-1.473431,6.09469,0.666667,1.0,6.784724,-0.0051275000000000175,0.12799535450902622,0.3
1769796241.696689,-1.7352906666666668,-1.4731450666666666,6.103265675720177,0.3,-1.781072,-1.473431,6.09469,0.666667,1.0,6.784724,-0.005227600000000018,0.12710627693389662,0.3
1769796241.717049,-1.7293450000000001,-1.4780554666666665,6.160013462912802,0.3,-1.688,-1.488172,6.157522,0.666667,1.0,6.878956,-0.005243700000000018,0.12542563254913788,0.3
1769796241.737859,-1.7234023333333335,-1.4830427499999999,6.158411580231549,0.3,-1.688,-1.488172,6.157522,0.666667,1.0,6.878956,-0.0051373000000000165,0.12746155079143182,0.3
1769796241.757715,-1.7174610000000001,-1.4831586,6.155428116266414,0.3,-1.688,-1.488172,6.157522,0.666667,1.0,6.878956,-0.005006750000000016,0.12786244386654902,0.3
1769796241.778069,-1.7115173333333333,-1.4832678000000001,6.160040954462098,0.3,-1.688,-1.488172,6.157522,0.666667,1.0,6.878956,-0.0048961500000000175,0.1283893045396349,0.3
1769796241.798194,-1.7055633333333333,-1.4833534333333336,6.157543616193034,0.3,-1.688,-1.488172,6.157522,0.666667,1.0,6.878956,-0.004809700000000017,0.1304637276907442,0.3
1769796241.818579,-1.6995956666666665,-1.4834135166666667,6.144779877359758,0.3,-1.688,-1.488172,6.157522,0.666667,1.0,6.878956,-0.004749850000000017,0.13136739794250785,0.3
1769796241.839043,-1.693613,-1.4834484000000001,6.1558806829515165,0.3,-1.688,-1.488172,6.157522,0.666667,1.0,6.878956,-0.004715900000000017,0.13147272613231173,0.3
1769796241.85869,-1.687623,-1.4834603,6.157644197054211,0.3,-1.688,-1.488172,6.157522,0.666667,1.0,6.878956,-0.004705050000000017,0.1307493729879167,0.3
1769796241.878908,-1.6816389999999999,-1.48345225,6.149369896226128,0.3,-1.688,-1.488172,6.157522,0.666667,1.0,6.878956,-0.004714150000000018,0.12834822277676344,0.3
1769796241.899309,-1.6756766666666667,-1.4834272833333333,6.170118534218436,0.3,-1.688,-1.488172,6.157522,0.666667,1.0,6.878956,-0.0047400500000000165,0.12819474018414867,0.3
1769796241.919705,-1.6697366666666669,-1.4833873833333333,6.158040792609899,0.3,-1.688,-1.488172,6.157522,0.666667,1.0,6.878956,-0.004779950000000017,0.12681883352473136,0.3
1769796241.94013,-1.6638103333333334,-1.4833338333333332,6.156787436182632,0.3,-1.688,-1.488172,6.157522,0.666667,1.0,6.878956,-0.004833850000000017,0.12850180807821007,0.3
1769796241.960433,-1.6578869999999999,-1.4832675666666668,6.158896136897564,0.3,-1.688,-1.488172,6.157522,0.666667,1.0,6.878956,-0.004900700000000017,0.1292689067770438,0.3
1769796241.980919,-1.6519643333333336,-1.4831896333333334,6.152046600416897,0.3,-1.688,-1.488172,6.157522,0.666667,1.0,6.878956,-0.004978750000000018,0.12991524445834915,0.3
1769796242.000948,-1.6460416666666664,-1.4860598833333334,6.1512728100948,0.3,-1.688,-1.488172,6.157522,0.666667,1.0,6.878956,-0.005067650000000017,0.1296870909793091,0.3
1769796242.021344,-1.6401193333333335,-1.4889661833333332,6.221295307771804,0.3,-1.594186,-1.49704,6.220353,0.666667,1.0,6.973189,-0.005157950000000017,0.1299679830789643,0.3
1769796242.041733,-1.634199,-1.4919476166666665,6.212148547818966,0.3,-1.594186,-1.49704,6.220353,0.666667,1.0,6.973189,-0.005127850000000017,0.1282786844910815,0.3
1769796242.061616,-1.6282826666666665,-1.4920414166666667,6.224773701622096,0.3,-1.594186,-1.49704,6.220353,0.666667,1.0,6.973189,-0.004991350000000018,0.12852870775697142,0.3
1769796242.081935,-1.6223716666666668,-1.4921551666666666,6.221764968176465,0.3,-1.594186,-1.49704,6.220353,0.666667,1.0,6.973189,-0.004876550000000018,0.12902296327536986,0.3
1769796242.102296,-1.6164583333333333,-1.4922451166666664,6.211571764708576,0.3,-1.594186,-1.49704,6.220353,0.666667,1.0,6.973189,-0.004786600000000018,0.13094119738230417,0.3
1769796242.122782,-1.6105359999999997,-1.4923109166666666,6.21515324698049,0.3,-1.594186,-1.49704,6.220353,0.666667,1.0,6.973189,-0.004721500000000017,0.12886757963441411,0.3
1769796242.142955,-1.6045993333333335,-1.49235385,6.235588474663805,0.3,-1.594186,-1.49704,6.220353,0.666667,1.0,6.973189,-0.004679150000000017,0.128002751825335,0.3
1769796242.162905,-1.600637,-1.49237695,6.217662331563051,0.3,-1.594186,-1.49704,6.220353,0.666667,1.0,6.973189,-0.0046578000000000175,0.12889521887623676,0.3
1769796242.162905,-1.5966673333333334,-1.4923847666666668,6.21028354467508,0.3,-1.594186,-1.49704,6.220353,0.666667,1.0,6.973189,-0.0046521999999999996,0.13206204217241446,0.3
1769796242.183415,-1.5926913333333335,-1.4923805666666665,6.216751684886739,0.3,-1.594186,-1.49704,6.220353,0.666667,1.0,6.973189,-0.004655700000000017,0.12901531925739051,0.3
1769796242.203801,-1.586724,-1.49236435,6.235854469053194,0.3,-1.594186,-1.49704,6.220353,0.666667,1.0,6.973189,-0.004670400000000017,0.12778380529499567,0.3
1769796242.223837,-1.5807513333333334,-1.4923340166666665,6.217332078449449,0.3,-1.594186,-1.49704,6.220353,0.666667,1.0,6.973189,-0.004700850000000017,0.12655742507964632,0.3
1769796242.244067,-1.5747743333333333,-1.4922885166666664,6.223472966178835,0.3,-1.594186,-1.49704,6.220353,0.666667,1.0,6.973189,-0.004746700000000017,0.1288247646777303,0.3
1769796242.264327,-1.5687913333333334,-1.4922285499999999,6.221294931464691,0.3,-1.594186,-1.49704,6.220353,0.666667,1.0,6.973189,-0.004806900000000018,0.12815352348711237,0.3
1769796242.284702,-1.5627996666666668,-1.4921551666666666,6.220100225593156,0.3,-1.594186,-1.49704,6.220353,0.666667,1.0,6.973189,-0.004880750000000017,0.12733331806299078,0.3
1769796242.305351,-1.5567993333333334,-1.4920692999999998,6.226853148723564,0.3,-1.594186,-1.49704,6.220353,0.666667,1.0,6.973189,-0.0049668500000000166,0.1264405875379623,0.3
1769796242.325451,-1.550789,-1.4929740666666664,6.224848114614861,0.3,-1.594186,-1.49704,6.220353,0.666667,1.0,6.973189,-0.005064500000000017,0.1260886095394005,0.3
1769796242.345874,-1.5447726666666668,-1.4939273666666664,6.2833241935845265,0.3,-1.5,-1.5,6.283185,0.666667,1.0,7.067421,-0.005126450000000017,0.12660281740230805,0.3
1769796242.365818,-1.5387533333333334,-1.4949579,6.285899201546118,0.3,-1.5,-1.5,6.283185,0.666667,1.0,7.067421,-0.005066950000000017,0.12749247272601327,0.3
1769796242.385997,-1.5327279999999999,-1.4950616166666666,6.283263382672629,0.3,-1.5,-1.5,6.283185,0.666667,1.0,7.067421,-0.004932900000000017,0.12746431061373872,0.3
1769796242.406669,-1.5266760000000001,-1.4951763,6.285671216258174,0.3,-1.5,-1.5,6.283185,0.666667,1.0,7.067421,-0.004815300000000017,0.12783335808706056,0.3
1769796242.426592,-1.5205950000000001,-1.4952681166666666,6.286093266706187,0.3,-1.5,-1.5,6.283185,0.666667,1.0,7.067421,-0.004722900000000018,0.1283653974972789,0.3
1769796242.446907,-1.5144973333333331,-1.4953342666666665,6.281999296211319,0.3,-1.5,-1.5,6.283185,0.666667,1.0,7.067421,-0.004657450000000018,0.1321407498077012,0.3
1769796242.467234,-1.5084066666666667,-1.4953755666666666,6.26440825239564,0.3,-1.5,-1.5,6.283185,0.666667,1.0,7.067421,-0.004616850000000018,0.13231993045895335,0.3
1769796242.487741,-1.502328,-1.4953942333333332,6.285885482798674,0.3,-1.5,-1.5,6.283185,0.666667,1.0,7.067421,-0.004599000000000017,0.13145918252173414,0.3
1769796242.507949,-1.4962606666666665,-1.4953926,6.287555783834635,0.3,-1.5,-1.5,6.283185,0.666667,1.0,7.067421,-0.004601450000000017,0.1280410532964118,0.3
1769796242.528322,-1.4902023333333334,-1.49537265,6.284882727747574,0.3,-1.5,-1.5,6.283185,0.666667,1.0,7.067421,-0.004621750000000017,0.1267662617077643,0.3
1769796242.548563,-1.4841513333333334,-1.4953360166666665,6.293115282330559,0.3,-1.5,-1.5,6.283185,0.666667,1.0,7.067421,-0.004658850000000017,0.12641399016792965,0.3
1769796242.568722,-1.4781060000000001,-1.4952841,6.288900113073643,0.3,-1.5,-1.5,6.283185,0.666667,1.0,7.067421,-0.004711350000000017,0.12496228123447678,0.3
1769796242.588813,-1.4720666666666666,-1.4952180666666666,6.292502731348291,0.3,-1.5,-1.5,6.283185,0.666667,1.0,7.067421,-0.004777500000000018,0.1258230409368331,0.3
1769796242.60916,-1.4660326666666668,-1.4951389666666668,6.286564024116421,0.3,-1.5,-1.5,6.283185,0.666667,1.0,7.067421,-0.004856950000000018,0.12723059255068908,0.3
1769796242.629794,-1.4600030000000002,-1.4950476166666666,6.278793703390507,0.3,-1.5,-1.5,6.283185,0.666667,1.0,7.067421,-0.004948650000000017,0.12841531082084154,0.3
1769796242.649993,-1.4539783333333334,-1.49399585,6.283476071727376,0.3,-1.5,-1.5,6.283185,0.666667,1.0,7.067421,-0.0050515500000000175,0.12913311623173188,0.3
1769796242.67028,-1.4479633333333333,-1.4930152499999998,6.343722091651079,0.3,-1.405814,-1.49704,6.346017,0.666667,1.0,7.161653,-0.005052250000000017,0.1285928617870239,0.3
1769796242.690851,-1.4419773333333332,-1.4921121166666664,6.344994630058755,0.3,-1.405814,-1.49704,6.346017,0.666667,1.0,7.161653,-0.004930450000000017,0.12691442603117678,0.3
1769796242.710947,-1.4360030000000001,-1.4922315833333333,6.358132886262459,0.3,-1.405814,-1.49704,6.346017,0.666667,1.0,7.161653,-0.004800950000000017,0.1262316518596546,0.3
1769796242.731379,-1.4300300000000001,-1.4923364666666667,6.350327536680212,0.3,-1.405814,-1.49704,6.346017,0.666667,1.0,7.161653,-0.004693850000000017,0.12540027829776865,0.3
1769796242.751655,-1.4240336666666666,-1.4924159166666664,6.352185421430071,0.3,-1.405814,-1.49704,6.346017,0.666667,1.0,7.161653,-0.004615800000000017,0.12688552802507072,0.3
1769796242.771848,-1.4180343333333336,-1.4924700499999999,6.350889837898647,0.3,-1.405814,-1.49704,6.346017,0.666667,1.0,7.161653,-0.004562600000000017,0.12731091344548348,0.3
1769796242.792188,-1.4120403333333333,-1.4925018999999997,6.348912024157736,0.3,-1.405814,-1.49704,6.346017,0.666667,1.0,7.161653,-0.004531450000000017,0.12821979151559212,0.3
1769796242.812335,-1.4060583333333334,-1.4925140333333333,6.347401003009419,0.3,-1.405814,-1.49704,6.346017,0.666667,1.0,7.161653,-0.004520250000000017,0.12747805264988082,0.3
1769796242.83303,-1.400087,-1.4925083166666664,6.355595071092915,0.3,-1.405814,-1.49704,6.346017,0.666667,1.0,7.161653,-0.004526200000000017,0.12991768334442239,0.3
1769796242.853059,-1.3941243333333333,-1.4924860333333332,6.334154189990486,0.3,-1.405814,-1.49704,6.346017,0.666667,1.0,7.161653,-0.004548600000000017,0.1300624037078513,0.3
1769796242.873685,-1.38817,-1.4924479999999998,6.346064730828846,0.3,-1.405814,-1.49704,6.346017,0.666667,1.0,7.161653,-0.004587100000000017,0.13169576580581177,0.3
1769796242.893731,-1.3822216666666665,-1.4923953833333332,6.344996198505152,0.3,-1.405814,-1.49704,6.346017,0.666667,1.0,7.161653,-0.004640300000000017,0.13020347787714173,0.3
1769796242.913852,-1.3762786666666667,-1.4923294666666667,6.3420029675625065,0.3,-1.405814,-1.49704,6.346017,0.666667,1.0,7.161653,-0.0047064500000000165,0.12987075965316894,0.3
1769796242.934128,-1.37034,-1.4922513000000002,6.346676790172682,0.3,-1.405814,-1.49704,6.346017,0.666667,1.0,7.161653,-0.0047848500000000176,0.1287030255692806,0.3
1769796242.954495,-1.364396,-1.4892129333333333,6.350361103008482,0.3,-1.405814,-1.49704,6.346017,0.666667,1.0,7.161653,-0.004874800000000018,0.12679205249493555,0.3
1769796242.976233,-1.3584433333333334,-1.4862148166666664,6.414571106008577,0.3,-1.312,-1.488172,6.408849,0.666667,1.0,7.255885,-0.004953550000000017,0.12480099401151645,0.3
1769796242.994881,-1.352482,-1.483293,6.4205706910731974,0.3,-1.312,-1.488172,6.408849,0.666667,1.0,7.255885,-0.004911200000000017,0.1275597842074363,0.3
1769796243.015069,-1.346538,-1.4833925166666668,6.397358211832963,0.3,-1.312,-1.488172,6.408849,0.666667,1.0,7.255885,-0.004772250000000017,0.12940087288002178,0.3
1769796243.035473,-1.3406243333333334,-1.4835079,6.405614423973064,0.3,-1.312,-1.488172,6.408849,0.666667,1.0,7.255885,-0.004655000000000017,0.13035548203152228,0.3
1769796243.055662,-1.3347353333333334,-1.48359855,6.417266086164195,0.3,-1.312,-1.488172,6.408849,0.666667,1.0,7.255885,-0.004565050000000017,0.127633898443859,0.3
1769796243.0758,-1.3288483333333332,-1.4836642333333334,6.415591363358943,0.3,-1.312,-1.488172,6.408849,0.666667,1.0,7.255885,-0.004500300000000017,0.1259942024319153,0.3
1769796243.095751,-1.322949,-1.4837071666666668,6.416831950044726,0.3,-1.312,-1.488172,6.408849,0.666667,1.0,7.255885,-0.004457950000000017,0.1275162981592626,0.3
1769796243.115896,-1.3170393333333332,-1.4837295666666668,6.409035111800111,0.3,-1.312,-1.488172,6.408849,0.666667,1.0,7.255885,-0.004436250000000017,0.12896183591374447,0.3
1769796243.136484,-1.3111083333333333,-1.4837333000000001,6.407388536832052,0.3,-1.312,-1.488172,6.408849,0.666667,1.0,7.255885,-0.004433100000000017,0.13162460256705452,0.3
1769796243.156929,-1.3051496666666667,-1.4837201166666667,6.4009337501248655,0.3,-1.312,-1.488172,6.408849,0.666667,1.0,7.255885,-0.004446750000000017,0.13213161502670506,0.3
1769796243.177336,-1.2991686666666666,-1.4836911833333335,6.4057161870422075,0.3,-1.312,-1.488172,6.408849,0.666667,1.0,7.255885,-0.004475800000000018,0.1309799947317348,0.3
1769796243.19758,-1.2931836666666667,-1.4836474333333334,6.413690658601873,0.3,-1.312,-1.488172,6.408849,0.666667,1.0,7.255885,-0.004519900000000017,0.12862661780803283,0.3
1769796243.217888,-1.287206,-1.4835896833333333,6.414135261667077,0.3,-1.312,-1.488172,6.408849,0.666667,1.0,7.255885,-0.004578000000000016,0.12762338399382225,0.3
1769796243.238394,-1.2812353333333333,-1.48351875,6.410522839927471,0.3,-1.312,-1.488172,6.408849,0.666667,1.0,7.255885,-0.0046490500000000165,0.12851297044416785,0.3
1769796243.258976,-1.2752703333333333,-1.4834353333333332,6.4068635398998,0.3,-1.312,-1.488172,6.408849,0.666667,1.0,7.255885,-0.004732700000000017,0.1302214754911999,0.3
1769796243.278907,-1.2693106666666667,-1.4784485166666668,6.402132481384885,0.3,-1.312,-1.488172,6.408849,0.666667,1.0,7.255885,-0.0048282500000000166,0.13069064338256686,0.3
1769796243.299016,-1.2633556666666668,-1.473517,6.469003682579269,0.3,-1.218928,-1.473431,6.471681,0.666667,1.0,7.350118,-0.004868500000000017,0.1285808847119319,0.3
1769796243.319412,-1.2574086666666666,-1.4686622500000002,6.48197924192361,0.3,-1.218928,-1.473431,6.471681,0.666667,1.0,7.350118,-0.004786250000000016,0.12700336926559738,0.3
1769796243.339814,-1.251453,-1.4687725,6.475666824062892,0.3,-1.218928,-1.473431,6.471681,0.666667,1.0,7.350118,-0.004651500000000017,0.1259085510688419,0.3
1769796243.360063,-1.2454863333333333,-1.468884733333333,6.477887841759802,0.3,-1.218928,-1.473431,6.471681,0.666667,1.0,7.350118,-0.0045377500000000175,0.12925114624310854,0.3
1769796243.380728,-1.239511,-1.4689728166666667,6.46428057087801,0.3,-1.218928,-1.473431,6.471681,0.666667,1.0,7.350118,-0.004449550000000017,0.1309558782809959,0.3
1769796243.400651,-1.2335486666666666,-1.4690358166666666,6.467288181835568,0.3,-1.218928,-1.473431,6.471681,0.666667,1.0,7.350118,-0.004387250000000017,0.13172745938960953,0.3
1769796243.420918,-1.2276,-1.4690752499999997,6.47458135510812,0.3,-1.218928,-1.473431,6.471681,0.666667,1.0,7.350118,-0.0043487500000000175,0.13062645660504654,0.3
1769796243.441652,-1.2216566666666666,-1.4690935666666665,6.471714687585388,0.3,-1.218928,-1.473431,6.471681,0.666667,1.0,7.350118,-0.004331250000000017,0.13237050824054672,0.3
1769796243.461709,-1.2157226666666665,-1.4690929833333335,6.457208522022567,0.3,-1.218928,-1.473431,6.471681,0.666667,1.0,7.350118,-0.004332300000000016,0.1315684779276863,0.3
1769796243.482313,-1.2098149999999999,-1.4690753666666667,6.479381286985283,0.3,-1.218928,-1.473431,6.471681,0.666667,1.0,7.350118,-0.004350500000000017,0.1302025811641079,0.3
1769796243.50255,-1.2039389999999999,-1.4690418833333332,6.479540118166859,0.3,-1.218928,-1.473431,6.471681,0.666667,1.0,7.350118,-0.004384100000000017,0.1295191192979547,0.3
1769796243.522802,-1.1980863333333334,-1.4689934666666666,6.460606143219486,0.3,-1.218928,-1.473431,6.471681,0.666667,1.0,7.350118,-0.0044327500000000165,0.13068679071302322,0.3
1769796243.543157,-1.1941879999999998,-1.4689446999999998,6.4713585084948715,0.3,-1.218928,-1.473431,6.471681,0.666667,1.0,7.350118,-0.004495750000000017,0.13150485633863693,0.3
1769796243.543157,-1.1902936666666666,-1.4688984999999999,6.473607624413177,0.3,-1.218928,-1.473431,6.471681,0.666667,1.0,7.350118,-0.0045303999999999995,0.13019841297634424,0.3
1769796243.563297,-1.1864026666666667,-1.4688441333333333,6.467474603393242,0.3,-1.218928,-1.473431,6.471681,0.666667,1.0,7.350118,-0.004571350000000017,0.12834324335647948,0.3
1769796243.583786,-1.1805700000000001,-1.4687681833333333,6.48134782621406,0.3,-1.218928,-1.473431,6.471681,0.666667,1.0,7.350118,-0.0046588500000000165,0.1268982953980126,0.3
1769796243.603747,-1.1747423333333333,-1.4618558666666666,6.480682362163978,0.3,-1.218928,-1.473431,6.471681,0.666667,1.0,7.350118,-0.004758250000000017,0.12641489188933808,0.3
1769796243.623848,-1.1689183333333333,-1.4550149499999998,6.531940374445289,0.3,-1.126965,-1.452875,6.534513,0.666667,1.0,7.44435,-0.004752300000000017,0.1274175095551172,0.3
1769796243.64553,-1.1630973333333332,-1.4482504499999997,6.538396870219385,0.3,-1.126965,-1.452875,6.534513,0.666667,1.0,7.44435,-0.004625600000000017,0.12891089996261298,0.3
1769796243.664659,-1.157281,-1.4483731833333333,6.536391519719002,0.3,-1.126965,-1.452875,6.534513,0.666667,1.0,7.44435,-0.004495750000000017,0.12957992316633754,0.3
1769796243.684748,-1.151463,-1.4484828499999998,6.530503635222941,0.3,-1.126965,-1.452875,6.534513,0.666667,1.0,7.44435,-0.0043841000000000175,0.13093136229847135,0.3
1769796243.704796,-1.145638,-1.44857035,6.532591235426582,0.3,-1.126965,-1.452875,6.534513,0.666667,1.0,7.44435,-0.004296600000000017,0.1311534638542828,0.3
1769796243.725563,-1.1398056666666667,-1.4486338166666666,6.536896410384133,0.3,-1.126965,-1.452875,6.534513,0.666667,1.0,7.44435,-0.004233250000000017,0.13114494669797738,0.3
1769796243.746636,-1.133978,-1.4486739499999999,6.531887538160774,0.3,-1.126965,-1.452875,6.534513,0.666667,1.0,7.44435,-0.004193700000000017,0.13261544510076398,0.3
1769796243.765999,-1.1281636666666666,-1.44869215,6.524611045009863,0.3,-1.126965,-1.452875,6.534513,0.666667,1.0,7.44435,-0.004176200000000017,0.13447869858036843,0.3
1769796243.786359,-1.1223653333333334,-1.4486904,6.5260990895065065,0.3,-1.126965,-1.452875,6.534513,0.666667,1.0,7.44435,-0.004178650000000016,0.1343819481709483,0.3
1769796243.806718,-1.11658,-1.4486705666666666,6.5324312906172946,0.3,-1.126965,-1.452875,6.534513,0.666667,1.0,7.44435,-0.004198950000000017,0.13481808104142132,0.3
1769796243.826839,-1.110802,-1.4486342833333332,6.521577747787025,0.3,-1.126965,-1.452875,6.534513,0.666667,1.0,7.44435,-0.004235700000000018,0.13336034193013527,0.3
1769796243.846984,-1.1050266666666666,-1.4485828333333333,6.534083574174223,0.3,-1.126965,-1.452875,6.534513,0.666667,1.0,7.44435,-0.004287500000000017,0.1330780229136642,0.3
1769796243.867242,-1.0992513333333331,-1.4485172666666666,6.533044754716121,0.3,-1.126965,-1.452875,6.534513,0.666667,1.0,7.44435,-0.0043533000000000165,0.13173406836749293,0.3
1769796243.887568,-1.09347,-1.44843875,6.528264575064052,0.3,-1.126965,-1.452875,6.534513,0.666667,1.0,7.44435,-0.004432400000000017,0.12993305626387422,0.3
1769796243.907863,-1.087682,-1.4395946833333333,6.543240796795935,0.3,-1.126965,-1.452875,6.534513,0.666667,1.0,7.44435,-0.004523050000000017,0.12884657137227307,0.3
1769796243.928065,-1.0818893333333335,-1.4307932,6.600700264065728,0.3,-1.036475,-1.426585,6.597345,0.666667,1.0,7.538582,-0.004595500000000017,0.12881835000397138,0.3
1769796243.948506,-1.0761010000000002,-1.4220687166666668,6.590464753273863,0.3,-1.036475,-1.426585,6.597345,0.666667,1.0,7.538582,-0.004546850000000017,0.13153757556532766,0.3
1769796243.968749,-1.0703156666666667,-1.42217325,6.590573293427798,0.3,-1.036475,-1.426585,6.597345,0.666667,1.0,7.538582,-0.004406500000000016,0.1330320805071666,0.3
1769796243.988849,-1.0645196666666668,-1.4222963333333334,6.5939284344146945,0.3,-1.036475,-1.426585,6.597345,0.666667,1.0,7.538582,-0.004281900000000017,0.13226637854517365,0.3
1769796244.009165,-1.058712,-1.4223994666666666,6.5976437150458205,0.3,-1.036475,-1.426585,6.597345,0.666667,1.0,7.538582,-0.004177600000000017,0.13248695332244795,0.3
1769796244.029368,-1.0529016666666666,-1.42247915,6.591415644764152,0.3,-1.036475,-1.426585,6.597345,0.666667,1.0,7.538582,-0.004097100000000017,0.13376983415593566,0.3
1769796244.049763,-1.0471073333333332,-1.4225338666666667,6.587904499413768,0.3,-1.036475,-1.426585,6.597345,0.666667,1.0,7.538582,-0.004042850000000018,0.13389861704151357,0.3
1769796244.069826,-1.0413343333333334,-1.4225640833333333,6.598020067732353,0.3,-1.036475,-1.426585,6.597345,0.666667,1.0,7.538582,-0.004013450000000017,0.13312224240294246,0.3
1769796244.089911,-1.0355893333333333,-1.4225716666666666,6.596708442595578,0.3,-1.036475,-1.426585,6.597345,0.666667,1.0,7.538582,-0.004006450000000017,0.1314528878859015,0.3
1769796244.110784,-1.029867,-1.4225588333333334,6.598079876516014,0.3,-1.036475,-1.426585,6.597345,0.666667,1.0,7.538582,-0.004020100000000018,0.13148693779202683,0.3
1769796244.130872,-1.0241633333333333,-1.4225278000000001,6.597546268295601,0.3,-1.036475,-1.426585,6.597345,0.666667,1.0,7.538582,-0.004051950000000018,0.13195584791126808,0.3
1769796244.150905,-1.0184686666666667,-1.4224806666666667,6.593243281880131,0.3,-1.036475,-1.426585,6.597345,0.666667,1.0,7.538582,-0.004099550000000018,0.13197806783801155,0.3
1769796244.171483,-1.0127846666666667,-1.42241895,6.596956756955553,0.3,-1.036475,-1.426585,6.597345,0.666667,1.0,7.538582,-0.004161500000000018,0.13054605747725953,0.3
1769796244.192014,-1.0071106666666667,-1.4223436999999999,6.6048422804601135,0.3,-1.036475,-1.426585,6.597345,0.666667,1.0,7.538582,-0.004237100000000017,0.12837052421908368,0.3
1769796244.212242,-1.0014450000000001,-1.4222554999999997,6.604716231429186,0.3,-1.036475,-1.426585,6.597345,0.666667,1.0,7.538582,-0.004325300000000017,0.12989435429836815,0.3
1769796244.232162,-0.995785,-1.4115437499999999,6.585961576479846,0.3,-1.036475,-1.426585,6.597345,0.666667,1.0,7.538582,-0.004426100000000017,0.13011168576387633,0.3
1769796244.252138,-0.9901316666666666,-1.4008930166666669,6.664862541667064,0.3,-0.947813,-1.394665,6.660176,0.666667,1.0,7.632814,-0.004452350000000017,0.13284215896680215,0.3
1769796244.272545,-0.9844956666666667,-1.3903171833333332,6.650938992211631,0.3,-0.947813,-1.394665,6.660176,0.666667,1.0,7.632814,-0.004357500000000018,0.13092495640233773,0.3
1769796244.293038,-0.9788616666666666,-1.3904252166666666,6.661643291866633,0.3,-0.947813,-1.394665,6.660176,0.666667,1.0,7.632814,-0.004233600000000017,0.13280705480943797,0.3
1769796244.31413,-0.9732296666666667,-1.3905296333333332,6.655838651224463,0.3,-0.947813,-1.394665,6.660176,0.666667,1.0,7.632814,-0.004128250000000017,0.13177515669845766,0.3
1769796244.333363,-0.9675940000000001,-1.3906118833333334,6.659323130877513,0.3,-0.947813,-1.394665,6.660176,0.666667,1.0,7.632814,-0.0040442500000000174,0.13163229955203787,0.3
1769796244.353647,-0.9619756666666667,-1.3906698666666666,6.664227684745152,0.3,-0.947813,-1.394665,6.660176,0.666667,1.0,7.632814,-0.0039868500000000175,0.1336036347319269,0.3
1769796244.373758,-0.9563763333333334,-1.3907032333333333,6.645228290145129,0.3,-0.947813,-1.394665,6.660176,0.666667,1.0,7.632814,-0.0039543000000000165,0.13329920660190933,0.3
1769796244.394189,-0.9507946666666666,-1.3907142,6.661850399657618,0.3,-0.947813,-1.394665,6.660176,0.666667,1.0,7.632814,-0.003944150000000018,0.13251938199884458,0.3
1769796244.41496,-0.9452283333333332,-1.3907051000000001,6.66913693236354,0.3,-0.947813,-1.394665,6.660176,0.666667,1.0,7.632814,-0.003953950000000017,0.13063022156638493,0.3
1769796244.434645,-0.9396763333333333,-1.390677916666667,6.656372152739887,0.3,-0.947813,-1.394665,6.660176,0.666667,1.0,7.632814,-0.003981600000000017,0.13243813915254135,0.3
1769796244.454728,-0.934136,-1.3906344,6.65043204414068,0.3,-0.947813,-1.394665,6.660176,0.666667,1.0,7.632814,-0.0040257000000000175,0.13467903647559706,0.3
1769796244.474782,-0.9286063333333333,-1.39057595,6.654777698425206,0.3,-0.947813,-1.394665,6.660176,0.666667,1.0,7.632814,-0.004084500000000017,0.1341383536207906,0.3
1769796244.495152,-0.9230856666666666,-1.3905039666666665,6.6583887998687254,0.3,-0.947813,-1.394665,6.660176,0.666667,1.0,7.632814,-0.004156950000000017,0.13163804136539595,0.3
1769796244.515577,-0.9175733333333334,-1.3904195000000001,6.663922267673048,0.3,-0.947813,-1.394665,6.660176,0.666667,1.0,7.632814,-0.004241650000000017,0.13267901532019197,0.3
1769796244.535837,-0.9120683333333334,-1.3903234833333336,6.64675805469643,0.3,-0.947813,-1.394665,6.660176,0.666667,1.0,7.632814,-0.004337900000000017,0.13181711994100634,0.3
1769796244.555881,-0.90657,-1.3777856999999998,6.661543822143839,0.3,-0.947813,-1.394665,6.660176,0.666667,1.0,7.632814,-0.004445000000000017,0.1310112589173358,0.3
1769796244.576468,-0.9010713333333333,-1.365325733333333,6.730263983815071,0.3,-0.861331,-1.357241,6.723008,0.666667,1.0,7.727047,-0.004431000000000017,0.1271067716268909,0.3
1769796244.596669,-0.8955736666666666,-1.3529429999999998,6.733325678439099,0.3,-0.861331,-1.357241,6.723008,0.666667,1.0,7.727047,-0.004293800000000018,0.1289905389374221,0.3
1769796244.616795,-0.8900843333333333,-1.35306515,6.715003818280652,0.3,-0.861331,-1.357241,6.723008,0.666667,1.0,7.727047,-0.004169200000000017,0.12917723125359906,0.3
1769796244.636904,-0.8846073333333333,-1.3531687499999998,6.731708979918009,0.3,-0.861331,-1.357241,6.723008,0.666667,1.0,7.727047,-0.0040645500000000175,0.13010158763698443,0.3
1769796244.657224,-0.8791353333333333,-1.3532499499999997,6.729955140138787,0.3,-0.861331,-1.357241,6.723008,0.666667,1.0,7.727047,-0.003983000000000018,0.12877746252631073,0.3
1769796244.677839,-0.8736483333333332,-1.3533083999999997,6.724653768944695,0.3,-0.861331,-1.357241,6.723008,0.666667,1.0,7.727047,-0.003925600000000017,0.12861981003443904,0.3
1769796244.697968,-0.8681559999999999,-1.3533457333333334,6.733882344869239,0.3,-0.861331,-1.357241,6.723008,0.666667,1.0,7.727047,-0.003889200000000017,0.13062619329101008,0.3
1769796244.717989,-0.862669,-1.3533642833333335,6.718700840599361,0.3,-0.861331,-1.357241,6.723008,0.666667,1.0,7.727047,-0.0038710000000000172,0.1319974322783202,0.3
1769796244.738166,-0.8572033333333334,-1.3533649833333332,6.716815885020834,0.3,-0.861331,-1.357241,6.723008,0.666667,1.0,7.727047,-0.003869950000000017,0.13422330998746076,0.3
1769796244.758892,-0.8517546666666668,-1.3533479499999999,6.720541778614396,0.3,-0.861331,-1.357241,6.723008,0.666667,1.0,7.727047,-0.003887100000000017,0.13402872711702385,0.3
1769796244.778978,-0.8463203333333333,-1.3533134166666665,6.719510637821982,0.3,-0.861331,-1.357241,6.723008,0.666667,1.0,7.727047,-0.003922100000000017,0.13370663632341073,0.3
1769796244.799521,-0.840899,-1.35326255,6.718023229782513,0.3,-0.861331,-1.357241,6.723008,0.666667,1.0,7.727047,-0.003973550000000017,0.1331467238462801,0.3
1769796244.819748,-0.8354903333333333,-1.3531967499999997,6.72283305347718,0.3,-0.861331,-1.357241,6.723008,0.666667,1.0,7.727047,-0.004039700000000018,0.13151800940718936,0.3
1769796244.839884,-0.8300930000000001,-1.3531172999999999,6.727901124456527,0.3,-0.861331,-1.357241,6.723008,0.666667,1.0,7.727047,-0.004119500000000017,0.13117451131125132,0.3
1769796244.860185,-0.8247059999999999,-1.3387827666666665,6.718415768358141,0.3,-0.861331,-1.357241,6.723008,0.666667,1.0,7.727047,-0.0042119000000000175,0.13070600845312844,0.3
1769796244.880738,-0.8193283333333333,-1.3244982833333332,6.786917870625917,0.3,-0.777369,-1.31446,6.78584,0.666667,1.0,7.821279,-0.0042623000000000175,0.13273503670353204,0.3
1769796244.90075,-0.813968,-1.3102888166666666,6.778051804954106,0.3,-0.777369,-1.31446,6.78584,0.666667,1.0,7.821279,-0.004191950000000017,0.13191524062489732,0.3
1769796244.920827,-0.80865,-1.3103918333333333,6.7872347448299495,0.3,-0.777369,-1.31446,6.78584,0.666667,1.0,7.821279,-0.004059300000000017,0.12873682221484153,0.3
1769796244.940908,-0.8033769999999999,-1.3104973,6.808151731086252,0.3,-0.777369,-1.31446,6.78584,0.666667,1.0,7.821279,-0.0039532500000000175,0.12729471097685566,0.3
1769796244.961321,-0.7998823333333333,-1.3105694,6.788919272382021,0.3,-0.777369,-1.31446,6.78584,0.666667,1.0,7.821279,-0.0038755500000000175,0.12941145941984306,0.3
1769796244.961321,-0.79465,-1.31061735,6.776048354172025,0.3,-0.777369,-1.31446,6.78584,0.666667,1.0,7.821279,-0.0038429999999999996,0.13280959743052767,0.3
1769796245.001835,-0.7894186666666667,-1.3106514166666665,6.788769853022144,0.3,-0.777369,-1.31446,6.78584,0.666667,1.0,7.821279,-0.0038094000000000175,0.1326141182320222,0.3
1769796245.022111,-0.7824453333333333,-1.3106734666666666,6.790807547573054,0.3,-0.777369,-1.31446,6.78584,0.666667,1.0,7.821279,-0.0037733500000000177,0.13131516067083007,0.3
1769796245.042562,-0.7772186666666666,-1.31067685,6.784305149539178,0.3,-0.777369,-1.31446,6.78584,0.666667,1.0,7.821279,-0.0037768500000000173,0.13234983033700243,0.3
1769796245.063084,-0.7737353333333333,-1.3106627333333334,6.78263288502511,0.3,-0.777369,-1.31446,6.78584,0.666667,1.0,7.821279,-0.003799250000000018,0.13402406811719594,0.3
1769796245.063084,-0.7702553333333334,-1.3106426666666666,6.780465670891893,0.3,-0.777369,-1.31446,6.78584,0.666667,1.0,7.821279,-0.0038157,0.1336777306369125,0.3
1769796245.083701,-0.7667826666666667,-1.3106146666666667,6.785961774420879,0.3,-0.777369,-1.31446,6.78584,0.666667,1.0,7.821279,-0.003837050000000018,0.13424282668722745,0.3
1769796245.103745,-0.7615823333333335,-1.3105719666666664,6.77865430872322,0.3,-0.777369,-1.31446,6.78584,0.666667,1.0,7.821279,-0.0038832500000000178,0.13117078481850597,0.3
1769796245.123774,-0.7563963333333333,-1.3105103666666666,6.798001222104221,0.3,-0.777369,-1.31446,6.78584,0.666667,1.0,7.821279,-0.003943800000000018,0.1321850390099996,0.3
1769796245.144004,-0.7512236666666666,-1.3104337166666664,6.778582649271917,0.3,-0.777369,-1.31446,6.78584,0.666667,1.0,7.821279,-0.004021850000000018,0.1308843253783518,0.3
1769796245.164163,-0.7460589999999999,-1.31034225,6.784848940513107,0.3,-0.777369,-1.31446,6.78584,0.666667,1.0,7.821279,-0.004113200000000017,0.13160833931397384,0.3
1769796245.184692,-0.7408993333333332,-1.2942769666666667,6.791736338490489,0.3,-0.777369,-1.31446,6.78584,0.666667,1.0,7.821279,-0.004218200000000017,0.131744518065987,0.3
1769796245.20474,-0.7357436666666666,-1.2782714166666667,6.839002626759838,0.3,-0.69626,-1.266492,6.848672,0.666667,1.0,7.915511,-0.004249700000000017,0.12896982271225568,0.3
1769796245.224816,-0.730594,-1.2623411166666667,6.863988562635494,0.3,-0.69626,-1.266492,6.848672,0.666667,1.0,7.915511,-0.004161850000000017,0.12889965252524316,0.3
1769796245.245041,-0.72545,-1.262446,6.856229059612564,0.3,-0.69626,-1.266492,6.848672,0.666667,1.0,7.915511,-0.004041100000000017,0.1281351043377033,0.3
1769796245.265388,-0.7203076666666668,-1.262551,6.845792465885077,0.3,-0.69626,-1.266492,6.848672,0.666667,1.0,7.915511,-0.003935050000000017,0.1316528160002038,0.3
1769796245.285735,-0.7151716666666666,-1.2626375666666665,6.845087292660491,0.3,-0.69626,-1.266492,6.848672,0.666667,1.0,7.915511,-0.003846850000000017,0.13373246191736107,0.3
1769796245.305707,-0.7100496666666668,-1.26270185,6.84556908410962,0.3,-0.69626,-1.266492,6.848672,0.666667,1.0,7.915511,-0.003781400000000017,0.13399944248381332,0.3
1769796245.325901,-0.7049499999999999,-1.2627416333333332,6.845540532486363,0.3,-0.69626,-1.266492,6.848672,0.666667,1.0,7.915511,-0.003742200000000017,0.1330631168445354,0.3
1769796245.346722,-0.6998713333333333,-1.2627571499999999,6.8515406964961585,0.3,-0.69626,-1.266492,6.848672,0.666667,1.0,7.915511,-0.0037275000000000173,0.1341527328662699,0.3
1769796245.366721,-0.6948120000000001,-1.2627506166666667,6.839357237979213,0.3,-0.69626,-1.266492,6.848672,0.666667,1.0,7.915511,-0.003734850000000017,0.13273274402603416,0.3
1769796245.38699,-0.689766,-1.262724483333333,6.8539232655277775,0.3,-0.69626,-1.266492,6.848672,0.666667,1.0,7.915511,-0.0037618000000000174,0.13476163225511625,0.3
1769796245.407132,-0.6847253333333333,-1.2626814333333334,6.838818567121666,0.3,-0.69626,-1.266492,6.848672,0.666667,1.0,7.915511,-0.003805900000000017,0.133520364102495,0.3
1769796245.427801,-0.679688,-1.2626233333333332,6.845900796894941,0.3,-0.69626,-1.266492,6.848672,0.666667,1.0,7.915511,-0.0038640000000000167,0.13436433057233238,0.3
1769796245.448015,-0.6746546666666666,-1.2625514666666666,6.847639366708753,0.3,-0.69626,-1.266492,6.848672,0.666667,1.0,7.915511,-0.003936100000000017,0.13373670948844052,0.3
1769796245.467858,-0.6696269999999999,-1.2624668833333332,6.841075093625017,0.3,-0.69626,-1.266492,6.848672,0.666667,1.0,7.915511,-0.004021500000000016,0.1315291884488776,0.3
1769796245.488208,-0.6646043333333334,-1.2447178833333332,6.857369673132318,0.3,-0.69626,-1.266492,6.848672,0.666667,1.0,7.915511,-0.004117750000000016,0.13221207796600146,0.3
1769796245.508511,-0.6595903333333334,-1.2270060999999999,6.90441402960601,0.3,-0.618322,-1.213525,6.911504,0.666667,1.0,8.009744,-0.004216100000000016,0.12720347511950217,0.3
1769796245.528957,-0.6545893333333334,-1.2093736499999999,6.932780260704013,0.3,-0.618322,-1.213525,6.911504,0.666667,1.0,8.009744,-0.004189850000000017,0.12931737667338059,0.3
1769796245.550506,-0.6495983333333334,-1.20947165,6.908005813809048,0.3,-0.618322,-1.213525,6.911504,0.666667,1.0,8.009744,-0.004048100000000016,0.1293530520785885,0.3
1769796245.569199,-0.6446106666666667,-1.2095961333333332,6.9062579771747625,0.3,-0.618322,-1.213525,6.911504,0.666667,1.0,8.009744,-0.003922100000000017,0.13310813711480382,0.3
1769796245.589613,-0.6396273333333333,-1.2097008999999999,6.912863900486721,0.3,-0.618322,-1.213525,6.911504,0.666667,1.0,8.009744,-0.0038164000000000167,0.13264502015639704,0.3
1769796245.609703,-0.6346590000000001,-1.2097829166666667,6.9129846155594885,0.3,-0.618322,-1.213525,6.911504,0.666667,1.0,8.009744,-0.0037338000000000163,0.1301032810963396,0.3
1769796245.629868,-0.6297183333333334,-1.2098417166666666,6.923230761535107,0.3,-0.618322,-1.213525,6.911504,0.666667,1.0,8.009744,-0.0036760500000000166,0.1308447965040438,0.3
1769796245.650598,-0.6248083333333333,-1.2098777666666667,6.909649608040496,0.3,-0.618322,-1.213525,6.911504,0.666667,1.0,8.009744,-0.0036400000000000165,0.13308696372800088,0.3
1769796245.670478,-0.6199233333333333,-1.2098923499999998,6.900288662215746,0.3,-0.618322,-1.213525,6.911504,0.666667,1.0,8.009744,-0.0036256500000000167,0.13581846764625619,0.3
1769796245.690783,-0.615058,-1.20988675,6.907147988025575,0.3,-0.618322,-1.213525,6.911504,0.666667,1.0,8.009744,-0.0036323000000000167,0.1351903074381489,0.3
1769796245.71098,-0.6102093333333333,-1.2098623666666666,6.91330096928914,0.3,-0.618322,-1.213525,6.911504,0.666667,1.0,8.009744,-0.0036568000000000165,0.13425826714932773,0.3
1769796245.73141,-0.605379,-1.2098206,6.905368853948673,0.3,-0.618322,-1.213525,6.911504,0.666667,1.0,8.009744,-0.003698800000000017,0.132147026712276,0.3
1769796245.751724,-0.6005686666666666,-1.2097619166666667,6.918938330647886,0.3,-0.618322,-1.213525,6.911504,0.666667,1.0,8.009744,-0.0037576000000000167,0.13282267353410035,0.3
1769796245.771624,-0.595778,-1.2096875999999999,6.908014738358194,0.3,-0.618322,-1.213525,6.911504,0.666667,1.0,8.009744,-0.003832850000000017,0.13161779702999332,0.3
1769796245.791765,-0.5910023333333334,-1.2095995166666667,6.911037462973315,0.3,-0.618322,-1.213525,6.911504,0.666667,1.0,8.009744,-0.003921750000000016,0.13290105503810204,0.3
1769796245.812142,-0.5862363333333334,-1.19026945,6.9093890325992335,0.3,-0.618322,-1.213525,6.911504,0.666667,1.0,8.009744,-0.004021850000000016,0.13244288634463777,0.3
1769796245.832599,-0.5814776666666667,-1.1709942166666667,6.97194935051898,0.3,-0.543864,-1.15577,6.974336,0.666667,1.0,8.103976,-0.004068050000000016,0.13291851138528962,0.3
1769796245.852742,-0.5767509999999999,-1.1517956333333332,6.970520812729404,0.3,-0.543864,-1.15577,6.974336,0.666667,1.0,8.103976,-0.003992450000000016,0.13125945638772832,0.3
1769796245.872941,-0.572056,-1.1519004,6.983290112584601,0.3,-0.543864,-1.15577,6.974336,0.666667,1.0,8.103976,-0.0038626000000000164,0.13048974411981218,0.3
1769796245.893305,-0.5673826666666667,-1.1520092499999999,6.9787677241264765,0.3,-0.543864,-1.15577,6.974336,0.666667,1.0,8.103976,-0.0037537500000000166,0.12969180154529028,0.3
1769796245.913671,-0.5627136666666667,-1.15209675,6.977594318176536,0.3,-0.543864,-1.15577,6.974336,0.666667,1.0,8.103976,-0.003665900000000016,0.13155202104139066,0.3
1769796245.933846,-0.558055,-1.1521610333333332,6.973966295607999,0.3,-0.543864,-1.15577,6.974336,0.666667,1.0,8.103976,-0.0036001000000000162,0.1321617209685416,0.3
1769796245.954204,-0.5534213333333333,-1.1522011666666667,6.976459474563571,0.3,-0.543864,-1.15577,6.974336,0.666667,1.0,8.103976,-0.003560900000000016,0.13037839133183024,0.3
1769796245.974609,-0.5488096666666666,-1.1522173833333333,6.989137095996804,0.3,-0.543864,-1.15577,6.974336,0.666667,1.0,8.103976,-0.0035455000000000157,0.13391042682181473,0.3
1769796245.995319,-0.5442176666666666,-1.1522121333333333,6.953114632668092,0.3,-0.543864,-1.15577,6.974336,0.666667,1.0,8.103976,-0.003551450000000016,0.13432160083887515,0.3
1769796246.015749,-0.5396436666666666,-1.1521876333333332,6.973882180461208,0.3,-0.543864,-1.15577,6.974336,0.666667,1.0,8.103976,-0.0035766500000000163,0.1350718172319951,0.3
1769796246.035916,-0.5350856666666667,-1.15214575,6.984121297638084,0.3,-0.543864,-1.15577,6.974336,0.666667,1.0,8.103976,-0.003619000000000016,0.1312326882900471,0.3
1769796246.055843,-0.530542,-1.1520882333333333,6.97526985631978,0.3,-0.543864,-1.15577,6.974336,0.666667,1.0,8.103976,-0.003677100000000016,0.12888061274053117,0.3
1769796246.07613,-0.5260083333333333,-1.152015783333333,6.986786783758304,0.3,-0.543864,-1.15577,6.974336,0.666667,1.0,8.103976,-0.0037492000000000163,0.130149594828284,0.3
1769796246.096743,-0.521481,-1.1519281666666668,6.974985955111567,0.3,-0.543864,-1.15577,6.974336,0.666667,1.0,8.103976,-0.003836350000000016,0.12777187046214367,0.3
1769796246.116934,-0.5169590000000001,-1.15182585,6.987696252516622,0.3,-0.543864,-1.15577,6.974336,0.666667,1.0,8.103976,-0.003939950000000017,0.13003172299929103,0.3
1769796246.136979,-0.5124443333333333,-1.1309727833333334,6.97107901853542,0.3,-0.543864,-1.15577,6.974336,0.666667,1.0,8.103976,-0.004056150000000016,0.13124611108707193,0.3
1769796246.15732,-0.5079386666666666,-1.1101877333333334,7.028836226584882,0.3,-0.473179,-1.093453,7.037168,0.666667,1.0,8.198208,-0.004078550000000016,0.1345073455738773,0.3
1769796246.17768,-0.503446,-1.0894796833333331,7.03069379559579,0.3,-0.473179,-1.093453,7.037168,0.666667,1.0,8.198208,-0.003978100000000016,0.12934632199675142,0.3
1769796246.198086,-0.49896066666666666,-1.0895854999999999,7.0662271099981755,0.3,-0.473179,-1.093453,7.037168,0.666667,1.0,8.198208,-0.0038633000000000157,0.12784480367156537,0.3
1769796246.218291,-0.494489,-1.0896862999999999,7.040067486535998,0.3,-0.473179,-1.093453,7.037168,0.666667,1.0,8.198208,-0.003761100000000016,0.12593355066657094,0.3
1769796246.238751,-0.49003233333333335,-1.0897679666666666,7.044278113625757,0.3,-0.473179,-1.093453,7.037168,0.666667,1.0,8.198208,-0.003675700000000016,0.13123494842782177,0.3
1769796246.258935,-0.48558833333333334,-1.0898272333333332,7.0361337234306705,0.3,-0.473179,-1.093453,7.037168,0.666667,1.0,8.198208,-0.0036183000000000157,0.13279322044870825,0.3
1769796246.279303,-0.4811553333333333,-1.0898631666666667,7.031962454410679,0.3,-0.473179,-1.093453,7.037168,0.666667,1.0,8.198208,-0.003583300000000016,0.13477272821458486,0.3
1769796246.29972,-0.476732,-1.0898778666666666,7.033155667030497,0.3,-0.473179,-1.093453,7.037168,0.666667,1.0,8.198208,-0.0035679000000000158,0.13444106420053636,0.3
1769796246.32033,-0.47232999999999997,-1.08987215,7.038432407514962,0.3,-0.473179,-1.093453,7.037168,0.666667,1.0,8.198208,-0.003574200000000016,0.13117293494500307,0.3
1769796246.340207,-0.4679473333333333,-1.0898468333333333,7.051451179943879,0.3,-0.473179,-1.093453,7.037168,0.666667,1.0,8.198208,-0.003600450000000016,0.12829892413898422,0.3
1769796246.360353,-0.4635823333333333,-1.0898041333333333,7.04986808186661,0.3,-0.473179,-1.093453,7.037168,0.666667,1.0,8.198208,-0.0036438500000000157,0.12882121174693326,0.3
1769796246.380788,-0.4592326666666667,-1.0897460333333333,7.034401981867267,0.3,-0.473179,-1.093453,7.037168,0.666667,1.0,8.198208,-0.0037023000000000156,0.13133530011173541,0.3
1769796246.401031,-0.45489966666666665,-1.0896747500000001,7.035146549755066,0.3,-0.473179,-1.093453,7.037168,0.666667,1.0,8.198208,-0.0037747500000000155,0.1321663140114452,0.3
1769796246.421546,-0.450582,-1.0895926166666667,7.043385048468352,0.3,-0.473179,-1.093453,7.037168,0.666667,1.0,8.198208,-0.003857700000000016,0.13105548678798418,0.3
1769796246.441876,-0.4462793333333333,-1.06730005,7.039342145208034,0.3,-0.473179,-1.093453,7.037168,0.666667,1.0,8.198208,-0.003948700000000016,0.13151169653431008,0.3
1769796246.461867,-0.44198999999999994,-1.0450512333333333,7.09352039127711,0.3,-0.406547,-1.026821,7.099999,0.666667,1.0,8.29244,-0.004020450000000016,0.13230554860911323,0.3
1769796246.482327,-0.43771266666666664,-1.0228781333333334,7.100651786019533,0.3,-0.406547,-1.026821,7.099999,0.666667,1.0,8.29244,-0.003972150000000016,0.1336140346114506,0.3
1769796246.502517,-0.4334456666666666,-1.0229787000000001,7.095111129194009,0.3,-0.406547,-1.026821,7.099999,0.666667,1.0,8.29244,-0.0038360000000000165,0.13236172935297577,0.3
1769796246.523011,-0.43060366666666666,-1.0230810166666668,7.103146122827959,0.3,-0.406547,-1.026821,7.099999,0.666667,1.0,8.29244,-0.0037187500000000163,0.13305393215517153,0.3
1769796246.523011,-0.4277756666666666,-1.0231521833333332,7.0986472192063585,0.3,-0.406547,-1.026821,7.099999,0.666667,1.0,8.29244,-0.0036652,0.13374818695216092,0.3
1769796246.54326,-0.42497066666666666,-1.02320935,7.092440100412073,0.3,-0.406547,-1.026821,7.099999,0.666667,1.0,8.29244,-0.0036225000000000163,0.1345015418598358,0.3
1769796246.563588,-0.42078233333333337,-1.0232655833333333,7.09982649338191,0.3,-0.406547,-1.026821,7.099999,0.666667,1.0,8.29244,-0.003547250000000016,0.13228035047396453,0.3
1769796246.583708,-0.4166303333333334,-1.0233156333333333,7.113155267521586,0.3,-0.406547,-1.026821,7.099999,0.666667,1.0,8.29244,-0.0034965000000000165,0.1318493634103914,0.3
1769796246.604776,-0.41251033333333337,-1.0233410666666665,7.096077072793512,0.3,-0.406547,-1.026821,7.099999,0.666667,1.0,8.29244,-0.0034723500000000164,0.12996433075263325,0.3
1769796246.625075,-0.40841733333333335,-1.0233431666666666,7.111670789328459,0.3,-0.406547,-1.026821,7.099999,0.666667,1.0,8.29244,-0.003470950000000016,0.1303028363890815,0.3
1769796246.645534,-0.40434866666666663,-1.0233241499999999,7.111168333702897,0.3,-0.406547,-1.026821,7.099999,0.666667,1.0,8.29244,-0.003490200000000016,0.1289280475345034,0.3
1769796246.665803,-0.4003043333333333,-1.0232854166666665,7.1039264559209805,0.3,-0.406547,-1.026821,7.099999,0.666667,1.0,8.29244,-0.0035294000000000163,0.13184400121016712,0.3
1769796246.686124,-0.39628100000000005,-1.0232284833333332,7.093361667274476,0.3,-0.406547,-1.026821,7.099999,0.666667,1.0,8.29244,-0.0035871500000000164,0.13304990007649764,0.3
1769796246.705956,-0.392274,-1.0231556833333333,7.1027373405049135,0.3,-0.406547,-1.026821,7.099999,0.666667,1.0,8.29244,-0.0036610000000000167,0.13435757296855677,0.3
1769796246.726542,-0.38828033333333334,-1.0230692333333333,7.094551618568626,0.3,-0.406547,-1.026821,7.099999,0.666667,1.0,8.29244,-0.0037478000000000164,0.13474087018560957,0.3
1769796246.747003,-0.38429866666666673,-1.0229707666666668,7.08924643397216,0.3,-0.406547,-1.026821,7.099999,0.666667,1.0,8.29244,-0.0038465000000000166,0.13512934312081126,0.3
1769796246.766981,-0.3803283333333334,-0.9993246333333333,7.098338702893703,0.3,-0.406547,-1.026821,7.099999,0.666667,1.0,8.29244,-0.003956400000000016,0.13260745729824427,0.3
1769796246.787779,-0.37636866666666663,-0.9757369499999999,7.170741133504027,0.3,-0.34423,-0.956136,7.162831,0.666667,1.0,8.386673,-0.004001200000000016,0.12829942718231224,0.3
1769796246.807563,-0.37241966666666665,-0.9522266166666666,7.177380264667751,0.3,-0.34423,-0.956136,7.162831,0.666667,1.0,8.386673,-0.003924550000000016,0.12773877445426546,0.3
1769796246.827657,-0.36848400000000003,-0.9523291666666666,7.165612619261983,0.3,-0.34423,-0.956136,7.162831,0.666667,1.0,8.386673,-0.003802400000000016,0.12961029420764753,0.3
1769796246.847902,-0.364565,-0.9524372,7.161665564983735,0.3,-0.34423,-0.956136,7.162831,0.666667,1.0,8.386673,-0.003693550000000016,0.131943870597616,0.3
1769796246.867912,-0.36066833333333337,-0.9525283166666666,7.16564750632794,0.3,-0.34423,-0.956136,7.162831,0.666667,1.0,8.386673,-0.0036004500000000163,0.13410108562588255,0.3
1769796246.88833,-0.35679766666666674,-0.9525980833333333,7.154582779092384,0.3,-0.34423,-0.956136,7.162831,0.666667,1.0,8.386673,-0.003529050000000016,0.13266309225354353,0.3
1769796246.908685,-0.35295433333333337,-0.9526432333333333,7.171758625217769,0.3,-0.34423,-0.956136,7.162831,0.666667,1.0,8.386673,-0.003484250000000016,0.1349845123670529,0.3
1769796246.928805,-0.34913533333333335,-0.9526628333333332,7.152667135646884,0.3,-0.34423,-0.956136,7.162831,0.666667,1.0,8.386673,-0.0034650000000000162,0.13509788404010972,0.3
1769796246.949172,-0.345339,-0.95265875,7.154314149054043,0.3,-0.34423,-0.956136,7.162831,0.666667,1.0,8.386673,-0.003470250000000016,0.1375448337610353,0.3
1769796246.969517,-0.34156233333333336,-0.9526334333333333,7.156991176892215,0.3,-0.34423,-0.956136,7.162831,0.666667,1.0,8.386673,-0.003496500000000016,0.13514724642012482,0.3
1769796246.990123,-0.337803,-0.9525888666666665,7.166521009692347,0.3,-0.34423,-0.956136,7.162831,0.666667,1.0,8.386673,-0.0035409500000000162,0.13273752745963005,0.3
1769796247.010317,-0.33405233333333334,-0.9525265666666667,7.167836562817012,0.3,-0.34423,-0.956136,7.162831,0.666667,1.0,8.386673,-0.0036039500000000163,0.13085902172657957,0.3
1769796247.030928,-0.3303043333333333,-0.95244875,7.166953911290518,0.3,-0.34423,-0.956136,7.162831,0.666667,1.0,8.386673,-0.0036834000000000163,0.13203436567961888,0.3
1769796247.050839,-0.32655733333333337,-0.9523585666666667,7.157834795974111,0.3,-0.34423,-0.956136,7.162831,0.666667,1.0,8.386673,-0.0037744000000000163,0.1322188696990455,0.3
1769796247.071097,-0.32281699999999997,-0.9522588166666667,7.164835688700452,0.3,-0.34423,-0.956136,7.162831,0.666667,1.0,8.386673,-0.0038745000000000164,0.13284034576408427,0.3
1769796247.091639,-0.3190906666666667,-0.9273720499999999,7.1611303049002855,0.3,-0.34423,-0.956136,7.162831,0.666667,1.0,8.386673,-0.003982650000000016,0.13228922301646182,0.3
1769796247.111601,-0.3153803333333333,-0.9025620499999999,7.222557432459846,0.3,-0.286475,-0.881678,7.225663,0.666667,1.0,8.480905,-0.003976700000000016,0.1340974166575585,0.3
1769796247.132125,-0.31169033333333335,-0.8778306833333333,7.217014526853872,0.3,-0.286475,-0.881678,7.225663,0.666667,1.0,8.480905,-0.003846500000000016,0.13304995149033816,0.3
1769796247.152327,-0.30801133333333336,-0.8779537666666667,7.232094395903608,0.3,-0.286475,-0.881678,7.225663,0.666667,1.0,8.480905,-0.0037187500000000163,0.13162905057900043,0.3
1769796247.172417,-0.3043496666666667,-0.8780631999999998,7.233667587927872,0.3,-0.286475,-0.881678,7.225663,0.666667,1.0,8.480905,-0.0036074500000000164,0.12961934807607098,0.3
1769796247.192845,-0.30070633333333335,-0.8781499999999999,7.231370841871449,0.3,-0.286475,-0.881678,7.225663,0.666667,1.0,8.480905,-0.0035182000000000165,0.129078894782799,0.3
1769796247.212898,-0.2970933333333334,-0.8782107833333331,7.23715991566324,0.3,-0.286475,-0.881678,7.225663,0.666667,1.0,8.480905,-0.0034583500000000163,0.13022320485385708,0.3
1769796247.233091,-0.29350866666666664,-0.8782448500000001,7.228078177501524,0.3,-0.286475,-0.881678,7.225663,0.666667,1.0,8.480905,-0.0034251000000000164,0.1320904546173843,0.3
1769796247.253418,-0.28994933333333334,-0.87825465,7.220882743290286,0.3,-0.286475,-0.881678,7.225663,0.666667,1.0,8.480905,-0.0034160000000000162,0.1342544231525162,0.3
1769796247.273756,-0.2864133333333333,-0.8782427500000001,7.224381904452448,0.3,-0.286475,-0.881678,7.225663,0.666667,1.0,8.480905,-0.0034289500000000165,0.13356177744099781,0.3
1769796247.293825,-0.28289866666666663,-0.8782117166666666,7.231984151770634,0.3,-0.286475,-0.881678,7.225663,0.666667,1.0,8.480905,-0.0034608000000000165,0.13327573322633102,0.3
1769796247.313916,-0.27940499999999996,-0.8781644666666666,7.221947308578287,0.3,-0.286475,-0.881678,7.225663,0.666667,1.0,8.480905,-0.0035091000000000163,0.13081527405522003,0.3
1769796247.334471,-0.275931,-0.8781033333333332,7.238152409479114,0.3,-0.286475,-0.881678,7.225663,0.666667,1.0,8.480905,-0.003570700000000016,0.13202109747022484,0.3
1769796247.354843,-0.27247466666666664,-0.8780298333333333,7.223465411280605,0.3,-0.286475,-0.881678,7.225663,0.666667,1.0,8.480905,-0.0036442000000000163,0.13120823201833004,0.3
1769796247.374859,-0.26903466666666664,-0.8779443166666666,7.225281001289655,0.3,-0.286475,-0.881678,7.225663,0.666667,1.0,8.480905,-0.0037296000000000165,0.13284791145651462,0.3
1769796247.395116,-0.2656096666666667,-0.85188355,7.226518482850007,0.3,-0.286475,-0.881678,7.225663,0.666667,1.0,8.480905,-0.0038272500000000164,0.1337310909183436,0.3
1769796247.415717,-0.2622006666666667,-0.8258715499999999,7.2792882345096315,0.3,-0.233508,-0.80374,7.288495,0.666667,1.0,8.575137,-0.003888500000000016,0.1335937257550336,0.3
1769796247.435818,-0.25881566666666667,-0.7999345666666665,7.288251192269516,0.3,-0.233508,-0.80374,7.288495,0.666667,1.0,8.575137,-0.003827600000000016,0.13257847172742163,0.3
1769796247.456065,-0.25545866666666667,-0.8000343166666667,7.296331357015679,0.3,-0.233508,-0.80374,7.288495,0.666667,1.0,8.575137,-0.0037002000000000163,0.1303091954501401,0.3
1769796247.475975,-0.2521346666666667,-0.8001456166666667,7.29499864217332,0.3,-0.233508,-0.80374,7.288495,0.666667,1.0,8.575137,-0.003589250000000016,0.13208098515417363,0.3
1769796247.496483,-0.24884033333333333,-0.80023755,7.279957754045315,0.3,-0.233508,-0.80374,7.288495,0.666667,1.0,8.575137,-0.0034937000000000162,0.13421486853199127,0.3
1769796247.516801,-0.24557700000000002,-0.8003066166666667,7.285458656748773,0.3,-0.233508,-0.80374,7.288495,0.666667,1.0,8.575137,-0.003424400000000016,0.1364698992917602,0.3
1769796247.536942,-0.24234233333333333,-0.8003501333333333,7.282918857614707,0.3,-0.233508,-0.80374,7.288495,0.666667,1.0,8.575137,-0.003382050000000016,0.13524198116887856,0.3
1769796247.55878,-0.2391336666666667,-0.8003695,7.2882391127826045,0.3,-0.233508,-0.80374,7.288495,0.666667,1.0,8.575137,-0.003363150000000016,0.13449124240648977,0.3
1769796247.577389,-0.23594833333333334,-0.8003671666666667,7.290369789323106,0.3,-0.233508,-0.80374,7.288495,0.666667,1.0,8.575137,-0.0033663000000000165,0.1344271374544894,0.3
1769796247.597842,-0.23278400000000002,-0.8003452333333333,7.283254487326709,0.3,-0.233508,-0.80374,7.288495,0.666667,1.0,8.575137,-0.0033890500000000167,0.13536944127978434,0.3
1769796247.617894,-0.229639,-0.8003058,7.282124689830835,0.3,-0.233508,-0.80374,7.288495,0.666667,1.0,8.575137,-0.0034289500000000165,0.13238173812815632,0.3
1769796247.63832,-0.22651100000000002,-0.8002507333333333,7.307467908232874,0.3,-0.233508,-0.80374,7.288495,0.666667,1.0,8.575137,-0.003484600000000016,0.1304925019730359,0.3
1769796247.659051,-0.22339900000000001,-0.8001814333333334,7.293433504257432,0.3,-0.233508,-0.80374,7.288495,0.666667,1.0,8.575137,-0.003554250000000016,0.1280785428356546,0.3
1769796247.67852,-0.22030133333333332,-0.8000990666666666,7.2951531446551225,0.3,-0.233508,-0.80374,7.288495,0.666667,1.0,8.575137,-0.003636850000000016,0.13034078593852164,0.3
1769796247.698859,-0.21721766666666667,-0.8000045666666667,7.292164749615671,0.3,-0.233508,-0.80374,7.288495,0.666667,1.0,8.575137,-0.003731700000000016,0.1316562429247895,0.3
1769796247.718755,-0.21414666666666668,-0.7728913500000001,7.2835562623398244,0.3,-0.233508,-0.80374,7.288495,0.666667,1.0,8.575137,-0.0038377500000000165,0.13337865409795602,0.3
1769796247.738873,-0.21108766666666667,-0.7458404333333334,7.346036127616124,0.3,-0.18554,-0.722631,7.351327,0.666667,1.0,8.66937,-0.0038675000000000163,0.1344637781773108,0.3
1769796247.759324,-0.20804366666666665,-0.7188656999999999,7.348179755139543,0.3,-0.18554,-0.722631,7.351327,0.666667,1.0,8.66937,-0.003775450000000016,0.1315369828834202,0.3
1769796247.779629,-0.20501866666666665,-0.7189736166666666,7.3652426341031685,0.3,-0.18554,-0.722631,7.351327,0.666667,1.0,8.66937,-0.003652950000000016,0.13203580706396345,0.3
1769796247.800042,-0.20202033333333333,-0.7190815333333335,7.345309432532864,0.3,-0.18554,-0.722631,7.351327,0.666667,1.0,8.66937,-0.0035437500000000165,0.13155335306725904,0.3
1769796247.82004,-0.199051,-0.7191704333333333,7.353340729119769,0.3,-0.18554,-0.722631,7.351327,0.666667,1.0,8.66937,-0.0034517000000000163,0.13282286724289813,0.3
1769796247.840707,-0.196106,-0.7192362333333332,7.359492449049334,0.3,-0.18554,-0.722631,7.351327,0.666667,1.0,8.66937,-0.003386250000000016,0.13365195599808474,0.3
1769796247.86077,-0.19317733333333334,-0.7192771833333333,7.3417167000017445,0.3,-0.18554,-0.722631,7.351327,0.666667,1.0,8.66937,-0.003346350000000016,0.13335002284782252,0.3
1769796247.881224,-0.1902623333333333,-0.7192951499999999,7.356012278021343,0.3,-0.18554,-0.722631,7.351327,0.666667,1.0,8.66937,-0.003328850000000016,0.1333131487735205,0.3
1769796247.901761,-0.18736533333333336,-0.7192918833333334,7.360090993495146,0.3,-0.18554,-0.722631,7.351327,0.666667,1.0,8.66937,-0.003332350000000016,0.13036633153333174,0.3
1769796247.921659,-0.18449000000000002,-0.7192694833333334,7.359329003442877,0.3,-0.18554,-0.722631,7.351327,0.666667,1.0,8.66937,-0.003356150000000016,0.1301792132487321,0.3
1769796247.941978,-0.18163566666666667,-0.7192302833333333,7.3566645877289405,0.3,-0.18554,-0.722631,7.351327,0.666667,1.0,8.66937,-0.003396050000000016,0.13208795650454644,0.3
1769796247.962121,-0.17880133333333334,-0.7191766166666667,7.34781533396026,0.3,-0.18554,-0.722631,7.351327,0.666667,1.0,8.66937,-0.003449950000000016,0.13222309408945745,0.3
1769796247.982758,-0.17598533333333333,-0.7191097666666666,7.357391177933411,0.3,-0.18554,-0.722631,7.351327,0.666667,1.0,8.66937,-0.003517150000000016,0.13258563449809407,0.3
1769796248.002745,-0.174114,-0.71904665,7.353085495277121,0.3,-0.18554,-0.722631,7.351327,0.666667,1.0,8.66937,-0.0035966000000000158,0.1338533208320211,0.3
1769796248.002745,-0.17225366666666667,-0.7189898333333334,7.338883765956698,0.3,-0.18554,-0.722631,7.351327,0.666667,1.0,8.66937,-0.0036392999999999994,0.13461477622085757,0.3
1769796248.023425,-0.170404,-0.6909395000000002,7.351629295600392,0.3,-0.18554,-0.722631,7.351327,0.666667,1.0,8.66937,-0.0036876000000000157,0.134197529872032,0.3
1769796248.04379,-0.1676363333333333,-0.6629109833333334,7.4170979733700735,0.3,-0.142759,-0.638669,7.414159,0.666667,1.0,8.763602,-0.003785600000000016,0.1302106638658053,0.3
1769796248.063684,-0.16488166666666668,-0.6349441833333334,7.4247721119940575,0.3,-0.142759,-0.638669,7.414159,0.666667,1.0,8.763602,-0.0037628500000000164,0.1307003267782371,0.3
1769796248.084121,-0.16214266666666666,-0.6350372833333334,7.411954518125801,0.3,-0.142759,-0.638669,7.414159,0.666667,1.0,8.763602,-0.003626000000000016,0.13036200413918872,0.3
1769796248.104429,-0.15942533333333334,-0.6351565166666667,7.421083009204364,0.3,-0.142759,-0.638669,7.414159,0.666667,1.0,8.763602,-0.003506300000000016,0.1310139692409851,0.3
1769796248.125097,-0.15673666666666666,-0.6352565000000001,7.423364221383279,0.3,-0.142759,-0.638669,7.414159,0.666667,1.0,8.763602,-0.0034051500000000165,0.13270497590571148,0.3
1769796248.145361,-0.1540796666666667,-0.6353340833333334,7.403908128137442,0.3,-0.142759,-0.638669,7.414159,0.666667,1.0,8.763602,-0.003326050000000016,0.1341498467966236,0.3
1769796248.165678,-0.15145699999999998,-0.6353861166666667,7.414043033858891,0.3,-0.142759,-0.638669,7.414159,0.666667,1.0,8.763602,-0.0032735500000000166,0.1372238877385686,0.3
1769796248.185873,-0.14886533333333332,-0.6354120166666667,7.406012675731609,0.3,-0.142759,-0.638669,7.414159,0.666667,1.0,8.763602,-0.0032490500000000163,0.13487279882403921,0.3
1769796248.205998,-0.14630166666666666,-0.635414,7.418558561624619,0.3,-0.142759,-0.638669,7.414159,0.666667,1.0,8.763602,-0.003248350000000016,0.13255425925918748,0.3
1769796248.226426,-0.14376200000000003,-0.63539545,7.427995921248002,0.3,-0.142759,-0.638669,7.414159,0.666667,1.0,8.763602,-0.0032676000000000163,0.13074647551092344,0.3
1769796248.246765,-0.14125033333333334,-0.6353584666666667,7.416469828221193,0.3,-0.142759,-0.638669,7.414159,0.666667,1.0,8.763602,-0.0033047000000000163,0.13109829049716062,0.3
1769796248.266755,-0.138767,-0.6353042166666666,7.415671021707196,0.3,-0.142759,-0.638669,7.414159,0.666667,1.0,8.763602,-0.0033593000000000164,0.1335613225534454,0.3
1769796248.286874,-0.136311,-0.6352351500000001,7.412078478910293,0.3,-0.142759,-0.638669,7.414159,0.666667,1.0,8.763602,-0.0034303500000000165,0.1310940999948186,0.3
1769796248.307421,-0.13387733333333332,-0.6351543,7.429822763572954,0.3,-0.142759,-0.638669,7.414159,0.666667,1.0,8.763602,-0.0035119000000000166,0.1320656775148744,0.3
1769796248.328408,-0.131463,-0.6350637666666668,7.408143706586861,0.3,-0.142759,-0.638669,7.414159,0.666667,1.0,8.763602,-0.0036018500000000162,0.13045069419955602,0.3
1769796248.348101,-0.12906433333333334,-0.6061549999999999,7.419867178802203,0.3,-0.142759,-0.638669,7.414159,0.666667,1.0,8.763602,-0.0037019500000000163,0.13197637940832743,0.3
1769796248.368634,-0.12667966666666666,-0.5772983833333334,7.481790552320326,0.3,-0.105335,-0.552187,7.476991,0.666667,1.0,8.857834,-0.003756200000000016,0.13062327310486635,0.3
1769796248.388822,-0.12430933333333334,-0.5485185333333332,7.4784793944076275,0.3,-0.105335,-0.552187,7.476991,0.666667,1.0,8.857834,-0.0036897000000000162,0.13404306760090723,0.3
1769796248.408868,-0.121957,-0.5486226,7.463177561825958,0.3,-0.105335,-0.552187,7.476991,0.666667,1.0,8.857834,-0.0035595000000000158,0.1338342801864023,0.3
1769796248.428954,-0.11962766666666667,-0.5487364666666666,7.485228676807355,0.3,-0.105335,-0.552187,7.476991,0.666667,1.0,8.857834,-0.003444000000000016,0.13341003286941522,0.3
1769796248.449845,-0.117327,-0.5488309666666666,7.48341607830955,0.3,-0.105335,-0.552187,7.476991,0.666667,1.0,8.857834,-0.003348100000000016,0.1306149044990828,0.3
1769796248.469933,-0.11505733333333334,-0.5489023666666667,7.481932832047953,0.3,-0.105335,-0.552187,7.476991,0.666667,1.0,8.857834,-0.003276000000000016,0.1328941650734237,0.3
1769796248.490595,-0.11281866666666666,-0.5489491499999999,7.47305251336131,0.3,-0.105335,-0.552187,7.476991,0.666667,1.0,8.857834,-0.003229800000000016,0.13191721986454377,0.3
1769796248.510459,-0.11060866666666667,-0.5489718999999998,7.4902601995628295,0.3,-0.105335,-0.552187,7.476991,0.666667,1.0,8.857834,-0.0032077500000000166,0.13152561996130305,0.3
1769796248.530658,-0.10842433333333334,-0.5489727166666666,7.484760181467397,0.3,-0.105335,-0.552187,7.476991,0.666667,1.0,8.857834,-0.0032077500000000166,0.1314735017800932,0.3
1769796248.551235,-0.106263,-0.5489538166666666,7.473382372448569,0.3,-0.105335,-0.552187,7.476991,0.666667,1.0,8.857834,-0.0032273500000000164,0.13380440534222104,0.3
1769796248.571247,-0.104121,-0.5489174166666667,7.4758778781900626,0.3,-0.105335,-0.552187,7.476991,0.666667,1.0,8.857834,-0.003264450000000016,0.1354439411626935,0.3
1769796248.591867,-0.10199599999999999,-0.5488656166666667,7.4741585665445625,0.3,-0.105335,-0.552187,7.476991,0.666667,1.0,8.857834,-0.0033169500000000164,0.13706191699266937,0.3
1769796248.611856,-0.09988633333333334,-0.54880005,7.462586717468714,0.3,-0.105335,-0.552187,7.476991,0.666667,1.0,8.857834,-0.0033827500000000164,0.13709711270422276,0.3
1769796248.632117,-0.09779166666666667,-0.5487218833333333,7.474289803920742,0.3,-0.105335,-0.552187,7.476991,0.666667,1.0,8.857834,-0.003461150000000016,0.13556917908058716,0.3
1769796248.652591,-0.09571066666666667,-0.5486318166666666,7.481684668286376,0.3,-0.105335,-0.552187,7.476991,0.666667,1.0,8.857834,-0.003551450000000016,0.13217891739541965,0.3
1769796248.672734,-0.093642,-0.5190074666666668,7.481036887579719,0.3,-0.105335,-0.552187,7.476991,0.666667,1.0,8.857834,-0.003652950000000016,0.1310218084654066,0.3
1769796248.692901,-0.09158533333333334,-0.4894477499999999,7.542586107500821,0.3,-0.073415,-0.463525,7.539822,0.666667,1.0,8.952066,-0.003672200000000016,0.1321224138996772,0.3
1769796248.713349,-0.08954566666666668,-0.4599646833333333,7.5377919856807525,0.3,-0.073415,-0.463525,7.539822,0.666667,1.0,8.952066,-0.0035686000000000164,0.1323153854663569,0.3
1769796248.733696,-0.08752700000000001,-0.46007913333333333,7.5441996581796404,0.3,-0.073415,-0.463525,7.539822,0.666667,1.0,8.952066,-0.0034401500000000164,0.13273316159831142,0.3
1769796248.753977,-0.08553666666666666,-0.46018903333333333,7.542482900709094,0.3,-0.073415,-0.463525,7.539822,0.666667,1.0,8.952066,-0.0033288500000000164,0.1319925327718548,0.3
1769796248.773955,-0.08357466666666667,-0.46027560000000006,7.544543658639492,0.3,-0.073415,-0.463525,7.539822,0.666667,1.0,8.952066,-0.0032389000000000163,0.1324345491253185,0.3
1769796248.794232,-0.081643,-0.46033475000000007,7.543365460058858,0.3,-0.073415,-0.463525,7.539822,0.666667,1.0,8.952066,-0.003180450000000016,0.13256612820986788,0.3
1769796248.814453,-0.07974066666666667,-0.4603660166666667,7.542935576201797,0.3,-0.073415,-0.463525,7.539822,0.666667,1.0,8.952066,-0.003151400000000016,0.13464915548190817,0.3
1769796248.834747,-0.07786799999999999,-0.4603736,7.5327020950072505,0.3,-0.073415,-0.463525,7.539822,0.666667,1.0,8.952066,-0.003145100000000016,0.13463492275958222,0.3
1769796248.854846,-0.076023,-0.4603618166666667,7.543610106392814,0.3,-0.073415,-0.463525,7.539822,0.666667,1.0,8.952066,-0.003157700000000016,0.13668537634326386,0.3
1769796248.87501,-0.07420266666666668,-0.46033300000000005,7.530385404699707,0.3,-0.073415,-0.463525,7.539822,0.666667,1.0,8.952066,-0.003186750000000016,0.13532864095986774,0.3
1769796248.895259,-0.07240466666666667,-0.4602886666666666,7.540237357307627,0.3,-0.073415,-0.463525,7.539822,0.666667,1.0,8.952066,-0.003231550000000016,0.13595657172645534,0.3
1769796248.915585,-0.07062733333333333,-0.46022986666666665,7.538911521793288,0.3,-0.073415,-0.463525,7.539822,0.666667,1.0,8.952066,-0.003290700000000016,0.13348793760313263,0.3
1769796248.93592,-0.06887,-0.46015765000000003,7.543962409439644,0.3,-0.073415,-0.463525,7.539822,0.666667,1.0,8.952066,-0.003363150000000016,0.13174219041774193,0.3
1769796248.955915,-0.06712966666666666,-0.46007306666666664,7.549195290419972,0.3,-0.073415,-0.463525,7.539822,0.666667,1.0,8.952066,-0.0034482000000000163,0.13096734213409444,0.3
1769796248.976283,-0.06540366666666667,-0.4298193166666667,7.541784361495173,0.3,-0.073415,-0.463525,7.539822,0.666667,1.0,8.952066,-0.0035444500000000163,0.12989640485850193,0.3
1769796248.997236,-0.06369000000000001,-0.39960395,7.611321283093199,0.3,-0.047125,-0.373035,7.602654,0.666667,1.0,9.046299,-0.0036344000000000164,0.1305292673745599,0.3
1769796249.016687,-0.06199233333333334,-0.3694645333333333,7.607137415323624,0.3,-0.047125,-0.373035,7.602654,0.666667,1.0,9.046299,-0.003604300000000016,0.13045668820212522,0.3
1769796249.036973,-0.06032166666666666,-0.36955564999999996,7.605554086529781,0.3,-0.047125,-0.373035,7.602654,0.666667,1.0,9.046299,-0.003472700000000016,0.13032936425901723,0.3
1769796249.057333,-0.05868433333333334,-0.3696661333333333,7.613998676751847,0.3,-0.047125,-0.373035,7.602654,0.666667,1.0,9.046299,-0.0033610500000000165,0.13166796136949077,0.3
1769796249.077687,-0.057085,-0.36975398333333337,7.601425982660783,0.3,-0.047125,-0.373035,7.602654,0.666667,1.0,9.046299,-0.0032728500000000164,0.1334722975468767,0.3
1769796249.09813,-0.05551966666666667,-0.36981745,7.596572919465466,0.3,-0.047125,-0.373035,7.602654,0.666667,1.0,9.046299,-0.0032091500000000165,0.1365871051336354,0.3
1769796249.118834,-0.053987,-0.36985735000000003,7.596642631231295,0.3,-0.047125,-0.373035,7.602654,0.666667,1.0,9.046299,-0.003170650000000016,0.13745061696788005,0.3
1769796249.139016,-0.052482,-0.36987613333333336,7.597082811655315,0.3,-0.047125,-0.373035,7.602654,0.666667,1.0,9.046299,-0.003153150000000017,0.13684929081055427,0.3
1769796249.15922,-0.05100433333333334,-0.3698766,7.6005753264094205,0.3,-0.047125,-0.373035,7.602654,0.666667,1.0,9.046299,-0.0031528000000000164,0.13620355267250284,0.3
1769796249.179426,-0.049551333333333336,-0.3698599166666667,7.600526860059603,0.3,-0.047125,-0.373035,7.602654,0.666667,1.0,9.046299,-0.0031692500000000162,0.1359389149312098,0.3
1769796249.199652,-0.048124,-0.3698269,7.598320288103073,0.3,-0.047125,-0.373035,7.602654,0.666667,1.0,9.046299,-0.0032032000000000163,0.13414089603972065,0.3
1769796249.219843,-0.04671733333333333,-0.36977883333333333,7.610670089758355,0.3,-0.047125,-0.373035,7.602654,0.666667,1.0,9.046299,-0.003251850000000016,0.13152103573301507,0.3
1769796249.240166,-0.04532933333333333,-0.3697175833333333,7.615236621899837,0.3,-0.047125,-0.373035,7.602654,0.666667,1.0,9.046299,-0.0033134500000000164,0.13120679304460248,0.3
1769796249.260175,-0.04395766666666667,-0.3696443166666667,7.598919494233549,0.3,-0.047125,-0.373035,7.602654,0.666667,1.0,9.046299,-0.003386950000000016,0.13239092765242721,0.3
1769796249.280687,-0.04260166666666667,-0.36955973333333336,7.602026682111407,0.3,-0.047125,-0.373035,7.602654,0.666667,1.0,9.046299,-0.003471650000000016,0.1348358984480814,0.3
1769796249.300964,-0.04126,-0.3388298,7.598790547125912,0.3,-0.047125,-0.373035,7.602654,0.666667,1.0,9.046299,-0.003567200000000016,0.13239329754008938,0.3
1769796249.321276,-0.039931666666666664,-0.30815225,7.6748194996815,0.3,-0.026569,-0.281072,7.665486,0.666667,1.0,9.140531,-0.0036137500000000163,0.1332352344036172,0.3
1769796249.34162,-0.038622,-0.2775491333333333,7.659319510930239,0.3,-0.026569,-0.281072,7.665486,0.666667,1.0,9.140531,-0.0035413000000000163,0.13439719008925238,0.3
1769796249.361732,-0.037339000000000004,-0.2776519166666666,7.6557263630121,0.3,-0.026569,-0.281072,7.665486,0.666667,1.0,9.140531,-0.0034135500000000165,0.13567169726115974,0.3
1769796249.38195,-0.036089666666666666,-0.2777589,7.669330906650056,0.3,-0.026569,-0.281072,7.665486,0.666667,1.0,9.140531,-0.0033054000000000165,0.13547227696886235,0.3
1769796249.40244,-0.034875333333333335,-0.2778431333333333,7.662762682684024,0.3,-0.026569,-0.281072,7.665486,0.666667,1.0,9.140531,-0.003220350000000016,0.1355382957010657,0.3
1769796249.422862,-0.03369333333333333,-0.27790333333333334,7.65709915061888,0.3,-0.026569,-0.281072,7.665486,0.666667,1.0,9.140531,-0.0031608500000000163,0.13591797037357103,0.3
1769796249.443037,-0.03253833333333333,-0.2779409,7.668317058615024,0.3,-0.026569,-0.281072,7.665486,0.666667,1.0,9.140531,-0.003124800000000016,0.13516996565781228,0.3
1769796249.462924,-0.031407,-0.27795875,7.6680396109785764,0.3,-0.026569,-0.281072,7.665486,0.666667,1.0,9.140531,-0.0031076500000000165,0.13263943775156273,0.3
1769796249.482852,-0.03065966666666667,-0.2779631833333333,7.672657168056377,0.3,-0.026569,-0.281072,7.665486,0.666667,1.0,9.140531,-0.003107300000000017,0.13116132230049812,0.3
1769796249.482852,-0.029928,-0.27795758333333326,7.677278851321412,0.3,-0.026569,-0.281072,7.665486,0.666667,1.0,9.140531,-0.0031115,0.13118919952489536,0.3
1769796249.50352,-0.029211333333333336,-0.27794055,7.667754747632193,0.3,-0.026569,-0.281072,7.665486,0.666667,1.0,9.140531,-0.0031244500000000165,0.1319275870266412,0.3
1769796249.52373,-0.028147000000000002,-0.27790834999999997,7.667869143045902,0.3,-0.026569,-0.281072,7.665486,0.666667,1.0,9.140531,-0.003158400000000016,0.1351893156633029,0.3
1769796249.544062,-0.027103666666666665,-0.277859,7.657032279501442,0.3,-0.026569,-0.281072,7.665486,0.666667,1.0,9.140531,-0.0032081000000000162,0.13365362617695267,0.3
1769796249.564151,-0.026080333333333334,-0.2777948333333333,7.675932534550294,0.3,-0.026569,-0.281072,7.665486,0.666667,1.0,9.140531,-0.0032725000000000163,0.13542212624106872,0.3
1769796249.584384,-0.025075666666666666,-0.27771666666666667,7.655910642661206,0.3,-0.026569,-0.281072,7.665486,0.666667,1.0,9.140531,-0.003350900000000016,0.133645603688151,0.3
1769796249.604764,-0.024088666666666664,-0.27762519999999996,7.666049914818948,0.3,-0.026569,-0.281072,7.665486,0.666667,1.0,9.140531,-0.003442600000000016,0.13583640329662758,0.3
1769796249.624903,-0.023117333333333333,-0.24652968333333333,7.660866936899435,0.3,-0.026569,-0.281072,7.665486,0.666667,1.0,9.140531,-0.0035469000000000164,0.13420371964908237,0.3
1769796249.645406,-0.022161333333333335,-0.2154990333333333,7.727036894546477,0.3,-0.011828,-0.188,7.728318,0.666667,1.0,9.234763,-0.0035654500000000164,0.13291172670513715,0.3
1769796249.666251,-0.02122033333333333,-0.18454526666666662,7.736494222482619,0.3,-0.011828,-0.188,7.728318,0.666667,1.0,9.234763,-0.0034625500000000165,0.12898348662721196,0.3
1769796249.685905,-0.020300333333333333,-0.18465808333333333,7.748743277366986,0.3,-0.011828,-0.188,7.728318,0.666667,1.0,9.234763,-0.0033362000000000166,0.12995892068638779,0.3
1769796249.705876,-0.019406999999999997,-0.18476471666666663,7.723553440191422,0.3,-0.011828,-0.188,7.728318,0.666667,1.0,9.234763,-0.0032270000000000163,0.1313381955734826,0.3
1769796249.726357,-0.018547333333333332,-0.18484848333333334,7.73045787316005,0.3,-0.011828,-0.188,7.728318,0.666667,1.0,9.234763,-0.0031426500000000164,0.1375319225375956,0.3
1769796249.746666,-0.017722666666666668,-0.18490705,7.713340015582308,0.3,-0.011828,-0.188,7.728318,0.666667,1.0,9.234763,-0.0030849000000000163,0.1380111007156383,0.3
1769796249.766888,-0.016932666666666665,-0.18494111666666666,7.721908271123166,0.3,-0.011828,-0.188,7.728318,0.666667,1.0,9.234763,-0.0030513000000000163,0.13824987126689267,0.3
1769796249.787069,-0.016174333333333332,-0.1849524333333333,7.729740649852524,0.3,-0.011828,-0.188,7.728318,0.666667,1.0,9.234763,-0.003040450000000016,0.13342865059924214,0.3
1769796249.807423,-0.015445333333333333,-0.18494239999999998,7.742504989588212,0.3,-0.011828,-0.188,7.728318,0.666667,1.0,9.234763,-0.0030509500000000162,0.13372210812004426,0.3
1769796249.827775,-0.014742666666666668,-0.18491241666666666,7.719936825998353,0.3,-0.011828,-0.188,7.728318,0.666667,1.0,9.234763,-0.0030814000000000162,0.13338634446159656,0.3
1769796249.847887,-0.014065000000000001,-0.18486528333333332,7.7311255818032105,0.3,-0.011828,-0.188,7.728318,0.666667,1.0,9.234763,-0.0031304000000000162,0.13415892699512225,0.3
1769796249.867929,-0.013409333333333334,-0.1848040333333333,7.736879694387057,0.3,-0.011828,-0.188,7.728318,0.666667,1.0,9.234763,-0.0031923500000000165,0.13271871018179007,0.3
1769796249.888438,-0.012773666666666668,-0.18473076666666666,7.727291876878346,0.3,-0.011828,-0.188,7.728318,0.666667,1.0,9.234763,-0.0032651500000000166,0.13416811360988445,0.3
1769796249.908707,-0.012155666666666667,-0.18464594999999998,7.720890561234644,0.3,-0.011828,-0.188,7.728318,0.666667,1.0,9.234763,-0.0033502000000000167,0.135515888687163,0.3
1769796249.928937,-0.011553666666666665,-0.15328384999999997,7.727011893923386,0.3,-0.011828,-0.188,7.728318,0.666667,1.0,9.234763,-0.0034468000000000163,0.13236990079761027,0.3
1769796249.949295,-0.010967,-0.12196001666666666,7.807093704215663,0.3,-0.00296,-0.094186,7.79115,0.666667,1.0,9.328995,-0.003537450000000016,0.13118630504395212,0.3
1769796249.969625,-0.010395333333333335,-0.09071283333333331,7.789721635756593,0.3,-0.00296,-0.094186,7.79115,0.666667,1.0,9.328995,-0.0035077000000000164,0.13127286159909846,0.3
1769796249.989928,-0.009843,-0.09080663333333333,7.789831704592508,0.3,-0.00296,-0.094186,7.79115,0.666667,1.0,9.328995,-0.003374350000000016,0.13330699957061626,0.3
1769796250.010319,-0.009318000000000002,-0.0909219,7.796858676386556,0.3,-0.00296,-0.094186,7.79115,0.666667,1.0,9.328995,-0.0032560500000000164,0.13414665038148907,0.3
1769796250.030756,-0.008827333333333333,-0.09101488333333334,7.787104330891356,0.3,-0.00296,-0.094186,7.79115,0.666667,1.0,9.328995,-0.0031619000000000165,0.13374608842958075,0.3
1769796250.050994,-0.008372666666666667,-0.09108231666666666,7.794187726303958,0.3,-0.00296,-0.094186,7.79115,0.666667,1.0,9.328995,-0.0030954000000000164,0.13535185626392063,0.3
1769796250.071306,-0.007951333333333333,-0.09112501666666666,7.788640169380517,0.3,-0.00296,-0.094186,7.79115,0.666667,1.0,9.328995,-0.0030537500000000165,0.1363186682001165,0.3
1769796250.091806,-0.007559666666666667,-0.09114578333333333,7.782200159274181,0.3,-0.00296,-0.094186,7.79115,0.666667,1.0,9.328995,-0.003033800000000016,0.13620783945945733,0.3
1769796250.111686,-0.007195,-0.09114706666666667,7.795288798747913,0.3,-0.00296,-0.094186,7.79115,0.666667,1.0,9.328995,-0.003033100000000016,0.13419350191639698,0.3
1769796250.132115,-0.006854666666666666,-0.09113049999999999,7.800753144638879,0.3,-0.00296,-0.094186,7.79115,0.666667,1.0,9.328995,-0.0030499000000000164,0.13369075897926538,0.3
1769796250.152305,-0.006536333333333334,-0.09109748333333333,7.784868716896971,0.3,-0.00296,-0.094186,7.79115,0.666667,1.0,9.328995,-0.0030835000000000163,0.133791604815756,0.3
1769796250.172887,-0.006238333333333333,-0.09104941666666666,7.7939903737289695,0.3,-0.00296,-0.094186,7.79115,0.666667,1.0,9.328995,-0.003132150000000016,0.13600544503382872,0.3
1769796250.193089,-0.005958333333333333,-0.09098769999999999,7.786460703330443,0.3,-0.00296,-0.094186,7.79115,0.666667,1.0,9.328995,-0.003194100000000016,0.13578017020383573,0.3
1769796250.213473,-0.005696,-0.09091349999999998,7.784924315876928,0.3,-0.00296,-0.094186,7.79115,0.666667,1.0,9.328995,-0.003268650000000016,0.13508643957495442,0.3
1769796250.233798,-0.005449666666666668,-0.09082763333333332,7.7965945575022575,0.3,-0.00296,-0.094186,7.79115,0.666667,1.0,9.328995,-0.0033547500000000166,0.13186362438546118,0.3
1769796250.254027,-0.0052190000000000005,-0.09073079999999999,7.803994394467402,0.3,-0.00296,-0.094186,7.79115,0.666667,1.0,9.328995,-0.0034517000000000163,0.13030875754102214,0.3
1769796250.274154,-0.005003,-0.09062334999999999,7.7922200169435625,0.3,-0.00296,-0.094186,7.79115,0.666667,1.0,9.328995,-0.003559150000000016,0.1316157947843768,0.3
1769796250.294593,-0.004801,-0.09050563333333332,7.78649588404213,0.3,-0.00296,-0.094186,7.79115,0.666667,1.0,9.328995,-0.0036771000000000165,0.13269517422876673,0.3
1769796250.31479,-0.004612666666666667,-0.09037811666666666,7.795046067801063,0.3,-0.00296,-0.094186,7.79115,0.666667,1.0,9.328995,-0.0038048500000000163,0.13157622278853887,0.3
1769796250.335082,-0.004437,-0.09024138333333331,7.796255875584929,0.3,-0.00296,-0.094186,7.79115,0.666667,1.0,9.328995,-0.003941700000000017,0.13079305753362347,0.3
1769796250.355326,-0.004273333333333333,-0.09009589999999999,7.788323475571622,0.3,-0.00296,-0.094186,7.79115,0.666667,1.0,9.328995,-0.004087300000000016,0.13307449004353308,0.3
1769796250.375713,-0.0041210000000000005,-0.08994213333333333,7.778302322741605,0.3,-0.00296,-0.094186,7.79115,0.666667,1.0,9.328995,-0.0042413000000000155,0.1329292984841081,0.3
1769796250.395748,-0.003979333333333333,-0.08978066666666666,7.793897924941479,0.3,-0.00296,-0.094186,7.79115,0.666667,1.0,9.328995,-0.004403000000000016,0.13108601086537952,0.3
1769796250.415849,-0.0038480000000000003,-0.08961208333333333,7.795992401283994,0.3,-0.00296,-0.094186,7.79115,0.666667,1.0,9.328995,-0.004571700000000015,0.1287997901986306,0.3
1769796250.436392,-0.003726,-0.08943673333333331,7.788479396742098,0.3,-0.00296,-0.094186,7.79115,0.666667,1.0,9.328995,-0.0047470500000000165,0.1281903158283113,0.3
1769796250.456779,-0.003612666666666667,-0.08925496666666666,7.793872421163395,0.3,-0.00296,-0.094186,7.79115,0.666667,1.0,9.328995,-0.004929050000000016,0.12941436582617033,0.3
1769796250.476681,-0.0035080000000000003,-0.08906713333333333,7.78483100129684,0.3,-0.00296,-0.094186,7.79115,0.666667,1.0,9.328995,-0.005117000000000016,0.12796488383616464,0.3
1769796250.496856,-0.0034113333333333335,-0.08887346666666666,7.7932317886821325,0.3,-0.00296,-0.094186,7.79115,0.666667,1.0,9.328995,-0.005310550000000016,0.12679445783327317,0.3
1769796250.517151,-0.003322666666666667,-0.08867431666666666,7.796827977180744,0.3,-0.00296,-0.094186,7.79115,0.666667,1.0,9.328995,-0.005510050000000016,0.12869903546608308,0.3
1769796250.537748,-0.0032409999999999995,-0.08847003333333332,7.76922138549998,0.3,-0.00296,-0.094186,7.79115,0.666667,1.0,9.328995,-0.005714450000000017,0.12754970373422472,0.3
1769796250.557828,-0.003166,-0.08826108333333332,7.795837829073283,0.3,-0.00296,-0.094186,7.79115,0.666667,1.0,9.328995,-0.005923400000000016,0.12834109344727973,0.3
1769796250.578192,-0.0030970000000000004,-0.08804769999999999,7.787691688902414,0.3,-0.00296,-0.094186,7.79115,0.666667,1.0,9.328995,-0.006136900000000016,0.12108232325926478,0.3
1769796250.598121,-0.0030340000000000002,-0.08782999999999998,7.80829295662807,0.3,-0.00296,-0.094186,7.79115,0.666667,1.0,9.328995,-0.006354600000000016,0.12057519532106813,0.3
1769796250.618494,-0.002976666666666667,-0.08760833333333333,7.7943088967024625,0.3,-0.00296,-0.094186,7.79115,0.666667,1.0,9.328995,-0.0065765000000000155,0.11869351198875272,0.3
1769796250.63888,-0.002924666666666667,-0.08738316666666666,7.794326788896306,0.3,-0.00296,-0.094186,7.79115,0.666667,1.0,9.328995,-0.006801900000000015,0.11797456027333064,0.3
1769796250.658798,-0.002877,-0.08715508333333333,7.807878166920602,0.3,-0.00296,-0.094186,7.79115,0.666667,1.0,9.328995,-0.0070301000000000165,0.11922829475749773,0.3
1769796250.678914,-0.0028336666666666666,-0.08692443333333333,7.78199673979746,0.3,-0.00296,-0.094186,7.79115,0.666667,1.0,9.328995,-0.0072607500000000155,0.1181899856821282,0.3
1769796250.699549,-0.002794,-0.08669133333333333,7.795712993348523,0.3,-0.00296,-0.094186,7.79115,0.666667,1.0,9.328995,-0.007493850000000015,0.11985648453432225,0.3
1769796250.719711,-0.002758,-0.08645589999999999,7.792984073807438,0.3,-0.00296,-0.094186,7.79115,0.666667,1.0,9.328995,-0.007729400000000015,0.11799726962765912,0.3
1769796250.739933,-0.002724666666666667,-0.08621836666666666,7.788207929237439,0.3,-0.00296,-0.094186,7.79115,0.666667,1.0,9.328995,-0.007967050000000014,0.11751141143872108,0.3
1769796250.759728,-0.0026939999999999998,-0.08597896666666666,7.793639942482152,0.3,-0.00296,-0.094186,7.79115,0.666667,1.0,9.328995,-0.008206450000000014,0.11709435263506442,0.3
1769796250.779973,-0.0026653333333333334,-0.08573781666666665,7.790459026629378,0.3,-0.00296,-0.094186,7.79115,0.666667,1.0,9.328995,-0.008447600000000015,0.11534065323748421,0.3
1769796250.800466,-0.0026386666666666663,-0.08549526666666667,7.79366597562292,0.3,-0.00296,-0.094186,7.79115,0.666667,1.0,9.328995,-0.008690500000000014,0.11497049256944392,0.3
1769796250.820795,-0.0026133333333333334,-0.08525155,7.790767356490393,0.3,-0.00296,-0.094186,7.79115,0.666667,1.0,9.328995,-0.008934100000000014,0.1112271900760398,0.3
1769796250.841057,-0.0025893333333333337,-0.0850069,7.807800791589803,0.3,-0.00296,-0.094186,7.79115,0.666667,1.0,9.328995,-0.009178750000000015,0.11026101272538517,0.3
1769796250.861617,-0.002566,-0.08476143333333332,7.794325389726848,0.3,-0.00296,-0.094186,7.79115,0.666667,1.0,9.328995,-0.009424450000000015,0.10704178318032354,0.3
1769796250.8818,-0.0025436666666666667,-0.08451526666666666,7.804927933760763,0.3,-0.00296,-0.094186,7.79115,0.666667,1.0,9.328995,-0.009670500000000016,0.10832379582419122,0.3
1769796250.902009,-0.002522,-0.08426851666666664,7.794939215726597,0.3,-0.00296,-0.094186,7.79115,0.666667,1.0,9.328995,-0.009917250000000016,0.10991782586703962,0.3
1769796250.922517,-0.002501,-0.08402106666666666,7.779579459469757,0.3,-0.00296,-0.094186,7.79115,0.666667,1.0,9.328995,-0.010164700000000016,0.11072279801167018,0.3
1769796250.942912,-0.002479666666666667,-0.08377315,7.79490165089298,0.3,-0.00296,-0.094186,7.79115,0.666667,1.0,9.328995,-0.010412850000000015,0.10941102230153904,0.3
1769796250.963147,-0.002458333333333333,-0.08352511666666666,7.797603619987384,0.3,-0.00296,-0.094186,7.79115,0.666667,1.0,9.328995,-0.010661000000000014,0.10650643155776908,0.3
1769796250.983141,-0.002444,-0.0833185,7.791798303932377,0.3,-0.00296,-0.094186,7.79115,0.666667,1.0,9.328995,-0.010908800000000015,0.10585417635276954,0.3
1769796250.983141,-0.0024293333333333333,-0.08315341666666666,7.794476232122977,0.3,-0.00296,-0.094186,7.79115,0.666667,1.0,9.328995,-0.0110327,0.10613964360865158,0.3
1769796251.003951,-0.002414333333333333,-0.08298856666666667,7.792424066452091,0.3,-0.00296,-0.094186,7.79115,0.666667,1.0,9.328995,-0.011156250000000015,0.10369923117405606,0.3
1769796251.023821,-0.0023946666666666665,-0.0827816,7.80297892853995,0.3,-0.00296,-0.094186,7.79115,0.666667,1.0,9.328995,-0.011403350000000013,0.10348800049975308,0.3
1769796251.043912,-0.002377666666666667,-0.08253134999999999,7.791397316168795,0.3,-0.00296,-0.094186,7.79115,0.666667,1.0,9.328995,-0.011653600000000014,0.1016583396590212,0.3
1769796251.064149,-0.002362666666666667,-0.08227934999999999,7.798146781496483,0.3,-0.00296,-0.094186,7.79115,0.666667,1.0,9.328995,-0.011907000000000015,0.10484582550942544,0.3
1769796251.084461,-0.0023460000000000004,-0.08202723333333332,7.778562013437525,0.3,-0.00296,-0.094186,7.79115,0.666667,1.0,9.328995,-0.012159350000000015,0.10529082850768828,0.3
1769796251.10478,-0.0023273333333333336,-0.08177651666666665,7.783432848179218,0.3,-0.00296,-0.094186,7.79115,0.666667,1.0,9.328995,-0.012409950000000013,0.10595208037193898,0.3
1769796251.124874,-0.0023060000000000003,-0.08152743333333333,7.7889142203109785,0.3,-0.00296,-0.094186,7.79115,0.666667,1.0,9.328995,-0.012659150000000015,0.10400160718802097,0.3
1769796251.145286,-0.0022823333333333333,-0.08128009999999998,7.785034102541033,0.3,-0.00296,-0.094186,7.79115,0.666667,1.0,9.328995,-0.012906600000000015,0.10316224039376098,0.3
1769796251.165424,-0.0022556666666666667,-0.08103463333333333,7.783275048944778,0.3,-0.00296,-0.094186,7.79115,0.666667,1.0,9.328995,-0.013151950000000015,0.10388333252592162,0.3
1769796251.185729,-0.0022266666666666667,-0.08079103333333332,7.779432867518015,0.3,-0.00296,-0.094186,7.79115,0.666667,1.0,9.328995,-0.013395550000000016,0.10395104649312654,0.3
1769796251.20611,-0.0021946666666666664,-0.08054929999999999,7.779512218737803,0.3,-0.00296,-0.094186,7.79115,0.666667,1.0,9.328995,-0.013637400000000015,0.09990209932959476,0.3
1769796251.226058,-0.00216,-0.08030955,7.8024923319259685,0.3,-0.00296,-0.094186,7.79115,0.666667,1.0,9.328995,-0.013877150000000015,0.09668822722141164,0.3
1769796251.246653,-0.0021216666666666667,-0.08007201666666666,7.793681350167113,0.3,-0.00296,-0.094186,7.79115,0.666667,1.0,9.328995,-0.014114800000000014,0.09498274065683764,0.3
1769796251.266713,-0.0020803333333333333,-0.07983669999999998,7.7847569381252475,0.3,-0.00296,-0.094186,7.79115,0.666667,1.0,9.328995,-0.014350000000000016,0.0954960430663538,0.3
1769796251.286833,-0.0020356666666666665,-0.07960371666666666,7.794470867468871,0.3,-0.00296,-0.094186,7.79115,0.666667,1.0,9.328995,-0.014583100000000015,0.095562105099718,0.3
1769796251.307274,-0.0019876666666666667,-0.07937306666666666,7.788392327966928,0.3,-0.00296,-0.094186,7.79115,0.666667,1.0,9.328995,-0.014813750000000014,0.09170450810910248,0.3
1769796251.327558,-0.0019359999999999996,-0.07914486666666666,7.8030588700689405,0.3,-0.00296,-0.094186,7.79115,0.666667,1.0,9.328995,-0.015041950000000016,0.0921193950531987,0.3
1769796251.347728,-0.0018803333333333335,-0.07891923333333332,7.787189345804294,0.3,-0.00296,-0.094186,7.79115,0.666667,1.0,9.328995,-0.015267700000000016,0.09202151786374961,0.3
1769796251.367877,-0.001821,-0.07869616666666666,7.784241291103623,0.3,-0.00296,-0.094186,7.79115,0.666667,1.0,9.328995,-0.015490650000000016,0.09333506507639772,0.3
1769796251.388043,-0.0017576666666666667,-0.07847589999999999,7.790493186793052,0.3,-0.00296,-0.094186,7.79115,0.666667,1.0,9.328995,-0.015711150000000014,0.09225007354796626,0.3
1769796251.408395,-0.0016906666666666667,-0.07825843333333332,7.789073694974883,0.3,-0.00296,-0.094186,7.79115,0.666667,1.0,9.328995,-0.015928500000000016,0.08832554621110272,0.3
1769796251.428735,-0.001619333333333333,-0.07804388333333333,7.803221655124804,0.3,-0.00296,-0.094186,7.79115,0.666667,1.0,9.328995,-0.016143050000000013,0.08623369073435472,0.3
1769796251.448951,-0.0015436666666666665,-0.07783224999999999,7.79853876965354,0.3,-0.00296,-0.094186,7.79115,0.666667,1.0,9.328995,-0.016354800000000017,0.08495014783210932,0.3
1769796251.469332,-0.0014633333333333332,-0.07762353333333333,7.7923306523883555,0.3,-0.00296,-0.094186,7.79115,0.666667,1.0,9.328995,-0.016563400000000016,0.0840705488913928,0.3
1769796251.489872,-0.0013786666666666667,-0.07741785,7.804116198769103,0.3,-0.00296,-0.094186,7.79115,0.666667,1.0,9.328995,-0.016769200000000015,0.08443850027275596,0.3
1769796251.510183,-0.0012893333333333333,-0.07721531666666666,7.792011711365361,0.3,-0.00296,-0.094186,7.79115,0.666667,1.0,9.328995,-0.016971850000000014,0.08496824450789368,0.3
1769796251.530531,-0.0011953333333333332,-0.07701616666666666,7.784898986977529,0.3,-0.00296,-0.094186,7.79115,0.666667,1.0,9.328995,-0.017171000000000013,0.086200150884529,0.3
1769796251.550824,-0.0010966666666666666,-0.0768204,7.792542610509291,0.3,-0.00296,-0.094186,7.79115,0.666667,1.0,9.328995,-0.017366650000000015,0.08555521036538112,0.3
1769796251.570949,-0.0009930000000000002,-0.07662789999999998,7.791770254480248,0.3,-0.00296,-0.094186,7.79115,0.666667,1.0,9.328995,-0.017559150000000016,0.08307174959477516,0.3
1769796251.591054,-0.0008843333333333333,-0.07643878333333333,7.795757251601165,0.3,-0.00296,-0.094186,7.79115,0.666667,1.0,9.328995,-0.017748500000000014,0.08084233413915239,0.3
1769796251.611371,-0.0007706666666666666,-0.07625316666666666,7.801947653243028,0.3,-0.00296,-0.094186,7.79115,0.666667,1.0,9.328995,-0.017934000000000012,0.079597021910304,0.3
1769796251.631821,-0.0006519999999999999,-0.07607104999999999,7.795344177853338,0.3,-0.00296,-0.094186,7.79115,0.666667,1.0,9.328995,-0.018116000000000014,0.07893041009979983,0.3
1769796251.65221,-0.0005283333333333333,-0.07589231666666667,7.79593247246419,0.3,-0.00296,-0.094186,7.79115,0.666667,1.0,9.328995,-0.018294850000000015,0.08003816894471563,0.3
1769796251.673063,-0.0003993333333333333,-0.07571708333333332,7.791547700173533,0.3,-0.00296,-0.094186,7.79115,0.666667,1.0,9.328995,-0.018470200000000013,0.08035625782294768,0.3
1769796251.692826,-0.0002653333333333333,-0.07554546666666666,7.789755744583946,0.3,-0.00296,-0.094186,7.79115,0.666667,1.0,9.328995,-0.018641700000000015,0.0835876949335775,0.3
1769796251.712849,-0.00012633333333333333,-0.07537735,7.772939899800411,0.3,-0.00296,-0.094186,7.79115,0.666667,1.0,9.328995,-0.018809700000000016,0.08371607031898283,0.3
1769796251.733265,1.766666666666667e-05,-0.07521273333333332,7.787246997861101,0.3,-0.00296,-0.094186,7.79115,0.666667,1.0,9.328995,-0.018974550000000014,0.08176478615659176,0.3
1769796251.753753,0.00016666666666666666,-0.07505161666666665,7.7980064995582925,0.3,-0.00296,-0.094186,7.79115,0.666667,1.0,9.328995,-0.019135550000000015,0.07714143399116516,0.3
1769796251.777176,0.000321,-0.07489411666666666,7.797296562792971,0.3,-0.00296,-0.094186,7.79115,0.666667,1.0,9.328995,-0.019293050000000013,0.07503534549734302,0.3
1769796251.797093,0.0004803333333333333,-0.07474011666666666,7.796576028824034,0.3,-0.00296,-0.094186,7.79115,0.666667,1.0,9.328995,-0.019447050000000014,0.07497394059338058,0.3
1769796251.817616,0.0006446666666666667,-0.07458949999999999,7.795140928982067,0.3,-0.00296,-0.094186,7.79115,0.666667,1.0,9.328995,-0.019597550000000012,0.07397557527393682,0.3
1769796251.837864,0.000814,-0.07444238333333332,7.800123804709633,0.3,-0.00296,-0.094186,7.79115,0.666667,1.0,9.328995,-0.019744900000000013,0.07320847638736777,0.3
1769796251.857803,0.0009883333333333333,-0.07429888333333333,7.798089172143448,0.3,-0.00296,-0.094186,7.79115,0.666667,1.0,9.328995,-0.019888400000000014,0.07449467328925635,0.3
1769796251.878155,0.001168,-0.07415911666666668,7.784410247570736,0.3,-0.00296,-0.094186,7.79115,0.666667,1.0,9.328995,-0.020028050000000013,0.07794652377424159,0.3
1769796251.898835,0.0013526666666666667,-0.07402296666666665,7.776477601799722,0.3,-0.00296,-0.094186,7.79115,0.666667,1.0,9.328995,-0.020164200000000014,0.07854967162833755,0.3
1769796251.919005,0.0015426666666666668,-0.07389043333333332,7.791611135018872,0.3,-0.00296,-0.094186,7.79115,0.666667,1.0,9.328995,-0.020296850000000016,0.07673742293846658,0.3
1769796251.938953,0.0017376666666666667,-0.07376163333333333,7.792500539709962,0.3,-0.00296,-0.094186,7.79115,0.666667,1.0,9.328995,-0.020425650000000017,0.07336292037904585,0.3
1769796251.959737,0.0019379999999999998,-0.07363656666666667,7.794019817156246,0.3,-0.00296,-0.094186,7.79115,0.666667,1.0,9.328995,-0.020550600000000016,0.07105746418410701,0.3
1769796251.979875,0.0021433333333333335,-0.07351511666666666,7.802817472188505,0.3,-0.00296,-0.094186,7.79115,0.666667,1.0,9.328995,-0.020672050000000015,0.07232111811553034,0.3
1769796252.000294,0.0023539999999999998,-0.07339716666666667,7.7823681661214215,0.3,-0.00296,-0.094186,7.79115,0.666667,1.0,9.328995,-0.020790000000000017,0.07221993352848231,0.3
1769796252.020693,0.002569333333333333,-0.07328271666666665,7.7921499746785345,0.3,-0.00296,-0.094186,7.79115,0.666667,1.0,9.328995,-0.020904450000000012,0.0721837821986011,0.3
1769796252.041111,0.0027900000000000004,-0.07317188333333333,7.8006309301677925,0.3,-0.00296,-0.094186,7.79115,0.666667,1.0,9.328995,-0.021015400000000014,0.07013663877056482,0.3
1769796252.060987,0.0030156666666666665,-0.07306466666666665,7.792323526689639,0.3,-0.00296,-0.094186,7.79115,0.666667,1.0,9.328995,-0.021122500000000016,0.06972334683083532,0.3
1769796252.081306,0.003246666666666667,-0.07296106666666664,7.7923781763169115,0.3,-0.00296,-0.094186,7.79115,0.666667,1.0,9.328995,-0.021226100000000015,0.07065855705774632,0.3
1769796252.101336,0.003482333333333334,-0.07286096666666665,7.7928440688063265,0.3,-0.00296,-0.094186,7.79115,0.666667,1.0,9.328995,-0.021326200000000017,0.07099133451293005,0.3
1769796252.121684,0.003723,-0.07276424999999999,7.788224761958537,0.3,-0.00296,-0.094186,7.79115,0.666667,1.0,9.328995,-0.021422800000000016,0.07117241296121246,0.3
1769796252.142034,0.003968333333333333,-0.07267091666666665,7.789260655627217,0.3,-0.00296,-0.094186,7.79115,0.666667,1.0,9.328995,-0.021516250000000015,0.0715032731744506,0.3
1769796252.161892,0.0042190000000000005,-0.07258096666666665,7.788898907526898,0.3,-0.00296,-0.094186,7.79115,0.666667,1.0,9.328995,-0.021606200000000016,0.07100271171888108,0.3
1769796252.182231,0.004474333333333334,-0.0724944,7.789339180691954,0.3,-0.00296,-0.094186,7.79115,0.666667,1.0,9.328995,-0.021692650000000015,0.07195791642413495,0.3
1769796252.202668,0.004734666666666667,-0.07241121666666665,7.781711527395694,0.3,-0.00296,-0.094186,7.79115,0.666667,1.0,9.328995,-0.021775950000000016,0.07154163161459413,0.3
1769796252.222827,0.004909666666666666,-0.0723439,7.789649766384143,0.3,-0.00296,-0.094186,7.79115,0.666667,1.0,9.328995,-0.021855750000000014,0.07325457821814013,0.3
1769796252.222827,0.0050876666666666666,-0.07229174999999999,7.777647851070678,0.3,-0.00296,-0.094186,7.79115,0.666667,1.0,9.328995,-0.0218946,0.07138840359466718,0.3
1769796252.243245,0.005268666666666667,-0.07224158333333332,7.791813425136532,0.3,-0.00296,-0.094186,7.79115,0.666667,1.0,9.328995,-0.02193240000000001,0.07063846136348137,0.3
1769796252.263445,0.005541666666666667,-0.07218068333333333,7.7930959197712575,0.3,-0.00296,-0.094186,7.79115,0.666667,1.0,9.328995,-0.022006250000000012,0.06803464304359011,0.3
1769796252.283683,0.005818666666666666,-0.07210951666666666,7.791991860990025,0.3,-0.00296,-0.094186,7.79115,0.666667,1.0,9.328995,-0.022077300000000015,0.06924177444547762,0.3
1769796252.303886,0.006099333333333334,-0.07204115,7.783076136725207,0.3,-0.00296,-0.094186,7.79115,0.666667,1.0,9.328995,-0.022145900000000013,0.06762089925684381,0.3
1769796252.324198,0.006385000000000001,-0.07197569999999999,7.80138547090306,0.3,-0.00296,-0.094186,7.79115,0.666667,1.0,9.328995,-0.02221135000000001,0.06880895833946245,0.3
1769796252.345587,0.006675333333333334,-0.07191351666666666,7.7834890564943136,0.3,-0.00296,-0.094186,7.79115,0.666667,1.0,9.328995,-0.022273650000000013,0.06636520587962781,0.3
1769796252.36498,0.006970666666666667,-0.07185471666666667,7.796432801484214,0.3,-0.00296,-0.094186,7.79115,0.666667,1.0,9.328995,-0.022332450000000018,0.06755453649518132,0.3
1769796252.384949,0.0072703333333333335,-0.0717993,7.793014687209739,0.3,-0.00296,-0.094186,7.79115,0.666667,1.0,9.328995,-0.022387750000000015,0.06457769297938823,0.3
1769796252.405156,0.007574666666666667,-0.07174715,7.800186367589072,0.3,-0.00296,-0.094186,7.79115,0.666667,1.0,9.328995,-0.022439900000000016,0.06655106953708723,0.3
1769796252.425684,0.007883333333333332,-0.07169814999999999,7.78349739213802,0.3,-0.00296,-0.094186,7.79115,0.666667,1.0,9.328995,-0.022488900000000017,0.06753730244919755,0.3
1769796252.446007,0.008196333333333333,-0.07165229999999999,7.786068289737077,0.3,-0.00296,-0.094186,7.79115,0.666667,1.0,9.328995,-0.022534750000000017,0.06929795862209986,0.3
1769796252.466073,0.008513666666666666,-0.07160936666666666,7.788659580551658,0.3,-0.00296,-0.094186,7.79115,0.666667,1.0,9.328995,-0.022577450000000016,0.06802507612003757,0.3
1769796252.486415,0.008835,-0.07156934999999999,7.790233087150394,0.3,-0.00296,-0.094186,7.79115,0.666667,1.0,9.328995,-0.022617700000000015,0.06731295673649029,0.3
1769796252.506826,0.009160333333333333,-0.07153224999999998,7.789500656038361,0.3,-0.00296,-0.094186,7.79115,0.666667,1.0,9.328995,-0.022654800000000017,0.06687575814265474,0.3
1769796252.526972,0.009489666666666665,-0.07149794999999999,7.790503672114672,0.3,-0.00296,-0.094186,7.79115,0.666667,1.0,9.328995,-0.022688750000000014,0.06696155281014071,0.3
1769796252.547284,0.009822999999999998,-0.07146633333333331,7.788998019145478,0.3,-0.00296,-0.094186,7.79115,0.666667,1.0,9.328995,-0.022720600000000014,0.06751570798497353,0.3
1769796252.567439,0.01016,-0.0714374,7.785511774989364,0.3,-0.00296,-0.094186,7.79115,0.666667,1.0,9.328995,-0.022749650000000014,0.06739292627201343,0.3
1769796252.587717,0.010500666666666665,-0.07141126666666665,7.790632762392432,0.3,-0.00296,-0.094186,7.79115,0.666667,1.0,9.328995,-0.022775550000000012,0.06624071649625045,0.3
1769796252.607962,0.010844999999999999,-0.07138781666666666,7.795362477800056,0.3,-0.00296,-0.094186,7.79115,0.666667,1.0,9.328995,-0.022799000000000014,0.06466124501800487,0.3
1769796252.627914,0.011193333333333333,-0.07136681666666665,7.794496153858837,0.3,-0.00296,-0.094186,7.79115,0.666667,1.0,9.328995,-0.022820000000000014,0.06329104131505241,0.3
1769796252.647974,0.011545,-0.07134814999999999,7.798412984610147,0.3,-0.00296,-0.094186,7.79115,0.666667,1.0,9.328995,-0.022838550000000013,0.0643350928964374,0.3
1769796252.668493,0.011900333333333332,-0.07133181666666666,7.788706168311746,0.3,-0.00296,-0.094186,7.79115,0.666667,1.0,9.328995,-0.022855000000000014,0.06632185496465975,0.3
1769796252.688738,0.012258999999999999,-0.07131793333333332,7.782232581449503,0.3,-0.00296,-0.094186,7.79115,0.666667,1.0,9.328995,-0.022869000000000014,0.0687226507816601,0.3
1769796252.709115,0.012621,-0.0713065,7.783716659708145,0.3,-0.00296,-0.094186,7.79115,0.666667,1.0,9.328995,-0.022880200000000014,0.06777394837051336,0.3
1769796252.729553,0.01298633333333333,-0.07129739999999998,7.794158282778627,0.3,-0.00296,-0.094186,7.79115,0.666667,1.0,9.328995,-0.022889300000000015,0.06676111271096169,0.3
1769796252.749855,0.013354666666666666,-0.07129039999999999,7.788118495406813,0.3,-0.00296,-0.094186,7.79115,0.666667,1.0,9.328995,-0.022896300000000015,0.06487487808941761,0.3
1769796252.770227,0.013726,-0.07128549999999999,7.7948870674374096,0.3,-0.00296,-0.094186,7.79115,0.666667,1.0,9.328995,-0.022901200000000014,0.06308132751109095,0.3
1769796252.790457,0.0141,-0.07128269999999999,7.804816686248587,0.3,-0.00296,-0.094186,7.79115,0.666667,1.0,9.328995,-0.022904000000000015,0.06392497162486983,0.3
1769796252.810795,0.014476999999999999,-0.071282,7.78299783072414,0.3,-0.00296,-0.094186,7.79115,0.666667,1.0,9.328995,-0.0229047,0.06631321421806355,0.3
1769796252.830699,0.014857,-0.0712834,7.780542911878247,0.3,-0.00296,-0.094186,7.79115,0.666667,1.0,9.328995,-0.022903300000000015,0.06820062374548398,0.3
1769796252.850878,0.015239999999999998,-0.07128678333333333,7.793521629084064,0.3,-0.00296,-0.094186,7.79115,0.666667,1.0,9.328995,-0.022899800000000012,0.06532652608529238,0.3
1769796252.871304,0.015625666666666666,-0.07129215,7.80031346668529,0.3,-0.00296,-0.094186,7.79115,0.666667,1.0,9.328995,-0.022894550000000014,0.06119329667555578,0.3
1769796252.891829,0.016014,-0.07129938333333331,7.805454988336667,0.3,-0.00296,-0.094186,7.79115,0.666667,1.0,9.328995,-0.022887200000000014,0.06119437986770677,0.3
1769796252.912239,0.016404666666666665,-0.07130848333333333,7.793667029931158,0.3,-0.00296,-0.094186,7.79115,0.666667,1.0,9.328995,-0.022878100000000012,0.06355917331874243,0.3
1769796252.932433,0.016797999999999997,-0.07131933333333333,7.786315805979076,0.3,-0.00296,-0.094186,7.79115,0.666667,1.0,9.328995,-0.022867250000000013,0.06742101119190719,0.3
1769796252.952691,0.017193666666666666,-0.07133193333333332,7.782511811097678,0.3,-0.00296,-0.094186,7.79115,0.666667,1.0,9.328995,-0.022854650000000015,0.06767050350739832,0.3
1769796252.972849,0.017592,-0.07134628333333333,7.792434676038211,0.3,-0.00296,-0.094186,7.79115,0.666667,1.0,9.328995,-0.022840300000000015,0.06801532093303689,0.3
1769796252.993428,0.017992666666666667,-0.07136226666666666,7.784548251425244,0.3,-0.00296,-0.094186,7.79115,0.666667,1.0,9.328995,-0.022824200000000013,0.06725618467214307,0.3
1769796253.014532,0.018395666666666668,-0.07137976666666666,7.787402278663041,0.3,-0.00296,-0.094186,7.79115,0.666667,1.0,9.328995,-0.022806700000000013,0.06513068768258735,0.3
1769796253.033764,0.018800666666666663,-0.07139878333333333,7.8055551579755456,0.3,-0.00296,-0.094186,7.79115,0.666667,1.0,9.328995,-0.022787800000000014,0.0635044958424722,0.3
1769796253.053857,0.019208,-0.07141943333333332,7.794704752465935,0.3,-0.00296,-0.094186,7.79115,0.666667,1.0,9.328995,-0.022767150000000014,0.062185467894885105,0.3
1769796253.073881,0.01961733333333333,-0.07144171666666665,7.795750096348564,0.3,-0.00296,-0.094186,7.79115,0.666667,1.0,9.328995,-0.022744750000000015,0.06455273329921014,0.3
1769796253.094237,0.020028666666666667,-0.07146551666666666,7.791819515549595,0.3,-0.00296,-0.094186,7.79115,0.666667,1.0,9.328995,-0.022720950000000014,0.06653352357582816,0.3
1769796253.11466,0.020442,-0.07149059999999999,7.783319810806227,0.3,-0.00296,-0.094186,7.79115,0.666667,1.0,9.328995,-0.022695750000000015,0.06662816269613743,0.3
1769796253.13467,0.020857333333333335,-0.07151696666666665,7.795709011626708,0.3,-0.00296,-0.094186,7.79115,0.666667,1.0,9.328995,-0.022669500000000016,0.06589874654218782,0.3
1769796253.154686,0.021274666666666667,-0.07154461666666666,7.796749712473293,0.3,-0.00296,-0.094186,7.79115,0.666667,1.0,9.328995,-0.022641850000000012,0.06420429101091343,0.3
1769796253.174772,0.021693333333333332,-0.07157355,7.7940671939938735,0.3,-0.00296,-0.094186,7.79115,0.666667,1.0,9.328995,-0.022612800000000016,0.06539147960950269,0.3
1769796253.195074,0.022113999999999998,-0.07160376666666667,7.7891934800351725,0.3,-0.00296,-0.094186,7.79115,0.666667,1.0,9.328995,-0.02258270000000001,0.06766991831204604,0.3
1769796253.21577,0.022536,-0.07163526666666666,7.783713630258033,0.3,-0.00296,-0.094186,7.79115,0.666667,1.0,9.328995,-0.022551200000000014,0.06728497529976381,0.3
1769796253.235779,0.022959999999999998,-0.07166805,7.797038352067567,0.3,-0.00296,-0.094186,7.79115,0.666667,1.0,9.328995,-0.022518300000000012,0.06680405392903277,0.3
1769796253.255903,0.023385,-0.07170199999999999,7.792767458259559,0.3,-0.00296,-0.094186,7.79115,0.666667,1.0,9.328995,-0.022484350000000014,0.06374785590539984,0.3
1769796253.276753,0.023811666666666665,-0.07173688333333332,7.8027637683998305,0.3,-0.00296,-0.094186,7.79115,0.666667,1.0,9.328995,-0.022449350000000014,0.06350065337363682,0.3
1769796253.296754,0.024239666666666663,-0.07177269999999998,7.799254117258145,0.3,-0.00296,-0.094186,7.79115,0.666667,1.0,9.328995,-0.022413650000000014,0.06430344976830761,0.3
1769796253.316725,0.02466933333333333,-0.07180945,7.788702829891534,0.3,-0.00296,-0.094186,7.79115,0.666667,1.0,9.328995,-0.022376900000000016,0.06616245470400779,0.3
1769796253.336966,0.025100333333333332,-0.07184713333333333,7.7923814887856295,0.3,-0.00296,-0.094186,7.79115,0.666667,1.0,9.328995,-0.022339100000000015,0.06557695336903863,0.3
1769796253.357576,0.025532333333333334,-0.07188574999999998,7.80355847526796,0.3,-0.00296,-0.094186,7.79115,0.666667,1.0,9.328995,-0.02230060000000001,0.06505096096174323,0.3
1769796253.377871,0.02596533333333333,-0.07192518333333332,7.792669734335306,0.3,-0.00296,-0.094186,7.79115,0.666667,1.0,9.328995,-0.02226105000000001,0.06709575337717523,0.3
1769796253.397863,0.02639933333333333,-0.07196543333333333,7.7809408342930375,0.3,-0.00296,-0.094186,7.79115,0.666667,1.0,9.328995,-0.022220800000000013,0.0686289033280973,0.3
1769796253.418209,0.026834666666666663,-0.07200638333333333,7.795204825562427,0.3,-0.00296,-0.094186,7.79115,0.666667,1.0,9.328995,-0.022179850000000015,0.06875826863150457,0.3
1769796253.438546,0.027271,-0.07204814999999999,7.792753492514863,0.3,-0.00296,-0.094186,7.79115,0.666667,1.0,9.328995,-0.02213820000000001,0.06763587807362448,0.3
1769796253.458873,0.027708333333333335,-0.07209073333333334,7.788552277640318,0.3,-0.00296,-0.094186,7.79115,0.666667,1.0,9.328995,-0.02209550000000001,0.06835449237946328,0.3
1769796253.479391,0.028146666666666664,-0.0721339,7.791787389727395,0.3,-0.00296,-0.094186,7.79115,0.666667,1.0,9.328995,-0.022052100000000012,0.06782742108227545,0.3
1769796253.499682,0.028586,-0.07217753333333334,7.79682242029799,0.3,-0.00296,-0.094186,7.79115,0.666667,1.0,9.328995,-0.022008700000000013,0.065146583818488,0.3
1769796253.519699,0.02902633333333333,-0.07222174999999999,7.805553601223043,0.3,-0.00296,-0.094186,7.79115,0.666667,1.0,9.328995,-0.021964600000000015,0.0658268431511075,0.3
1769796253.539817,0.029466999999999997,-0.07226666666666666,7.788634383731678,0.3,-0.00296,-0.094186,7.79115,0.666667,1.0,9.328995,-0.021919450000000014,0.06728223905176378,0.3
1769796253.560674,0.029908333333333332,-0.07231204999999999,7.789033294894052,0.3,-0.00296,-0.094186,7.79115,0.666667,1.0,9.328995,-0.021873950000000017,0.06962812038121212,0.3
1769796253.580734,0.03035033333333333,-0.07235766666666665,7.792431363246353,0.3,-0.00296,-0.094186,7.79115,0.666667,1.0,9.328995,-0.021828450000000013,0.06901727686092989,0.3
1769796253.600878,0.030792999999999997,-0.07240363333333333,7.793257394853371,0.3,-0.00296,-0.094186,7.79115,0.666667,1.0,9.328995,-0.021782600000000017,0.06872236567537822,0.3
1769796253.621295,0.031236333333333328,-0.07245006666666666,7.791768062007362,0.3,-0.00296,-0.094186,7.79115,0.666667,1.0,9.328995,-0.021736050000000014,0.06878286434539667,0.3
1769796253.641611,0.03167999999999999,-0.07249696666666666,7.793043471226242,0.3,-0.00296,-0.094186,7.79115,0.666667,1.0,9.328995,-0.021689150000000015,0.0685149155337017,0.3
1769796253.661906,0.03212433333333333,-0.07254421666666666,7.795849987723541,0.3,-0.00296,-0.094186,7.79115,0.666667,1.0,9.328995,-0.021641900000000013,0.06795493538948655,0.3
1769796253.682568,0.032568999999999994,-0.07259181666666666,7.796120192872653,0.3,-0.00296,-0.094186,7.79115,0.666667,1.0,9.328995,-0.021594300000000014,0.06847516837816008,0.3
1769796253.70188,0.033013999999999995,-0.07263976666666666,7.790921673294201,0.3,-0.00296,-0.094186,7.79115,0.666667,1.0,9.328995,-0.021546350000000013,0.07046721638723681,0.3
1769796253.722014,0.033459333333333334,-0.07268795,7.78490464966908,0.3,-0.00296,-0.094186,7.79115,0.666667,1.0,9.328995,-0.02149805000000001,0.07255654972537247,0.3
1769796253.742629,0.033905,-0.07273625,7.784596042843839,0.3,-0.00296,-0.094186,7.79115,0.666667,1.0,9.328995,-0.021449750000000014,0.07192284362540192,0.3
1769796253.762782,0.03435133333333333,-0.07278466666666666,7.795738209894024,0.3,-0.00296,-0.094186,7.79115,0.666667,1.0,9.328995,-0.021401450000000016,0.07130929199731345,0.3
1769796253.782925,0.03464899999999999,-0.07282514999999999,7.789602709437611,0.3,-0.00296,-0.094186,7.79115,0.666667,1.0,9.328995,-0.021352800000000012,0.06833708011390931,0.3
1769796253.782925,0.034947,-0.07285781666666667,7.803279464144264,0.3,-0.00296,-0.094186,7.79115,0.666667,1.0,9.328995,-0.021328299999999998,0.06758480978236976,0.3
1769796253.803258,0.035245,-0.07289071666666667,7.800937831883261,0.3,-0.00296,-0.094186,7.79115,0.666667,1.0,9.328995,-0.021303450000000015,0.06777634234251506,0.3
1769796253.823891,0.035692666666666664,-0.07293213333333333,7.789144414076739,0.3,-0.00296,-0.094186,7.79115,0.666667,1.0,9.328995,-0.021254100000000012,0.0677417773255472,0.3
1769796253.844008,0.036141,-0.07298229999999999,7.804356604246071,0.3,-0.00296,-0.094186,7.79115,0.666667,1.0,9.328995,-0.021204050000000016,0.07063418388144187,0.3
1769796253.864222,0.03659,-0.07303304999999999,7.784636892547893,0.3,-0.00296,-0.094186,7.79115,0.666667,1.0,9.328995,-0.021152950000000014,0.07205810908620064,0.3
1769796253.884814,0.037039333333333334,-0.07308414999999999,7.781666612848187,0.3,-0.00296,-0.094186,7.79115,0.666667,1.0,9.328995,-0.021101850000000012,0.07437218154036594,0.3
1769796253.90501,0.03748866666666666,-0.07313524999999998,7.791545269521079,0.3,-0.00296,-0.094186,7.79115,0.666667,1.0,9.328995,-0.021050750000000014,0.0731766770673046,0.3
1769796253.925376,0.03793833333333333,-0.07318635,7.792883019386261,0.3,-0.00296,-0.094186,7.79115,0.666667,1.0,9.328995,-0.020999650000000016,0.0718966265179719,0.3
1769796253.945755,0.03838766666666666,-0.07323745,7.790420016144183,0.3,-0.00296,-0.094186,7.79115,0.666667,1.0,9.328995,-0.020948550000000014,0.07031334100584405,0.3
1769796253.965742,0.038837,-0.07328855,7.8021180825938465,0.3,-0.00296,-0.094186,7.79115,0.666667,1.0,9.328995,-0.020897450000000012,0.07148436784908377,0.3
1769796253.986005,0.03928633333333333,-0.07333953333333333,7.786929958326823,0.3,-0.00296,-0.094186,7.79115,0.666667,1.0,9.328995,-0.020846350000000013,0.07047800854671342,0.3
1769796254.006072,0.03973566666666666,-0.07339039999999998,7.797528821958405,0.3,-0.00296,-0.094186,7.79115,0.666667,1.0,9.328995,-0.02079560000000001,0.07047020241178596,0.3
1769796254.026572,0.040185,-0.07344115,7.803233119403411,0.3,-0.00296,-0.094186,7.79115,0.666667,1.0,9.328995,-0.020744850000000016,0.0694073637292582,0.3
1769796254.046802,0.04063366666666667,-0.07349189999999999,7.79437274042199,0.3,-0.00296,-0.094186,7.79115,0.666667,1.0,9.328995,-0.020694100000000014,0.07068787600172473,0.3
1769796254.066824,0.04108233333333333,-0.07354265,7.790911498323606,0.3,-0.00296,-0.094186,7.79115,0.666667,1.0,9.328995,-0.020643350000000015,0.07276383194293018,0.3
1769796254.087237,0.04153066666666667,-0.07359328333333331,7.791843133756179,0.3,-0.00296,-0.094186,7.79115,0.666667,1.0,9.328995,-0.020592600000000013,0.07229365474078137,0.3
1769796254.107609,0.041978999999999995,-0.07364368333333332,7.7982571036348824,0.3,-0.00296,-0.094186,7.79115,0.666667,1.0,9.328995,-0.02054220000000001,0.07390109471928191,0.3
1769796254.127838,0.042427,-0.07369384999999999,7.782325258452603,0.3,-0.00296,-0.094186,7.79115,0.666667,1.0,9.328995,-0.020492150000000015,0.07390554177642603,0.3
1769796254.147908,0.042874999999999996,-0.07374389999999999,7.792869951413314,0.3,-0.00296,-0.094186,7.79115,0.666667,1.0,9.328995,-0.020442100000000015,0.07498906658894489,0.3
1769796254.167874,0.04332266666666667,-0.07379383333333332,7.792807004759769,0.3,-0.00296,-0.094186,7.79115,0.666667,1.0,9.328995,-0.020392050000000016,0.07174984822679321,0.3
1769796254.188326,0.043769999999999996,-0.07384353333333332,7.8028091686255125,0.3,-0.00296,-0.094186,7.79115,0.666667,1.0,9.328995,-0.020342350000000016,0.0739510876232649,0.3
1769796254.208661,0.04421666666666666,-0.07389288333333333,7.780706215034484,0.3,-0.00296,-0.094186,7.79115,0.666667,1.0,9.328995,-0.020293000000000012,0.0733647224331845,0.3
1769796254.228962,0.044663,-0.07394188333333333,7.797361545900252,0.3,-0.00296,-0.094186,7.79115,0.666667,1.0,9.328995,-0.020244000000000012,0.07690905231488623,0.3
1769796254.250245,0.045108666666666665,-0.07399053333333333,7.782572189335302,0.3,-0.00296,-0.094186,7.79115,0.666667,1.0,9.328995,-0.020195350000000015,0.07566036309711868,0.3
1769796254.269415,0.04555366666666666,-0.07403883333333332,7.789220000341089,0.3,-0.00296,-0.094186,7.79115,0.666667,1.0,9.328995,-0.020147050000000014,0.07593717949032876,0.3
1769796254.289731,0.04599799999999999,-0.07408666666666665,7.796714947540991,0.3,-0.00296,-0.094186,7.79115,0.666667,1.0,9.328995,-0.020099100000000016,0.0743025838911827,0.3
1769796254.309812,0.046442000000000004,-0.07413415,7.793384262930179,0.3,-0.00296,-0.094186,7.79115,0.666667,1.0,9.328995,-0.020051850000000013,0.07497905007337176,0.3
1769796254.330377,0.04688599999999999,-0.0741814,7.786158353247955,0.3,-0.00296,-0.094186,7.79115,0.666667,1.0,9.328995,-0.020004600000000015,0.07511523707185085,0.3
1769796254.351324,0.047329666666666666,-0.07422853333333333,7.796890075550117,0.3,-0.00296,-0.094186,7.79115,0.666667,1.0,9.328995,-0.019957350000000013,0.07500178665442529,0.3
1769796254.370765,0.04777299999999999,-0.07427543333333332,7.795054765434732,0.3,-0.00296,-0.094186,7.79115,0.666667,1.0,9.328995,-0.019910450000000014,0.07422734951657217,0.3
1769796254.390869,0.048216,-0.07432209999999999,7.7917898760750735,0.3,-0.00296,-0.094186,7.79115,0.666667,1.0,9.328995,-0.019863900000000014,0.07558002731983922,0.3
1769796254.411284,0.048659,-0.07436865,7.789754008730514,0.3,-0.00296,-0.094186,7.79115,0.666667,1.0,9.328995,-0.019817350000000015,0.07600913437782984,0.3
1769796254.43165,0.049102,-0.07441508333333331,7.793457673086788,0.3,-0.00296,-0.094186,7.79115,0.666667,1.0,9.328995,-0.019770800000000015,0.07746361952165277,0.3
1769796254.451797,0.04954466666666666,-0.0744614,7.784038065212136,0.3,-0.00296,-0.094186,7.79115,0.666667,1.0,9.328995,-0.019724600000000016,0.07806194149397581,0.3
1769796254.471939,0.049987,-0.0745076,7.787136726896576,0.3,-0.00296,-0.094186,7.79115,0.666667,1.0,9.328995,-0.019678400000000013,0.076545336235089,0.3
1769796254.492359,0.050428666666666656,-0.07455356666666667,7.803527504640109,0.3,-0.00296,-0.094186,7.79115,0.666667,1.0,9.328995,-0.019632200000000013,0.07404302578648643,0.3
1769796254.512837,0.05087,-0.07459906666666666,7.800017227903751,0.3,-0.00296,-0.094186,7.79115,0.666667,1.0,9.328995,-0.019586700000000012,0.06978565965686312,0.3
1769796254.532798,0.051310666666666664,-0.07464409999999999,7.813636423674316,0.3,-0.00296,-0.094186,7.79115,0.666667,1.0,9.328995,-0.019541900000000015,0.07020846894265106,0.3
1769796254.553081,0.05175066666666667,-0.07468866666666667,7.8019363489253815,0.3,-0.00296,-0.094186,7.79115,0.666667,1.0,9.328995,-0.019497100000000014,0.0714744344942362,0.3
1769796254.57328,0.05218999999999999,-0.07473276666666666,7.793357334594241,0.3,-0.00296,-0.094186,7.79115,0.666667,1.0,9.328995,-0.019453000000000012,0.0740537022486251,0.3
1769796254.593652,0.052628666666666664,-0.07477639999999998,7.799086917147982,0.3,-0.00296,-0.094186,7.79115,0.666667,1.0,9.328995,-0.019409600000000013,0.07768769880124189,0.3
1769796254.613801,0.05306666666666667,-0.07481968333333332,7.781048669609681,0.3,-0.00296,-0.094186,7.79115,0.666667,1.0,9.328995,-0.019366200000000014,0.07849008632864862,0.3
1769796254.634369,0.053503999999999996,-0.07486261666666666,7.7894519594298,0.3,-0.00296,-0.094186,7.79115,0.666667,1.0,9.328995,-0.019323150000000015,0.08148007293889083,0.3
1769796254.65479,0.053940666666666665,-0.07490508333333333,7.782048597486529,0.3,-0.00296,-0.094186,7.79115,0.666667,1.0,9.328995,-0.019280800000000015,0.08041709380966948,0.3
1769796254.674828,0.054377,-0.07494708333333333,7.788318344385009,0.3,-0.00296,-0.094186,7.79115,0.666667,1.0,9.328995,-0.019238800000000014,0.08014331967028494,0.3
1769796254.695196,0.054812666666666655,-0.07498861666666666,7.791976604266107,0.3,-0.00296,-0.094186,7.79115,0.666667,1.0,9.328995,-0.019197150000000014,0.07696317835873648,0.3
1769796254.715631,0.05524766666666667,-0.07502968333333332,7.80200164535582,0.3,-0.00296,-0.094186,7.79115,0.666667,1.0,9.328995,-0.019156200000000012,0.07494010217903198,0.3
1769796254.735686,0.055682,-0.07507028333333332,7.801319201463236,0.3,-0.00296,-0.094186,7.79115,0.666667,1.0,9.328995,-0.019115600000000014,0.0756642092167265,0.3
1769796254.755732,0.05611566666666667,-0.07511053333333333,7.78848456203994,0.3,-0.00296,-0.094186,7.79115,0.666667,1.0,9.328995,-0.019075350000000015,0.0773860304829751,0.3
1769796254.775876,0.056548999999999995,-0.07515043333333332,7.792515967758328,0.3,-0.00296,-0.094186,7.79115,0.666667,1.0,9.328995,-0.019035450000000016,0.07901029849363422,0.3
1769796254.796508,0.05698166666666666,-0.07518998333333332,7.792411493399281,0.3,-0.00296,-0.094186,7.79115,0.666667,1.0,9.328995,-0.018995900000000017,0.07777261793855572,0.3
1769796254.816849,0.05741366666666666,-0.07522906666666666,7.796741195370411,0.3,-0.00296,-0.094186,7.79115,0.666667,1.0,9.328995,-0.018956700000000014,0.07739515235586038,0.3
1769796254.836945,0.057845,-0.07526768333333334,7.7956015112545005,0.3,-0.00296,-0.094186,7.79115,0.666667,1.0,9.328995,-0.018918200000000013,0.07877510301006584,0.3
1769796254.856993,0.05827566666666667,-0.07530583333333334,7.784942739474048,0.3,-0.00296,-0.094186,7.79115,0.666667,1.0,9.328995,-0.018880050000000013,0.07931307318631156,0.3
1769796254.877424,0.058706,-0.07534351666666667,7.794314524312937,0.3,-0.00296,-0.094186,7.79115,0.666667,1.0,9.328995,-0.018842250000000012,0.07912318593766389,0.3
1769796254.897687,0.05913566666666666,-0.07538084999999999,7.7975321847463865,0.3,-0.00296,-0.094186,7.79115,0.666667,1.0,9.328995,-0.018805150000000014,0.07826051898005129,0.3
1769796254.917752,0.05956466666666666,-0.07541783333333331,7.790902741219724,0.3,-0.00296,-0.094186,7.79115,0.666667,1.0,9.328995,-0.018768050000000015,0.07799574034857985,0.3
1769796254.937839,0.059993,-0.07545446666666665,7.796679846101766,0.3,-0.00296,-0.094186,7.79115,0.666667,1.0,9.328995,-0.018731300000000013,0.07898144994652945,0.3
1769796254.958079,0.06042066666666666,-0.07549051666666666,7.792387227158689,0.3,-0.00296,-0.094186,7.79115,0.666667,1.0,9.328995,-0.018695250000000017,0.07943920068265764,0.3
1769796254.978695,0.06084799999999999,-0.07552598333333332,7.788913286802955,0.3,-0.00296,-0.094186,7.79115,0.666667,1.0,9.328995,-0.018659900000000014,0.0789979520447906,0.3
1769796254.99875,0.061274666666666665,-0.07556109999999999,7.800072137928968,0.3,-0.00296,-0.094186,7.79115,0.666667,1.0,9.328995,-0.018624900000000014,0.07947724997481294,0.3
1769796255.019037,0.061701,-0.07559598333333334,7.790248889578555,0.3,-0.00296,-0.094186,7.79115,0.666667,1.0,9.328995,-0.018589900000000013,0.07867572544310779,0.3
1769796255.039252,0.06212666666666666,-0.07563051666666666,7.794454983993186,0.3,-0.00296,-0.094186,7.79115,0.666667,1.0,9.328995,-0.018555250000000016,0.08272785558441774,0.3
1769796255.059782,0.06255166666666666,-0.07566458333333333,7.776484557081108,0.3,-0.00296,-0.094186,7.79115,0.666667,1.0,9.328995,-0.018521300000000015,0.0840456325309565,0.3
1769796255.08011,0.06297599999999999,-0.07569818333333332,7.783057627899322,0.3,-0.00296,-0.094186,7.79115,0.666667,1.0,9.328995,-0.018487700000000017,0.08364735299080182,0.3
1769796255.100553,0.06339966666666666,-0.07573131666666666,7.797550261234114,0.3,-0.00296,-0.094186,7.79115,0.666667,1.0,9.328995,-0.018454450000000015,0.08081597970162906,0.3
1769796255.12086,0.06382266666666665,-0.07576398333333333,7.794168596816145,0.3,-0.00296,-0.094186,7.79115,0.666667,1.0,9.328995,-0.018421900000000015,0.08085840959191222,0.3
1769796255.140807,0.06424533333333333,-0.0757963,7.783489048557623,0.3,-0.00296,-0.094186,7.79115,0.666667,1.0,9.328995,-0.018389700000000016,0.08266049446318895,0.3
1769796255.160909,0.06466733333333334,-0.07582838333333332,7.787416402006453,0.3,-0.00296,-0.094186,7.79115,0.666667,1.0,9.328995,-0.018357500000000013,0.08341940873416566,0.3
1769796255.181615,0.065089,-0.07586011666666666,7.790288861190285,0.3,-0.00296,-0.094186,7.79115,0.666667,1.0,9.328995,-0.018325650000000013,0.08172576076500472,0.3
1769796255.201725,0.06550966666666665,-0.07589138333333333,7.794317336372589,0.3,-0.00296,-0.094186,7.79115,0.666667,1.0,9.328995,-0.018294500000000012,0.08231718647339516,0.3
1769796255.222056,0.06593,-0.07592218333333332,7.784524447756111,0.3,-0.00296,-0.094186,7.79115,0.666667,1.0,9.328995,-0.018263700000000015,0.08153373463811316,0.3
1769796255.2423,0.06635,-0.07595263333333332,7.795636372201977,0.3,-0.00296,-0.094186,7.79115,0.666667,1.0,9.328995,-0.018233250000000013,0.08196456941835016,0.3
1769796255.262544,0.06676933333333333,-0.07598273333333332,7.792371777691167,0.3,-0.00296,-0.094186,7.79115,0.666667,1.0,9.328995,-0.018203150000000015,0.0824523236762204,0.3
1769796255.282854,0.06718833333333332,-0.07601248333333332,7.782230022208889,0.3,-0.00296,-0.094186,7.79115,0.666667,1.0,9.328995,-0.018173400000000013,0.08354037788305917,0.3
1769796255.302884,0.06760633333333334,-0.07604188333333332,7.789732796960944,0.3,-0.00296,-0.094186,7.79115,0.666667,1.0,9.328995,-0.018144000000000014,0.08267905245211649,0.3
1769796255.323071,0.067885,-0.07606615,7.798157130276823,0.3,-0.00296,-0.094186,7.79115,0.666667,1.0,9.328995,-0.01811495000000001,0.08124173819037322,0.3
1769796255.323071,0.06816333333333334,-0.07608528333333332,7.791363507779349,0.3,-0.00296,-0.094186,7.79115,0.666667,1.0,9.328995,-0.018100599999999998,0.08079842494171556,0.3
1769796255.34351,0.06844133333333333,-0.07610418333333334,7.79279447645289,0.3,-0.00296,-0.094186,7.79115,0.666667,1.0,9.328995,-0.018086600000000015,0.08093791658906076,0.3
1769796255.363973,0.06885866666666667,-0.07612786666666665,7.797717080392752,0.3,-0.00296,-0.094186,7.79115,0.666667,1.0,9.328995,-0.018058250000000012,0.08325316554680924,0.3
1769796255.384024,0.06927566666666667,-0.07615644999999999,7.777969364032858,0.3,-0.00296,-0.094186,7.79115,0.666667,1.0,9.328995,-0.018029550000000012,0.08338304821513066,0.3
1769796255.404491,0.069693,-0.07618503333333332,7.792615430442962,0.3,-0.00296,-0.094186,7.79115,0.666667,1.0,9.328995,-0.018000850000000013,0.08438988092288426,0.3
1769796255.424746,0.07010966666666667,-0.07621326666666665,7.79227633414623,0.3,-0.00296,-0.094186,7.79115,0.666667,1.0,9.328995,-0.017972500000000016,0.08337331750534877,0.3
1769796255.444895,0.07052566666666667,-0.07624103333333332,7.784661644538071,0.3,-0.00296,-0.094186,7.79115,0.666667,1.0,9.328995,-0.017944850000000012,0.0813950130580734,0.3
1769796255.465484,0.070941,-0.07626833333333333,7.805068357126614,0.3,-0.00296,-0.094186,7.79115,0.666667,1.0,9.328995,-0.01791755000000001,0.0829429712534157,0.3
1769796255.485855,0.07135566666666666,-0.07629528333333334,7.783561884974176,0.3,-0.00296,-0.094186,7.79115,0.666667,1.0,9.328995,-0.017890600000000013,0.08115725328803923,0.3
1769796255.505876,0.07176999999999999,-0.07632188333333333,7.79594190233033,0.3,-0.00296,-0.094186,7.79115,0.666667,1.0,9.328995,-0.017864000000000012,0.08432809393253021,0.3
1769796255.526128,0.07218366666666666,-0.07634801666666667,7.786601913259668,0.3,-0.00296,-0.094186,7.79115,0.666667,1.0,9.328995,-0.017837750000000013,0.08268137490069864,0.3
1769796255.546501,0.07259700000000001,-0.07637368333333333,7.793990999165166,0.3,-0.00296,-0.094186,7.79115,0.666667,1.0,9.328995,-0.017812200000000014,0.08384511601093662,0.3
1769796255.566779,0.07300966666666665,-0.076399,7.789498455668902,0.3,-0.00296,-0.094186,7.79115,0.666667,1.0,9.328995,-0.017787000000000015,0.08187646513183601,0.3
1769796255.58713,0.073422,-0.07642408333333332,7.798945468534272,0.3,-0.00296,-0.094186,7.79115,0.666667,1.0,9.328995,-0.017761800000000015,0.08238742089914071,0.3
1769796255.607395,0.07383366666666667,-0.07644881666666666,7.7914520145613375,0.3,-0.00296,-0.094186,7.79115,0.666667,1.0,9.328995,-0.017736950000000015,0.08190510705151177,0.3
1769796255.627522,0.07424466666666667,-0.07647308333333332,7.792911738754675,0.3,-0.00296,-0.094186,7.79115,0.666667,1.0,9.328995,-0.017712800000000015,0.08312621988240543,0.3
1769796255.647855,0.07465533333333334,-0.076497,7.79212839154891,0.3,-0.00296,-0.094186,7.79115,0.666667,1.0,9.328995,-0.017689000000000017,0.08221627069910345,0.3
1769796255.667804,0.07506566666666666,-0.07652068333333333,7.797413959661149,0.3,-0.00296,-0.094186,7.79115,0.666667,1.0,9.328995,-0.017665200000000013,0.0830678103103354,0.3
1769796255.688763,0.07547566666666666,-0.07654413333333333,7.788299851087284,0.3,-0.00296,-0.094186,7.79115,0.666667,1.0,9.328995,-0.01764175000000001,0.08370124214964762,0.3
1769796255.707862,0.075885,-0.07656723333333333,7.788820250513036,0.3,-0.00296,-0.094186,7.79115,0.666667,1.0,9.328995,-0.017618650000000013,0.08682577237871943,0.3
1769796255.728255,0.07629399999999999,-0.07658998333333332,7.779151878286719,0.3,-0.00296,-0.094186,7.79115,0.666667,1.0,9.328995,-0.01759590000000001,0.08617092128978121,0.3
1769796255.748699,0.07670266666666666,-0.07661249999999999,7.792706707620913,0.3,-0.00296,-0.094186,7.79115,0.666667,1.0,9.328995,-0.017573500000000013,0.08818389798337911,0.3
1769796255.769022,0.077111,-0.07663478333333333,7.777215240351449,0.3,-0.00296,-0.094186,7.79115,0.666667,1.0,9.328995,-0.017551100000000014,0.08742857044900232,0.3
1769796255.789265,0.07751866666666667,-0.07665683333333333,7.784151793492979,0.3,-0.00296,-0.094186,7.79115,0.666667,1.0,9.328995,-0.01752905000000001,0.08841255755303516,0.3
1769796255.809653,0.077926,-0.07667853333333331,7.787265834996716,0.3,-0.00296,-0.094186,7.79115,0.666667,1.0,9.328995,-0.017507350000000012,0.08413194198763453,0.3
1769796255.829744,0.078333,-0.07669988333333332,7.803354633743853,0.3,-0.00296,-0.094186,7.79115,0.666667,1.0,9.328995,-0.017486000000000015,0.08351111690206954,0.3
1769796255.849909,0.07873966666666667,-0.076721,7.788325094006369,0.3,-0.00296,-0.094186,7.79115,0.666667,1.0,9.328995,-0.017465000000000015,0.08245064715596982,0.3
1769796255.870177,0.079146,-0.07674188333333332,7.794072103473314,0.3,-0.00296,-0.094186,7.79115,0.666667,1.0,9.328995,-0.017444000000000015,0.08711667969898045,0.3
1769796255.890693,0.079552,-0.07676264999999999,7.775796988485789,0.3,-0.00296,-0.094186,7.79115,0.666667,1.0,9.328995,-0.01742335000000001,0.0861654820020677,0.3
1769796255.910793,0.07995766666666666,-0.07678318333333332,7.794468380187846,0.3,-0.00296,-0.094186,7.79115,0.666667,1.0,9.328995,-0.017402700000000014,0.08497495703352793,0.3
1769796255.930984,0.08036333333333333,-0.07680348333333333,7.801646453284553,0.3,-0.00296,-0.094186,7.79115,0.666667,1.0,9.328995,-0.017382400000000013,0.08387531058859247,0.3
1769796255.951328,0.08076833333333333,-0.07682355,7.782821167155402,0.3,-0.00296,-0.094186,7.79115,0.666667,1.0,9.328995,-0.017362450000000015,0.0854770389175711,0.3
1769796255.971709,0.08117333333333332,-0.07684338333333333,7.785279410213974,0.3,-0.00296,-0.094186,7.79115,0.666667,1.0,9.328995,-0.01734250000000001,0.08737558942954136,0.3
1769796255.991753,0.08157766666666666,-0.07686298333333332,7.790671650212731,0.3,-0.00296,-0.094186,7.79115,0.666667,1.0,9.328995,-0.017322900000000016,0.08418478268427998,0.3
1769796256.011829,0.081982,-0.07688223333333331,7.80237760762697,0.3,-0.00296,-0.094186,7.79115,0.666667,1.0,9.328995,-0.017303650000000018,0.08190542809174155,0.3
1769796256.032134,0.082386,-0.07690124999999999,7.7993597877692045,0.3,-0.00296,-0.094186,7.79115,0.666667,1.0,9.328995,-0.017284750000000015,0.08219041736508165,0.3
1769796256.052304,0.08278966666666666,-0.07692015,7.789361064572691,0.3,-0.00296,-0.094186,7.79115,0.666667,1.0,9.328995,-0.017265850000000013,0.08213708875943286,0.3
1769796256.072682,0.083193,-0.07693893333333333,7.803094479260863,0.3,-0.00296,-0.094186,7.79115,0.666667,1.0,9.328995,-0.017246950000000014,0.08455486335656247,0.3
1769796256.092821,0.083596,-0.0769576,7.785247590186427,0.3,-0.00296,-0.094186,7.79115,0.666667,1.0,9.328995,-0.017228400000000015,0.08460249784434741,0.3
1769796256.112911,0.08399866666666667,-0.07697614999999998,7.789467257645981,0.3,-0.00296,-0.094186,7.79115,0.666667,1.0,9.328995,-0.017209850000000013,0.08785929423390955,0.3
1769796256.133442,0.08440133333333333,-0.07699446666666666,7.78394325092349,0.3,-0.00296,-0.094186,7.79115,0.666667,1.0,9.328995,-0.017191300000000014,0.08710737250381817,0.3
1769796256.153876,0.08480366666666667,-0.07701255,7.790143770566975,0.3,-0.00296,-0.094186,7.79115,0.666667,1.0,9.328995,-0.017173450000000014,0.08812239527329173,0.3
1769796256.173829,0.085206,-0.0770304,7.78375687102914,0.3,-0.00296,-0.094186,7.79115,0.666667,1.0,9.328995,-0.017155600000000014,0.08753838171337462,0.3
1769796256.194073,0.08560766666666668,-0.07704813333333332,7.7878221822829925,0.3,-0.00296,-0.094186,7.79115,0.666667,1.0,9.328995,-0.017137750000000014,0.08737635255455632,0.3
1769796256.21456,0.08600933333333333,-0.07706574999999999,7.791488345519885,0.3,-0.00296,-0.094186,7.79115,0.666667,1.0,9.328995,-0.017120250000000014,0.08483946542271083,0.3
1769796256.234797,0.08641066666666665,-0.07708313333333332,7.799348143820213,0.3,-0.00296,-0.094186,7.79115,0.666667,1.0,9.328995,-0.017102750000000014,0.08315531854529523,0.3
1769796256.254952,0.086812,-0.07710028333333331,7.798292113547486,0.3,-0.00296,-0.094186,7.79115,0.666667,1.0,9.328995,-0.017085600000000013,0.08093974732512849,0.3
1769796256.275093,0.08721299999999998,-0.07711731666666666,7.805141922840885,0.3,-0.00296,-0.094186,7.79115,0.666667,1.0,9.328995,-0.017068800000000016,0.0823429173440867,0.3
1769796256.295354,0.08761366666666666,-0.07713423333333333,7.791286823706463,0.3,-0.00296,-0.094186,7.79115,0.666667,1.0,9.328995,-0.017051650000000015,0.08329070064628923,0.3
1769796256.315746,0.08801433333333332,-0.07715103333333333,7.792960663734271,0.3,-0.00296,-0.094186,7.79115,0.666667,1.0,9.328995,-0.017034850000000015,0.08607534051659277,0.3
1769796256.33575,0.08841466666666666,-0.07716771666666666,7.788786883619064,0.3,-0.00296,-0.094186,7.79115,0.666667,1.0,9.328995,-0.017018400000000013,0.08725355157048753,0.3
1769796256.356493,0.08881499999999999,-0.07718428333333333,7.784567907383095,0.3,-0.00296,-0.094186,7.79115,0.666667,1.0,9.328995,-0.017001600000000013,0.08551321905992289,0.3
1769796256.376279,0.089215,-0.07720073333333331,7.803750558797659,0.3,-0.00296,-0.094186,7.79115,0.666667,1.0,9.328995,-0.01698515000000001,0.08618105879730394,0.3
1769796256.396889,0.089615,-0.07721694999999999,7.785125295194778,0.3,-0.00296,-0.094186,7.79115,0.666667,1.0,9.328995,-0.016969050000000013,0.08457616795167049,0.3
1769796256.417078,0.09001466666666667,-0.07723304999999998,7.794537802456896,0.3,-0.00296,-0.094186,7.79115,0.666667,1.0,9.328995,-0.016952950000000015,0.08610174033695817,0.3
1769796256.437644,0.09041433333333333,-0.07724914999999999,7.794935224485933,0.3,-0.00296,-0.094186,7.79115,0.666667,1.0,9.328995,-0.016936850000000017,0.08371068188782076,0.3
1769796256.458079,0.09081366666666667,-0.07726525,7.799809745889602,0.3,-0.00296,-0.094186,7.79115,0.666667,1.0,9.328995,-0.016920750000000016,0.08743875632904012,0.3
1769796256.478029,0.09121299999999999,-0.07728123333333332,7.7725074558095795,0.3,-0.00296,-0.094186,7.79115,0.666667,1.0,9.328995,-0.016904650000000014,0.08746889136493075,0.3
1769796256.49828,0.09161199999999999,-0.07729698333333333,7.795090064270589,0.3,-0.00296,-0.094186,7.79115,0.666667,1.0,9.328995,-0.016888900000000012,0.09025899423602397,0.3
1769796256.518754,0.092011,-0.07731249999999999,7.783399878663043,0.3,-0.00296,-0.094186,7.79115,0.666667,1.0,9.328995,-0.016873500000000013,0.08553211184801274,0.3
1769796256.538799,0.09240999999999999,-0.07732801666666665,7.801194600137647,0.3,-0.00296,-0.094186,7.79115,0.666667,1.0,9.328995,-0.016858100000000015,0.08466957628714918,0.3
1769796256.558905,0.09280866666666666,-0.07734353333333333,7.80059112763577,0.3,-0.00296,-0.094186,7.79115,0.666667,1.0,9.328995,-0.016842350000000013,0.08233407995401974,0.3
1769796256.579034,0.09320733333333332,-0.07735893333333332,7.79773870666182,0.3,-0.00296,-0.094186,7.79115,0.666667,1.0,9.328995,-0.016826950000000014,0.08060079947428217,0.3
1769796256.599797,0.09360566666666666,-0.07737421666666666,7.811917683016072,0.3,-0.00296,-0.094186,7.79115,0.666667,1.0,9.328995,-0.016811900000000015,0.08080318668843932,0.3
1769796256.619859,0.09400433333333331,-0.0773895,7.799697754350827,0.3,-0.00296,-0.094186,7.79115,0.666667,1.0,9.328995,-0.016796500000000013,0.08291212010216426,0.3
1769796256.639895,0.09440266666666668,-0.07740478333333332,7.78540605617947,0.3,-0.00296,-0.094186,7.79115,0.666667,1.0,9.328995,-0.016781100000000014,0.08681846036223155,0.3
1769796256.660364,0.09480099999999998,-0.07741994999999999,7.788800591455669,0.3,-0.00296,-0.094186,7.79115,0.666667,1.0,9.328995,-0.016766050000000015,0.08862017351592823,0.3
1769796256.680645,0.09519899999999999,-0.07743499999999999,7.789205975428647,0.3,-0.00296,-0.094186,7.79115,0.666667,1.0,9.328995,-0.016751000000000016,0.08551018635858759,0.3
1769796256.700767,0.09559733333333333,-0.07745016666666665,7.804382029123514,0.3,-0.00296,-0.094186,7.79115,0.666667,1.0,9.328995,-0.016735950000000013,0.0839451615142013,0.3
1769796256.720813,0.09599633333333331,-0.07746556666666667,7.7985092405219865,0.3,-0.00296,-0.094186,7.79115,0.666667,1.0,9.328995,-0.016720550000000015,0.08414670672236935,0.3
1769796256.740973,0.09639566666666666,-0.07748119999999999,7.788320104179639,0.3,-0.00296,-0.094186,7.79115,0.666667,1.0,9.328995,-0.016704800000000013,0.08666532359908559,0.3
1769796256.761116,0.09679533333333333,-0.07749706666666667,7.789598627863216,0.3,-0.00296,-0.094186,7.79115,0.666667,1.0,9.328995,-0.016689050000000014,0.08594558624788667,0.3
1769796256.781518,0.09719499999999999,-0.07751316666666667,7.80316086462918,0.3,-0.00296,-0.094186,7.79115,0.666667,1.0,9.328995,-0.016672950000000013,0.08514209537019622,0.3
1769796256.801842,0.09759499999999999,-0.07752949999999999,7.793479149445782,0.3,-0.00296,-0.094186,7.79115,0.666667,1.0,9.328995,-0.01665650000000001,0.0835588951648046,0.3
1769796256.821996,0.097995,-0.07754594999999999,7.799440829095566,0.3,-0.00296,-0.094186,7.79115,0.666667,1.0,9.328995,-0.016640050000000014,0.08550551358699277,0.3
1769796256.84192,0.098395,-0.07756239999999999,7.791826604096051,0.3,-0.00296,-0.094186,7.79115,0.666667,1.0,9.328995,-0.016623600000000016,0.08564700590918317,0.3
1769796256.862208,0.09879500000000001,-0.07757884999999999,7.792975645512639,0.3,-0.00296,-0.094186,7.79115,0.666667,1.0,9.328995,-0.016607150000000015,0.08477735598728497,0.3
1769796256.882537,0.09919499999999999,-0.07759529999999999,7.805004178626955,0.3,-0.00296,-0.094186,7.79115,0.666667,1.0,9.328995,-0.016590700000000014,0.0855344941550747,0.3
1769796256.902727,0.09959499999999999,-0.07761163333333333,7.787629225089312,0.3,-0.00296,-0.094186,7.79115,0.666667,1.0,9.328995,-0.016574250000000016,0.08653799705256993,0.3
1769796256.922944,0.09999533333333332,-0.07762796666666666,7.787297628127668,0.3,-0.00296,-0.094186,7.79115,0.666667,1.0,9.328995,-0.016558150000000015,0.08869598563665916,0.3
1769796256.943034,0.10026233333333334,-0.07764161666666668,7.79239924712242,0.3,-0.00296,-0.094186,7.79115,0.666667,1.0,9.328995,-0.016541700000000013,0.08924572439383843,0.3
1769796256.943034,0.10052933333333332,-0.0776527,7.784617442546237,0.3,-0.00296,-0.094186,7.79115,0.666667,1.0,9.328995,-0.0165333,0.08877250949356752,0.3
1769796256.963396,0.100796,-0.07766378333333333,7.790369667529293,0.3,-0.00296,-0.094186,7.79115,0.666667,1.0,9.328995,-0.016524900000000016,0.08713192522522624,0.3
1769796256.983929,0.10119633333333333,-0.07767754999999998,7.8024755027324675,0.3,-0.00296,-0.094186,7.79115,0.666667,1.0,9.328995,-0.016508450000000015,0.08670488675491324,0.3
1769796257.003876,0.10159666666666667,-0.07769411666666665,7.787468773368115,0.3,-0.00296,-0.094186,7.79115,0.666667,1.0,9.328995,-0.016492000000000014,0.08789247239914004,0.3
1769796257.025016,0.10199733333333333,-0.07771068333333332,7.7835920536639325,0.3,-0.00296,-0.094186,7.79115,0.666667,1.0,9.328995,-0.016475200000000016,0.09064322476446345,0.3
1769796257.044446,0.10239766666666666,-0.07772724999999998,7.786318888540527,0.3,-0.00296,-0.094186,7.79115,0.666667,1.0,9.328995,-0.016458750000000015,0.08907095307739508,0.3
1769796257.06475,0.10279833333333332,-0.07774381666666667,7.797250303490525,0.3,-0.00296,-0.094186,7.79115,0.666667,1.0,9.328995,-0.016442300000000014,0.08472046766315694,0.3
1769796257.08491,0.10319866666666666,-0.0777605,7.810042866149361,0.3,-0.00296,-0.094186,7.79115,0.666667,1.0,9.328995,-0.016425500000000016,0.08255345322476752,0.3
1769796257.105118,0.10359933333333332,-0.0777773,7.799671325170864,0.3,-0.00296,-0.094186,7.79115,0.666667,1.0,9.328995,-0.016408700000000016,0.0844544011095801,0.3
1769796257.125503,0.10399966666666667,-0.07779409999999999,7.78619741618165,0.3,-0.00296,-0.094186,7.79115,0.666667,1.0,9.328995,-0.016391900000000015,0.08568040570690229,0.3
1769796257.145683,0.10440033333333333,-0.0778109,7.803039638565428,0.3,-0.00296,-0.094186,7.79115,0.666667,1.0,9.328995,-0.016375100000000014,0.08608168754749697,0.3
1769796257.165951,0.10480066666666667,-0.07782758333333333,7.7976164341272955,0.3,-0.00296,-0.094186,7.79115,0.666667,1.0,9.328995,-0.016358300000000013,0.08571148346485345,0.3
1769796257.18641,0.10520133333333333,-0.07784415,7.788768990677511,0.3,-0.00296,-0.094186,7.79115,0.666667,1.0,9.328995,-0.016341850000000012,0.08753392208120038,0.3
1769796257.206685,0.10560199999999999,-0.07786071666666666,7.7924529068673465,0.3,-0.00296,-0.094186,7.79115,0.666667,1.0,9.328995,-0.016325400000000014,0.09098026000952147,0.3
1769796257.226896,0.10600266666666665,-0.07787739999999999,7.777286306557369,0.3,-0.00296,-0.094186,7.79115,0.666667,1.0,9.328995,-0.016308600000000013,0.0919133591807406,0.3
1769796257.247252,0.10640333333333334,-0.07789419999999998,7.783520745650196,0.3,-0.00296,-0.094186,7.79115,0.666667,1.0,9.328995,-0.016291800000000016,0.09188232368235427,0.3
1769796257.267751,0.10680366666666664,-0.077911,7.7929919198576645,0.3,-0.00296,-0.094186,7.79115,0.666667,1.0,9.328995,-0.016275000000000015,0.09129640699580342,0.3
1769796257.287681,0.10720433333333333,-0.07792779999999999,7.781154606676674,0.3,-0.00296,-0.094186,7.79115,0.666667,1.0,9.328995,-0.016258200000000014,0.08962440887511099,0.3
1769796257.307807,0.10760499999999999,-0.07794459999999999,7.793905534374351,0.3,-0.00296,-0.094186,7.79115,0.666667,1.0,9.328995,-0.016241400000000013,0.09142814675588325,0.3
1769796257.328168,0.10800566666666667,-0.0779614,7.782522292573031,0.3,-0.00296,-0.094186,7.79115,0.666667,1.0,9.328995,-0.016224600000000013,0.08963939039932671,0.3
1769796257.348422,0.10840633333333333,-0.0779782,7.792239944816013,0.3,-0.00296,-0.094186,7.79115,0.666667,1.0,9.328995,-0.016207800000000015,0.08880789976189994,0.3
1769796257.368792,0.10880666666666666,-0.07799488333333332,7.799247278198911,0.3,-0.00296,-0.094186,7.79115,0.666667,1.0,9.328995,-0.016191000000000014,0.08765309598672606,0.3
1769796257.388888,0.10920733333333332,-0.07801144999999998,7.789801465224074,0.3,-0.00296,-0.094186,7.79115,0.666667,1.0,9.328995,-0.016174550000000017,0.08778966869473019,0.3
1769796257.40913,0.109608,-0.07802801666666666,7.791768408567989,0.3,-0.00296,-0.094186,7.79115,0.666667,1.0,9.328995,-0.016158100000000016,0.08740321298334704,0.3
1769796257.429595,0.11000866666666666,-0.07804469999999998,7.80191391246721,0.3,-0.00296,-0.094186,7.79115,0.666667,1.0,9.328995,-0.016141300000000015,0.08642195802174187,0.3
1769796257.449741,0.11040933333333332,-0.07806149999999999,7.796039344993705,0.3,-0.00296,-0.094186,7.79115,0.666667,1.0,9.328995,-0.016124500000000014,0.08552019720693271,0.3
1769796257.469916,0.11080966666666665,-0.07807829999999999,7.797531773456844,0.3,-0.00296,-0.094186,7.79115,0.666667,1.0,9.328995,-0.016107700000000013,0.08702552877151239,0.3
1769796257.490325,0.11121033333333334,-0.07809509999999999,7.793234723079732,0.3,-0.00296,-0.094186,7.79115,0.666667,1.0,9.328995,-0.016090900000000012,0.08759308057176697,0.3
1769796257.510713,0.111611,-0.0781119,7.7929868341921775,0.3,-0.00296,-0.094186,7.79115,0.666667,1.0,9.328995,-0.016074100000000015,0.09007262461453129,0.3
1769796257.530835,0.11201166666666666,-0.0781287,7.783007309200258,0.3,-0.00296,-0.094186,7.79115,0.666667,1.0,9.328995,-0.016057300000000014,0.09124462073043878,0.3
1769796257.550972,0.11241233333333334,-0.07814549999999999,7.786555546384287,0.3,-0.00296,-0.094186,7.79115,0.666667,1.0,9.328995,-0.016040500000000013,0.09155238106447022,0.3
1769796257.571361,0.11281266666666666,-0.0781623,7.791493072187989,0.3,-0.00296,-0.094186,7.79115,0.666667,1.0,9.328995,-0.016023700000000016,0.0907063430838972,0.3
1769796257.591712,0.11321333333333332,-0.07817909999999999,7.788436337083696,0.3,-0.00296,-0.094186,7.79115,0.666667,1.0,9.328995,-0.016006900000000015,0.08842382346451194,0.3
1769796257.611674,0.11361399999999999,-0.07819589999999998,7.800603464100599,0.3,-0.00296,-0.094186,7.79115,0.666667,1.0,9.328995,-0.015990100000000014,0.08802382412349907,0.3
1769796257.631798,0.11401466666666667,-0.07821258333333332,7.794245868234066,0.3,-0.00296,-0.094186,7.79115,0.666667,1.0,9.328995,-0.015973300000000017,0.0870539990478078,0.3
1769796257.65207,0.11441533333333333,-0.07822914999999998,7.794605637537844,0.3,-0.00296,-0.094186,7.79115,0.666667,1.0,9.328995,-0.015956850000000015,0.08875691269131854,0.3
1769796257.672524,0.11481566666666665,-0.07824571666666667,7.790733882239534,0.3,-0.00296,-0.094186,7.79115,0.666667,1.0,9.328995,-0.015940400000000014,0.08904897601243596,0.3
1769796257.693163,0.11521633333333332,-0.0782624,7.7928413883073615,0.3,-0.00296,-0.094186,7.79115,0.666667,1.0,9.328995,-0.015923600000000013,0.08945096016171372,0.3
1769796257.713198,0.11561699999999998,-0.0782792,7.792544082642177,0.3,-0.00296,-0.094186,7.79115,0.666667,1.0,9.328995,-0.015906800000000013,0.08719249219085107,0.3
1769796257.733799,0.11601766666666667,-0.07829599999999999,7.80463749006471,0.3,-0.00296,-0.094186,7.79115,0.666667,1.0,9.328995,-0.015890000000000015,0.08670069877829756,0.3
1769796257.753888,0.11641833333333333,-0.0783128,7.796144948782683,0.3,-0.00296,-0.094186,7.79115,0.666667,1.0,9.328995,-0.015873200000000014,0.08714193200396232,0.3
1769796257.774081,0.116819,-0.0783296,7.790249483288188,0.3,-0.00296,-0.094186,7.79115,0.666667,1.0,9.328995,-0.015856400000000014,0.0883716253249673,0.3
1769796257.794617,0.11721966666666667,-0.07834639999999998,7.79761213013868,0.3,-0.00296,-0.094186,7.79115,0.666667,1.0,9.328995,-0.015839600000000016,0.09042864867463209,0.3
1769796257.814739,0.11762033333333333,-0.07836319999999998,7.784155608684694,0.3,-0.00296,-0.094186,7.79115,0.666667,1.0,9.328995,-0.015822800000000015,0.08982909468773952,0.3
1769796257.835295,0.11802066666666666,-0.07837999999999999,7.794199607209544,0.3,-0.00296,-0.094186,7.79115,0.666667,1.0,9.328995,-0.015806000000000014,0.09078282320066784,0.3
1769796257.855369,0.11842133333333334,-0.0783968,7.79224255906111,0.3,-0.00296,-0.094186,7.79115,0.666667,1.0,9.328995,-0.015789200000000017,0.09090266660881391,0.3
1769796257.875756,0.11882199999999998,-0.07841348333333333,7.783789348235818,0.3,-0.00296,-0.094186,7.79115,0.666667,1.0,9.328995,-0.015772400000000013,0.09453090855183495,0.3
1769796257.895957,0.11922266666666666,-0.07843004999999999,7.772780505551418,0.3,-0.00296,-0.094186,7.79115,0.666667,1.0,9.328995,-0.01575595000000001,0.0924207242747744,0.3
1769796257.916269,0.11962333333333335,-0.07844661666666665,7.8052515647234735,0.3,-0.00296,-0.094186,7.79115,0.666667,1.0,9.328995,-0.015739500000000014,0.09192504765055348,0.3
1769796257.936862,0.12002366666666665,-0.0784633,7.787111307981143,0.3,-0.00296,-0.094186,7.79115,0.666667,1.0,9.328995,-0.015722700000000013,0.08701808575164376,0.3
1769796257.956786,0.12042433333333334,-0.0784801,7.802572626944876,0.3,-0.00296,-0.094186,7.79115,0.666667,1.0,9.328995,-0.015705900000000016,0.09035651892883638,0.3
1769796257.976873,0.12082466666666665,-0.0784969,7.785573765660318,0.3,-0.00296,-0.094186,7.79115,0.666667,1.0,9.328995,-0.015689100000000015,0.08896082887800372,0.3
1769796257.997211,0.12122499999999999,-0.07851358333333333,7.795838248286139,0.3,-0.00296,-0.094186,7.79115,0.666667,1.0,9.328995,-0.015672300000000014,0.08972136279360315,0.3
1769796258.017372,0.12162499999999998,-0.07853003333333332,7.7983597734512795,0.3,-0.00296,-0.094186,7.79115,0.666667,1.0,9.328995,-0.015655850000000016,0.08876953642574868,0.3
1769796258.037779,0.12202466666666667,-0.07854624999999998,7.7916301738674445,0.3,-0.00296,-0.094186,7.79115,0.666667,1.0,9.328995,-0.015639750000000015,0.09022101083031947,0.3
1769796258.057757,0.12242433333333334,-0.07856234999999999,7.787469951858714,0.3,-0.00296,-0.094186,7.79115,0.666667,1.0,9.328995,-0.015623650000000015,0.09086528495186724,0.3
1769796258.077912,0.122824,-0.07857844999999998,7.794832228721993,0.3,-0.00296,-0.094186,7.79115,0.666667,1.0,9.328995,-0.015607550000000015,0.0896748587322118,0.3
1769796258.098391,0.123224,-0.07859466666666665,7.799110831185377,0.3,-0.00296,-0.094186,7.79115,0.666667,1.0,9.328995,-0.015591450000000014,0.08758145983424986,0.3
1769796258.118986,0.123624,-0.07861099999999999,7.800370895246486,0.3,-0.00296,-0.094186,7.79115,0.666667,1.0,9.328995,-0.015575000000000016,0.08878982145047774,0.3
1769796258.138891,0.12402399999999998,-0.07862733333333333,7.787925059024626,0.3,-0.00296,-0.094186,7.79115,0.666667,1.0,9.328995,-0.015558550000000015,0.09101811075397044,0.3
1769796258.159444,0.12442399999999999,-0.07864366666666667,7.786084095364421,0.3,-0.00296,-0.094186,7.79115,0.666667,1.0,9.328995,-0.015542450000000013,0.09348672723215916,0.3
1769796258.179784,0.124824,-0.07866,7.785902196377354,0.3,-0.00296,-0.094186,7.79115,0.666667,1.0,9.328995,-0.015526000000000015,0.09491811292388457,0.3
1769796258.199823,0.125224,-0.07867645,7.779679744874273,0.3,-0.00296,-0.094186,7.79115,0.666667,1.0,9.328995,-0.015509550000000014,0.09425559071670005,0.3
1769796258.220105,0.12562433333333334,-0.0786929,7.790404678607528,0.3,-0.00296,-0.094186,7.79115,0.666667,1.0,9.328995,-0.015493100000000013,0.09382413429966963,0.3
1769796258.24049,0.12602466666666667,-0.07870935,7.788836384879536,0.3,-0.00296,-0.094186,7.79115,0.666667,1.0,9.328995,-0.015476650000000014,0.09262686839033295,0.3
1769796258.260815,0.126425,-0.07872579999999998,7.787208790330293,0.3,-0.00296,-0.094186,7.79115,0.666667,1.0,9.328995,-0.015460200000000014,0.09299284532754339,0.3
1769796258.280875,0.126825,-0.07874224999999999,7.788554266984265,0.3,-0.00296,-0.094186,7.79115,0.666667,1.0,9.328995,-0.015443750000000015,0.09239619675892102,0.3
1769796258.301198,0.127225,-0.07875869999999999,7.79276172629127,0.3,-0.00296,-0.094186,7.79115,0.666667,1.0,9.328995,-0.015427300000000015,0.09312064945941478,0.3
1769796258.321572,0.12762500000000002,-0.07877503333333331,7.783207524127331,0.3,-0.00296,-0.094186,7.79115,0.666667,1.0,9.328995,-0.015410850000000014,0.09285886171333717,0.3
1769796258.341795,0.12802466666666668,-0.07879125,7.790467993460731,0.3,-0.00296,-0.094186,7.79115,0.666667,1.0,9.328995,-0.015394750000000014,0.09307234558532607,0.3
1769796258.362939,0.12842433333333333,-0.07880735,7.791821373059337,0.3,-0.00296,-0.094186,7.79115,0.666667,1.0,9.328995,-0.015378650000000015,0.09126571141414815,0.3
1769796258.382054,0.12882400000000002,-0.07882345,7.794385429154398,0.3,-0.00296,-0.094186,7.79115,0.666667,1.0,9.328995,-0.015362550000000013,0.08938032911891247,0.3
1769796258.402382,0.129224,-0.07883955,7.802118387232145,0.3,-0.00296,-0.094186,7.79115,0.666667,1.0,9.328995,-0.015346450000000015,0.09024242953564392,0.3
1769796258.422455,0.12962366666666666,-0.07885564999999999,7.786986870558948,0.3,-0.00296,-0.094186,7.79115,0.666667,1.0,9.328995,-0.015330350000000015,0.09118877197928278,0.3
1769796258.442976,0.12988999999999998,-0.07886906666666665,7.789045474492565,0.3,-0.00296,-0.094186,7.79115,0.666667,1.0,9.328995,-0.015314250000000015,0.09206385447007497,0.3
1769796258.442976,0.13015600000000002,-0.07887979999999999,7.797149642287392,0.3,-0.00296,-0.094186,7.79115,0.666667,1.0,9.328995,-0.015306199999999999,0.09027159772077879,0.3
1769796258.463707,0.13042233333333333,-0.07889041666666666,7.797965811054725,0.3,-0.00296,-0.094186,7.79115,0.666667,1.0,9.328995,-0.015298150000000014,0.0882062035118867,0.3
1769796258.483711,0.130822,-0.0789036,7.801660789745918,0.3,-0.00296,-0.094186,7.79115,0.666667,1.0,9.328995,-0.015282400000000015,0.0898758294427361,0.3
1769796258.503849,0.13122166666666665,-0.07891946666666666,7.787408736702296,0.3,-0.00296,-0.094186,7.79115,0.666667,1.0,9.328995,-0.015266650000000015,0.0906296742541008,0.3
1769796258.52382,0.13162133333333334,-0.07893544999999999,7.793775942186537,0.3,-0.00296,-0.094186,7.79115,0.666667,1.0,9.328995,-0.015250550000000015,0.09261616930662601,0.3
1769796258.544212,0.13202100000000003,-0.07895155,7.790077469430766,0.3,-0.00296,-0.094186,7.79115,0.666667,1.0,9.328995,-0.015234450000000014,0.09123362243758966,0.3
1769796258.564691,0.132421,-0.07896776666666665,7.796042117916514,0.3,-0.00296,-0.094186,7.79115,0.666667,1.0,9.328995,-0.015218350000000014,0.09225646062748187,0.3
1769796258.584793,0.13282066666666667,-0.07898409999999999,7.787979463047184,0.3,-0.00296,-0.094186,7.79115,0.666667,1.0,9.328995,-0.015201900000000015,0.08993777256766626,0.3
1769796258.605004,0.1332203333333333,-0.07900043333333333,7.80433259778966,0.3,-0.00296,-0.094186,7.79115,0.666667,1.0,9.328995,-0.015185450000000014,0.09061213430578503,0.3
1769796258.625383,0.13362,-0.07901664999999998,7.792338947487801,0.3,-0.00296,-0.094186,7.79115,0.666667,1.0,9.328995,-0.015169350000000015,0.09016350314879691,0.3
1769796258.645728,0.13402,-0.07903274999999998,7.791011799989112,0.3,-0.00296,-0.094186,7.79115,0.666667,1.0,9.328995,-0.015153250000000014,0.09535471214007263,0.3
1769796258.665925,0.13442,-0.07904884999999999,7.773523443842006,0.3,-0.00296,-0.094186,7.79115,0.666667,1.0,9.328995,-0.015137150000000014,0.09479285982859165,0.3
1769796258.686192,0.13482000000000002,-0.07906506666666666,7.796048161356687,0.3,-0.00296,-0.094186,7.79115,0.666667,1.0,9.328995,-0.015121050000000014,0.09561199590127478,0.3
1769796258.706671,0.13522,-0.0790814,7.786437533553014,0.3,-0.00296,-0.094186,7.79115,0.666667,1.0,9.328995,-0.015104600000000013,0.09261574824029166,0.3
1769796258.726832,0.13561966666666667,-0.07909773333333332,7.7918439298079045,0.3,-0.00296,-0.094186,7.79115,0.666667,1.0,9.328995,-0.015088150000000014,0.0922771551970968,0.3
1769796258.746845,0.13601933333333333,-0.07911394999999999,7.798422719615856,0.3,-0.00296,-0.094186,7.79115,0.666667,1.0,9.328995,-0.015072050000000014,0.09186911456059522,0.3
1769796258.76707,0.13641899999999998,-0.07913005,7.789226327372023,0.3,-0.00296,-0.094186,7.79115,0.666667,1.0,9.328995,-0.015055950000000014,0.09224317950957234,0.3
1769796258.787671,0.136819,-0.07914626666666666,7.789937640114042,0.3,-0.00296,-0.094186,7.79115,0.666667,1.0,9.328995,-0.015039850000000014,0.09510367938837096,0.3
1769796258.807718,0.137219,-0.07916259999999999,7.7816002703430645,0.3,-0.00296,-0.094186,7.79115,0.666667,1.0,9.328995,-0.015023400000000015,0.09630788806434788,0.3
1769796258.827932,0.13761900000000002,-0.07917893333333331,7.7823440753161615,0.3,-0.00296,-0.094186,7.79115,0.666667,1.0,9.328995,-0.015006950000000015,0.09627192245649864,0.3
1769796258.848007,0.138019,-0.07919514999999999,7.790496433761137,0.3,-0.00296,-0.094186,7.79115,0.666667,1.0,9.328995,-0.014990850000000016,0.09377777138972226,0.3
1769796258.868203,0.138419,-0.07921125,7.796905726743723,0.3,-0.00296,-0.094186,7.79115,0.666667,1.0,9.328995,-0.014974750000000016,0.09252439133965075,0.3
1769796258.888639,0.138819,-0.07922746666666665,7.7902024556165905,0.3,-0.00296,-0.094186,7.79115,0.666667,1.0,9.328995,-0.014958650000000014,0.09370269145206946,0.3
1769796258.908808,0.139219,-0.07924379999999999,7.783767183086625,0.3,-0.00296,-0.094186,7.79115,0.666667,1.0,9.328995,-0.014942200000000013,0.09526944526743157,0.3
1769796258.929014,0.13961866666666667,-0.07926013333333333,7.78784820385155,0.3,-0.00296,-0.094186,7.79115,0.666667,1.0,9.328995,-0.014925750000000015,0.09713203694290999,0.3
1769796258.94934,0.14001833333333333,-0.07927634999999998,7.77936990556372,0.3,-0.00296,-0.094186,7.79115,0.666667,1.0,9.328995,-0.014909650000000014,0.09486183597206303,0.3
1769796258.969661,0.14041766666666666,-0.07929233333333333,7.797728938911707,0.3,-0.00296,-0.094186,7.79115,0.666667,1.0,9.328995,-0.014893550000000014,0.09436885777911908,0.3
1769796258.989807,0.14081666666666667,-0.07930808333333332,7.791141723009214,0.3,-0.00296,-0.094186,7.79115,0.666667,1.0,9.328995,-0.014877800000000014,0.09248497011491813,0.3
1769796259.009828,0.14121533333333333,-0.0793236,7.791003981548926,0.3,-0.00296,-0.094186,7.79115,0.666667,1.0,9.328995,-0.014862400000000015,0.09336858530493032,0.3
1769796259.030239,0.14161400000000002,-0.07933899999999999,7.792753097771634,0.3,-0.00296,-0.094186,7.79115,0.666667,1.0,9.328995,-0.014847000000000013,0.09443602548774753,0.3
1769796259.050395,0.142013,-0.07935451666666665,7.785060481912311,0.3,-0.00296,-0.094186,7.79115,0.666667,1.0,9.328995,-0.014831600000000014,0.09572914778669045,0.3
1769796259.070829,0.142412,-0.07937014999999999,7.783571097755268,0.3,-0.00296,-0.094186,7.79115,0.666667,1.0,9.328995,-0.014815850000000014,0.09616836334716376,0.3
1769796259.090698,0.142811,-0.0793859,7.790446104408794,0.3,-0.00296,-0.094186,7.79115,0.666667,1.0,9.328995,-0.014800100000000014,0.09352998682874662,0.3
1769796259.110745,0.14320999999999998,-0.07940164999999999,7.8012214910228135,0.3,-0.00296,-0.094186,7.79115,0.666667,1.0,9.328995,-0.014784350000000016,0.09409976890042256,0.3
1769796259.131346,0.143609,-0.07941728333333332,7.7804831553252125,0.3,-0.00296,-0.094186,7.79115,0.666667,1.0,9.328995,-0.014768600000000015,0.09459215142646243,0.3
1769796259.151338,0.144008,-0.07943279999999998,7.7878201092525545,0.3,-0.00296,-0.094186,7.79115,0.666667,1.0,9.328995,-0.014753200000000015,0.0953840587670412,0.3
1769796259.171829,0.14440699999999998,-0.07944820000000001,7.796795896979341,0.3,-0.00296,-0.094186,7.79115,0.666667,1.0,9.328995,-0.014737800000000014,0.09337620381376971,0.3
1769796259.191863,0.144806,-0.07946371666666666,7.792853685044841,0.3,-0.00296,-0.094186,7.79115,0.666667,1.0,9.328995,-0.014722400000000014,0.09137503134947061,0.3
1769796259.212335,0.145205,-0.07947934999999999,7.800152994038349,0.3,-0.00296,-0.094186,7.79115,0.666667,1.0,9.328995,-0.014706650000000016,0.09357881821772733,0.3
1769796259.232729,0.14560399999999998,-0.07949498333333332,7.783901475769801,0.3,-0.00296,-0.094186,7.79115,0.666667,1.0,9.328995,-0.014690900000000015,0.09533770463349722,0.3
1769796259.252807,0.146003,-0.07951061666666666,7.782628666550222,0.3,-0.00296,-0.094186,7.79115,0.666667,1.0,9.328995,-0.014675500000000015,0.09661239962302098,0.3
1769796259.273241,0.146402,-0.07952624999999998,7.7928331241012065,0.3,-0.00296,-0.094186,7.79115,0.666667,1.0,9.328995,-0.014659750000000017,0.09470555874560967,0.3
1769796259.293687,0.14680066666666666,-0.07954188333333333,7.7956708210342684,0.3,-0.00296,-0.094186,7.79115,0.666667,1.0,9.328995,-0.014644000000000015,0.09312521186609146,0.3
1769796259.313692,0.14719933333333332,-0.07955739999999999,7.792439047827331,0.3,-0.00296,-0.094186,7.79115,0.666667,1.0,9.328995,-0.014628600000000016,0.09277910493870926,0.3
1769796259.333958,0.14759799999999998,-0.07957279999999999,7.7952356156655,0.3,-0.00296,-0.094186,7.79115,0.666667,1.0,9.328995,-0.014613200000000015,0.0932144871048734,0.3
1769796259.354561,0.14799700000000002,-0.07958831666666666,7.793381928037284,0.3,-0.00296,-0.094186,7.79115,0.666667,1.0,9.328995,-0.014597800000000015,0.09275849461390251,0.3
1769796259.374599,0.148396,-0.07960394999999999,7.795500852773157,0.3,-0.00296,-0.094186,7.79115,0.666667,1.0,9.328995,-0.014582050000000017,0.09307699792750364,0.3
1769796259.394892,0.14879466666666666,-0.07961958333333333,7.793652895783893,0.3,-0.00296,-0.094186,7.79115,0.666667,1.0,9.328995,-0.014566300000000015,0.09222766443819912,0.3
1769796259.415222,0.14919333333333334,-0.07963509999999999,7.798806228973111,0.3,-0.00296,-0.094186,7.79115,0.666667,1.0,9.328995,-0.014550900000000016,0.09170214961885981,0.3
1769796259.435686,0.14959166666666665,-0.07965038333333331,7.7989797916891925,0.3,-0.00296,-0.094186,7.79115,0.666667,1.0,9.328995,-0.014535500000000015,0.09206837673691141,0.3
1769796259.455872,0.14999033333333334,-0.07966554999999999,7.791776483075584,0.3,-0.00296,-0.094186,7.79115,0.666667,1.0,9.328995,-0.014520450000000015,0.0930328209299685,0.3
1769796259.475938,0.150389,-0.07968071666666665,7.793338063814768,0.3,-0.00296,-0.094186,7.79115,0.666667,1.0,9.328995,-0.014505400000000016,0.09506071257695725,0.3
1769796259.496466,0.150788,-0.07969599999999999,7.78713094180726,0.3,-0.00296,-0.094186,7.79115,0.666667,1.0,9.328995,-0.014490000000000013,0.09815004171850282,0.3
1769796259.516689,0.15118666666666666,-0.07971151666666666,7.77356145822631,0.3,-0.00296,-0.094186,7.79115,0.666667,1.0,9.328995,-0.014474600000000015,0.09823215389567348,0.3
1769796259.536767,0.15158533333333332,-0.07972715,7.793171240751744,0.3,-0.00296,-0.094186,7.79115,0.666667,1.0,9.328995,-0.014458850000000014,0.09819377637030142,0.3
1769796259.556859,0.151984,-0.07974278333333333,7.7876895069594925,0.3,-0.00296,-0.094186,7.79115,0.666667,1.0,9.328995,-0.014443100000000014,0.09612838723185559,0.3
1769796259.5773,0.15238266666666667,-0.07975818333333333,7.786282093056985,0.3,-0.00296,-0.094186,7.79115,0.666667,1.0,9.328995,-0.014427700000000016,0.0969863146060073,0.3
1769796259.597848,0.15278100000000003,-0.07977323333333332,7.788347076506834,0.3,-0.00296,-0.094186,7.79115,0.666667,1.0,9.328995,-0.014412650000000015,0.09514920484001886,0.3
1769796259.61782,0.15317899999999998,-0.07978816666666666,7.799028215555423,0.3,-0.00296,-0.094186,7.79115,0.666667,1.0,9.328995,-0.014397950000000014,0.09419371009860555,0.3
1769796259.63841,0.153577,-0.0798031,7.792328661505465,0.3,-0.00296,-0.094186,7.79115,0.666667,1.0,9.328995,-0.014382900000000014,0.09430454630077627,0.3
1769796259.658804,0.153975,-0.07981803333333333,7.787995659293809,0.3,-0.00296,-0.094186,7.79115,0.666667,1.0,9.328995,-0.014367850000000014,0.09417219800493733,0.3
1769796259.678889,0.154373,-0.07983296666666666,7.800135905330457,0.3,-0.00296,-0.094186,7.79115,0.666667,1.0,9.328995,-0.014353150000000012,0.09532853088076428,0.3
1769796259.699654,0.154771,-0.07984801666666667,7.785704264250503,0.3,-0.00296,-0.094186,7.79115,0.666667,1.0,9.328995,-0.014338100000000013,0.09310797181410606,0.3
1769796259.719398,0.15516933333333335,-0.07986318333333332,7.801635063693759,0.3,-0.00296,-0.094186,7.79115,0.666667,1.0,9.328995,-0.014322700000000015,0.09348559275003987,0.3
1769796259.739815,0.15556766666666666,-0.07987835,7.798188679714854,0.3,-0.00296,-0.094186,7.79115,0.666667,1.0,9.328995,-0.014307650000000014,0.09043780829977266,0.3
1769796259.759791,0.15596600000000002,-0.07989351666666666,7.804309470952107,0.3,-0.00296,-0.094186,7.79115,0.666667,1.0,9.328995,-0.014292600000000015,0.09276900000554529,0.3
1769796259.780227,0.15636433333333333,-0.07990868333333333,7.787966413459123,0.3,-0.00296,-0.094186,7.79115,0.666667,1.0,9.328995,-0.014277200000000014,0.09220898020378265,0.3
1769796259.800447,0.1567626666666667,-0.07992384999999999,7.80186729852543,0.3,-0.00296,-0.094186,7.79115,0.666667,1.0,9.328995,-0.014262150000000015,0.09353261347948187,0.3
1769796259.820672,0.157161,-0.07993901666666665,7.796686171297911,0.3,-0.00296,-0.094186,7.79115,0.666667,1.0,9.328995,-0.014247100000000014,0.09274389615737888,0.3
1769796259.840905,0.15755933333333333,-0.07995418333333332,7.793017217391741,0.3,-0.00296,-0.094186,7.79115,0.666667,1.0,9.328995,-0.014231700000000014,0.09509976461040733,0.3
1769796259.861276,0.15795766666666666,-0.07996935,7.788050587807259,0.3,-0.00296,-0.094186,7.79115,0.666667,1.0,9.328995,-0.014216650000000015,0.09452927882251388,0.3
1769796259.881706,0.15835633333333332,-0.07998451666666666,7.800427586025272,0.3,-0.00296,-0.094186,7.79115,0.666667,1.0,9.328995,-0.014201600000000016,0.09323695926055542,0.3
1769796259.901873,0.15875466666666668,-0.07999968333333332,7.801089634763492,0.3,-0.00296,-0.094186,7.79115,0.666667,1.0,9.328995,-0.014186200000000013,0.09268214468573512,0.3
1769796259.922506,0.159153,-0.08001484999999998,7.791697975256181,0.3,-0.00296,-0.094186,7.79115,0.666667,1.0,9.328995,-0.014171150000000014,0.09260461068785865,0.3
1769796259.942832,0.159551,-0.08002989999999999,7.801211290012531,0.3,-0.00296,-0.094186,7.79115,0.666667,1.0,9.328995,-0.014156100000000015,0.09593791158637878,0.3
1769796259.962801,0.159949,-0.08004483333333333,7.781405879372371,0.3,-0.00296,-0.094186,7.79115,0.666667,1.0,9.328995,-0.014141050000000016,0.09656356939043609,0.3
1769796259.982943,0.16021433333333335,-0.0800572,7.788257628431837,0.3,-0.00296,-0.094186,7.79115,0.666667,1.0,9.328995,-0.014126350000000015,0.09877633454602575,0.3
1769796259.982943,0.16047966666666666,-0.08006699999999999,7.788194399078993,0.3,-0.00296,-0.094186,7.79115,0.666667,1.0,9.328995,-0.014119,0.09698892210548919,0.3
1769796260.00323,0.16074466666666667,-0.08007679999999999,7.79233615401559,0.3,-0.00296,-0.094186,7.79115,0.666667,1.0,9.328995,-0.014111650000000014,0.09824499477687383,0.3
1769796260.023653,0.161142,-0.08008893333333332,7.780926992403529,0.3,-0.00296,-0.094186,7.79115,0.666667,1.0,9.328995,-0.014096950000000014,0.09836889172531227,0.3
1769796260.043751,0.161539,-0.08010339999999999,7.787705817388362,0.3,-0.00296,-0.094186,7.79115,0.666667,1.0,9.328995,-0.014082600000000015,0.09881657214100033,0.3
1769796260.063903,0.16193633333333332,-0.08011786666666666,7.789953871521462,0.3,-0.00296,-0.094186,7.79115,0.666667,1.0,9.328995,-0.014068250000000015,0.09614499535067456,0.3
1769796260.083961,0.16233366666666668,-0.08013244999999998,7.797260253145484,0.3,-0.00296,-0.094186,7.79115,0.666667,1.0,9.328995,-0.014053550000000015,0.09631466243160684,0.3
1769796260.104129,0.16273133333333334,-0.08014714999999999,7.7869940649027685,0.3,-0.00296,-0.094186,7.79115,0.666667,1.0,9.328995,-0.014038850000000016,0.09777543509550429,0.3
1769796260.124656,0.163129,-0.08016184999999999,7.781497935538077,0.3,-0.00296,-0.094186,7.79115,0.666667,1.0,9.328995,-0.014024150000000015,0.10015265740792785,0.3
1769796260.144784,0.163527,-0.08017655,7.783305619270942,0.3,-0.00296,-0.094186,7.79115,0.666667,1.0,9.328995,-0.014009450000000014,0.09853811751580932,0.3
1769796260.165015,0.16392466666666666,-0.08019124999999999,7.79699000425548,0.3,-0.00296,-0.094186,7.79115,0.666667,1.0,9.328995,-0.013994750000000014,0.0986081536292258,0.3
1769796260.185365,0.16432233333333332,-0.08020594999999998,7.781386418857578,0.3,-0.00296,-0.094186,7.79115,0.666667,1.0,9.328995,-0.013980050000000015,0.0983300357738819,0.3
1769796260.205971,0.16471999999999998,-0.08022064999999999,7.785283026403006,0.3,-0.00296,-0.094186,7.79115,0.666667,1.0,9.328995,-0.013965350000000015,0.09875664191505036,0.3
1769796260.225849,0.165118,-0.08023546666666666,7.794739067408469,0.3,-0.00296,-0.094186,7.79115,0.666667,1.0,9.328995,-0.013950650000000014,0.09561695920959597,0.3
1769796260.246214,0.165516,-0.08025039999999999,7.800535665090305,0.3,-0.00296,-0.094186,7.79115,0.666667,1.0,9.328995,-0.013935600000000015,0.09540242440906364,0.3
1769796260.266845,0.165914,-0.08026533333333331,7.7868838352062,0.3,-0.00296,-0.094186,7.79115,0.666667,1.0,9.328995,-0.013920550000000016,0.09610538239587023,0.3
1769796260.286875,0.16631200000000002,-0.08028026666666666,7.790834919487629,0.3,-0.00296,-0.094186,7.79115,0.666667,1.0,9.328995,-0.013905850000000015,0.10104774340052963,0.3
1769796260.30721,0.16671,-0.0802952,7.771195099062348,0.3,-0.00296,-0.094186,7.79115,0.666667,1.0,9.328995,-0.013890800000000016,0.10063412891270795,0.3
1769796260.326996,0.167108,-0.08031013333333333,7.78967912213313,0.3,-0.00296,-0.094186,7.79115,0.666667,1.0,9.328995,-0.013875750000000015,0.10093587004621214,0.3
1769796260.347556,0.16750600000000002,-0.08032494999999999,7.789338072686604,0.3,-0.00296,-0.094186,7.79115,0.666667,1.0,9.328995,-0.013861050000000014,0.09760291319799813,0.3
1769796260.368912,0.16790399999999997,-0.08033976666666666,7.791503990151632,0.3,-0.00296,-0.094186,7.79115,0.666667,1.0,9.328995,-0.013846350000000014,0.09594779993923908,0.3
1769796260.387834,0.16830199999999998,-0.08035469999999999,7.799920951685684,0.3,-0.00296,-0.094186,7.79115,0.666667,1.0,9.328995,-0.013831300000000015,0.09570379058779772,0.3
1769796260.408337,0.1687,-0.08036963333333332,7.791115728795252,0.3,-0.00296,-0.094186,7.79115,0.666667,1.0,9.328995,-0.013816250000000016,0.09462802715444783,0.3
1769796260.428335,0.169098,-0.08038445,7.798272170751732,0.3,-0.00296,-0.094186,7.79115,0.666667,1.0,9.328995,-0.013801550000000017,0.09587650460068882,0.3
1769796260.44871,0.16949566666666668,-0.08039914999999999,7.792741237008238,0.3,-0.00296,-0.094186,7.79115,0.666667,1.0,9.328995,-0.013786850000000015,0.09809075837331689,0.3
1769796260.468915,0.16989333333333334,-0.08041385,7.778138906159484,0.3,-0.00296,-0.094186,7.79115,0.666667,1.0,9.328995,-0.013772150000000014,0.0996472147572093,0.3
1769796260.489087,0.17029066666666667,-0.08042855,7.789242132448377,0.3,-0.00296,-0.094186,7.79115,0.666667,1.0,9.328995,-0.013757450000000015,0.09989248801624569,0.3
1769796260.509645,0.17068833333333333,-0.08044324999999998,7.79157829745402,0.3,-0.00296,-0.094186,7.79115,0.666667,1.0,9.328995,-0.013742750000000015,0.09730887324804864,0.3
1769796260.529833,0.171086,-0.08045794999999999,7.793949294768666,0.3,-0.00296,-0.094186,7.79115,0.666667,1.0,9.328995,-0.013728050000000016,0.09655249574608792,0.3
1769796260.549911,0.17148366666666667,-0.08047264999999999,7.794089097460142,0.3,-0.00296,-0.094186,7.79115,0.666667,1.0,9.328995,-0.013713350000000015,0.09823351458626423,0.3
1769796260.570204,0.17188133333333333,-0.08048735,7.781800884412962,0.3,-0.00296,-0.094186,7.79115,0.666667,1.0,9.328995,-0.013698650000000014,0.09670678171756346,0.3
1769796260.590641,0.172279,-0.08050204999999999,7.803418391980871,0.3,-0.00296,-0.094186,7.79115,0.666667,1.0,9.328995,-0.013683950000000014,0.09855262074043587,0.3
1769796260.610761,0.17267699999999997,-0.08051674999999998,7.783322763322907,0.3,-0.00296,-0.094186,7.79115,0.666667,1.0,9.328995,-0.013669250000000015,0.0964526561548913,0.3
1769796260.630776,0.173075,-0.08053144999999999,7.7947093719262295,0.3,-0.00296,-0.094186,7.79115,0.666667,1.0,9.328995,-0.013654550000000015,0.09634278228681124,0.3
1769796260.651261,0.1734726666666667,-0.08054615,7.804386335189351,0.3,-0.00296,-0.094186,7.79115,0.666667,1.0,9.328995,-0.013639850000000014,0.09551894019876146,0.3
1769796260.671733,0.17387033333333335,-0.08056096666666666,7.788574515851206,0.3,-0.00296,-0.094186,7.79115,0.666667,1.0,9.328995,-0.013625150000000015,0.09619665333172811,0.3
1769796260.691701,0.174268,-0.08057589999999999,7.7909542431284295,0.3,-0.00296,-0.094186,7.79115,0.666667,1.0,9.328995,-0.013610100000000016,0.09733786564006397,0.3
1769796260.712108,0.174666,-0.08059083333333332,7.797852661339336,0.3,-0.00296,-0.094186,7.79115,0.666667,1.0,9.328995,-0.013595050000000015,0.09921286127047708,0.3
1769796260.732646,0.17506366666666665,-0.08060553333333333,7.777638142068727,0.3,-0.00296,-0.094186,7.79115,0.666667,1.0,9.328995,-0.013580350000000015,0.09931879378025411,0.3
1769796260.75272,0.17546066666666668,-0.08061988333333332,7.790627348069767,0.3,-0.00296,-0.094186,7.79115,0.666667,1.0,9.328995,-0.013566000000000016,0.1007037621693535,0.3
1769796260.772871,0.17585733333333334,-0.080634,7.7898442010047395,0.3,-0.00296,-0.094186,7.79115,0.666667,1.0,9.328995,-0.013552000000000014,0.09806022925405228,0.3
1769796260.793413,0.17625400000000002,-0.08064811666666666,7.7937957895605345,0.3,-0.00296,-0.094186,7.79115,0.666667,1.0,9.328995,-0.013538000000000015,0.0993359092893576,0.3
1769796260.813811,0.17665133333333335,-0.08066235,7.7832697178579355,0.3,-0.00296,-0.094186,7.79115,0.666667,1.0,9.328995,-0.013523650000000016,0.09919980600130317,0.3
1769796260.833977,0.17704866666666666,-0.08067669999999999,7.790959720733066,0.3,-0.00296,-0.094186,7.79115,0.666667,1.0,9.328995,-0.013509300000000016,0.0983371155636425,0.3
1769796260.854089,0.177446,-0.08069104999999999,7.7992732821864985,0.3,-0.00296,-0.094186,7.79115,0.666667,1.0,9.328995,-0.013494950000000016,0.0969754767724751,0.3
1769796260.874704,0.17784299999999997,-0.0807054,7.79174090060494,0.3,-0.00296,-0.094186,7.79115,0.666667,1.0,9.328995,-0.013480600000000016,0.09821198543887878,0.3
1769796260.89482,0.17824033333333333,-0.08071986666666665,7.783842018734644,0.3,-0.00296,-0.094186,7.79115,0.666667,1.0,9.328995,-0.013466250000000016,0.10065715699071325,0.3
1769796260.915105,0.17863766666666667,-0.08073433333333334,7.784906052875492,0.3,-0.00296,-0.094186,7.79115,0.666667,1.0,9.328995,-0.013451550000000015,0.10093664751987426,0.3
1769796260.935582,0.17903533333333332,-0.0807488,7.790367757429974,0.3,-0.00296,-0.094186,7.79115,0.666667,1.0,9.328995,-0.013437200000000015,0.10142845572488375,0.3
1769796260.955731,0.17943266666666668,-0.08076326666666665,7.781194969504587,0.3,-0.00296,-0.094186,7.79115,0.666667,1.0,9.328995,-0.013422850000000016,0.10076786588809317,0.3
1769796260.97605,0.17983000000000002,-0.08077773333333332,7.789173391896235,0.3,-0.00296,-0.094186,7.79115,0.666667,1.0,9.328995,-0.013408150000000016,0.10053928666130597,0.3
1769796260.996331,0.180227,-0.08079208333333332,7.792043032790697,0.3,-0.00296,-0.094186,7.79115,0.666667,1.0,9.328995,-0.013393800000000015,0.09998930675064695,0.3
1769796261.01671,0.18062366666666665,-0.0808062,7.784796198968541,0.3,-0.00296,-0.094186,7.79115,0.666667,1.0,9.328995,-0.013379800000000015,0.09939291314989522,0.3
1769796261.037159,0.18102,-0.08082008333333333,7.793048203500746,0.3,-0.00296,-0.094186,7.79115,0.666667,1.0,9.328995,-0.013365800000000014,0.09979000393340819,0.3
1769796261.057018,0.181416,-0.08083385,7.789952038089619,0.3,-0.00296,-0.094186,7.79115,0.666667,1.0,9.328995,-0.013352150000000014,0.09823367177022986,0.3
1769796261.077215,0.181812,-0.08084749999999999,7.794423291947611,0.3,-0.00296,-0.094186,7.79115,0.666667,1.0,9.328995,-0.013338500000000014,0.09866138684053057,0.3
1769796261.097698,0.18220833333333333,-0.08086114999999999,7.790768563078942,0.3,-0.00296,-0.094186,7.79115,0.666667,1.0,9.328995,-0.013324850000000017,0.09828250437591994,0.3
1769796261.117795,0.18260500000000002,-0.08087491666666667,7.792511982877283,0.3,-0.00296,-0.094186,7.79115,0.666667,1.0,9.328995,-0.013311200000000016,0.09978768415542932,0.3
1769796261.138011,0.18300166666666665,-0.0808888,7.785681313270555,0.3,-0.00296,-0.094186,7.79115,0.666667,1.0,9.328995,-0.013297200000000014,0.09968136311323589,0.3
1769796261.158124,0.18339833333333333,-0.0809028,7.791698039332102,0.3,-0.00296,-0.094186,7.79115,0.666667,1.0,9.328995,-0.013283200000000016,0.10069128278416246,0.3
1769796261.178493,0.18379500000000001,-0.0809168,7.786746464851723,0.3,-0.00296,-0.094186,7.79115,0.666667,1.0,9.328995,-0.013269200000000016,0.09941026826577067,0.3
1769796261.198699,0.184192,-0.0809308,7.7936614003809055,0.3,-0.00296,-0.094186,7.79115,0.666667,1.0,9.328995,-0.013255200000000016,0.10144469200131678,0.3
1769796261.219198,0.18458866666666665,-0.08094491666666666,7.779785496918826,0.3,-0.00296,-0.094186,7.79115,0.666667,1.0,9.328995,-0.013241200000000014,0.09972682463705551,0.3
1769796261.239444,0.18498533333333333,-0.08095915,7.797350119037291,0.3,-0.00296,-0.094186,7.79115,0.666667,1.0,9.328995,-0.013226850000000014,0.09982478131785481,0.3
1769796261.259766,0.18538200000000002,-0.08097338333333333,7.79337256029611,0.3,-0.00296,-0.094186,7.79115,0.666667,1.0,9.328995,-0.013212500000000014,0.09852318272431619,0.3
1769796261.279982,0.185779,-0.08098749999999999,7.787893988480057,0.3,-0.00296,-0.094186,7.79115,0.666667,1.0,9.328995,-0.013198500000000016,0.09950041475925826,0.3
1769796261.300303,0.186176,-0.08100161666666665,7.791783176827638,0.3,-0.00296,-0.094186,7.79115,0.666667,1.0,9.328995,-0.013184500000000016,0.09904951349231388,0.3
1769796261.320754,0.186573,-0.08101584999999999,7.796374417897776,0.3,-0.00296,-0.094186,7.79115,0.666667,1.0,9.328995,-0.013170150000000016,0.09827475480571594,0.3
1769796261.340844,0.18697,-0.08103008333333334,7.792841440599645,0.3,-0.00296,-0.094186,7.79115,0.666667,1.0,9.328995,-0.013155800000000016,0.1007856496293309,0.3
1769796261.360837,0.18736699999999998,-0.0810442,7.777016707885949,0.3,-0.00296,-0.094186,7.79115,0.666667,1.0,9.328995,-0.013141800000000014,0.10031451078475416,0.3
1769796261.381216,0.18776366666666666,-0.08105808333333332,7.799497700965237,0.3,-0.00296,-0.094186,7.79115,0.666667,1.0,9.328995,-0.013127800000000016,0.1021452920265713,0.3
1769796261.401704,0.18816,-0.08107184999999999,7.782148303148742,0.3,-0.00296,-0.094186,7.79115,0.666667,1.0,9.328995,-0.013114150000000015,0.10056249750253932,0.3
1769796261.42186,0.18855600000000003,-0.08108549999999999,7.786802575030141,0.3,-0.00296,-0.094186,7.79115,0.666667,1.0,9.328995,-0.013100500000000015,0.10183231771865979,0.3
1769796261.442249,0.188952,-0.08109915,7.792165429668514,0.3,-0.00296,-0.094186,7.79115,0.666667,1.0,9.328995,-0.013086850000000014,0.1014630891315874,0.3
1769796261.462499,0.189348,-0.0811128,7.784650324671176,0.3,-0.00296,-0.094186,7.79115,0.666667,1.0,9.328995,-0.013073200000000014,0.10168144048462209,0.3
1769796261.482746,0.18974433333333332,-0.08112644999999999,7.785779116911932,0.3,-0.00296,-0.094186,7.79115,0.666667,1.0,9.328995,-0.013059550000000014,0.10009517897105173,0.3
1769796261.502961,0.19014066666666665,-0.08114021666666665,7.801969648749936,0.3,-0.00296,-0.094186,7.79115,0.666667,1.0,9.328995,-0.013045900000000017,0.09935246964482769,0.3
1769796261.522847,0.19053733333333334,-0.08115398333333333,7.7893956806285205,0.3,-0.00296,-0.094186,7.79115,0.666667,1.0,9.328995,-0.013031900000000016,0.10058157362930852,0.3
1769796261.543046,0.19080166666666667,-0.08116541666666666,7.778693593005047,0.3,-0.00296,-0.094186,7.79115,0.666667,1.0,9.328995,-0.013018250000000016,0.10472166067173706,0.3
1769796261.543046,0.19106599999999999,-0.08117451666666665,7.777369226495365,0.3,-0.00296,-0.094186,7.79115,0.666667,1.0,9.328995,-0.0130116,0.1030415356950456,0.3
1769796261.563264,0.19133,-0.08118361666666667,7.799667530488669,0.3,-0.00296,-0.094186,7.79115,0.666667,1.0,9.328995,-0.013004600000000015,0.10095022969867397,0.3
1769796261.583816,0.19172599999999998,-0.08119504999999999,7.791432528983277,0.3,-0.00296,-0.094186,7.79115,0.666667,1.0,9.328995,-0.012990950000000015,0.10049079216926932,0.3
1769796261.60394,0.192122,-0.08120869999999998,7.780365951671793,0.3,-0.00296,-0.094186,7.79115,0.666667,1.0,9.328995,-0.012977300000000015,0.1013775473047913,0.3
1769796261.623952,0.192518,-0.08122234999999998,7.7946336496755375,0.3,-0.00296,-0.094186,7.79115,0.666667,1.0,9.328995,-0.012963650000000014,0.1014335332709278,0.3
1769796261.644589,0.19291433333333333,-0.08123599999999999,7.791383263186458,0.3,-0.00296,-0.094186,7.79115,0.666667,1.0,9.328995,-0.012950000000000014,0.10172861867183504,0.3
1769796261.664729,0.19331066666666666,-0.08124964999999999,7.778882089266349,0.3,-0.00296,-0.094186,7.79115,0.666667,1.0,9.328995,-0.012936350000000017,0.10241230631930147,0.3
1769796261.684702,0.193707,-0.08126341666666666,7.790818173790739,0.3,-0.00296,-0.094186,7.79115,0.666667,1.0,9.328995,-0.012922700000000016,0.10124728899712994,0.3
1769796261.705821,0.19410333333333332,-0.08127718333333332,7.798662467119487,0.3,-0.00296,-0.094186,7.79115,0.666667,1.0,9.328995,-0.012908700000000014,0.09791977190271016,0.3
1769796261.725742,0.19449966666666665,-0.08129094999999999,7.799136291832868,0.3,-0.00296,-0.094186,7.79115,0.666667,1.0,9.328995,-0.012895050000000016,0.09555158915930961,0.3
1769796261.745789,0.19489633333333334,-0.08130471666666665,7.805316370251142,0.3,-0.00296,-0.094186,7.79115,0.666667,1.0,9.328995,-0.012881400000000015,0.10038649401334321,0.3
1769796261.766044,0.19529266666666667,-0.08131859999999999,7.769942137995286,0.3,-0.00296,-0.094186,7.79115,0.666667,1.0,9.328995,-0.012867400000000015,0.10061548629343424,0.3
1769796261.786546,0.19568933333333335,-0.08133248333333333,7.798053888152322,0.3,-0.00296,-0.094186,7.79115,0.666667,1.0,9.328995,-0.012853400000000015,0.10437923645334579,0.3
1769796261.806883,0.19608566666666669,-0.08134625,7.783025419291673,0.3,-0.00296,-0.094186,7.79115,0.666667,1.0,9.328995,-0.012839750000000014,0.10295596576365092,0.3
1769796261.827168,0.19648233333333331,-0.08136001666666666,7.778770862133455,0.3,-0.00296,-0.094186,7.79115,0.666667,1.0,9.328995,-0.012826100000000014,0.10285826961370087,0.3
1769796261.847619,0.19687866666666665,-0.08137389999999999,7.798929165052022,0.3,-0.00296,-0.094186,7.79115,0.666667,1.0,9.328995,-0.012812100000000014,0.10032155882166222,0.3
1769796261.867807,0.19727533333333333,-0.0813879,7.798537234043905,0.3,-0.00296,-0.094186,7.79115,0.666667,1.0,9.328995,-0.012798100000000015,0.0969364660808847,0.3
1769796261.887894,0.19767166666666666,-0.08140178333333332,7.79937541857812,0.3,-0.00296,-0.094186,7.79115,0.666667,1.0,9.328995,-0.012784100000000014,0.09928229620027189,0.3
1769796261.90811,0.19806833333333332,-0.08141554999999999,7.785145734335699,0.3,-0.00296,-0.094186,7.79115,0.666667,1.0,9.328995,-0.012770450000000013,0.10247570301745779,0.3
1769796261.928744,0.19846466666666665,-0.08142931666666665,7.779665893140789,0.3,-0.00296,-0.094186,7.79115,0.666667,1.0,9.328995,-0.012756800000000016,0.10403652680873095,0.3
1769796261.948918,0.19886133333333333,-0.0814432,7.790299575830481,0.3,-0.00296,-0.094186,7.79115,0.666667,1.0,9.328995,-0.012742800000000016,0.10332569649842932,0.3
1769796261.969067,0.19925766666666667,-0.0814572,7.789702266197509,0.3,-0.00296,-0.094186,7.79115,0.666667,1.0,9.328995,-0.012728800000000014,0.10250596209933421,0.3
1769796261.989606,0.19965433333333335,-0.08147119999999998,7.78487829953536,0.3,-0.00296,-0.094186,7.79115,0.666667,1.0,9.328995,-0.012714800000000016,0.10070865726084642,0.3
1769796262.010127,0.20005066666666668,-0.08148508333333332,7.801377404861408,0.3,-0.00296,-0.094186,7.79115,0.666667,1.0,9.328995,-0.012700800000000016,0.09998281704885716,0.3
1769796262.03003,0.20044733333333334,-0.08149885,7.794348857469444,0.3,-0.00296,-0.094186,7.79115,0.666667,1.0,9.328995,-0.012687150000000015,0.10023541400216958,0.3
1769796262.050485,0.20084366666666667,-0.08151261666666666,7.783651817815485,0.3,-0.00296,-0.094186,7.79115,0.666667,1.0,9.328995,-0.012673500000000015,0.0995887350496301,0.3
1769796262.070817,0.20124,-0.08152638333333333,7.805546578576645,0.3,-0.00296,-0.094186,7.79115,0.666667,1.0,9.328995,-0.012659500000000014,0.10059110097345163,0.3
1769796262.090869,0.201636,-0.08154003333333333,7.788623761926515,0.3,-0.00296,-0.094186,7.79115,0.666667,1.0,9.328995,-0.012645850000000014,0.09973752065481849,0.3
1769796262.111117,0.202032,-0.08155356666666665,7.789059949727284,0.3,-0.00296,-0.094186,7.79115,0.666667,1.0,9.328995,-0.012632550000000015,0.10256866465955977,0.3
1769796262.131398,0.20242799999999997,-0.08156709999999999,7.788843914548197,0.3,-0.00296,-0.094186,7.79115,0.666667,1.0,9.328995,-0.012618900000000016,0.10249343107363196,0.3
1769796262.151813,0.202824,-0.08158075,7.789359363442082,0.3,-0.00296,-0.094186,7.79115,0.666667,1.0,9.328995,-0.012605250000000016,0.10108999135641238,0.3
1769796262.171884,0.20322033333333334,-0.0815944,7.797767238030602,0.3,-0.00296,-0.094186,7.79115,0.666667,1.0,9.328995,-0.012591600000000015,0.1006546283493207,0.3
1769796262.192298,0.20361633333333332,-0.08160804999999999,7.791742742590747,0.3,-0.00296,-0.094186,7.79115,0.666667,1.0,9.328995,-0.012577950000000015,0.09918807202896292,0.3
1769796262.212747,0.20401233333333332,-0.08162158333333332,7.7984453513642285,0.3,-0.00296,-0.094186,7.79115,0.666667,1.0,9.328995,-0.012564300000000014,0.10048336871703252,0.3
1769796262.232748,0.20440766666666668,-0.08163488333333332,7.790279657902184,0.3,-0.00296,-0.094186,7.79115,0.666667,1.0,9.328995,-0.012551000000000014,0.1007021546344493,0.3
1769796262.253076,0.20480299999999999,-0.08164806666666666,7.790709327086247,0.3,-0.00296,-0.094186,7.79115,0.666667,1.0,9.328995,-0.012538050000000016,0.1024034942823004,0.3
1769796262.273576,0.20519833333333334,-0.08166113333333332,7.788514163477122,0.3,-0.00296,-0.094186,7.79115,0.666667,1.0,9.328995,-0.012524750000000015,0.10343054385955906,0.3
1769796262.293811,0.20559399999999997,-0.08167419999999999,7.784391760438632,0.3,-0.00296,-0.094186,7.79115,0.666667,1.0,9.328995,-0.012511800000000014,0.10352402150478575,0.3
1769796262.313788,0.20598966666666665,-0.08168726666666666,7.7904228612148865,0.3,-0.00296,-0.094186,7.79115,0.666667,1.0,9.328995,-0.012498850000000016,0.10359962652823064,0.3
1769796262.333979,0.20638533333333334,-0.08170044999999998,7.788334933336452,0.3,-0.00296,-0.094186,7.79115,0.666667,1.0,9.328995,-0.012485550000000015,0.10257540785107329,0.3
1769796262.354354,0.206781,-0.08171374999999999,7.7908139225015764,0.3,-0.00296,-0.094186,7.79115,0.666667,1.0,9.328995,-0.012472250000000015,0.10276823105499956,0.3
1769796262.375333,0.20717699999999997,-0.08172716666666666,7.789545221991329,0.3,-0.00296,-0.094186,7.79115,0.666667,1.0,9.328995,-0.012458950000000015,0.10317508519383585,0.3
1769796262.39489,0.20757266666666666,-0.08174069999999999,7.786175558503435,0.3,-0.00296,-0.094186,7.79115,0.666667,1.0,9.328995,-0.012445300000000015,0.10222802172157248,0.3
1769796262.415327,0.20796833333333334,-0.08175423333333333,7.796780503335157,0.3,-0.00296,-0.094186,7.79115,0.666667,1.0,9.328995,-0.012431650000000015,0.100423507279524,0.3
1769796262.435725,0.2083636666666667,-0.08176753333333332,7.80065650864362,0.3,-0.00296,-0.094186,7.79115,0.666667,1.0,9.328995,-0.012418350000000015,0.09918333380978694,0.3
1769796262.455824,0.20875933333333332,-0.0817806,7.793895899321857,0.3,-0.00296,-0.094186,7.79115,0.666667,1.0,9.328995,-0.012405400000000014,0.10054214930859186,0.3
1769796262.476097,0.20915466666666668,-0.08179366666666665,7.788902010342327,0.3,-0.00296,-0.094186,7.79115,0.666667,1.0,9.328995,-0.012392450000000017,0.10225654360363516,0.3
1769796262.496607,0.2095503333333333,-0.08180684999999999,7.79064454287336,0.3,-0.00296,-0.094186,7.79115,0.666667,1.0,9.328995,-0.012379150000000016,0.10343162551607671,0.3
1769796262.51678,0.20994566666666667,-0.08182015,7.787122257847208,0.3,-0.00296,-0.094186,7.79115,0.666667,1.0,9.328995,-0.012365850000000015,0.10243245556188596,0.3
1769796262.536929,0.21034133333333335,-0.08183333333333333,7.795176330067472,0.3,-0.00296,-0.094186,7.79115,0.666667,1.0,9.328995,-0.012352550000000016,0.10254479242506143,0.3
1769796262.557275,0.21073666666666668,-0.08184639999999999,7.790247371694307,0.3,-0.00296,-0.094186,7.79115,0.666667,1.0,9.328995,-0.012339600000000015,0.09985974844690537,0.3
1769796262.577889,0.2111316666666667,-0.08185935,7.803506921716144,0.3,-0.00296,-0.094186,7.79115,0.666667,1.0,9.328995,-0.012326650000000015,0.1006308003534949,0.3
1769796262.597824,0.21152633333333334,-0.08187218333333333,7.7908219686279345,0.3,-0.00296,-0.094186,7.79115,0.666667,1.0,9.328995,-0.012313700000000014,0.0992292276004116,0.3
1769796262.617902,0.211921,-0.08188489999999998,7.798926308212807,0.3,-0.00296,-0.094186,7.79115,0.666667,1.0,9.328995,-0.012301100000000016,0.10231304409856357,0.3
1769796262.63821,0.21231599999999998,-0.08189761666666666,7.785271072727232,0.3,-0.00296,-0.094186,7.79115,0.666667,1.0,9.328995,-0.012288500000000015,0.10127962414226255,0.3
1769796262.658472,0.212711,-0.08191044999999998,7.797289538365741,0.3,-0.00296,-0.094186,7.79115,0.666667,1.0,9.328995,-0.012275550000000014,0.10355311609333019,0.3
1769796262.678762,0.21310633333333331,-0.08192328333333333,7.785554856506401,0.3,-0.00296,-0.094186,7.79115,0.666667,1.0,9.328995,-0.012262600000000016,0.10318795156091753,0.3
1769796262.699055,0.21350166666666667,-0.08193611666666666,7.787731559921708,0.3,-0.00296,-0.094186,7.79115,0.666667,1.0,9.328995,-0.012250000000000014,0.10369512635056427,0.3
1769796262.719119,0.213897,-0.08194906666666667,7.79451598962786,0.3,-0.00296,-0.094186,7.79115,0.666667,1.0,9.328995,-0.012237050000000017,0.10367401395206412,0.3
1769796262.739658,0.214292,-0.08196213333333331,7.785953480897402,0.3,-0.00296,-0.094186,7.79115,0.666667,1.0,9.328995,-0.012223750000000016,0.10393957497250472,0.3
1769796262.759794,0.21468733333333334,-0.0819752,7.7864125937990645,0.3,-0.00296,-0.094186,7.79115,0.666667,1.0,9.328995,-0.012210800000000015,0.10241910557769911,0.3
1769796262.779978,0.21508266666666667,-0.08198826666666666,7.803913205996694,0.3,-0.00296,-0.094186,7.79115,0.666667,1.0,9.328995,-0.012197850000000014,0.10353084220094412,0.3
1769796262.800138,0.21547833333333336,-0.08200133333333331,7.779557461157932,0.3,-0.00296,-0.094186,7.79115,0.666667,1.0,9.328995,-0.012184550000000014,0.10181224036820853,0.3
1769796262.820594,0.21587333333333333,-0.08201439999999999,7.796998604795478,0.3,-0.00296,-0.094186,7.79115,0.666667,1.0,9.328995,-0.012171600000000015,0.10445456316008611,0.3
1769796262.840941,0.2162683333333333,-0.08202735,7.788333669245429,0.3,-0.00296,-0.094186,7.79115,0.666667,1.0,9.328995,-0.012158650000000014,0.10150447718810551,0.3
1769796262.860976,0.21666299999999997,-0.08204018333333334,7.7975299269898155,0.3,-0.00296,-0.094186,7.79115,0.666667,1.0,9.328995,-0.012145700000000016,0.10139036701377295,0.3
1769796262.881093,0.21705799999999997,-0.08205301666666666,7.797952765841473,0.3,-0.00296,-0.094186,7.79115,0.666667,1.0,9.328995,-0.012133100000000015,0.10041003511829662,0.3
1769796262.901686,0.21745333333333336,-0.08206584999999998,7.794485160618287,0.3,-0.00296,-0.094186,7.79115,0.666667,1.0,9.328995,-0.012120150000000014,0.10127755686876609,0.3
1769796262.921876,0.21784866666666666,-0.08207868333333333,7.792594296486999,0.3,-0.00296,-0.094186,7.79115,0.666667,1.0,9.328995,-0.012107200000000016,0.10294253843950252,0.3
1769796262.941954,0.218244,-0.08209151666666666,7.788232376417055,0.3,-0.00296,-0.094186,7.79115,0.666667,1.0,9.328995,-0.012094600000000014,0.10483298848793642,0.3
1769796262.962565,0.21863900000000003,-0.08210434999999999,7.783411960327683,0.3,-0.00296,-0.094186,7.79115,0.666667,1.0,9.328995,-0.012081650000000017,0.10291403841308473,0.3
1769796262.982828,0.21903366666666668,-0.08211718333333333,7.804377496936109,0.3,-0.00296,-0.094186,7.79115,0.666667,1.0,9.328995,-0.012068700000000016,0.10244105841697149,0.3
1769796263.002795,0.21942833333333334,-0.08212989999999999,7.791339756393734,0.3,-0.00296,-0.094186,7.79115,0.666667,1.0,9.328995,-0.012056100000000014,0.10082204761827347,0.3
1769796263.022894,0.21969133333333332,-0.0821404,7.793393075119871,0.3,-0.00296,-0.094186,7.79115,0.666667,1.0,9.328995,-0.012043500000000016,0.10331762341493507,0.3
1769796263.022894,0.21995466666666666,-0.08214880000000001,7.789624542156139,0.3,-0.00296,-0.094186,7.79115,0.666667,1.0,9.328995,-0.0120372,0.10420077441835562,0.3
1769796263.043748,0.220218,-0.0821572,7.786217250373211,0.3,-0.00296,-0.094186,7.79115,0.666667,1.0,9.328995,-0.012030900000000014,0.10342716950156566,0.3
1769796263.063449,0.22061300000000003,-0.08216781666666666,7.798211104620611,0.3,-0.00296,-0.094186,7.79115,0.666667,1.0,9.328995,-0.012018300000000015,0.10315963562094672,0.3
1769796263.083754,0.22100799999999998,-0.08218065,7.791452695439853,0.3,-0.00296,-0.094186,7.79115,0.666667,1.0,9.328995,-0.012005350000000015,0.10183661574383031,0.3
1769796263.103906,0.22140300000000002,-0.08219348333333333,7.794424869635909,0.3,-0.00296,-0.094186,7.79115,0.666667,1.0,9.328995,-0.011992400000000014,0.10286065371371532,0.3
1769796263.12434,0.22179800000000002,-0.08220631666666665,7.792336376801301,0.3,-0.00296,-0.094186,7.79115,0.666667,1.0,9.328995,-0.011979800000000014,0.10453650531972013,0.3
1769796263.14489,0.222193,-0.08221914999999999,7.781667085803824,0.3,-0.00296,-0.094186,7.79115,0.666667,1.0,9.328995,-0.011966850000000015,0.1049668415815594,0.3
1769796263.164703,0.222588,-0.08223198333333333,7.792112352064874,0.3,-0.00296,-0.094186,7.79115,0.666667,1.0,9.328995,-0.011953900000000014,0.10440988829201699,0.3
1769796263.184648,0.22298300000000001,-0.08224481666666665,7.795947596538555,0.3,-0.00296,-0.094186,7.79115,0.666667,1.0,9.328995,-0.011941300000000016,0.10465816717936387,0.3
1769796263.205069,0.223378,-0.08225764999999999,7.780446912479743,0.3,-0.00296,-0.094186,7.79115,0.666667,1.0,9.328995,-0.011928350000000015,0.1034312869213906,0.3
1769796263.225609,0.223773,-0.08227059999999999,7.799743133612713,0.3,-0.00296,-0.094186,7.79115,0.666667,1.0,9.328995,-0.011915400000000015,0.10409498355479992,0.3
1769796263.245914,0.22416833333333333,-0.08228354999999998,7.7922373667380995,0.3,-0.00296,-0.094186,7.79115,0.666667,1.0,9.328995,-0.011902450000000014,0.10169854800955404,0.3
1769796263.265914,0.2245636666666667,-0.0822965,7.795097475751218,0.3,-0.00296,-0.094186,7.79115,0.666667,1.0,9.328995,-0.011889500000000015,0.1045541244712503,0.3
1769796263.286222,0.224959,-0.08230944999999999,7.782881624842536,0.3,-0.00296,-0.094186,7.79115,0.666667,1.0,9.328995,-0.011876550000000015,0.10686695069767638,0.3
1769796263.306684,0.22535400000000003,-0.08232228333333332,7.778632359379543,0.3,-0.00296,-0.094186,7.79115,0.666667,1.0,9.328995,-0.011863600000000016,0.10829607328443393,0.3
1769796263.326777,0.225749,-0.08233511666666665,7.786792240230673,0.3,-0.00296,-0.094186,7.79115,0.666667,1.0,9.328995,-0.011851000000000014,0.1083067957535846,0.3
1769796263.346927,0.226144,-0.08234794999999999,7.783086790027632,0.3,-0.00296,-0.094186,7.79115,0.666667,1.0,9.328995,-0.011838050000000013,0.1073322282069446,0.3
1769796263.366908,0.22653900000000002,-0.0823609,7.784749264659383,0.3,-0.00296,-0.094186,7.79115,0.666667,1.0,9.328995,-0.011825100000000015,0.1056950100952177,0.3
1769796263.387264,0.22693433333333335,-0.08237384999999998,7.796887498901034,0.3,-0.00296,-0.094186,7.79115,0.666667,1.0,9.328995,-0.011812150000000014,0.10390193021824361,0.3
1769796263.407767,0.22732933333333336,-0.08238668333333332,7.794117219289476,0.3,-0.00296,-0.094186,7.79115,0.666667,1.0,9.328995,-0.011799200000000017,0.10111073016230847,0.3
1769796263.427778,0.22772433333333333,-0.08239939999999997,7.801765964994994,0.3,-0.00296,-0.094186,7.79115,0.666667,1.0,9.328995,-0.011786600000000015,0.10351527788168446,0.3
1769796263.447927,0.228119,-0.08241199999999999,7.782727262584778,0.3,-0.00296,-0.094186,7.79115,0.666667,1.0,9.328995,-0.011774000000000014,0.10306512512764077,0.3
1769796263.468028,0.22851366666666664,-0.0824246,7.7970827358137385,0.3,-0.00296,-0.094186,7.79115,0.666667,1.0,9.328995,-0.011761400000000016,0.1024785295646925,0.3
1769796263.488713,0.22890833333333335,-0.08243719999999999,7.805550138372683,0.3,-0.00296,-0.094186,7.79115,0.666667,1.0,9.328995,-0.011748800000000016,0.1008387828856989,0.3
1769796263.508946,0.22930300000000003,-0.08244979999999998,7.79283034265874,0.3,-0.00296,-0.094186,7.79115,0.666667,1.0,9.328995,-0.011736200000000016,0.1021338362340617,0.3
1769796263.528973,0.22969800000000004,-0.08246251666666665,7.7895770157235615,0.3,-0.00296,-0.094186,7.79115,0.666667,1.0,9.328995,-0.011723600000000015,0.1027587403152483,0.3
1769796263.549345,0.23009266666666664,-0.08247523333333333,7.802067763885564,0.3,-0.00296,-0.094186,7.79115,0.666667,1.0,9.328995,-0.011710650000000015,0.10319339514938457,0.3
1769796263.569623,0.230487,-0.08248771666666666,7.790489463653922,0.3,-0.00296,-0.094186,7.79115,0.666667,1.0,9.328995,-0.011698050000000015,0.10291812355645703,0.3
1769796263.589622,0.23088066666666665,-0.08249984999999999,7.791490795281127,0.3,-0.00296,-0.094186,7.79115,0.666667,1.0,9.328995,-0.011686150000000013,0.10265026801790435,0.3
1769796263.609988,0.23127433333333336,-0.08251186666666666,7.80392969711688,0.3,-0.00296,-0.094186,7.79115,0.666667,1.0,9.328995,-0.011674250000000014,0.10254048035251127,0.3
1769796263.630518,0.23166799999999999,-0.082524,7.791400539646281,0.3,-0.00296,-0.094186,7.79115,0.666667,1.0,9.328995,-0.011662000000000014,0.10333435276107034,0.3
1769796263.650745,0.232062,-0.08253613333333332,7.786982360829772,0.3,-0.00296,-0.094186,7.79115,0.666667,1.0,9.328995,-0.011649750000000014,0.10633411170104466,0.3
1769796263.671361,0.23245633333333335,-0.08254826666666665,7.786185943477034,0.3,-0.00296,-0.094186,7.79115,0.666667,1.0,9.328995,-0.011637850000000016,0.10830076697677048,0.3
1769796263.691781,0.23285066666666668,-0.08256039999999999,7.779855407991926,0.3,-0.00296,-0.094186,7.79115,0.666667,1.0,9.328995,-0.011625600000000014,0.10869187848374445,0.3
1769796263.712712,0.233245,-0.08257264999999998,7.7848904917879285,0.3,-0.00296,-0.094186,7.79115,0.666667,1.0,9.328995,-0.011613350000000015,0.10675370556401899,0.3
1769796263.732102,0.233639,-0.0825849,7.798072230995387,0.3,-0.00296,-0.094186,7.79115,0.666667,1.0,9.328995,-0.011601100000000013,0.10448072751144079,0.3
1769796263.75256,0.23403333333333332,-0.08259715,7.793750526307395,0.3,-0.00296,-0.094186,7.79115,0.666667,1.0,9.328995,-0.011588850000000015,0.10247154949809989,0.3
1769796263.772629,0.23442733333333332,-0.0826094,7.797202809867974,0.3,-0.00296,-0.094186,7.79115,0.666667,1.0,9.328995,-0.011576600000000013,0.10300740793755252,0.3
1769796263.792969,0.23482133333333333,-0.08262153333333333,7.795114330358671,0.3,-0.00296,-0.094186,7.79115,0.666667,1.0,9.328995,-0.011564350000000015,0.10019973388116891,0.3
1769796263.813428,0.23521500000000004,-0.08263366666666666,7.810851370645697,0.3,-0.00296,-0.094186,7.79115,0.666667,1.0,9.328995,-0.011552450000000014,0.10154420597783652,0.3
1769796263.833468,0.23560933333333334,-0.08264579999999999,7.789390777287968,0.3,-0.00296,-0.094186,7.79115,0.666667,1.0,9.328995,-0.011540200000000014,0.10269146370125447,0.3
1769796263.853779,0.23600366666666664,-0.08265804999999998,7.788485584018163,0.3,-0.00296,-0.094186,7.79115,0.666667,1.0,9.328995,-0.011527950000000014,0.10690388106525522,0.3
1769796263.873896,0.236398,-0.08267029999999999,7.785834116461692,0.3,-0.00296,-0.094186,7.79115,0.666667,1.0,9.328995,-0.011515700000000014,0.10643313922121223,0.3
1769796263.89429,0.236792,-0.08268254999999998,7.792472478352226,0.3,-0.00296,-0.094186,7.79115,0.666667,1.0,9.328995,-0.011503450000000014,0.10492402095242863,0.3
1769796263.914739,0.237186,-0.0826948,7.797797543630865,0.3,-0.00296,-0.094186,7.79115,0.666667,1.0,9.328995,-0.011491200000000016,0.10494277771952935,0.3
1769796263.934813,0.23758033333333337,-0.08270704999999999,7.785978825859088,0.3,-0.00296,-0.094186,7.79115,0.666667,1.0,9.328995,-0.011478950000000016,0.10548377994784956,0.3
1769796263.954993,0.23797466666666667,-0.08271941666666667,7.789483714982305,0.3,-0.00296,-0.094186,7.79115,0.666667,1.0,9.328995,-0.011466700000000015,0.1064918082764789,0.3
1769796263.975418,0.23836899999999997,-0.08273178333333332,7.792009073659089,0.3,-0.00296,-0.094186,7.79115,0.666667,1.0,9.328995,-0.011454100000000016,0.10689320018948785,0.3
1769796263.995788,0.23876333333333333,-0.08274415,7.783830174381034,0.3,-0.00296,-0.094186,7.79115,0.666667,1.0,9.328995,-0.011441850000000016,0.10734419490403874,0.3
1769796264.015933,0.23915766666666669,-0.0827564,7.787037446695,0.3,-0.00296,-0.094186,7.79115,0.666667,1.0,9.328995,-0.011429600000000015,0.10621392075302442,0.3
1769796264.035962,0.239552,-0.08276864999999999,7.799047968565175,0.3,-0.00296,-0.094186,7.79115,0.666667,1.0,9.328995,-0.011417350000000015,0.10490379238559712,0.3
1769796264.056406,0.239946,-0.08278089999999999,7.791948194585598,0.3,-0.00296,-0.094186,7.79115,0.666667,1.0,9.328995,-0.011405100000000015,0.1032734802654474,0.3
1769796264.07678,0.2403396666666667,-0.08279303333333332,7.797076569415898,0.3,-0.00296,-0.094186,7.79115,0.666667,1.0,9.328995,-0.011392850000000015,0.10564166380972563,0.3
1769796264.097295,0.240733,-0.08280493333333333,7.785093667299505,0.3,-0.00296,-0.094186,7.79115,0.666667,1.0,9.328995,-0.011380950000000015,0.10633677134008805,0.3
1769796264.117166,0.24112633333333333,-0.0828166,7.788027449403423,0.3,-0.00296,-0.094186,7.79115,0.666667,1.0,9.328995,-0.011369400000000016,0.10811567525842135,0.3
1769796264.137239,0.24151999999999998,-0.08282826666666666,7.7866481459058985,0.3,-0.00296,-0.094186,7.79115,0.666667,1.0,9.328995,-0.011357850000000013,0.10758886516050396,0.3
1769796264.157408,0.24191366666666667,-0.08284004999999998,7.7884995278870095,0.3,-0.00296,-0.094186,7.79115,0.666667,1.0,9.328995,-0.011345950000000014,0.1076186177846284,0.3
1769796264.177816,0.24230733333333332,-0.08285195,7.788096383658677,0.3,-0.00296,-0.094186,7.79115,0.666667,1.0,9.328995,-0.011334050000000016,0.10806450361137178,0.3
1769796264.198074,0.24270100000000003,-0.08286384999999999,7.784222730945438,0.3,-0.00296,-0.094186,7.79115,0.666667,1.0,9.328995,-0.011322150000000013,0.10832300437218617,0.3
1769796264.218187,0.24309499999999998,-0.08287586666666666,7.787198423322123,0.3,-0.00296,-0.094186,7.79115,0.666667,1.0,9.328995,-0.011310250000000015,0.10800195357950909,0.3
1769796264.238544,0.24348899999999998,-0.082888,7.790275038414739,0.3,-0.00296,-0.094186,7.79115,0.666667,1.0,9.328995,-0.011298000000000015,0.10794154586024568,0.3
1769796264.258663,0.243883,-0.08290013333333333,7.784839977261019,0.3,-0.00296,-0.094186,7.79115,0.666667,1.0,9.328995,-0.011285750000000015,0.10849834004737736,0.3
1769796264.2788,0.244277,-0.08291214999999999,7.784112458199333,0.3,-0.00296,-0.094186,7.79115,0.666667,1.0,9.328995,-0.011273850000000016,0.10699237676694383,0.3
1769796264.298926,0.244671,-0.08292416666666666,7.7995631680973405,0.3,-0.00296,-0.094186,7.79115,0.666667,1.0,9.328995,-0.011261950000000015,0.10701696805464565,0.3
1769796264.319237,0.24506466666666668,-0.0829363,7.784944779534808,0.3,-0.00296,-0.094186,7.79115,0.666667,1.0,9.328995,-0.011249700000000015,0.10412999309652998,0.3
1769796264.339632,0.24545833333333333,-0.08294831666666666,7.801689107948027,0.3,-0.00296,-0.094186,7.79115,0.666667,1.0,9.328995,-0.011237450000000015,0.10669727745438762,0.3
1769796264.359874,0.24585166666666666,-0.0829601,7.784411811950195,0.3,-0.00296,-0.094186,7.79115,0.666667,1.0,9.328995,-0.011225900000000016,0.1055356159132425,0.3
1769796264.380847,0.24624533333333332,-0.08297176666666665,7.7921621987816785,0.3,-0.00296,-0.094186,7.79115,0.666667,1.0,9.328995,-0.011214350000000015,0.10588136482662229,0.3
1769796264.400305,0.24663899999999997,-0.08298355,7.799859614467748,0.3,-0.00296,-0.094186,7.79115,0.666667,1.0,9.328995,-0.011202450000000013,0.10400618334734457,0.3
1769796264.420677,0.24703266666666668,-0.08299544999999998,7.795910350825861,0.3,-0.00296,-0.094186,7.79115,0.666667,1.0,9.328995,-0.011190550000000014,0.1056982341629093,0.3
1769796264.440851,0.247426,-0.08300723333333333,7.78225979388829,0.3,-0.00296,-0.094186,7.79115,0.666667,1.0,9.328995,-0.011178650000000016,0.10774354624710619,0.3
1769796264.46105,0.247819,-0.08301889999999999,7.787835191962567,0.3,-0.00296,-0.094186,7.79115,0.666667,1.0,9.328995,-0.011167100000000015,0.1085148639130552,0.3
1769796264.48173,0.24821233333333334,-0.08303044999999999,7.791527444830167,0.3,-0.00296,-0.094186,7.79115,0.666667,1.0,9.328995,-0.011155550000000016,0.10805608799613402,0.3
1769796264.501747,0.24860566666666664,-0.08304199999999999,7.785254999389817,0.3,-0.00296,-0.094186,7.79115,0.666667,1.0,9.328995,-0.011144000000000015,0.10703357773857969,0.3
1769796264.521856,0.24899933333333332,-0.08305366666666665,7.794212803507893,0.3,-0.00296,-0.094186,7.79115,0.666667,1.0,9.328995,-0.011132450000000014,0.10365407215247008,0.3
1769796264.541942,0.24939266666666668,-0.08306544999999999,7.812049478346824,0.3,-0.00296,-0.094186,7.79115,0.666667,1.0,9.328995,-0.011120550000000014,0.1022679965983605,0.3
1769796264.562445,0.24978633333333333,-0.08307735,7.793818902714475,0.3,-0.00296,-0.094186,7.79115,0.666667,1.0,9.328995,-0.011108650000000015,0.10208996913397372,0.3
1769796264.582796,0.2501796666666667,-0.08308924999999999,7.795530868294214,0.3,-0.00296,-0.094186,7.79115,0.666667,1.0,9.328995,-0.011096750000000016,0.10560645925442254,0.3
1769796264.602941,0.2505733333333333,-0.08310103333333331,7.7912004376241315,0.3,-0.00296,-0.094186,7.79115,0.666667,1.0,9.328995,-0.011084850000000014,0.10589310926941213,0.3
1769796264.623177,0.2508356666666667,-0.08311071666666665,7.792346452624537,0.3,-0.00296,-0.094186,7.79115,0.666667,1.0,9.328995,-0.011073300000000015,0.1076033834887647,0.3
1769796264.623177,0.25109833333333337,-0.08311841666666667,7.785472572978098,0.3,-0.00296,-0.094186,7.79115,0.666667,1.0,9.328995,-0.011067699999999998,0.10948890428187652,0.3
1769796264.6436,0.2513606666666666,-0.08312623333333333,7.780049012865461,0.3,-0.00296,-0.094186,7.79115,0.666667,1.0,9.328995,-0.011061750000000014,0.11230542903303568,0.3
1769796264.663798,0.25175433333333336,-0.08313614999999998,7.775611454117582,0.3,-0.00296,-0.094186,7.79115,0.666667,1.0,9.328995,-0.011049850000000014,0.11018642865783211,0.3
1769796264.683998,0.252148,-0.08314804999999999,7.79839482522932,0.3,-0.00296,-0.094186,7.79115,0.666667,1.0,9.328995,-0.011037950000000015,0.10809244234707764,0.3
1769796264.704606,0.25254166666666666,-0.08315995,7.792862830729987,0.3,-0.00296,-0.094186,7.79115,0.666667,1.0,9.328995,-0.011026050000000015,0.1070676994618504,0.3
1769796264.724932,0.25293533333333335,-0.08317184999999999,7.782009811428946,0.3,-0.00296,-0.094186,7.79115,0.666667,1.0,9.328995,-0.011014150000000014,0.10968627921411377,0.3
1769796264.744945,0.25332899999999997,-0.08318374999999999,7.782933246715739,0.3,-0.00296,-0.094186,7.79115,0.666667,1.0,9.328995,-0.011002250000000015,0.10978278053301509,0.3
1769796264.765659,0.2537226666666667,-0.08319565,7.79253372281658,0.3,-0.00296,-0.094186,7.79115,0.666667,1.0,9.328995,-0.010990350000000017,0.10916606114640083,0.3
1769796264.785702,0.25411633333333333,-0.08320754999999998,7.785960027748631,0.3,-0.00296,-0.094186,7.79115,0.666667,1.0,9.328995,-0.010978450000000015,0.10677907324281377,0.3
1769796264.805674,0.25451,-0.08321944999999999,7.797505074137262,0.3,-0.00296,-0.094186,7.79115,0.666667,1.0,9.328995,-0.010966550000000014,0.10747373264208543,0.3
1769796264.82586,0.254904,-0.08323134999999998,7.78861566642095,0.3,-0.00296,-0.094186,7.79115,0.666667,1.0,9.328995,-0.010954650000000014,0.10697007257764855,0.3
1769796264.846373,0.2552976666666667,-0.08324324999999999,7.7892318881352525,0.3,-0.00296,-0.094186,7.79115,0.666667,1.0,9.328995,-0.010942750000000015,0.10995730732876345,0.3
1769796264.866766,0.2556913333333333,-0.08325515,7.779831565630572,0.3,-0.00296,-0.094186,7.79115,0.666667,1.0,9.328995,-0.010930850000000016,0.11141114855170171,0.3
1769796264.886878,0.256085,-0.08326705,7.78014251908332,0.3,-0.00296,-0.094186,7.79115,0.666667,1.0,9.328995,-0.010918950000000014,0.1095562334182782,0.3
1769796264.907312,0.2564786666666667,-0.08327894999999999,7.8006112789357935,0.3,-0.00296,-0.094186,7.79115,0.666667,1.0,9.328995,-0.010907050000000015,0.10693339301453875,0.3
1769796264.927681,0.2568723333333333,-0.08329084999999999,7.795818508053009,0.3,-0.00296,-0.094186,7.79115,0.666667,1.0,9.328995,-0.010895150000000015,0.10723970429438583,0.3
1769796264.947957,0.257266,-0.08330274999999998,7.778554551404238,0.3,-0.00296,-0.094186,7.79115,0.666667,1.0,9.328995,-0.010883250000000014,0.10960686253350586,0.3
1769796264.968047,0.25766,-0.08331464999999999,7.786658229501073,0.3,-0.00296,-0.094186,7.79115,0.666667,1.0,9.328995,-0.010871350000000016,0.10942651178336106,0.3
1769796264.988681,0.2580536666666667,-0.08332655,7.797150512553878,0.3,-0.00296,-0.094186,7.79115,0.666667,1.0,9.328995,-0.010859450000000014,0.10783091547467151,0.3
1769796265.008916,0.25844666666666666,-0.08333833333333333,7.788378029256375,0.3,-0.00296,-0.094186,7.79115,0.666667,1.0,9.328995,-0.010847550000000015,0.10821070621017022,0.3
1769796265.028922,0.25883933333333337,-0.08334988333333333,7.784626935088081,0.3,-0.00296,-0.094186,7.79115,0.666667,1.0,9.328995,-0.010836000000000016,0.10804639841625067,0.3
1769796265.050526,0.25923199999999996,-0.08336119999999998,7.798378909317395,0.3,-0.00296,-0.094186,7.79115,0.666667,1.0,9.328995,-0.010824800000000015,0.10729926400717477,0.3
1769796265.0694,0.259625,-0.0833724,7.79309848571083,0.3,-0.00296,-0.094186,7.79115,0.666667,1.0,9.328995,-0.010813600000000015,0.10527054343980358,0.3
1769796265.089732,0.260018,-0.08338359999999999,7.797034458492308,0.3,-0.00296,-0.094186,7.79115,0.666667,1.0,9.328995,-0.010802400000000014,0.10810094765197407,0.3
1769796265.109804,0.26041066666666673,-0.08339479999999999,7.781631684044372,0.3,-0.00296,-0.094186,7.79115,0.666667,1.0,9.328995,-0.010791200000000015,0.11015695411896335,0.3
1769796265.129899,0.26080333333333333,-0.083406,7.780997646908895,0.3,-0.00296,-0.094186,7.79115,0.666667,1.0,9.328995,-0.010780000000000015,0.11151030227775138,0.3
1769796265.151102,0.26119600000000004,-0.08341719999999998,7.78914956953958,0.3,-0.00296,-0.094186,7.79115,0.666667,1.0,9.328995,-0.010768800000000016,0.10976939846510891,0.3
1769796265.170748,0.261589,-0.08342851666666666,7.792312306920227,0.3,-0.00296,-0.094186,7.79115,0.666667,1.0,9.328995,-0.010757600000000016,0.10678392673705313,0.3
1769796265.190878,0.2619816666666667,-0.08343994999999998,7.799148127277229,0.3,-0.00296,-0.094186,7.79115,0.666667,1.0,9.328995,-0.010746050000000016,0.10513771356043923,0.3
1769796265.211336,0.2623743333333333,-0.08345138333333331,7.799266948599263,0.3,-0.00296,-0.094186,7.79115,0.666667,1.0,9.328995,-0.010734500000000015,0.104143230442668,0.3
1769796265.231847,0.26276700000000003,-0.0834627,7.798519305626854,0.3,-0.00296,-0.094186,7.79115,0.666667,1.0,9.328995,-0.010723300000000015,0.10389951823761229,0.3
1769796265.251883,0.26316,-0.08347401666666665,7.800848050507564,0.3,-0.00296,-0.094186,7.79115,0.666667,1.0,9.328995,-0.010712100000000016,0.10521309481608376,0.3
1769796265.272046,0.26355333333333336,-0.08348545,7.7916231391284345,0.3,-0.00296,-0.094186,7.79115,0.666667,1.0,9.328995,-0.010700550000000014,0.10812828087316766,0.3
1769796265.292279,0.26394666666666666,-0.08349688333333333,7.781268289284351,0.3,-0.00296,-0.094186,7.79115,0.666667,1.0,9.328995,-0.010689000000000014,0.10830555031513922,0.3
1769796265.312658,0.26433999999999996,-0.08350831666666665,7.800024533855734,0.3,-0.00296,-0.094186,7.79115,0.666667,1.0,9.328995,-0.010677800000000015,0.10808935877332436,0.3
1769796265.333142,0.264733,-0.08351974999999999,7.793160388379324,0.3,-0.00296,-0.094186,7.79115,0.666667,1.0,9.328995,-0.010666250000000014,0.10770311545413798,0.3
1769796265.353051,0.265126,-0.08353129999999999,7.783825849199469,0.3,-0.00296,-0.094186,7.79115,0.666667,1.0,9.328995,-0.010654700000000015,0.10920679758415325,0.3
1769796265.373724,0.265519,-0.08354284999999999,7.791244991075643,0.3,-0.00296,-0.094186,7.79115,0.666667,1.0,9.328995,-0.010643150000000014,0.11148887710866683,0.3
1769796265.3938,0.265912,-0.08355428333333333,7.779710461232242,0.3,-0.00296,-0.094186,7.79115,0.666667,1.0,9.328995,-0.010631600000000015,0.11181000644003318,0.3
1769796265.413832,0.26630466666666663,-0.08356559999999998,7.782139173211271,0.3,-0.00296,-0.094186,7.79115,0.666667,1.0,9.328995,-0.010620400000000016,0.11310403121407231,0.3
1769796265.434017,0.26669733333333334,-0.0835768,7.783718492431408,0.3,-0.00296,-0.094186,7.79115,0.666667,1.0,9.328995,-0.010609200000000015,0.11199789082263367,0.3
1769796265.454339,0.26709,-0.083588,7.786582503580874,0.3,-0.00296,-0.094186,7.79115,0.666667,1.0,9.328995,-0.010598000000000014,0.10923624644229442,0.3
1769796265.474657,0.26748299999999997,-0.08359919999999998,7.798944239493307,0.3,-0.00296,-0.094186,7.79115,0.666667,1.0,9.328995,-0.010586800000000014,0.1080108749131009,0.3
1769796265.494915,0.267876,-0.08361039999999999,7.791305921606569,0.3,-0.00296,-0.094186,7.79115,0.666667,1.0,9.328995,-0.010575600000000015,0.10676534855820519,0.3
1769796265.515542,0.26826900000000004,-0.08362171666666667,7.794290861710248,0.3,-0.00296,-0.094186,7.79115,0.666667,1.0,9.328995,-0.010564400000000015,0.10620217012298415,0.3
1769796265.535784,0.26866166666666663,-0.08363314999999999,7.802560960104633,0.3,-0.00296,-0.094186,7.79115,0.666667,1.0,9.328995,-0.010552850000000016,0.10522389110783663,0.3
1769796265.55592,0.26905433333333334,-0.08364458333333331,7.797415695697454,0.3,-0.00296,-0.094186,7.79115,0.666667,1.0,9.328995,-0.010541300000000016,0.10463522016049594,0.3
1769796265.575985,0.26944700000000005,-0.08365589999999999,7.798062987394292,0.3,-0.00296,-0.094186,7.79115,0.666667,1.0,9.328995,-0.010530100000000014,0.10707060216005419,0.3
1769796265.596344,0.2698396666666667,-0.0836671,7.788186318107283,0.3,-0.00296,-0.094186,7.79115,0.666667,1.0,9.328995,-0.010518900000000015,0.10753302563335043,0.3
1769796265.616792,0.270232,-0.08367818333333332,7.794876354857677,0.3,-0.00296,-0.094186,7.79115,0.666667,1.0,9.328995,-0.010507700000000016,0.10855310700941123,0.3
1769796265.636648,0.270624,-0.08368903333333333,7.7921752491379275,0.3,-0.00296,-0.094186,7.79115,0.666667,1.0,9.328995,-0.010496850000000016,0.10810991608466586,0.3
1769796265.656749,0.2710163333333333,-0.08369976666666666,7.7910733136557555,0.3,-0.00296,-0.094186,7.79115,0.666667,1.0,9.328995,-0.010486350000000016,0.10582811876116138,0.3
1769796265.676868,0.2714086666666667,-0.08371061666666667,7.808792538798704,0.3,-0.00296,-0.094186,7.79115,0.666667,1.0,9.328995,-0.010475500000000016,0.10414110939088868,0.3
1769796265.696918,0.271801,-0.08372158333333334,7.802525155359564,0.3,-0.00296,-0.094186,7.79115,0.666667,1.0,9.328995,-0.010464300000000015,0.10693322981689213,0.3
1769796265.718757,0.27219333333333334,-0.08373255,7.774550891099735,0.3,-0.00296,-0.094186,7.79115,0.666667,1.0,9.328995,-0.010453450000000015,0.10912451638565752,0.3
1769796265.737754,0.27258566666666667,-0.08374351666666664,7.795875119386111,0.3,-0.00296,-0.094186,7.79115,0.666667,1.0,9.328995,-0.010442600000000014,0.10997842455429195,0.3
1769796265.757898,0.272978,-0.08375448333333334,7.797632006347757,0.3,-0.00296,-0.094186,7.79115,0.666667,1.0,9.328995,-0.010431400000000014,0.10804504910408956,0.3
1769796265.777866,0.27337,-0.08376544999999998,7.786381443800949,0.3,-0.00296,-0.094186,7.79115,0.666667,1.0,9.328995,-0.010420550000000015,0.10712298148794698,0.3
1769796265.798513,0.273762,-0.08377629999999998,7.801637825082967,0.3,-0.00296,-0.094186,7.79115,0.666667,1.0,9.328995,-0.010409700000000015,0.10868048635405418,0.3
1769796265.818875,0.27415433333333333,-0.08378714999999999,7.788514827151114,0.3,-0.00296,-0.094186,7.79115,0.666667,1.0,9.328995,-0.010398850000000015,0.10688435811544263,0.3
1769796265.838809,0.27454666666666666,-0.083798,7.797386063232619,0.3,-0.00296,-0.094186,7.79115,0.666667,1.0,9.328995,-0.010388000000000015,0.10880061008211316,0.3
1769796265.859124,0.274939,-0.08380884999999999,7.790368163282944,0.3,-0.00296,-0.094186,7.79115,0.666667,1.0,9.328995,-0.010377150000000016,0.10772618759460935,0.3
1769796265.879395,0.2753313333333333,-0.0838197,7.795189212076137,0.3,-0.00296,-0.094186,7.79115,0.666667,1.0,9.328995,-0.010366300000000016,0.10728353532415447,0.3
1769796265.899918,0.2757236666666667,-0.08383054999999999,7.800269826855348,0.3,-0.00296,-0.094186,7.79115,0.666667,1.0,9.328995,-0.010355450000000016,0.10444541210107287,0.3
1769796265.919926,0.27611600000000003,-0.08384151666666666,7.807624752621433,0.3,-0.00296,-0.094186,7.79115,0.666667,1.0,9.328995,-0.010344600000000016,0.10467276231621792,0.3
1769796265.939927,0.2765083333333333,-0.08385248333333332,7.794055410785266,0.3,-0.00296,-0.094186,7.79115,0.666667,1.0,9.328995,-0.010333400000000015,0.10544870385327283,0.3
1769796265.960279,0.2769006666666667,-0.08386344999999999,7.795844477633018,0.3,-0.00296,-0.094186,7.79115,0.666667,1.0,9.328995,-0.010322550000000015,0.10841090323380802,0.3
1769796265.9803,0.27729333333333334,-0.08387441666666666,7.790081856338222,0.3,-0.00296,-0.094186,7.79115,0.666667,1.0,9.328995,-0.010311700000000014,0.10912409743566988,0.3
1769796266.001013,0.27768566666666666,-0.08388549999999999,7.790006545574095,0.3,-0.00296,-0.094186,7.79115,0.666667,1.0,9.328995,-0.010300500000000015,0.1087791829338464,0.3
1769796266.020721,0.27807833333333337,-0.08389658333333333,7.798146714643959,0.3,-0.00296,-0.094186,7.79115,0.666667,1.0,9.328995,-0.010289300000000015,0.10952989868036428,0.3
1769796266.041007,0.2784706666666667,-0.08390755,7.785810311859115,0.3,-0.00296,-0.094186,7.79115,0.666667,1.0,9.328995,-0.010278450000000015,0.10721364572911248,0.3
1769796266.061601,0.278863,-0.08391839999999999,7.804134363281606,0.3,-0.00296,-0.094186,7.79115,0.666667,1.0,9.328995,-0.010267600000000016,0.10758493783230556,0.3
1769796266.081872,0.27925500000000003,-0.08392913333333334,7.7961468120248005,0.3,-0.00296,-0.094186,7.79115,0.666667,1.0,9.328995,-0.010256750000000016,0.10780458540933789,0.3
1769796266.102029,0.279647,-0.08393986666666664,7.784717826396921,0.3,-0.00296,-0.094186,7.79115,0.666667,1.0,9.328995,-0.010246250000000016,0.11056313724430843,0.3
1769796266.122357,0.280039,-0.08395059999999999,7.787808452271783,0.3,-0.00296,-0.094186,7.79115,0.666667,1.0,9.328995,-0.010235400000000016,0.11256099745269339,0.3
1769796266.142941,0.2803003333333333,-0.08395958333333332,7.784385050774491,0.3,-0.00296,-0.094186,7.79115,0.666667,1.0,9.328995,-0.010224550000000016,0.11119984897356587,0.3
1769796266.142941,0.28056166666666665,-0.08396681666666667,7.7930733672716865,0.3,-0.00296,-0.094186,7.79115,0.666667,1.0,9.328995,-0.0102193,0.11150558936706013,0.3
1769796266.163523,0.280823,-0.08397404999999998,7.786125909910817,0.3,-0.00296,-0.094186,7.79115,0.666667,1.0,9.328995,-0.010213700000000017,0.10955499178677726,0.3
1769796266.183892,0.2812153333333333,-0.08398314999999999,7.796240536256188,0.3,-0.00296,-0.094186,7.79115,0.666667,1.0,9.328995,-0.010202850000000015,0.1088579826796507,0.3
1769796266.203881,0.2816076666666667,-0.08399399999999997,7.797446521914446,0.3,-0.00296,-0.094186,7.79115,0.666667,1.0,9.328995,-0.010192000000000015,0.10995757766085558,0.3
1769796266.224014,0.28200000000000003,-0.08400484999999998,7.779756190023588,0.3,-0.00296,-0.094186,7.79115,0.666667,1.0,9.328995,-0.010181150000000016,0.11072081940202987,0.3
1769796266.244452,0.282392,-0.08401581666666665,7.791888935809142,0.3,-0.00296,-0.094186,7.79115,0.666667,1.0,9.328995,-0.010170300000000014,0.11009658890530277,0.3
1769796266.264728,0.2827843333333333,-0.08402678333333331,7.801422204894808,0.3,-0.00296,-0.094186,7.79115,0.666667,1.0,9.328995,-0.010159100000000015,0.10764423894198571,0.3
1769796266.285111,0.28317666666666663,-0.08403774999999998,7.79470058980349,0.3,-0.00296,-0.094186,7.79115,0.666667,1.0,9.328995,-0.010148250000000015,0.10772867564227114,0.3
1769796266.305408,0.283569,-0.08404859999999999,7.79161261560743,0.3,-0.00296,-0.094186,7.79115,0.666667,1.0,9.328995,-0.010137400000000015,0.11033715578499727,0.3
1769796266.325589,0.28396133333333334,-0.08405945,7.7859991740384515,0.3,-0.00296,-0.094186,7.79115,0.666667,1.0,9.328995,-0.010126550000000015,0.11142705436015858,0.3
1769796266.345621,0.28435366666666667,-0.08407041666666666,7.788389048352522,0.3,-0.00296,-0.094186,7.79115,0.666667,1.0,9.328995,-0.010115700000000016,0.11087214527317019,0.3
1769796266.365971,0.284746,-0.08408138333333333,7.79517237012936,0.3,-0.00296,-0.094186,7.79115,0.666667,1.0,9.328995,-0.010104500000000015,0.10897110627256608,0.3
1769796266.386404,0.2851383333333333,-0.08409235,7.797635708042076,0.3,-0.00296,-0.094186,7.79115,0.666667,1.0,9.328995,-0.010093650000000015,0.10919406032757328,0.3
1769796266.406585,0.28553066666666665,-0.08410331666666666,7.787281624022479,0.3,-0.00296,-0.094186,7.79115,0.666667,1.0,9.328995,-0.010082800000000015,0.1101966104072502,0.3
1769796266.426791,0.285923,-0.08411428333333332,7.7893873696512985,0.3,-0.00296,-0.094186,7.79115,0.666667,1.0,9.328995,-0.010071600000000016,0.11304837255941262,0.3
1769796266.446787,0.2863153333333333,-0.08412524999999998,7.780755435129102,0.3,-0.00296,-0.094186,7.79115,0.666667,1.0,9.328995,-0.010060750000000014,0.11152144281110833,0.3
1769796266.467002,0.2867076666666667,-0.08413621666666667,7.796673502512305,0.3,-0.00296,-0.094186,7.79115,0.666667,1.0,9.328995,-0.010049900000000014,0.11221643189959236,0.3
1769796266.4874,0.28710033333333335,-0.08414718333333333,7.785447735120394,0.3,-0.00296,-0.094186,7.79115,0.666667,1.0,9.328995,-0.010038700000000015,0.1101945556237499,0.3
1769796266.507881,0.2874926666666667,-0.08415815,7.793116992784157,0.3,-0.00296,-0.094186,7.79115,0.666667,1.0,9.328995,-0.010027850000000015,0.11246359691967352,0.3
1769796266.528069,0.287885,-0.08416911666666665,7.783289554736763,0.3,-0.00296,-0.094186,7.79115,0.666667,1.0,9.328995,-0.010017000000000015,0.11215748679174037,0.3
1769796266.548503,0.28827733333333333,-0.08418008333333332,7.787514695887993,0.3,-0.00296,-0.094186,7.79115,0.666667,1.0,9.328995,-0.010005800000000016,0.11232968941799558,0.3
1769796266.568818,0.2886693333333334,-0.08419093333333331,7.792314077026625,0.3,-0.00296,-0.094186,7.79115,0.666667,1.0,9.328995,-0.009994950000000016,0.11250441278948707,0.3
1769796266.588731,0.28906133333333334,-0.08420166666666666,7.782469064507814,0.3,-0.00296,-0.094186,7.79115,0.666667,1.0,9.328995,-0.009984450000000016,0.11132085599694024,0.3
1769796266.608807,0.289453,-0.08421228333333332,7.794841436643274,0.3,-0.00296,-0.094186,7.79115,0.666667,1.0,9.328995,-0.009973600000000015,0.11084507362352308,0.3
1769796266.629103,0.28984433333333337,-0.08422278333333333,7.795391721267128,0.3,-0.00296,-0.094186,7.79115,0.666667,1.0,9.328995,-0.009963100000000016,0.11116154807190208,0.3
1769796266.649202,0.2902356666666667,-0.08423304999999999,7.78079071781754,0.3,-0.00296,-0.094186,7.79115,0.666667,1.0,9.328995,-0.009952950000000016,0.1124107380144717,0.3
1769796266.669761,0.29062666666666664,-0.08424308333333332,7.787561896987857,0.3,-0.00296,-0.094186,7.79115,0.666667,1.0,9.328995,-0.009942800000000016,0.11374999179613554,0.3
1769796266.69006,0.291018,-0.08425311666666667,7.787566898577145,0.3,-0.00296,-0.094186,7.79115,0.666667,1.0,9.328995,-0.009933000000000015,0.11064723879158729,0.3
1769796266.710199,0.29140900000000003,-0.08426326666666666,7.79961793584483,0.3,-0.00296,-0.094186,7.79115,0.666667,1.0,9.328995,-0.009922850000000014,0.10998597390341018,0.3
1769796266.73073,0.2918003333333334,-0.08427364999999999,7.791742636316919,0.3,-0.00296,-0.094186,7.79115,0.666667,1.0,9.328995,-0.009912350000000014,0.10873985783460693,0.3
1769796266.750907,0.2921916666666667,-0.08428403333333333,7.7952616449899645,0.3,-0.00296,-0.094186,7.79115,0.666667,1.0,9.328995,-0.009901850000000014,0.10978203120756247,0.3
1769796266.770884,0.29258333333333336,-0.08429429999999999,7.793582945607096,0.3,-0.00296,-0.094186,7.79115,0.666667,1.0,9.328995,-0.009891700000000014,0.11044373127071694,0.3
1769796266.791183,0.292975,-0.08430456666666665,7.7879880359379925,0.3,-0.00296,-0.094186,7.79115,0.666667,1.0,9.328995,-0.009881550000000015,0.11124431850554965,0.3
1769796266.811496,0.29336666666666666,-0.08431495,7.790673721580968,0.3,-0.00296,-0.094186,7.79115,0.666667,1.0,9.328995,-0.009871050000000015,0.11018821441483935,0.3
1769796266.831677,0.29375833333333334,-0.08432544999999998,7.800137620151358,0.3,-0.00296,-0.094186,7.79115,0.666667,1.0,9.328995,-0.009860550000000015,0.10811899301531963,0.3
1769796266.852447,0.2941500000000001,-0.08433594999999999,7.800623864335111,0.3,-0.00296,-0.094186,7.79115,0.666667,1.0,9.328995,-0.009850050000000015,0.10694021215829015,0.3
1769796266.872467,0.294542,-0.08434645,7.797966906723145,0.3,-0.00296,-0.094186,7.79115,0.666667,1.0,9.328995,-0.009839550000000016,0.11068695067023493,0.3
1769796266.89276,0.29493366666666665,-0.08435694999999999,7.7778776890796895,0.3,-0.00296,-0.094186,7.79115,0.666667,1.0,9.328995,-0.009829050000000016,0.11178606488348512,0.3
1769796266.912839,0.2953253333333333,-0.08436745,7.79424967905561,0.3,-0.00296,-0.094186,7.79115,0.666667,1.0,9.328995,-0.009818550000000014,0.11290732457259688,0.3
1769796266.93289,0.295717,-0.08437806666666665,7.791459848588475,0.3,-0.00296,-0.094186,7.79115,0.666667,1.0,9.328995,-0.009808050000000016,0.10861513045855377,0.3
1769796266.953513,0.296109,-0.08438879999999999,7.803853803763948,0.3,-0.00296,-0.094186,7.79115,0.666667,1.0,9.328995,-0.009797200000000016,0.11094004046618373,0.3
1769796266.973634,0.29650100000000007,-0.08439953333333332,7.78052561900983,0.3,-0.00296,-0.094186,7.79115,0.666667,1.0,9.328995,-0.009786350000000015,0.11036079898915628,0.3
1769796266.993896,0.2968926666666667,-0.08441015,7.7951606974506396,0.3,-0.00296,-0.094186,7.79115,0.666667,1.0,9.328995,-0.009775850000000015,0.11105104641143836,0.3
1769796267.014051,0.2972843333333333,-0.08442064999999999,7.7999352692302555,0.3,-0.00296,-0.094186,7.79115,0.666667,1.0,9.328995,-0.009765350000000015,0.11174220359239863,0.3
1769796267.034661,0.297676,-0.08443115,7.776599175924068,0.3,-0.00296,-0.094186,7.79115,0.666667,1.0,9.328995,-0.009754850000000015,0.11209554432398709,0.3
1769796267.055753,0.298068,-0.08444165,7.793261153061109,0.3,-0.00296,-0.094186,7.79115,0.666667,1.0,9.328995,-0.009744350000000014,0.11294376702101361,0.3
1769796267.075021,0.29846,-0.08445214999999999,7.795066433048096,0.3,-0.00296,-0.094186,7.79115,0.666667,1.0,9.328995,-0.009733850000000016,0.11018217834857374,0.3
1769796267.095553,0.2988516666666667,-0.08446264999999999,7.7933892079587075,0.3,-0.00296,-0.094186,7.79115,0.666667,1.0,9.328995,-0.009723350000000016,0.11089449085218799,0.3
1769796267.115786,0.299243,-0.08447315,7.789207778039423,0.3,-0.00296,-0.094186,7.79115,0.666667,1.0,9.328995,-0.009712850000000016,0.1112123643164442,0.3
1769796267.136119,0.29963399999999996,-0.08448353333333332,7.793379692262559,0.3,-0.00296,-0.094186,7.79115,0.666667,1.0,9.328995,-0.009702350000000016,0.11388301349967704,0.3
1769796267.156449,0.300025,-0.08449368333333333,7.7775833628593105,0.3,-0.00296,-0.094186,7.79115,0.666667,1.0,9.328995,-0.009692200000000015,0.11127905028648553,0.3
1769796267.176923,0.300416,-0.0845036,7.805044707318572,0.3,-0.00296,-0.094186,7.79115,0.666667,1.0,9.328995,-0.009682400000000015,0.11218181893503208,0.3
1769796267.197034,0.30080700000000005,-0.08451351666666666,7.78817133037128,0.3,-0.00296,-0.094186,7.79115,0.666667,1.0,9.328995,-0.009672600000000016,0.10976439450562235,0.3
1769796267.217197,0.301198,-0.08452355,7.792296159435769,0.3,-0.00296,-0.094186,7.79115,0.666667,1.0,9.328995,-0.009662450000000015,0.10918154471332141,0.3
1769796267.237752,0.30158900000000005,-0.08453369999999999,7.808752506072378,0.3,-0.00296,-0.094186,7.79115,0.666667,1.0,9.328995,-0.009652300000000016,0.10810899403917827,0.3
1769796267.257751,0.3019803333333333,-0.08454384999999999,7.794819784416139,0.3,-0.00296,-0.094186,7.79115,0.666667,1.0,9.328995,-0.009642150000000016,0.10915895834308448,0.3
1769796267.277817,0.3023716666666667,-0.08455399999999998,7.786209523612332,0.3,-0.00296,-0.094186,7.79115,0.666667,1.0,9.328995,-0.009632000000000016,0.11309465203241892,0.3
1769796267.297993,0.30276299999999995,-0.08456426666666667,7.785351493936371,0.3,-0.00296,-0.094186,7.79115,0.666667,1.0,9.328995,-0.009621850000000015,0.11178605477723985,0.3
1769796267.318454,0.30315433333333336,-0.08457453333333331,7.802886967947213,0.3,-0.00296,-0.094186,7.79115,0.666667,1.0,9.328995,-0.009611350000000015,0.10800224596764636,0.3
1769796267.338687,0.30354566666666666,-0.08458479999999997,7.809127976469893,0.3,-0.00296,-0.094186,7.79115,0.666667,1.0,9.328995,-0.009601200000000015,0.10839738049329213,0.3
1769796267.359198,0.30393733333333334,-0.08459506666666666,7.783196286782497,0.3,-0.00296,-0.094186,7.79115,0.666667,1.0,9.328995,-0.009591050000000014,0.11103810243789698,0.3
1769796267.379343,0.3043286666666667,-0.08460533333333331,7.787258236279584,0.3,-0.00296,-0.094186,7.79115,0.666667,1.0,9.328995,-0.009580550000000014,0.1128854196444354,0.3
1769796267.39965,0.3047203333333333,-0.0846156,7.798259673230662,0.3,-0.00296,-0.094186,7.79115,0.666667,1.0,9.328995,-0.009570400000000015,0.1111619604856748,0.3
1769796267.419912,0.30511166666666667,-0.08462586666666666,7.79375264173506,0.3,-0.00296,-0.094186,7.79115,0.666667,1.0,9.328995,-0.009560250000000015,0.11087904564283717,0.3
1769796267.440038,0.305503,-0.08463613333333332,7.78917132533661,0.3,-0.00296,-0.094186,7.79115,0.666667,1.0,9.328995,-0.009549750000000015,0.11241936972144739,0.3
1769796267.460122,0.3058936666666667,-0.08464628333333331,7.789233328759001,0.3,-0.00296,-0.094186,7.79115,0.666667,1.0,9.328995,-0.009539600000000014,0.11373076796646457,0.3
1769796267.480345,0.3062843333333333,-0.0846562,7.786097402264957,0.3,-0.00296,-0.094186,7.79115,0.666667,1.0,9.328995,-0.009529800000000015,0.11361790446454752,0.3
1769796267.500872,0.30667466666666665,-0.08466599999999998,7.790056756348112,0.3,-0.00296,-0.094186,7.79115,0.666667,1.0,9.328995,-0.009520000000000015,0.1106348228147284,0.3
1769796267.521213,0.30706533333333336,-0.08467579999999998,7.8073376186579155,0.3,-0.00296,-0.094186,7.79115,0.666667,1.0,9.328995,-0.009510200000000014,0.11052330277648015,0.3
1769796267.540929,0.307456,-0.08468559999999999,7.786972322494447,0.3,-0.00296,-0.094186,7.79115,0.666667,1.0,9.328995,-0.009500400000000016,0.11064832038536593,0.3
1769796267.561501,0.307847,-0.08469539999999999,7.789512450694797,0.3,-0.00296,-0.094186,7.79115,0.666667,1.0,9.328995,-0.009490600000000016,0.11434940865262727,0.3
1769796267.581803,0.308238,-0.0847052,7.7853368890543475,0.3,-0.00296,-0.094186,7.79115,0.666667,1.0,9.328995,-0.009480800000000015,0.11369746178289346,0.3
1769796267.602232,0.308629,-0.08471511666666666,7.7910898037128495,0.3,-0.00296,-0.094186,7.79115,0.666667,1.0,9.328995,-0.009471000000000014,0.11259265132568701,0.3
1769796267.622743,0.30902,-0.08472514999999999,7.796349563438036,0.3,-0.00296,-0.094186,7.79115,0.666667,1.0,9.328995,-0.009460850000000014,0.1088239990336768,0.3
1769796267.642703,0.309411,-0.08473518333333334,7.808159502806409,0.3,-0.00296,-0.094186,7.79115,0.666667,1.0,9.328995,-0.009450700000000015,0.10940761161796843,0.3
1769796267.662996,0.3096716666666667,-0.08474346666666666,7.7877988282071,0.3,-0.00296,-0.094186,7.79115,0.666667,1.0,9.328995,-0.009440900000000016,0.11065916427365301,0.3
1769796267.662996,0.3099323333333333,-0.08475011666666667,7.789014197503929,0.3,-0.00296,-0.094186,7.79115,0.666667,1.0,9.328995,-0.009436,0.11521798847523708,0.3
1769796267.683413,0.310193,-0.08475688333333332,7.780946207596904,0.3,-0.00296,-0.094186,7.79115,0.666667,1.0,9.328995,-0.009430750000000016,0.11555735743535826,0.3
1769796267.703989,0.310584,-0.08476528333333333,7.785904714446373,0.3,-0.00296,-0.094186,7.79115,0.666667,1.0,9.328995,-0.009420600000000015,0.11576289322533961,0.3
1769796267.725069,0.310975,-0.08477531666666666,7.7879573827640405,0.3,-0.00296,-0.094186,7.79115,0.666667,1.0,9.328995,-0.009410800000000014,0.11426923052135489,0.3
1769796267.743931,0.311366,-0.08478534999999998,7.790118883820813,0.3,-0.00296,-0.094186,7.79115,0.666667,1.0,9.328995,-0.009400650000000014,0.11241746583169587,0.3
1769796267.764235,0.311757,-0.08479538333333332,7.797226002584327,0.3,-0.00296,-0.094186,7.79115,0.666667,1.0,9.328995,-0.009390500000000015,0.11104004190568979,0.3
1769796267.784579,0.3121483333333333,-0.08480541666666665,7.796432626320077,0.3,-0.00296,-0.094186,7.79115,0.666667,1.0,9.328995,-0.009380700000000014,0.11170138055405632,0.3
1769796267.804919,0.31253966666666666,-0.08481544999999997,7.7863615519306135,0.3,-0.00296,-0.094186,7.79115,0.666667,1.0,9.328995,-0.009370550000000016,0.11434830243300804,0.3
1769796267.824935,0.312931,-0.08482559999999999,7.781555171310616,0.3,-0.00296,-0.094186,7.79115,0.666667,1.0,9.328995,-0.009360400000000015,0.11720312485584387,0.3
1769796267.845219,0.313322,-0.08483574999999999,7.779516841783062,0.3,-0.00296,-0.094186,7.79115,0.666667,1.0,9.328995,-0.009350250000000015,0.11581281139265691,0.3
1769796267.865546,0.31371299999999996,-0.08484589999999999,7.794916582709735,0.3,-0.00296,-0.094186,7.79115,0.666667,1.0,9.328995,-0.009340100000000014,0.11343059149765429,0.3
1769796267.885778,0.314104,-0.08485605,7.796061640680632,0.3,-0.00296,-0.094186,7.79115,0.666667,1.0,9.328995,-0.009329950000000014,0.11185854993886206,0.3
1769796267.905855,0.314495,-0.0848662,7.7891622411358155,0.3,-0.00296,-0.094186,7.79115,0.666667,1.0,9.328995,-0.009319800000000013,0.11313974826583321,0.3
1769796267.926245,0.3148863333333333,-0.08487634999999999,7.787442542747908,0.3,-0.00296,-0.094186,7.79115,0.666667,1.0,9.328995,-0.009309650000000015,0.11155320150264676,0.3
1769796267.946543,0.3152776666666666,-0.08488638333333332,7.805794071259751,0.3,-0.00296,-0.094186,7.79115,0.666667,1.0,9.328995,-0.009299500000000016,0.10937846739983459,0.3
1769796267.96669,0.315669,-0.08489641666666665,7.8024213457526885,0.3,-0.00296,-0.094186,7.79115,0.666667,1.0,9.328995,-0.009289700000000015,0.1077733371222009,0.3
1769796267.986764,0.31606,-0.08490645000000001,7.7972840244137105,0.3,-0.00296,-0.094186,7.79115,0.666667,1.0,9.328995,-0.009279550000000015,0.11023567172629045,0.3
1769796268.007285,0.31645100000000004,-0.0849166,7.791230763635213,0.3,-0.00296,-0.094186,7.79115,0.666667,1.0,9.328995,-0.009269400000000014,0.11183777185894879,0.3
1769796268.027579,0.316842,-0.08492675,7.7930218949567385,0.3,-0.00296,-0.094186,7.79115,0.666667,1.0,9.328995,-0.009259250000000016,0.11258692287289589,0.3
1769796268.047889,0.3172333333333333,-0.08493689999999998,7.793002268330028,0.3,-0.00296,-0.094186,7.79115,0.666667,1.0,9.328995,-0.009249100000000015,0.11309333350444588,0.3
1769796268.068024,0.31762466666666667,-0.08494704999999998,7.788405449845913,0.3,-0.00296,-0.094186,7.79115,0.666667,1.0,9.328995,-0.009238950000000015,0.11373050112050971,0.3
1769796268.088159,0.318016,-0.08495708333333334,7.789412039260355,0.3,-0.00296,-0.094186,7.79115,0.666667,1.0,9.328995,-0.009228800000000014,0.11550075419653298,0.3
1769796268.108744,0.31840666666666667,-0.084967,7.782591449873888,0.3,-0.00296,-0.094186,7.79115,0.666667,1.0,9.328995,-0.009219000000000015,0.11486180857882344,0.3
1769796268.128706,0.3187973333333333,-0.08497679999999998,7.792447373552171,0.3,-0.00296,-0.094186,7.79115,0.666667,1.0,9.328995,-0.009209200000000015,0.11631926319145174,0.3
1769796268.148617,0.3191876666666667,-0.08498648333333332,7.780873111584586,0.3,-0.00296,-0.094186,7.79115,0.666667,1.0,9.328995,-0.009199400000000014,0.11619876812953257,0.3
1769796268.168824,0.319578,-0.08499604999999999,7.783517770245403,0.3,-0.00296,-0.094186,7.79115,0.666667,1.0,9.328995,-0.009189950000000016,0.11687084361712878,0.3
1769796268.189182,0.319968,-0.08500561666666666,7.788615820626593,0.3,-0.00296,-0.094186,7.79115,0.666667,1.0,9.328995,-0.009180500000000015,0.11769748639832826,0.3
1769796268.209569,0.3203583333333333,-0.0850153,7.776114154897389,0.3,-0.00296,-0.094186,7.79115,0.666667,1.0,9.328995,-0.009170700000000014,0.11539855166689385,0.3
1769796268.229807,0.3207486666666666,-0.08502498333333332,7.79751472863401,0.3,-0.00296,-0.094186,7.79115,0.666667,1.0,9.328995,-0.009160900000000015,0.11592765055620378,0.3
1769796268.250029,0.32113933333333333,-0.08503455,7.785644577290734,0.3,-0.00296,-0.094186,7.79115,0.666667,1.0,9.328995,-0.009151450000000016,0.1153094711522684,0.3
1769796268.270593,0.32153,-0.08504411666666666,7.780024131321001,0.3,-0.00296,-0.094186,7.79115,0.666667,1.0,9.328995,-0.009142000000000015,0.11759889161931418,0.3
1769796268.292578,0.3219206666666667,-0.0850538,7.783979105831735,0.3,-0.00296,-0.094186,7.79115,0.666667,1.0,9.328995,-0.009132200000000016,0.11662548411816398,0.3
1769796268.311013,0.32231133333333334,-0.08506359999999998,7.791688372297635,0.3,-0.00296,-0.094186,7.79115,0.666667,1.0,9.328995,-0.009122400000000015,0.11474384311449087,0.3
1769796268.331437,0.32270166666666666,-0.08507340000000001,7.79151977734304,0.3,-0.00296,-0.094186,7.79115,0.666667,1.0,9.328995,-0.009112600000000016,0.11215204884772055,0.3
1769796268.351634,0.3230923333333333,-0.08508308333333332,7.799735671432357,0.3,-0.00296,-0.094186,7.79115,0.666667,1.0,9.328995,-0.009102800000000015,0.11087996990931515,0.3
1769796268.372043,0.32348266666666664,-0.08509264999999999,7.7995241959280674,0.3,-0.00296,-0.094186,7.79115,0.666667,1.0,9.328995,-0.009093350000000014,0.10975872101213364,0.3
1769796268.393235,0.323873,-0.08510221666666666,7.798448170726129,0.3,-0.00296,-0.094186,7.79115,0.666667,1.0,9.328995,-0.009083900000000016,0.11244221743357082,0.3
1769796268.412642,0.32426333333333335,-0.08511178333333332,7.783835592903734,0.3,-0.00296,-0.094186,7.79115,0.666667,1.0,9.328995,-0.009074100000000015,0.11403292367095909,0.3
1769796268.432932,0.3246536666666667,-0.08512134999999998,7.790180858503738,0.3,-0.00296,-0.094186,7.79115,0.666667,1.0,9.328995,-0.009064650000000014,0.11354195033969831,0.3
1769796268.453108,0.32504400000000006,-0.08513091666666665,7.8015949107136935,0.3,-0.00296,-0.094186,7.79115,0.666667,1.0,9.328995,-0.009055200000000015,0.11206816943026798,0.3
1769796268.473533,0.3254343333333333,-0.0851406,7.792879178360316,0.3,-0.00296,-0.094186,7.79115,0.666667,1.0,9.328995,-0.009045400000000014,0.1106292471807118,0.3
1769796268.493769,0.32582466666666665,-0.08515028333333331,7.799017742001075,0.3,-0.00296,-0.094186,7.79115,0.666667,1.0,9.328995,-0.009035600000000015,0.11296010445341641,0.3
1769796268.513777,0.32621533333333336,-0.08515985,7.787813117077466,0.3,-0.00296,-0.094186,7.79115,0.666667,1.0,9.328995,-0.009026150000000014,0.11186283884631149,0.3
1769796268.534258,0.326606,-0.08516941666666666,7.7996636720029455,0.3,-0.00296,-0.094186,7.79115,0.666667,1.0,9.328995,-0.009016700000000015,0.11224423636329724,0.3
1769796268.554874,0.32699666666666666,-0.0851791,7.79693025689916,0.3,-0.00296,-0.094186,7.79115,0.666667,1.0,9.328995,-0.009006900000000016,0.11392412010105042,0.3
1769796268.574954,0.3273873333333333,-0.0851889,7.777937164650947,0.3,-0.00296,-0.094186,7.79115,0.666667,1.0,9.328995,-0.008997100000000015,0.11390593954312066,0.3
1769796268.595083,0.3277776666666667,-0.08519869999999997,7.799978555350524,0.3,-0.00296,-0.094186,7.79115,0.666667,1.0,9.328995,-0.008987300000000014,0.11539944006844273,0.3
1769796268.615202,0.32816833333333334,-0.0852085,7.788175053747228,0.3,-0.00296,-0.094186,7.79115,0.666667,1.0,9.328995,-0.008977500000000015,0.11395286585752212,0.3
1769796268.635713,0.32855866666666667,-0.08521818333333332,7.7868224099164705,0.3,-0.00296,-0.094186,7.79115,0.666667,1.0,9.328995,-0.008967700000000014,0.11563831824203115,0.3
1769796268.655834,0.328949,-0.08522774999999999,7.79006919104347,0.3,-0.00296,-0.094186,7.79115,0.666667,1.0,9.328995,-0.008958250000000015,0.11682037063373114,0.3
1769796268.67596,0.3293393333333333,-0.08523719999999997,7.781283639397028,0.3,-0.00296,-0.094186,7.79115,0.666667,1.0,9.328995,-0.008948800000000015,0.11693456465001338,0.3
1769796268.69621,0.3297296666666667,-0.08524664999999998,7.786335695818777,0.3,-0.00296,-0.094186,7.79115,0.666667,1.0,9.328995,-0.008939350000000016,0.11618425720057485,0.3
1769796268.716652,0.33012,-0.0852561,7.794769485740101,0.3,-0.00296,-0.094186,7.79115,0.666667,1.0,9.328995,-0.008929900000000015,0.11368852595145833,0.3
1769796268.736876,0.33051,-0.08526554999999998,7.796456476891727,0.3,-0.00296,-0.094186,7.79115,0.666667,1.0,9.328995,-0.008920450000000014,0.1129339791714067,0.3
1769796268.756971,0.33090033333333335,-0.08527499999999999,7.791061426499087,0.3,-0.00296,-0.094186,7.79115,0.666667,1.0,9.328995,-0.008911000000000016,0.11307544126749995,0.3
1769796268.777281,0.3312906666666667,-0.08528445,7.794119163163542,0.3,-0.00296,-0.094186,7.79115,0.666667,1.0,9.328995,-0.008901550000000015,0.11468203307671972,0.3
1769796268.797552,0.33168100000000006,-0.08529401666666665,7.7870153760364085,0.3,-0.00296,-0.094186,7.79115,0.666667,1.0,9.328995,-0.008892100000000016,0.11277383359439203,0.3
1769796268.817668,0.33207133333333333,-0.08530358333333332,7.802711523393053,0.3,-0.00296,-0.094186,7.79115,0.666667,1.0,9.328995,-0.008882300000000017,0.11475204930335924,0.3
1769796268.837805,0.33246166666666666,-0.08531314999999999,7.782450768909738,0.3,-0.00296,-0.094186,7.79115,0.666667,1.0,9.328995,-0.008872850000000015,0.11441394145430472,0.3
1769796268.857997,0.3328516666666667,-0.08532259999999998,7.7892449231307355,0.3,-0.00296,-0.094186,7.79115,0.666667,1.0,9.328995,-0.008863400000000014,0.1150529122446597,0.3
1769796268.878386,0.33324133333333333,-0.08533193333333333,7.799076148650923,0.3,-0.00296,-0.094186,7.79115,0.666667,1.0,9.328995,-0.008853950000000015,0.11394518771269281,0.3
1769796268.898871,0.3336306666666667,-0.08534103333333333,7.78929311610154,0.3,-0.00296,-0.094186,7.79115,0.666667,1.0,9.328995,-0.008844850000000015,0.11548609074689294,0.3
1769796268.918915,0.3340203333333333,-0.08534989999999999,7.780190604925535,0.3,-0.00296,-0.094186,7.79115,0.666667,1.0,9.328995,-0.008836100000000013,0.11507101487468045,0.3
1769796268.939413,0.33440999999999993,-0.08535876666666666,7.801752803884198,0.3,-0.00296,-0.094186,7.79115,0.666667,1.0,9.328995,-0.008827350000000015,0.11471838418711867,0.3
1769796268.959741,0.3347996666666666,-0.08536775,7.79159510022691,0.3,-0.00296,-0.094186,7.79115,0.666667,1.0,9.328995,-0.008818250000000015,0.11314394995034276,0.3
1769796268.979802,0.33518933333333334,-0.08537696666666666,7.78982586034619,0.3,-0.00296,-0.094186,7.79115,0.666667,1.0,9.328995,-0.008809150000000016,0.11632764635334218,0.3
1769796268.999918,0.33557900000000007,-0.08538629999999998,7.782844175466201,0.3,-0.00296,-0.094186,7.79115,0.666667,1.0,9.328995,-0.008799700000000014,0.11675931200710554,0.3
1769796269.020247,0.335969,-0.08539563333333333,7.78920110630433,0.3,-0.00296,-0.094186,7.79115,0.666667,1.0,9.328995,-0.008790250000000015,0.11649346742084239,0.3
1769796269.040821,0.336359,-0.08540484999999999,7.791616927863769,0.3,-0.00296,-0.094186,7.79115,0.666667,1.0,9.328995,-0.008781150000000015,0.114624476387231,0.3
1769796269.061074,0.336749,-0.08541406666666666,7.79425167166787,0.3,-0.00296,-0.094186,7.79115,0.666667,1.0,9.328995,-0.008772050000000014,0.11410522374439076,0.3
1769796269.080809,0.337139,-0.0854234,7.792510172161371,0.3,-0.00296,-0.094186,7.79115,0.666667,1.0,9.328995,-0.008762600000000014,0.11382446993901973,0.3
1769796269.101282,0.337529,-0.08543273333333333,7.7934974506959955,0.3,-0.00296,-0.094186,7.79115,0.666667,1.0,9.328995,-0.008753150000000015,0.11367512567054651,0.3
1769796269.121624,0.337919,-0.08544206666666666,7.795343737278709,0.3,-0.00296,-0.094186,7.79115,0.666667,1.0,9.328995,-0.008744050000000015,0.1134056559590783,0.3
1769796269.141912,0.33830933333333335,-0.0854514,7.794322990430181,0.3,-0.00296,-0.094186,7.79115,0.666667,1.0,9.328995,-0.008734600000000014,0.11252431642624196,0.3
1769796269.162062,0.3386996666666667,-0.08546073333333333,7.7989814878930135,0.3,-0.00296,-0.094186,7.79115,0.666667,1.0,9.328995,-0.008725150000000015,0.11244758183367541,0.3
1769796269.18268,0.33908999999999995,-0.08547006666666664,7.7960001448341085,0.3,-0.00296,-0.094186,7.79115,0.666667,1.0,9.328995,-0.008716050000000015,0.11250370360694419,0.3
1769796269.20275,0.33948,-0.08547939999999998,7.794182259790568,0.3,-0.00296,-0.094186,7.79115,0.666667,1.0,9.328995,-0.008706600000000016,0.11265013882835201,0.3
1769796269.222955,0.3398696666666667,-0.08548873333333333,7.798298876564567,0.3,-0.00296,-0.094186,7.79115,0.666667,1.0,9.328995,-0.008697150000000015,0.11317736307681725,0.3
1769796269.242944,0.3402593333333333,-0.08549794999999999,7.793032799343317,0.3,-0.00296,-0.094186,7.79115,0.666667,1.0,9.328995,-0.008688050000000015,0.11505098112121633,0.3
1769796269.263074,0.340519,-0.08550553333333333,7.7831341015241735,0.3,-0.00296,-0.094186,7.79115,0.666667,1.0,9.328995,-0.008678950000000015,0.11694714802208576,0.3
1769796269.263074,0.34077899999999994,-0.08551159999999998,7.78708112515935,0.3,-0.00296,-0.094186,7.79115,0.666667,1.0,9.328995,-0.008674399999999999,0.11892987071287169,0.3
1769796269.283439,0.34103866666666666,-0.08551766666666666,7.7812638631986015,0.3,-0.00296,-0.094186,7.79115,0.666667,1.0,9.328995,-0.008669850000000014,0.1183259654250189,0.3
1769796269.303884,0.3414283333333333,-0.08552525,7.78688493325129,0.3,-0.00296,-0.094186,7.79115,0.666667,1.0,9.328995,-0.008660750000000016,0.11658804101755726,0.3
1769796269.323962,0.341818,-0.08553435,7.79766792160412,0.3,-0.00296,-0.094186,7.79115,0.666667,1.0,9.328995,-0.008651650000000014,0.11474610493906184,0.3
1769796269.343954,0.342208,-0.08554345000000001,7.792506579669574,0.3,-0.00296,-0.094186,7.79115,0.666667,1.0,9.328995,-0.008642550000000016,0.11526203635835508,0.3
1769796269.364319,0.342598,-0.08555254999999999,7.783980444735531,0.3,-0.00296,-0.094186,7.79115,0.666667,1.0,9.328995,-0.008633450000000015,0.11627389005636533,0.3
1769796269.384629,0.3429876666666667,-0.08556176666666665,7.791787899416058,0.3,-0.00296,-0.094186,7.79115,0.666667,1.0,9.328995,-0.008624350000000015,0.11755461738193695,0.3
1769796269.404777,0.34337733333333337,-0.08557109999999997,7.785015765716144,0.3,-0.00296,-0.094186,7.79115,0.666667,1.0,9.328995,-0.008614900000000016,0.11718367776664008,0.3
1769796269.425162,0.343767,-0.08558043333333332,7.786402082427312,0.3,-0.00296,-0.094186,7.79115,0.666667,1.0,9.328995,-0.008605450000000014,0.11456616077180132,0.3
1769796269.445101,0.344157,-0.08558965,7.807689001385091,0.3,-0.00296,-0.094186,7.79115,0.666667,1.0,9.328995,-0.008596350000000015,0.11517795266793063,0.3
1769796269.465476,0.344547,-0.08559874999999999,7.781538564339368,0.3,-0.00296,-0.094186,7.79115,0.666667,1.0,9.328995,-0.008587250000000015,0.11504952683331206,0.3
1769796269.485711,0.344937,-0.08560796666666666,7.787363737435023,0.3,-0.00296,-0.094186,7.79115,0.666667,1.0,9.328995,-0.008578150000000014,0.116702536444657,0.3
1769796269.505934,0.345327,-0.0856173,7.797964493717021,0.3,-0.00296,-0.094186,7.79115,0.666667,1.0,9.328995,-0.008568700000000016,0.1171516797122465,0.3
1769796269.526501,0.345717,-0.08562663333333331,7.779039704733831,0.3,-0.00296,-0.094186,7.79115,0.666667,1.0,9.328995,-0.008559250000000015,0.11347557853804091,0.3
1769796269.546712,0.346107,-0.08563585,7.809616344480257,0.3,-0.00296,-0.094186,7.79115,0.666667,1.0,9.328995,-0.008550150000000013,0.116244215708925,0.3
1769796269.566794,0.346497,-0.08564506666666666,7.781546220691717,0.3,-0.00296,-0.094186,7.79115,0.666667,1.0,9.328995,-0.008541050000000015,0.11321159378368352,0.3
1769796269.586777,0.346887,-0.08565439999999998,7.79742898628528,0.3,-0.00296,-0.094186,7.79115,0.666667,1.0,9.328995,-0.008531600000000014,0.11680524492940247,0.3
1769796269.606988,0.347277,-0.08566373333333333,7.788250437605943,0.3,-0.00296,-0.094186,7.79115,0.666667,1.0,9.328995,-0.008522150000000017,0.11577018231527673,0.3
1769796269.627488,0.347667,-0.08567295000000001,7.7879525963764715,0.3,-0.00296,-0.094186,7.79115,0.666667,1.0,9.328995,-0.008513050000000015,0.11758990154338489,0.3
1769796269.647693,0.348057,-0.08568216666666667,7.786704220916631,0.3,-0.00296,-0.094186,7.79115,0.666667,1.0,9.328995,-0.008503950000000014,0.11680885334664452,0.3
1769796269.667796,0.348447,-0.08569149999999999,7.7931302767863855,0.3,-0.00296,-0.094186,7.79115,0.666667,1.0,9.328995,-0.008494500000000016,0.11585141641048179,0.3
1769796269.687814,0.348837,-0.08570083333333334,7.793893217993448,0.3,-0.00296,-0.094186,7.79115,0.666667,1.0,9.328995,-0.008485050000000015,0.11494988821962486,0.3
1769796269.708385,0.34922666666666674,-0.08571005,7.792309390061773,0.3,-0.00296,-0.094186,7.79115,0.666667,1.0,9.328995,-0.008475950000000015,0.11661313672387828,0.3
1769796269.729506,0.349616,-0.08571903333333335,7.783344335760865,0.3,-0.00296,-0.094186,7.79115,0.666667,1.0,9.328995,-0.008466850000000015,0.11650765522265771,0.3
1769796269.748777,0.35000500000000007,-0.08572778333333332,7.794714757000771,0.3,-0.00296,-0.094186,7.79115,0.666667,1.0,9.328995,-0.008458100000000015,0.11410725583400683,0.3
1769796269.768794,0.35039400000000004,-0.08573641666666665,7.806895536393678,0.3,-0.00296,-0.094186,7.79115,0.666667,1.0,9.328995,-0.008449700000000015,0.11164518880658823,0.3
1769796269.788832,0.350783,-0.08574504999999999,7.798298037925377,0.3,-0.00296,-0.094186,7.79115,0.666667,1.0,9.328995,-0.008440950000000015,0.11230286354784784,0.3
1769796269.809444,0.35117200000000004,-0.08575379999999999,7.790950008553214,0.3,-0.00296,-0.094186,7.79115,0.666667,1.0,9.328995,-0.008432200000000015,0.11319687506665854,0.3
1769796269.829829,0.35156133333333334,-0.08576254999999999,7.8017152172808135,0.3,-0.00296,-0.094186,7.79115,0.666667,1.0,9.328995,-0.008423450000000015,0.1139722446578309,0.3
1769796269.849668,0.3519506666666667,-0.0857713,7.7938295703783425,0.3,-0.00296,-0.094186,7.79115,0.666667,1.0,9.328995,-0.008414700000000015,0.11348381516498274,0.3
1769796269.869811,0.3523403333333333,-0.08578016666666666,7.794064335510303,0.3,-0.00296,-0.094186,7.79115,0.666667,1.0,9.328995,-0.008405950000000016,0.11529153881633157,0.3
1769796269.890033,0.35272966666666666,-0.08578915,7.791055075372721,0.3,-0.00296,-0.094186,7.79115,0.666667,1.0,9.328995,-0.008396850000000015,0.11672802094109373,0.3
1769796269.910621,0.35311933333333334,-0.08579813333333332,7.7853993276297695,0.3,-0.00296,-0.094186,7.79115,0.666667,1.0,9.328995,-0.008387750000000015,0.11787298756262128,0.3
1769796269.930788,0.3535086666666667,-0.08580700000000001,7.787383185781137,0.3,-0.00296,-0.094186,7.79115,0.666667,1.0,9.328995,-0.008379000000000015,0.11676049642769197,0.3
1769796269.951121,0.35389833333333337,-0.08581586666666667,7.797916222182296,0.3,-0.00296,-0.094186,7.79115,0.666667,1.0,9.328995,-0.008370250000000015,0.11536550142919295,0.3
1769796269.971663,0.3542876666666667,-0.08582485,7.793955497620764,0.3,-0.00296,-0.094186,7.79115,0.666667,1.0,9.328995,-0.008361150000000015,0.11460978169760616,0.3
1769796269.992048,0.35467733333333334,-0.08583394999999999,7.792106154170658,0.3,-0.00296,-0.094186,7.79115,0.666667,1.0,9.328995,-0.008352050000000015,0.11478259489766755,0.3
1769796270.012128,0.35506666666666664,-0.08584304999999999,7.797070442981928,0.3,-0.00296,-0.094186,7.79115,0.666667,1.0,9.328995,-0.008342950000000016,0.11573690996021373,0.3
1769796270.032558,0.3554563333333333,-0.08585203333333331,7.7884207072454865,0.3,-0.00296,-0.094186,7.79115,0.666667,1.0,9.328995,-0.008333850000000014,0.11759791953628733,0.3
1769796270.05261,0.35584599999999994,-0.0858609,7.7811287467142165,0.3,-0.00296,-0.094186,7.79115,0.666667,1.0,9.328995,-0.008325100000000016,0.12042608608174925,0.3
1769796270.072828,0.3562356666666667,-0.08586976666666664,7.780287643709157,0.3,-0.00296,-0.094186,7.79115,0.666667,1.0,9.328995,-0.008316350000000014,0.12139694235207944,0.3
1769796270.093072,0.356625,-0.08587863333333333,7.782781769623505,0.3,-0.00296,-0.094186,7.79115,0.666667,1.0,9.328995,-0.008307250000000016,0.1181863718701474,0.3
1769796270.113395,0.357014,-0.08588749999999999,7.800578369605809,0.3,-0.00296,-0.094186,7.79115,0.666667,1.0,9.328995,-0.008298500000000014,0.11749564892225894,0.3
1769796270.133715,0.35740299999999997,-0.08589625,7.784618181396487,0.3,-0.00296,-0.094186,7.79115,0.666667,1.0,9.328995,-0.008289750000000016,0.11746970217318305,0.3
1769796270.153852,0.3577923333333333,-0.085905,7.783121200117961,0.3,-0.00296,-0.094186,7.79115,0.666667,1.0,9.328995,-0.008281000000000014,0.12047025129448585,0.3
1769796270.174526,0.3581816666666667,-0.08591375,7.782758824877992,0.3,-0.00296,-0.094186,7.79115,0.666667,1.0,9.328995,-0.008272250000000016,0.11967038945022468,0.3
1769796270.194848,0.358571,-0.08592249999999997,7.789601102462054,0.3,-0.00296,-0.094186,7.79115,0.666667,1.0,9.328995,-0.008263500000000014,0.11998025004393699,0.3
1769796270.214722,0.35896,-0.08593136666666666,7.781445786555687,0.3,-0.00296,-0.094186,7.79115,0.666667,1.0,9.328995,-0.008254750000000016,0.12068163872369368,0.3
1769796270.23514,0.3593493333333333,-0.08594023333333332,7.778736692799452,0.3,-0.00296,-0.094186,7.79115,0.666667,1.0,9.328995,-0.008245650000000014,0.12139271680456959,0.3
1769796270.255559,0.35973866666666665,-0.0859491,7.785520833976799,0.3,-0.00296,-0.094186,7.79115,0.666667,1.0,9.328995,-0.008236900000000016,0.12019093439499129,0.3
1769796270.275895,0.36012833333333333,-0.08595796666666666,7.788842681013157,0.3,-0.00296,-0.094186,7.79115,0.666667,1.0,9.328995,-0.008228150000000014,0.11732133680006367,0.3
1769796270.296008,0.3605176666666667,-0.08596683333333333,7.796140478369018,0.3,-0.00296,-0.094186,7.79115,0.666667,1.0,9.328995,-0.008219050000000016,0.11510308315164419,0.3
1769796270.315798,0.3609069999999999,-0.08597569999999999,7.799016555867316,0.3,-0.00296,-0.094186,7.79115,0.666667,1.0,9.328995,-0.008210300000000014,0.11636321939149734,0.3
1769796270.33586,0.361296,-0.08598444999999999,7.781468063574038,0.3,-0.00296,-0.094186,7.79115,0.666667,1.0,9.328995,-0.008201550000000016,0.11648180029804595,0.3
1769796270.356197,0.36168466666666665,-0.08599296666666666,7.795612742929726,0.3,-0.00296,-0.094186,7.79115,0.666667,1.0,9.328995,-0.008192800000000014,0.11698230658309328,0.3
1769796270.376675,0.3620733333333333,-0.08600124999999999,7.7961923681570315,0.3,-0.00296,-0.094186,7.79115,0.666667,1.0,9.328995,-0.008184750000000015,0.11393285894292736,0.3
1769796270.39687,0.3624616666666666,-0.08600941666666666,7.7999386994150335,0.3,-0.00296,-0.094186,7.79115,0.666667,1.0,9.328995,-0.008176700000000016,0.11514720505422991,0.3
1769796270.416746,0.36285033333333333,-0.08601769999999999,7.788498166261911,0.3,-0.00296,-0.094186,7.79115,0.666667,1.0,9.328995,-0.008168300000000014,0.11514320220233099,0.3
1769796270.43686,0.36323900000000003,-0.0860261,7.796390335268425,0.3,-0.00296,-0.094186,7.79115,0.666667,1.0,9.328995,-0.008159900000000015,0.11497223851851579,0.3
1769796270.456956,0.363628,-0.0860345,7.801140881517925,0.3,-0.00296,-0.094186,7.79115,0.666667,1.0,9.328995,-0.008151500000000016,0.11262380712112063,0.3
1769796270.477426,0.36401666666666666,-0.08604301666666665,7.8027651546462815,0.3,-0.00296,-0.094186,7.79115,0.666667,1.0,9.328995,-0.008143100000000014,0.11203009809151432,0.3
1769796270.497769,0.3644053333333333,-0.08605165,7.800131439446063,0.3,-0.00296,-0.094186,7.79115,0.666667,1.0,9.328995,-0.008134350000000016,0.11185615604878905,0.3
1769796270.517834,0.364794,-0.08606028333333332,7.802365833774276,0.3,-0.00296,-0.094186,7.79115,0.666667,1.0,9.328995,-0.008125600000000014,0.1131438410980129,0.3
1769796270.537915,0.36518300000000004,-0.0860688,7.7952203443509385,0.3,-0.00296,-0.094186,7.79115,0.666667,1.0,9.328995,-0.008117200000000015,0.11424851729451128,0.3
1769796270.558445,0.36557199999999995,-0.08607731666666667,7.793682232267073,0.3,-0.00296,-0.094186,7.79115,0.666667,1.0,9.328995,-0.008108800000000015,0.11541056824734819,0.3
1769796270.578676,0.365961,-0.08608594999999998,7.795572378057255,0.3,-0.00296,-0.094186,7.79115,0.666667,1.0,9.328995,-0.008100050000000015,0.11519774097856766,0.3
1769796270.598781,0.36635,-0.08609458333333332,7.796678607963622,0.3,-0.00296,-0.094186,7.79115,0.666667,1.0,9.328995,-0.008091300000000017,0.11580434357544032,0.3
1769796270.619205,0.3667393333333333,-0.08610321666666665,7.790223916685837,0.3,-0.00296,-0.094186,7.79115,0.666667,1.0,9.328995,-0.008082900000000014,0.11685304856486096,0.3
1769796270.639509,0.36712866666666666,-0.08611184999999999,7.789461448120731,0.3,-0.00296,-0.094186,7.79115,0.666667,1.0,9.328995,-0.008074150000000016,0.11968295277285046,0.3
1769796270.659908,0.367518,-0.08612048333333333,7.779880482715685,0.3,-0.00296,-0.094186,7.79115,0.666667,1.0,9.328995,-0.008065400000000014,0.11824214693095353,0.3
1769796270.679938,0.367907,-0.08612911666666666,7.799050051737218,0.3,-0.00296,-0.094186,7.79115,0.666667,1.0,9.328995,-0.008057000000000016,0.11743999532019067,0.3
1769796270.700135,0.36829599999999996,-0.08613775,7.794455657785308,0.3,-0.00296,-0.094186,7.79115,0.666667,1.0,9.328995,-0.008048250000000015,0.11597267739735155,0.3
1769796270.720583,0.368685,-0.08614649999999997,7.788865690252719,0.3,-0.00296,-0.094186,7.79115,0.666667,1.0,9.328995,-0.008039500000000015,0.11747128873339169,0.3
1769796270.740817,0.36907399999999996,-0.08615525,7.7902421337209775,0.3,-0.00296,-0.094186,7.79115,0.666667,1.0,9.328995,-0.008030750000000015,0.11663591642845826,0.3
1769796270.76122,0.36946300000000004,-0.08616388333333332,7.799651641614909,0.3,-0.00296,-0.094186,7.79115,0.666667,1.0,9.328995,-0.008022000000000015,0.11425366990065038,0.3
1769796270.781329,0.36985166666666663,-0.0861724,7.803340469419567,0.3,-0.00296,-0.094186,7.79115,0.666667,1.0,9.328995,-0.008013600000000017,0.11628647818924842,0.3
1769796270.801561,0.37024033333333334,-0.08618079999999999,7.778224133989389,0.3,-0.00296,-0.094186,7.79115,0.666667,1.0,9.328995,-0.008005200000000014,0.11671080298487015,0.3
1769796270.821914,0.37062900000000004,-0.08618919999999998,7.797282092841178,0.3,-0.00296,-0.094186,7.79115,0.666667,1.0,9.328995,-0.007996800000000016,0.11898587243643276,0.3
1769796270.842147,0.3710176666666667,-0.08619759999999999,7.789866452710191,0.3,-0.00296,-0.094186,7.79115,0.666667,1.0,9.328995,-0.007988400000000014,0.11784919459432563,0.3
1769796270.862343,0.37140633333333334,-0.08620599999999999,7.785220601042032,0.3,-0.00296,-0.094186,7.79115,0.666667,1.0,9.328995,-0.007980000000000015,0.11847412864808711,0.3
1769796270.88262,0.37179499999999993,-0.08621439999999998,7.793708888518609,0.3,-0.00296,-0.094186,7.79115,0.666667,1.0,9.328995,-0.007971600000000016,0.1204326361229328,0.3
1769796270.902919,0.372184,-0.08622279999999999,7.778291807861117,0.3,-0.00296,-0.094186,7.79115,0.666667,1.0,9.328995,-0.007963200000000014,0.11876146714243803,0.3
1769796270.922746,0.372573,-0.0862312,7.7954240149250005,0.3,-0.00296,-0.094186,7.79115,0.666667,1.0,9.328995,-0.007954800000000015,0.11881597597128067,0.3
1769796270.943024,0.3728323333333334,-0.0862382,7.793558235545554,0.3,-0.00296,-0.094186,7.79115,0.666667,1.0,9.328995,-0.007946400000000017,0.11487566221146868,0.3
1769796270.943024,0.3730913333333333,-0.0862438,7.802080690419989,0.3,-0.00296,-0.094186,7.79115,0.666667,1.0,9.328995,-0.0079422,0.11612719069822201,0.3
1769796270.96338,0.37335,-0.08624939999999999,7.788032444004481,0.3,-0.00296,-0.094186,7.79115,0.666667,1.0,9.328995,-0.007938000000000014,0.11902078066690029,0.3
1769796270.983706,0.3737383333333333,-0.08625628333333331,7.776314295733484,0.3,-0.00296,-0.094186,7.79115,0.666667,1.0,9.328995,-0.007929600000000016,0.12051804751492168,0.3
1769796271.003825,0.37412666666666666,-0.08626444999999998,7.79324163933186,0.3,-0.00296,-0.094186,7.79115,0.666667,1.0,9.328995,-0.007921550000000015,0.12040655435631005,0.3
1769796271.023899,0.3745153333333333,-0.08627261666666668,7.78887290295615,0.3,-0.00296,-0.094186,7.79115,0.666667,1.0,9.328995,-0.007913500000000014,0.11581872905721109,0.3
1769796271.044452,0.3749036666666667,-0.0862809,7.804012747528078,0.3,-0.00296,-0.094186,7.79115,0.666667,1.0,9.328995,-0.007905100000000016,0.11740571713363739,0.3
1769796271.065305,0.37529233333333334,-0.0862893,7.783893660873303,0.3,-0.00296,-0.094186,7.79115,0.666667,1.0,9.328995,-0.007896700000000015,0.11871642849595354,0.3
1769796271.084851,0.375681,-0.08629769999999999,7.781185034782253,0.3,-0.00296,-0.094186,7.79115,0.666667,1.0,9.328995,-0.007888300000000015,0.11959691019587898,0.3
1769796271.105129,0.3760696666666667,-0.0863061,7.798906257328525,0.3,-0.00296,-0.094186,7.79115,0.666667,1.0,9.328995,-0.007879900000000016,0.1167950108202027,0.3
1769796271.125493,0.37645833333333334,-0.0863145,7.80088145712736,0.3,-0.00296,-0.094186,7.79115,0.666667,1.0,9.328995,-0.007871500000000016,0.1146228560703736,0.3
1769796271.145658,0.376847,-0.0863229,7.794394363281228,0.3,-0.00296,-0.094186,7.79115,0.666667,1.0,9.328995,-0.007863100000000015,0.11554037474542984,0.3
1769796271.165858,0.37723599999999996,-0.08633129999999999,7.793577545278188,0.3,-0.00296,-0.094186,7.79115,0.666667,1.0,9.328995,-0.007854700000000015,0.11672472242979559,0.3
1769796271.185836,0.3776246666666667,-0.08633969999999998,7.793951771021166,0.3,-0.00296,-0.094186,7.79115,0.666667,1.0,9.328995,-0.007846300000000014,0.11663684587282279,0.3
1769796271.206232,0.3780133333333333,-0.08634809999999998,7.795098022623065,0.3,-0.00296,-0.094186,7.79115,0.666667,1.0,9.328995,-0.007837900000000016,0.1158972781535897,0.3
1769796271.226677,0.37840200000000007,-0.08635649999999999,7.798191351593586,0.3,-0.00296,-0.094186,7.79115,0.666667,1.0,9.328995,-0.007829500000000014,0.11613882959127182,0.3
1769796271.246747,0.37879100000000004,-0.08636490000000001,7.792678862395073,0.3,-0.00296,-0.094186,7.79115,0.666667,1.0,9.328995,-0.007821100000000015,0.11587183825042774,0.3
1769796271.266788,0.3791796666666667,-0.08637329999999999,7.796876370668129,0.3,-0.00296,-0.094186,7.79115,0.666667,1.0,9.328995,-0.007812700000000016,0.1180523326085085,0.3
1769796271.286988,0.37956833333333334,-0.08638169999999999,7.785284785445102,0.3,-0.00296,-0.094186,7.79115,0.666667,1.0,9.328995,-0.007804300000000016,0.11858823647918566,0.3
1769796271.307334,0.37995699999999993,-0.08639009999999998,7.78963983917101,0.3,-0.00296,-0.094186,7.79115,0.666667,1.0,9.328995,-0.007795900000000015,0.12016895617235428,0.3
1769796271.327895,0.380346,-0.08639849999999999,7.7875684525091176,0.3,-0.00296,-0.094186,7.79115,0.666667,1.0,9.328995,-0.007787500000000015,0.12099963320824188,0.3
1769796271.347678,0.38073466666666667,-0.0864069,7.780477123229776,0.3,-0.00296,-0.094186,7.79115,0.666667,1.0,9.328995,-0.007779100000000015,0.12004561961486615,0.3
1769796271.367691,0.3811233333333333,-0.08641529999999999,7.795540320731265,0.3,-0.00296,-0.094186,7.79115,0.666667,1.0,9.328995,-0.007770700000000016,0.11962177074941023,0.3
1769796271.387813,0.381512,-0.08642369999999999,7.790287945701853,0.3,-0.00296,-0.094186,7.79115,0.666667,1.0,9.328995,-0.007762300000000015,0.11815005939249851,0.3
1769796271.408128,0.38190100000000005,-0.0864321,7.7894837913712465,0.3,-0.00296,-0.094186,7.79115,0.666667,1.0,9.328995,-0.007753900000000015,0.1188183244406875,0.3
1769796271.428715,0.38229,-0.08644049999999999,7.791707130442131,0.3,-0.00296,-0.094186,7.79115,0.666667,1.0,9.328995,-0.0077455000000000145,0.11738339309166206,0.3
1769796271.448816,0.3826786666666666,-0.08644889999999998,7.799073933796006,0.3,-0.00296,-0.094186,7.79115,0.666667,1.0,9.328995,-0.007737100000000014,0.11629490273544918,0.3
1769796271.469191,0.38306733333333326,-0.0864573,7.796191133508524,0.3,-0.00296,-0.094186,7.79115,0.666667,1.0,9.328995,-0.007728700000000015,0.11638499742060388,0.3
1769796271.48967,0.38345566666666664,-0.08646569999999999,7.7913429623312025,0.3,-0.00296,-0.094186,7.79115,0.666667,1.0,9.328995,-0.007720300000000015,0.11590318746253019,0.3
1769796271.509786,0.3838443333333334,-0.0864741,7.802141193544448,0.3,-0.00296,-0.094186,7.79115,0.666667,1.0,9.328995,-0.007711900000000015,0.11601743601568716,0.3
1769796271.530012,0.38423300000000005,-0.0864825,7.795682042189582,0.3,-0.00296,-0.094186,7.79115,0.666667,1.0,9.328995,-0.007703500000000015,0.11642875709216859,0.3
1769796271.550419,0.38462166666666664,-0.0864909,7.789051435872314,0.3,-0.00296,-0.094186,7.79115,0.666667,1.0,9.328995,-0.0076951000000000155,0.1203213693130426,0.3
1769796271.570735,0.3850103333333334,-0.08649929999999999,7.778961920219204,0.3,-0.00296,-0.094186,7.79115,0.666667,1.0,9.328995,-0.007686700000000015,0.12027082336971735,0.3
1769796271.590777,0.38539866666666667,-0.08650758333333332,7.796161717849533,0.3,-0.00296,-0.094186,7.79115,0.666667,1.0,9.328995,-0.0076783000000000155,0.11980649969158996,0.3
1769796271.611109,0.3857873333333333,-0.08651574999999999,7.792011327941078,0.3,-0.00296,-0.094186,7.79115,0.666667,1.0,9.328995,-0.007670250000000016,0.11449544256028281,0.3
1769796271.631604,0.3861753333333333,-0.0865238,7.810999763007047,0.3,-0.00296,-0.094186,7.79115,0.666667,1.0,9.328995,-0.007662200000000015,0.11481076315263801,0.3
1769796271.651602,0.3865633333333333,-0.08653173333333332,7.794438844295402,0.3,-0.00296,-0.094186,7.79115,0.666667,1.0,9.328995,-0.007654150000000015,0.11359448879184093,0.3
1769796271.671815,0.386951,-0.08653954999999998,7.799475574105861,0.3,-0.00296,-0.094186,7.79115,0.666667,1.0,9.328995,-0.007646450000000015,0.11590425403640636,0.3
1769796271.69186,0.38733899999999993,-0.08654725,7.797305321539654,0.3,-0.00296,-0.094186,7.79115,0.666667,1.0,9.328995,-0.007638750000000015,0.11661566987120832,0.3
1769796271.712459,0.387727,-0.08655506666666667,7.79033204928659,0.3,-0.00296,-0.094186,7.79115,0.666667,1.0,9.328995,-0.007631050000000014,0.11676178286079329,0.3
1769796271.733464,0.388115,-0.08656299999999999,7.798763046168351,0.3,-0.00296,-0.094186,7.79115,0.666667,1.0,9.328995,-0.007623000000000015,0.1173345507347996,0.3
1769796271.752948,0.38850300000000004,-0.08657093333333332,7.794035314295616,0.3,-0.00296,-0.094186,7.79115,0.666667,1.0,9.328995,-0.007614950000000015,0.1169063390454223,0.3
1769796271.773279,0.38889100000000004,-0.08657886666666666,7.793067919422854,0.3,-0.00296,-0.094186,7.79115,0.666667,1.0,9.328995,-0.007607250000000015,0.11773033808592169,0.3
1769796271.793581,0.389279,-0.0865868,7.793985651925355,0.3,-0.00296,-0.094186,7.79115,0.666667,1.0,9.328995,-0.007599200000000015,0.11661831917039,0.3
1769796271.813858,0.389667,-0.08659485,7.800874027788806,0.3,-0.00296,-0.094186,7.79115,0.666667,1.0,9.328995,-0.007591150000000015,0.1181104669745624,0.3
1769796271.833944,0.390055,-0.08660289999999998,7.78428408259782,0.3,-0.00296,-0.094186,7.79115,0.666667,1.0,9.328995,-0.0075831000000000145,0.12029503415936509,0.3
1769796271.854536,0.3904433333333333,-0.08661095,7.781047298816539,0.3,-0.00296,-0.094186,7.79115,0.666667,1.0,9.328995,-0.0075750500000000155,0.12230367912409396,0.3
1769796271.874976,0.3908316666666667,-0.086619,7.788991208000433,0.3,-0.00296,-0.094186,7.79115,0.666667,1.0,9.328995,-0.007567000000000015,0.12056888349806316,0.3
1769796271.895122,0.39121999999999996,-0.08662704999999998,7.794861906354004,0.3,-0.00296,-0.094186,7.79115,0.666667,1.0,9.328995,-0.007558950000000015,0.11853030743237576,0.3
1769796271.915405,0.39160833333333334,-0.08663521666666667,7.793447805210663,0.3,-0.00296,-0.094186,7.79115,0.666667,1.0,9.328995,-0.007550900000000015,0.11837817731120193,0.3
1769796271.935839,0.3919966666666667,-0.08664338333333332,7.790075488727476,0.3,-0.00296,-0.094186,7.79115,0.666667,1.0,9.328995,-0.007542500000000016,0.11624537769654512,0.3
1769796271.955742,0.392385,-0.08665154999999998,7.807830204041945,0.3,-0.00296,-0.094186,7.79115,0.666667,1.0,9.328995,-0.0075344500000000154,0.11575809267982891,0.3
1769796271.975832,0.39277333333333336,-0.08665959999999999,7.79654301531096,0.3,-0.00296,-0.094186,7.79115,0.666667,1.0,9.328995,-0.007526400000000015,0.11538460802986321,0.3
1769796271.996032,0.3931616666666667,-0.08666764999999998,7.79248544662727,0.3,-0.00296,-0.094186,7.79115,0.666667,1.0,9.328995,-0.007518350000000016,0.11982108445889239,0.3
1769796272.016401,0.39355,-0.08667581666666664,7.78138039546777,0.3,-0.00296,-0.094186,7.79115,0.666667,1.0,9.328995,-0.007510300000000015,0.1199905298145384,0.3
1769796272.036758,0.39393833333333333,-0.08668398333333333,7.795697843177084,0.3,-0.00296,-0.094186,7.79115,0.666667,1.0,9.328995,-0.0075019000000000145,0.12031538062254903,0.3
1769796272.056823,0.39432666666666666,-0.08669214999999998,7.790707841779207,0.3,-0.00296,-0.094186,7.79115,0.666667,1.0,9.328995,-0.007493850000000015,0.11956359784916239,0.3
1769796272.076853,0.394715,-0.08670019999999999,7.78606259210809,0.3,-0.00296,-0.094186,7.79115,0.666667,1.0,9.328995,-0.007485800000000015,0.1191241676974313,0.3
1769796272.09708,0.39510266666666666,-0.08670813333333333,7.798503474087471,0.3,-0.00296,-0.094186,7.79115,0.666667,1.0,9.328995,-0.007477750000000016,0.11796681754900779,0.3
1769796272.117335,0.39549033333333333,-0.08671594999999999,7.797818542669748,0.3,-0.00296,-0.094186,7.79115,0.666667,1.0,9.328995,-0.007470050000000015,0.11763107834845309,0.3
1769796272.13765,0.3958776666666666,-0.08672353333333331,7.788241177311418,0.3,-0.00296,-0.094186,7.79115,0.666667,1.0,9.328995,-0.007462350000000015,0.11805653896094286,0.3
1769796272.157736,0.3962653333333333,-0.08673099999999999,7.796109960412532,0.3,-0.00296,-0.094186,7.79115,0.666667,1.0,9.328995,-0.0074550000000000154,0.11997814162157118,0.3
1769796272.177884,0.3966526666666667,-0.08673846666666667,7.786445726705978,0.3,-0.00296,-0.094186,7.79115,0.666667,1.0,9.328995,-0.007447650000000015,0.12022540578326031,0.3
1769796272.198228,0.3970403333333333,-0.08674604999999998,7.786914392341283,0.3,-0.00296,-0.094186,7.79115,0.666667,1.0,9.328995,-0.007439950000000015,0.12078817716533918,0.3
1769796272.218755,0.39742799999999995,-0.08675375,7.792892582120059,0.3,-0.00296,-0.094186,7.79115,0.666667,1.0,9.328995,-0.007432250000000015,0.11831456691255078,0.3
1769796272.238832,0.3978156666666666,-0.08676144999999998,7.801449088222708,0.3,-0.00296,-0.094186,7.79115,0.666667,1.0,9.328995,-0.007424550000000014,0.11722901225822253,0.3
1769796272.258838,0.3982033333333333,-0.08676915,7.793589420267253,0.3,-0.00296,-0.094186,7.79115,0.666667,1.0,9.328995,-0.007416850000000015,0.11840183000468628,0.3
1769796272.279398,0.398591,-0.08677684999999997,7.7860173756412765,0.3,-0.00296,-0.094186,7.79115,0.666667,1.0,9.328995,-0.007409150000000015,0.11987885393944608,0.3
1769796272.299685,0.398979,-0.08678466666666666,7.792748644614149,0.3,-0.00296,-0.094186,7.79115,0.666667,1.0,9.328995,-0.007401450000000014,0.12038117351454629,0.3
1769796272.319759,0.399367,-0.0867926,7.790739652816652,0.3,-0.00296,-0.094186,7.79115,0.666667,1.0,9.328995,-0.007393400000000015,0.11869290658304717,0.3
1769796272.339855,0.399755,-0.08680053333333333,7.796313577230271,0.3,-0.00296,-0.094186,7.79115,0.666667,1.0,9.328995,-0.007385350000000015,0.11970901356013856,0.3
1769796272.359864,0.4001430000000001,-0.08680834999999999,7.786818602751601,0.3,-0.00296,-0.094186,7.79115,0.666667,1.0,9.328995,-0.007377650000000015,0.11859497305412481,0.3
1769796272.380235,0.400531,-0.08681616666666665,7.797588045852734,0.3,-0.00296,-0.094186,7.79115,0.666667,1.0,9.328995,-0.007369950000000015,0.12014696563296863,0.3
1769796272.401183,0.400919,-0.0868241,7.787165771757208,0.3,-0.00296,-0.094186,7.79115,0.666667,1.0,9.328995,-0.007361900000000015,0.11949941668612746,0.3
1769796272.420783,0.4013070000000001,-0.08683203333333334,7.790870496432648,0.3,-0.00296,-0.094186,7.79115,0.666667,1.0,9.328995,-0.007353850000000015,0.11993138505332855,0.3
1769796272.440845,0.4016946666666667,-0.08683985,7.795162835649528,0.3,-0.00296,-0.094186,7.79115,0.666667,1.0,9.328995,-0.007346150000000015,0.11958046517943131,0.3
1769796272.460876,0.4020823333333334,-0.08684755,7.789435441000592,0.3,-0.00296,-0.094186,7.79115,0.666667,1.0,9.328995,-0.0073384500000000154,0.11868300971013723,0.3
1769796272.481198,0.40246966666666667,-0.08685513333333332,7.796416929248412,0.3,-0.00296,-0.094186,7.79115,0.666667,1.0,9.328995,-0.007330750000000015,0.1194252223271663,0.3
1769796272.501658,0.40285733333333335,-0.08686259999999997,7.790868809947353,0.3,-0.00296,-0.094186,7.79115,0.666667,1.0,9.328995,-0.007323400000000015,0.12073265329595274,0.3
1769796272.521685,0.4032446666666667,-0.08687006666666665,7.781747655187873,0.3,-0.00296,-0.094186,7.79115,0.666667,1.0,9.328995,-0.007316050000000015,0.12285697751800619,0.3
1769796272.541863,0.40363233333333337,-0.08687764999999999,7.783827783916092,0.3,-0.00296,-0.094186,7.79115,0.666667,1.0,9.328995,-0.0073083500000000155,0.12375056038390779,0.3
1769796272.562466,0.40402,-0.08688534999999999,7.785666562751944,0.3,-0.00296,-0.094186,7.79115,0.666667,1.0,9.328995,-0.007300650000000014,0.12131652384719209,0.3
1769796272.582719,0.40440766666666667,-0.08689304999999999,7.796513574408167,0.3,-0.00296,-0.094186,7.79115,0.666667,1.0,9.328995,-0.007292950000000015,0.1175209628431114,0.3
1769796272.602876,0.40466599999999997,-0.08689946666666666,7.806762849940576,0.3,-0.00296,-0.094186,7.79115,0.666667,1.0,9.328995,-0.007285250000000016,0.11628982815059409,0.3
1769796272.602876,0.4049243333333334,-0.0869046,7.793188120907048,0.3,-0.00296,-0.094186,7.79115,0.666667,1.0,9.328995,-0.0072813999999999995,0.11453990530768136,0.3
1769796272.623374,0.40518300000000007,-0.08690973333333334,7.807120911465644,0.3,-0.00296,-0.094186,7.79115,0.666667,1.0,9.328995,-0.0072775500000000146,0.11488741795257017,0.3
1769796272.643659,0.40557100000000007,-0.08691615000000001,7.804785574071243,0.3,-0.00296,-0.094186,7.79115,0.666667,1.0,9.328995,-0.007269850000000015,0.1151240857179124,0.3
1769796272.663875,0.405959,-0.08692384999999998,7.791902864314994,0.3,-0.00296,-0.094186,7.79115,0.666667,1.0,9.328995,-0.007262150000000016,0.11720492519420793,0.3
1769796272.683899,0.4063466666666667,-0.08693155000000001,7.794797574607871,0.3,-0.00296,-0.094186,7.79115,0.666667,1.0,9.328995,-0.007254450000000015,0.11941233857560259,0.3
1769796272.704206,0.40673433333333336,-0.08693936666666664,7.791702793782875,0.3,-0.00296,-0.094186,7.79115,0.666667,1.0,9.328995,-0.007246750000000015,0.11898673662738553,0.3
1769796272.724619,0.407122,-0.08694729999999999,7.7946206260042965,0.3,-0.00296,-0.094186,7.79115,0.666667,1.0,9.328995,-0.0072387000000000154,0.11952394817800566,0.3
1769796272.74479,0.40751,-0.08695523333333333,7.79174090530415,0.3,-0.00296,-0.094186,7.79115,0.666667,1.0,9.328995,-0.0072306500000000155,0.11841496892967623,0.3
1769796272.765186,0.40789800000000004,-0.08696304999999999,7.798523269272851,0.3,-0.00296,-0.094186,7.79115,0.666667,1.0,9.328995,-0.007222950000000014,0.11939625734447755,0.3
1769796272.785548,0.4082856666666666,-0.08697074999999999,7.788897045515489,0.3,-0.00296,-0.094186,7.79115,0.666667,1.0,9.328995,-0.007215250000000015,0.12002732508129255,0.3
1769796272.805748,0.4086733333333334,-0.08697844999999998,7.78811619888326,0.3,-0.00296,-0.094186,7.79115,0.666667,1.0,9.328995,-0.007207550000000016,0.1209973412761095,0.3
1769796272.825774,0.40906100000000006,-0.08698614999999998,7.79286487210395,0.3,-0.00296,-0.094186,7.79115,0.666667,1.0,9.328995,-0.007199850000000015,0.11978730241385016,0.3
1769796272.846032,0.40944899999999995,-0.08699384999999998,7.796318978689045,0.3,-0.00296,-0.094186,7.79115,0.666667,1.0,9.328995,-0.007192150000000015,0.1208356921678413,0.3
1769796272.866467,0.409837,-0.08700154999999998,7.781987560359313,0.3,-0.00296,-0.094186,7.79115,0.666667,1.0,9.328995,-0.007184450000000016,0.12421780974589762,0.3
1769796272.886669,0.410225,-0.08700936666666666,7.772733866635612,0.3,-0.00296,-0.094186,7.79115,0.666667,1.0,9.328995,-0.007176750000000015,0.1239903018580849,0.3
1769796272.907191,0.4106126666666667,-0.0870173,7.797848176015921,0.3,-0.00296,-0.094186,7.79115,0.666667,1.0,9.328995,-0.007168700000000014,0.12317231323450628,0.3
1769796272.927311,0.41100033333333325,-0.08702523333333333,7.7870620921007845,0.3,-0.00296,-0.094186,7.79115,0.666667,1.0,9.328995,-0.007160650000000015,0.1193465299753587,0.3
1769796272.947989,0.41138800000000003,-0.08703304999999999,7.795855166190497,0.3,-0.00296,-0.094186,7.79115,0.666667,1.0,9.328995,-0.0071529500000000155,0.12168843566664833,0.3
1769796272.96798,0.411776,-0.08704074999999999,7.783960891868183,0.3,-0.00296,-0.094186,7.79115,0.666667,1.0,9.328995,-0.0071452500000000144,0.12088422981087077,0.3
1769796272.988108,0.412164,-0.08704844999999999,7.79204902723545,0.3,-0.00296,-0.094186,7.79115,0.666667,1.0,9.328995,-0.007137550000000015,0.12066058650853682,0.3
1769796273.008595,0.412552,-0.08705615,7.797358726004501,0.3,-0.00296,-0.094186,7.79115,0.666667,1.0,9.328995,-0.007129850000000016,0.11862653831564846,0.3
1769796273.028655,0.41293966666666665,-0.08706384999999998,7.7963268810255135,0.3,-0.00296,-0.094186,7.79115,0.666667,1.0,9.328995,-0.007122150000000015,0.11902506366658205,0.3
1769796273.048918,0.4133273333333333,-0.08707155,7.789819575129848,0.3,-0.00296,-0.094186,7.79115,0.666667,1.0,9.328995,-0.007114450000000015,0.11996452395387436,0.3
1769796273.069766,0.413715,-0.08707936666666666,7.791883664280747,0.3,-0.00296,-0.094186,7.79115,0.666667,1.0,9.328995,-0.007106750000000016,0.12210882256064608,0.3
1769796273.089314,0.41410300000000005,-0.08708729999999999,7.783625239384883,0.3,-0.00296,-0.094186,7.79115,0.666667,1.0,9.328995,-0.007098700000000015,0.12125266793877561,0.3
1769796273.10968,0.4144906666666666,-0.08709523333333331,7.795123102861071,0.3,-0.00296,-0.094186,7.79115,0.666667,1.0,9.328995,-0.007090650000000014,0.12008420775755702,0.3
1769796273.129758,0.414878,-0.08710293333333334,7.799061025368059,0.3,-0.00296,-0.094186,7.79115,0.666667,1.0,9.328995,-0.007082950000000015,0.11977424522503143,0.3
1769796273.150315,0.415265,-0.08711028333333332,7.785646714580037,0.3,-0.00296,-0.094186,7.79115,0.666667,1.0,9.328995,-0.007075600000000015,0.11935524553407095,0.3
1769796273.170734,0.41565199999999997,-0.0871174,7.797791451006834,0.3,-0.00296,-0.094186,7.79115,0.666667,1.0,9.328995,-0.007068600000000015,0.12121467142798471,0.3
1769796273.190832,0.416039,-0.08712451666666665,7.788053920004576,0.3,-0.00296,-0.094186,7.79115,0.666667,1.0,9.328995,-0.007061600000000015,0.11971926280663521,0.3
1769796273.210892,0.416426,-0.08713175,7.794768616308134,0.3,-0.00296,-0.094186,7.79115,0.666667,1.0,9.328995,-0.007054250000000015,0.11991292155104649,0.3
1769796273.231052,0.41681300000000004,-0.08713898333333332,7.796781398540366,0.3,-0.00296,-0.094186,7.79115,0.666667,1.0,9.328995,-0.007046900000000015,0.11911782920265751,0.3
1769796273.251245,0.41720033333333334,-0.08714621666666666,7.79297637409491,0.3,-0.00296,-0.094186,7.79115,0.666667,1.0,9.328995,-0.007039900000000016,0.11784941280755157,0.3
1769796273.271651,0.41758766666666663,-0.08715356666666667,7.802531014678769,0.3,-0.00296,-0.094186,7.79115,0.666667,1.0,9.328995,-0.007032550000000015,0.12003653660409706,0.3
1769796273.291664,0.417975,-0.08716103333333332,7.783813005761093,0.3,-0.00296,-0.094186,7.79115,0.666667,1.0,9.328995,-0.007024850000000015,0.12057641050509899,0.3
1769796273.311835,0.41836233333333334,-0.08716849999999998,7.789893930688899,0.3,-0.00296,-0.094186,7.79115,0.666667,1.0,9.328995,-0.007017500000000015,0.12136805283106693,0.3
1769796273.332014,0.41874966666666663,-0.08717584999999999,7.797937960722962,0.3,-0.00296,-0.094186,7.79115,0.666667,1.0,9.328995,-0.007010150000000015,0.11980305035741978,0.3
1769796273.352524,0.41913700000000004,-0.0871832,7.793357370602976,0.3,-0.00296,-0.094186,7.79115,0.666667,1.0,9.328995,-0.007002800000000016,0.1194513332557328,0.3
1769796273.373021,0.4195243333333334,-0.08719066666666665,7.79215858329902,0.3,-0.00296,-0.094186,7.79115,0.666667,1.0,9.328995,-0.006995450000000015,0.11858094328853212,0.3
1769796273.393211,0.4199116666666667,-0.08719824999999999,7.803317100526166,0.3,-0.00296,-0.094186,7.79115,0.666667,1.0,9.328995,-0.006987750000000015,0.11910637170447032,0.3
1769796273.413759,0.4202993333333333,-0.08720583333333333,7.790364050107347,0.3,-0.00296,-0.094186,7.79115,0.666667,1.0,9.328995,-0.006980050000000015,0.11885544419932025,0.3
1769796273.433795,0.42068666666666665,-0.0872133,7.793823398329921,0.3,-0.00296,-0.094186,7.79115,0.666667,1.0,9.328995,-0.006972700000000015,0.12047707712524118,0.3
1769796273.453921,0.42107433333333333,-0.08722076666666667,7.79374410297064,0.3,-0.00296,-0.094186,7.79115,0.666667,1.0,9.328995,-0.006965350000000015,0.11797176479836757,0.3
1769796273.47417,0.4214616666666666,-0.08722835,7.805552724068589,0.3,-0.00296,-0.094186,7.79115,0.666667,1.0,9.328995,-0.006957650000000015,0.11970057816392417,0.3
1769796273.494612,0.4218493333333333,-0.08723593333333333,7.783609768136581,0.3,-0.00296,-0.094186,7.79115,0.666667,1.0,9.328995,-0.0069499500000000155,0.11985299725204988,0.3
1769796273.514965,0.42223666666666665,-0.08724339999999998,7.792988838441886,0.3,-0.00296,-0.094186,7.79115,0.666667,1.0,9.328995,-0.006942600000000015,0.12303855936037929,0.3
1769796273.535002,0.4226243333333333,-0.08725086666666665,7.786596151418612,0.3,-0.00296,-0.094186,7.79115,0.666667,1.0,9.328995,-0.006935250000000014,0.12258438437013097,0.3
1769796273.555171,0.42301166666666673,-0.08725833333333333,7.786491618078071,0.3,-0.00296,-0.094186,7.79115,0.666667,1.0,9.328995,-0.006927550000000015,0.12081309562728292,0.3
1769796273.575593,0.42339866666666665,-0.08726568333333333,7.803773370898974,0.3,-0.00296,-0.094186,7.79115,0.666667,1.0,9.328995,-0.006920200000000015,0.11932195801711139,0.3
1769796273.595748,0.4237853333333333,-0.0872728,7.795697327079641,0.3,-0.00296,-0.094186,7.79115,0.666667,1.0,9.328995,-0.006913200000000015,0.12021543816548637,0.3
1769796273.615942,0.4241716666666666,-0.08727979999999998,7.781280187187821,0.3,-0.00296,-0.094186,7.79115,0.666667,1.0,9.328995,-0.006906200000000015,0.12321492190451944,0.3
1769796273.636202,0.4245583333333333,-0.0872868,7.785923468464776,0.3,-0.00296,-0.094186,7.79115,0.666667,1.0,9.328995,-0.006899200000000015,0.125448477265191,0.3
1769796273.656517,0.42494499999999996,-0.08729379999999999,7.782442994915612,0.3,-0.00296,-0.094186,7.79115,0.666667,1.0,9.328995,-0.006892200000000015,0.12487824909394833,0.3
1769796273.676709,0.42533200000000004,-0.0873008,7.784848556215278,0.3,-0.00296,-0.094186,7.79115,0.666667,1.0,9.328995,-0.006885200000000015,0.12309569917937552,0.3
1769796273.696736,0.42571899999999996,-0.08730779999999999,7.796765767952213,0.3,-0.00296,-0.094186,7.79115,0.666667,1.0,9.328995,-0.006878200000000015,0.12189145206037648,0.3
1769796273.716956,0.42610600000000004,-0.08731491666666664,7.789815477629606,0.3,-0.00296,-0.094186,7.79115,0.666667,1.0,9.328995,-0.006871200000000015,0.12103870748722417,0.3
1769796273.737993,0.426493,-0.08732214999999999,7.790114473654191,0.3,-0.00296,-0.094186,7.79115,0.666667,1.0,9.328995,-0.006863850000000015,0.12121806270772066,0.3
1769796273.757685,0.42688,-0.08732938333333333,7.795841536629234,0.3,-0.00296,-0.094186,7.79115,0.666667,1.0,9.328995,-0.006856500000000015,0.12220098727958989,0.3
1769796273.777799,0.427267,-0.0873365,7.784069830198391,0.3,-0.00296,-0.094186,7.79115,0.666667,1.0,9.328995,-0.006849500000000015,0.12164027027769231,0.3
1769796273.798188,0.427654,-0.08734361666666667,7.793628225665577,0.3,-0.00296,-0.094186,7.79115,0.666667,1.0,9.328995,-0.006842500000000015,0.12015689671820945,0.3
1769796273.818111,0.42804099999999995,-0.08735085,7.804891227986131,0.3,-0.00296,-0.094186,7.79115,0.666667,1.0,9.328995,-0.0068351500000000155,0.1209162764312854,0.3
1769796273.838296,0.428428,-0.0873582,7.779665451919935,0.3,-0.00296,-0.094186,7.79115,0.666667,1.0,9.328995,-0.006827800000000016,0.12159802636944855,0.3
1769796273.858664,0.428815,-0.08736555,7.789692076036598,0.3,-0.00296,-0.094186,7.79115,0.666667,1.0,9.328995,-0.006820450000000016,0.12356864601451896,0.3
1769796273.878973,0.4292019999999999,-0.08737278333333333,7.793221860115708,0.3,-0.00296,-0.094186,7.79115,0.666667,1.0,9.328995,-0.0068131000000000155,0.1220513686309368,0.3
1769796273.899233,0.429589,-0.08738001666666666,7.788921016221428,0.3,-0.00296,-0.094186,7.79115,0.666667,1.0,9.328995,-0.006806100000000015,0.12087689059245182,0.3
1769796273.919614,0.42997599999999997,-0.08738724999999999,7.796890844267508,0.3,-0.00296,-0.094186,7.79115,0.666667,1.0,9.328995,-0.006798750000000015,0.12282452589587012,0.3
1769796273.939821,0.4303633333333334,-0.08739459999999999,7.781687948295199,0.3,-0.00296,-0.094186,7.79115,0.666667,1.0,9.328995,-0.006791400000000015,0.11962103366379497,0.3
1769796273.959858,0.43075066666666667,-0.08740194999999999,7.808296319613879,0.3,-0.00296,-0.094186,7.79115,0.666667,1.0,9.328995,-0.006784050000000015,0.12061875229077164,0.3
1769796273.980169,0.43113799999999997,-0.08740918333333332,7.791058882505648,0.3,-0.00296,-0.094186,7.79115,0.666667,1.0,9.328995,-0.006776700000000016,0.11896242476230594,0.3
1769796274.000638,0.431525,-0.08741641666666666,7.791777813465993,0.3,-0.00296,-0.094186,7.79115,0.666667,1.0,9.328995,-0.006769700000000016,0.12172965937403984,0.3
1769796274.020757,0.431912,-0.08742365,7.791844811943475,0.3,-0.00296,-0.094186,7.79115,0.666667,1.0,9.328995,-0.006762350000000015,0.12079583212338436,0.3
1769796274.041028,0.432299,-0.087431,7.7968137460095805,0.3,-0.00296,-0.094186,7.79115,0.666667,1.0,9.328995,-0.006755000000000016,0.11987397067219553,0.3
1769796274.061013,0.43268599999999996,-0.08743835,7.797463332173126,0.3,-0.00296,-0.094186,7.79115,0.666667,1.0,9.328995,-0.006747650000000016,0.11919690400635068,0.3
1769796274.081557,0.433073,-0.08744558333333334,7.7960615619385445,0.3,-0.00296,-0.094186,7.79115,0.666667,1.0,9.328995,-0.006740300000000015,0.11983755164040666,0.3
1769796274.101927,0.43346,-0.0874527,7.793121760205245,0.3,-0.00296,-0.094186,7.79115,0.666667,1.0,9.328995,-0.006733300000000015,0.12039086927600341,0.3
1769796274.122158,0.43384666666666666,-0.08745969999999999,7.794292876359545,0.3,-0.00296,-0.094186,7.79115,0.666667,1.0,9.328995,-0.006726300000000015,0.12174149194884776,0.3
1769796274.142795,0.4342333333333333,-0.0874667,7.7881048259014785,0.3,-0.00296,-0.094186,7.79115,0.666667,1.0,9.328995,-0.006719300000000015,0.12154296605000532,0.3
1769796274.162706,0.43461999999999995,-0.08747369999999999,7.794459915598299,0.3,-0.00296,-0.094186,7.79115,0.666667,1.0,9.328995,-0.006712300000000016,0.12347496341657173,0.3
1769796274.183089,0.43487800000000004,-0.08747953333333332,7.782847892160147,0.3,-0.00296,-0.094186,7.79115,0.666667,1.0,9.328995,-0.006705300000000015,0.12318086289807062,0.3
1769796274.183089,0.43513599999999997,-0.0874842,7.789991929012485,0.3,-0.00296,-0.094186,7.79115,0.666667,1.0,9.328995,-0.006701799999999999,0.12438852831272916,0.3
1769796274.203235,0.435394,-0.08748886666666666,7.787311923110348,0.3,-0.00296,-0.094186,7.79115,0.666667,1.0,9.328995,-0.006698300000000015,0.12411358320804262,0.3
1769796274.223508,0.43578066666666665,-0.0874947,7.784595562788266,0.3,-0.00296,-0.094186,7.79115,0.666667,1.0,9.328995,-0.006691300000000015,0.12470741968718768,0.3
1769796274.243756,0.43616733333333335,-0.08750181666666666,7.786551410137615,0.3,-0.00296,-0.094186,7.79115,0.666667,1.0,9.328995,-0.006684300000000015,0.1230391866592113,0.3
1769796274.263835,0.43655400000000005,-0.08750904999999999,7.797470771278206,0.3,-0.00296,-0.094186,7.79115,0.666667,1.0,9.328995,-0.006676950000000015,0.12281057492082277,0.3
1769796274.284273,0.436941,-0.08751628333333332,7.786119133218597,0.3,-0.00296,-0.094186,7.79115,0.666667,1.0,9.328995,-0.006669600000000015,0.12086507033731016,0.3
1769796274.304874,0.437328,-0.08752339999999999,7.7983763376386905,0.3,-0.00296,-0.094186,7.79115,0.666667,1.0,9.328995,-0.006662600000000015,0.12459079728143757,0.3
1769796274.324885,0.437715,-0.08753051666666667,7.775265859613442,0.3,-0.00296,-0.094186,7.79115,0.666667,1.0,9.328995,-0.006655600000000015,0.12335225194440895,0.3
1769796274.344927,0.438102,-0.08753774999999998,7.793699855240769,0.3,-0.00296,-0.094186,7.79115,0.666667,1.0,9.328995,-0.006648250000000015,0.12451942273899887,0.3
1769796274.365403,0.43848899999999996,-0.08754498333333333,7.791525212871151,0.3,-0.00296,-0.094186,7.79115,0.666667,1.0,9.328995,-0.0066409000000000155,0.12150862524653498,0.3
1769796274.385751,0.438876,-0.08755209999999998,7.793482544568225,0.3,-0.00296,-0.094186,7.79115,0.666667,1.0,9.328995,-0.0066339000000000155,0.11977673908543923,0.3
1769796274.406803,0.439263,-0.08755921666666666,7.8042406222073435,0.3,-0.00296,-0.094186,7.79115,0.666667,1.0,9.328995,-0.006626900000000015,0.12017381846615167,0.3
1769796274.42611,0.43965000000000004,-0.08756644999999998,7.789292186586876,0.3,-0.00296,-0.094186,7.79115,0.666667,1.0,9.328995,-0.006619550000000016,0.12122260608408225,0.3
1769796274.446706,0.440037,-0.08757368333333332,7.787341718860642,0.3,-0.00296,-0.094186,7.79115,0.666667,1.0,9.328995,-0.006612200000000015,0.12159272759620243,0.3
1769796274.466923,0.440424,-0.0875808,7.802171793134622,0.3,-0.00296,-0.094186,7.79115,0.666667,1.0,9.328995,-0.006605200000000015,0.1240280872521769,0.3
1769796274.486727,0.440811,-0.08758791666666665,7.7748294786510295,0.3,-0.00296,-0.094186,7.79115,0.666667,1.0,9.328995,-0.006598200000000016,0.12440733184984369,0.3
1769796274.506982,0.441198,-0.08759515,7.785215701274641,0.3,-0.00296,-0.094186,7.79115,0.666667,1.0,9.328995,-0.006590850000000016,0.12522820108808072,0.3
1769796274.527501,0.44158499999999995,-0.08760238333333331,7.7973984777052,0.3,-0.00296,-0.094186,7.79115,0.666667,1.0,9.328995,-0.0065835000000000156,0.12251529417557246,0.3
1769796274.547847,0.441972,-0.08760949999999999,7.791258820126079,0.3,-0.00296,-0.094186,7.79115,0.666667,1.0,9.328995,-0.0065765000000000155,0.1202505777304837,0.3
1769796274.567948,0.442359,-0.08761661666666665,7.798953449945174,0.3,-0.00296,-0.094186,7.79115,0.666667,1.0,9.328995,-0.0065695000000000146,0.12181810633167707,0.3
1769796274.588289,0.44274600000000003,-0.08762384999999999,7.78814275609804,0.3,-0.00296,-0.094186,7.79115,0.666667,1.0,9.328995,-0.006562150000000015,0.12219216296143731,0.3
1769796274.608851,0.443133,-0.08763108333333332,7.789166380347518,0.3,-0.00296,-0.094186,7.79115,0.666667,1.0,9.328995,-0.006554800000000015,0.12492545633199272,0.3
1769796274.628752,0.44351999999999997,-0.0876382,7.782705589721841,0.3,-0.00296,-0.094186,7.79115,0.666667,1.0,9.328995,-0.006547800000000015,0.12600302378470682,0.3
1769796274.648736,0.443907,-0.08764531666666665,7.781826801381755,0.3,-0.00296,-0.094186,7.79115,0.666667,1.0,9.328995,-0.006540800000000015,0.12381765983707378,0.3
1769796274.668888,0.44429366666666664,-0.08765243333333332,7.802428014033316,0.3,-0.00296,-0.094186,7.79115,0.666667,1.0,9.328995,-0.006533450000000015,0.1218846667999058,0.3
1769796274.689492,0.44468,-0.08765943333333333,7.794452997944849,0.3,-0.00296,-0.094186,7.79115,0.666667,1.0,9.328995,-0.006526450000000015,0.12170618117330773,0.3
1769796274.709759,0.445066,-0.08766619999999999,7.783044715141344,0.3,-0.00296,-0.094186,7.79115,0.666667,1.0,9.328995,-0.006519800000000015,0.125744842679092,0.3
1769796274.729801,0.44545166666666663,-0.08767273333333332,7.77833814499861,0.3,-0.00296,-0.094186,7.79115,0.666667,1.0,9.328995,-0.006513150000000014,0.12573504884621511,0.3
1769796274.749977,0.44583733333333336,-0.08767914999999998,7.79464896094211,0.3,-0.00296,-0.094186,7.79115,0.666667,1.0,9.328995,-0.006506850000000015,0.12412948254830203,0.3
1769796274.770427,0.44622333333333336,-0.08768556666666666,7.792812862928822,0.3,-0.00296,-0.094186,7.79115,0.666667,1.0,9.328995,-0.0065005500000000155,0.12147412266259738,0.3
1769796274.790765,0.4466096666666666,-0.0876921,7.794405054312838,0.3,-0.00296,-0.094186,7.79115,0.666667,1.0,9.328995,-0.006493900000000016,0.12406932472388986,0.3
1769796274.810873,0.446996,-0.08769874999999999,7.779214948574356,0.3,-0.00296,-0.094186,7.79115,0.666667,1.0,9.328995,-0.006487250000000016,0.12312008091136879,0.3
1769796274.831177,0.447382,-0.08770539999999999,7.798647975803949,0.3,-0.00296,-0.094186,7.79115,0.666667,1.0,9.328995,-0.006480600000000015,0.12531167774670943,0.3
1769796274.851557,0.4477683333333333,-0.08771204999999999,7.781395123300794,0.3,-0.00296,-0.094186,7.79115,0.666667,1.0,9.328995,-0.006473950000000016,0.12426346968427487,0.3
1769796274.87187,0.4481546666666667,-0.08771869999999998,7.785643846948963,0.3,-0.00296,-0.094186,7.79115,0.666667,1.0,9.328995,-0.006467300000000014,0.1253752294031379,0.3
1769796274.891814,0.448541,-0.08772535,7.7921170674907705,0.3,-0.00296,-0.094186,7.79115,0.666667,1.0,9.328995,-0.006460650000000015,0.12343686314022184,0.3
1769796274.91225,0.4489273333333333,-0.08773211666666665,7.793164970878291,0.3,-0.00296,-0.094186,7.79115,0.666667,1.0,9.328995,-0.006454000000000015,0.12389297320322824,0.3
1769796274.932674,0.44931366666666667,-0.087739,7.783049286570924,0.3,-0.00296,-0.094186,7.79115,0.666667,1.0,9.328995,-0.006447000000000015,0.12379647911387785,0.3
1769796274.952876,0.4497003333333333,-0.08774588333333333,7.792840582026873,0.3,-0.00296,-0.094186,7.79115,0.666667,1.0,9.328995,-0.006440000000000015,0.1238680426081707,0.3
1769796274.973137,0.4500866666666667,-0.08775264999999999,7.792880139912533,0.3,-0.00296,-0.094186,7.79115,0.666667,1.0,9.328995,-0.006433350000000015,0.1214962456765153,0.3
1769796274.993191,0.45047333333333334,-0.08775941666666665,7.797422168160857,0.3,-0.00296,-0.094186,7.79115,0.666667,1.0,9.328995,-0.006426700000000015,0.12102362101221038,0.3
1769796275.013562,0.45085966666666666,-0.08776629999999998,7.7958184300127025,0.3,-0.00296,-0.094186,7.79115,0.666667,1.0,9.328995,-0.006419700000000016,0.12089983891025828,0.3
1769796275.033733,0.45124633333333336,-0.08777329999999998,7.793767382524246,0.3,-0.00296,-0.094186,7.79115,0.666667,1.0,9.328995,-0.006412700000000016,0.1207893044038325,0.3
1769796275.05401,0.4516326666666666,-0.08778018333333332,7.798232375199412,0.3,-0.00296,-0.094186,7.79115,0.666667,1.0,9.328995,-0.006405700000000015,0.11985947274643576,0.3
1769796275.074528,0.45201933333333333,-0.08778694999999999,7.801541969957083,0.3,-0.00296,-0.094186,7.79115,0.666667,1.0,9.328995,-0.0063990500000000155,0.11962511401068594,0.3
1769796275.094524,0.45240600000000003,-0.08779371666666665,7.795315634938745,0.3,-0.00296,-0.094186,7.79115,0.666667,1.0,9.328995,-0.006392400000000015,0.12068882458369368,0.3
1769796275.114669,0.4527926666666667,-0.08780059999999999,7.791992211761365,0.3,-0.00296,-0.094186,7.79115,0.666667,1.0,9.328995,-0.006385400000000015,0.12155477079364536,0.3
1769796275.135067,0.4531793333333333,-0.08780759999999999,7.796490842697373,0.3,-0.00296,-0.094186,7.79115,0.666667,1.0,9.328995,-0.006378400000000015,0.12223731724554344,0.3
1769796275.155192,0.4535656666666667,-0.08781459999999998,7.791367356227356,0.3,-0.00296,-0.094186,7.79115,0.666667,1.0,9.328995,-0.006371400000000015,0.12393571313935055,0.3
1769796275.175623,0.45395233333333335,-0.08782148333333333,7.781948836398523,0.3,-0.00296,-0.094186,7.79115,0.666667,1.0,9.328995,-0.006364400000000015,0.12463978831876403,0.3
1769796275.195806,0.45433866666666667,-0.08782825,7.792410941620892,0.3,-0.00296,-0.094186,7.79115,0.666667,1.0,9.328995,-0.006357750000000014,0.12683667365171145,0.3
1769796275.216039,0.45472533333333337,-0.08783501666666665,7.778328144229672,0.3,-0.00296,-0.094186,7.79115,0.666667,1.0,9.328995,-0.006351100000000015,0.12534697981202386,0.3
1769796275.236469,0.45511166666666664,-0.08784189999999999,7.791029099436648,0.3,-0.00296,-0.094186,7.79115,0.666667,1.0,9.328995,-0.006344100000000016,0.125523972765207,0.3
1769796275.256962,0.45549833333333334,-0.0878489,7.791493533901793,0.3,-0.00296,-0.094186,7.79115,0.666667,1.0,9.328995,-0.006337100000000016,0.12233841582472293,0.3
1769796275.277078,0.45588500000000004,-0.08785589999999999,7.797588485872576,0.3,-0.00296,-0.094186,7.79115,0.666667,1.0,9.328995,-0.006330100000000016,0.12331733275625724,0.3
1769796275.297261,0.4562716666666667,-0.08786278333333332,7.785302597847442,0.3,-0.00296,-0.094186,7.79115,0.666667,1.0,9.328995,-0.006323100000000015,0.12176550661460935,0.3
1769796275.317703,0.45665833333333333,-0.08786955,7.80094904075168,0.3,-0.00296,-0.094186,7.79115,0.666667,1.0,9.328995,-0.006316450000000015,0.1212812278127179,0.3
1769796275.337634,0.4570446666666666,-0.08787631666666666,7.800636258683925,0.3,-0.00296,-0.094186,7.79115,0.666667,1.0,9.328995,-0.006309800000000015,0.11945358979663219,0.3
1769796275.357786,0.457431,-0.0878832,7.796410525943957,0.3,-0.00296,-0.094186,7.79115,0.666667,1.0,9.328995,-0.006302800000000015,0.122145055257468,0.3
1769796275.3779,0.457817,-0.08789008333333333,7.7849447979866655,0.3,-0.00296,-0.094186,7.79115,0.666667,1.0,9.328995,-0.0062958000000000154,0.12319794487929626,0.3
1769796275.398444,0.45820299999999997,-0.08789673333333332,7.794463470952955,0.3,-0.00296,-0.094186,7.79115,0.666667,1.0,9.328995,-0.006289150000000016,0.12302987145475218,0.3
1769796275.419099,0.4585886666666667,-0.08790303333333332,7.797558616491221,0.3,-0.00296,-0.094186,7.79115,0.666667,1.0,9.328995,-0.006282850000000015,0.1227170015101919,0.3
1769796275.438925,0.4589743333333334,-0.08790921666666666,7.786954317654027,0.3,-0.00296,-0.094186,7.79115,0.666667,1.0,9.328995,-0.006276900000000016,0.12584752763627727,0.3
1769796275.459211,0.45936,-0.08791551666666665,7.775810164196443,0.3,-0.00296,-0.094186,7.79115,0.666667,1.0,9.328995,-0.006270600000000015,0.1273148907807231,0.3
1769796275.479671,0.459746,-0.08792193333333331,7.788886737624546,0.3,-0.00296,-0.094186,7.79115,0.666667,1.0,9.328995,-0.0062639500000000155,0.12896421475388906,0.3
1769796275.499874,0.460132,-0.08792834999999999,7.777193123815032,0.3,-0.00296,-0.094186,7.79115,0.666667,1.0,9.328995,-0.006257650000000016,0.12757861061284062,0.3
1769796275.520242,0.460518,-0.08793464999999999,7.7842585390427335,0.3,-0.00296,-0.094186,7.79115,0.666667,1.0,9.328995,-0.006251350000000015,0.12573959539556118,0.3
1769796275.540526,0.460904,-0.08794106666666666,7.800053128928223,0.3,-0.00296,-0.094186,7.79115,0.666667,1.0,9.328995,-0.006245050000000015,0.12469349070543845,0.3
1769796275.560689,0.46129,-0.08794759999999997,7.783604501955768,0.3,-0.00296,-0.094186,7.79115,0.666667,1.0,9.328995,-0.0062384000000000155,0.12160137729721891,0.3
1769796275.580798,0.461676,-0.08795413333333334,7.802948419492051,0.3,-0.00296,-0.094186,7.79115,0.666667,1.0,9.328995,-0.006231750000000015,0.12047446448688233,0.3
1769796275.600905,0.462062,-0.08796066666666665,7.806951805790242,0.3,-0.00296,-0.094186,7.79115,0.666667,1.0,9.328995,-0.006225450000000014,0.11987532278554813,0.3
1769796275.621413,0.462448,-0.08796720000000001,7.787336552163773,0.3,-0.00296,-0.094186,7.79115,0.666667,1.0,9.328995,-0.006218800000000015,0.12108648807362578,0.3
1769796275.641822,0.462834,-0.08797384999999998,7.795818627763585,0.3,-0.00296,-0.094186,7.79115,0.666667,1.0,9.328995,-0.006212150000000015,0.12484651600629824,0.3
1769796275.661905,0.46322033333333335,-0.0879805,7.7845312881942075,0.3,-0.00296,-0.094186,7.79115,0.666667,1.0,9.328995,-0.006205500000000015,0.12311653677547958,0.3
1769796275.682413,0.46360666666666667,-0.08798714999999997,7.797856077548685,0.3,-0.00296,-0.094186,7.79115,0.666667,1.0,9.328995,-0.006198850000000014,0.12451521406130815,0.3
1769796275.702914,0.46399300000000004,-0.0879938,7.7875662140486135,0.3,-0.00296,-0.094186,7.79115,0.666667,1.0,9.328995,-0.006192200000000015,0.1240430570720073,0.3
1769796275.722882,0.46425033333333326,-0.08799928333333333,7.7875038801300125,0.3,-0.00296,-0.094186,7.79115,0.666667,1.0,9.328995,-0.006185550000000015,0.12438001920980434,0.3
1769796275.722882,0.4645076666666667,-0.08800371666666666,7.795949454721903,0.3,-0.00296,-0.094186,7.79115,0.666667,1.0,9.328995,-0.006182399999999999,0.122289787442027,0.3
1769796275.743646,0.46476499999999993,-0.08800815,7.8002007046552775,0.3,-0.00296,-0.094186,7.79115,0.666667,1.0,9.328995,-0.006178900000000015,0.12156044183217955,0.3
1769796275.763603,0.4651513333333333,-0.08801374999999999,7.791973053789097,0.3,-0.00296,-0.094186,7.79115,0.666667,1.0,9.328995,-0.0061722500000000145,0.12113911633886916,0.3
1769796275.783788,0.4655376666666666,-0.08802039999999998,7.798595007681765,0.3,-0.00296,-0.094186,7.79115,0.666667,1.0,9.328995,-0.006165600000000015,0.12318488331616693,0.3
1769796275.804086,0.465924,-0.08802705,7.788065752791491,0.3,-0.00296,-0.094186,7.79115,0.666667,1.0,9.328995,-0.0061589500000000155,0.12223407677578407,0.3
1769796275.824252,0.46631,-0.08803369999999999,7.797817543031394,0.3,-0.00296,-0.094186,7.79115,0.666667,1.0,9.328995,-0.006152300000000015,0.12484150744109641,0.3
1769796275.844421,0.466696,-0.08804023333333333,7.783090073689891,0.3,-0.00296,-0.094186,7.79115,0.666667,1.0,9.328995,-0.006145650000000015,0.1240001258341737,0.3
1769796275.864619,0.4670823333333334,-0.08804676666666665,7.793251242433027,0.3,-0.00296,-0.094186,7.79115,0.666667,1.0,9.328995,-0.006139350000000016,0.12654264900282805,0.3
1769796275.884892,0.4674686666666667,-0.08805329999999999,7.782699604019468,0.3,-0.00296,-0.094186,7.79115,0.666667,1.0,9.328995,-0.006132700000000015,0.12699553134190167,0.3
1769796275.905218,0.4678550000000001,-0.08805995,7.7805099796554495,0.3,-0.00296,-0.094186,7.79115,0.666667,1.0,9.328995,-0.006126050000000015,0.12966886125875351,0.3
1769796275.925554,0.46824099999999996,-0.0880666,7.777350912931916,0.3,-0.00296,-0.094186,7.79115,0.666667,1.0,9.328995,-0.006119400000000015,0.13022766963987517,0.3
1769796275.945692,0.46862733333333334,-0.08807324999999999,7.779486403732738,0.3,-0.00296,-0.094186,7.79115,0.666667,1.0,9.328995,-0.006112750000000016,0.12878398167038685,0.3
1769796275.965674,0.46901366666666666,-0.08807989999999999,7.78931175747238,0.3,-0.00296,-0.094186,7.79115,0.666667,1.0,9.328995,-0.006106100000000015,0.12642220243667077,0.3
1769796275.98612,0.4694,-0.08808654999999999,7.791661238334212,0.3,-0.00296,-0.094186,7.79115,0.666667,1.0,9.328995,-0.006099450000000015,0.12452108975009657,0.3
1769796276.006608,0.469786,-0.08809319999999998,7.7910327298521835,0.3,-0.00296,-0.094186,7.79115,0.666667,1.0,9.328995,-0.006092800000000015,0.12249276950246012,0.3
1769796276.026744,0.470172,-0.08809984999999998,7.801621328958198,0.3,-0.00296,-0.094186,7.79115,0.666667,1.0,9.328995,-0.006086150000000016,0.1212881358441147,0.3
1769796276.047226,0.47055833333333336,-0.08810649999999999,7.799028690284285,0.3,-0.00296,-0.094186,7.79115,0.666667,1.0,9.328995,-0.0060795000000000154,0.11976354184156024,0.3
1769796276.067614,0.4709446666666666,-0.08811314999999999,7.80031994386751,0.3,-0.00296,-0.094186,7.79115,0.666667,1.0,9.328995,-0.006072850000000015,0.12147781173862153,0.3
1769796276.088018,0.471331,-0.08811979999999998,7.791475359575831,0.3,-0.00296,-0.094186,7.79115,0.666667,1.0,9.328995,-0.0060662000000000155,0.12180603692697532,0.3
1769796276.10855,0.471717,-0.08812645000000001,7.797198989154162,0.3,-0.00296,-0.094186,7.79115,0.666667,1.0,9.328995,-0.006059550000000016,0.12310259427840779,0.3
1769796276.128763,0.472103,-0.0881331,7.792680249758916,0.3,-0.00296,-0.094186,7.79115,0.666667,1.0,9.328995,-0.0060529000000000156,0.12284073546827352,0.3
1769796276.148894,0.4724893333333333,-0.08813975,7.793186162436636,0.3,-0.00296,-0.094186,7.79115,0.666667,1.0,9.328995,-0.006046250000000015,0.12310409049580608,0.3
1769796276.168961,0.4728756666666667,-0.0881464,7.795758508988967,0.3,-0.00296,-0.094186,7.79115,0.666667,1.0,9.328995,-0.006039600000000016,0.12246294827497471,0.3
1769796276.189273,0.47326200000000007,-0.08815305,7.796666753083904,0.3,-0.00296,-0.094186,7.79115,0.666667,1.0,9.328995,-0.006032950000000016,0.12312114715712781,0.3
1769796276.210136,0.473648,-0.0881597,7.7893766191437175,0.3,-0.00296,-0.094186,7.79115,0.666667,1.0,9.328995,-0.006026300000000016,0.12210778915599803,0.3
1769796276.229975,0.4740336666666667,-0.08816623333333333,7.801978306995745,0.3,-0.00296,-0.094186,7.79115,0.666667,1.0,9.328995,-0.006019650000000015,0.1219533706897748,0.3
1769796276.250164,0.4744193333333333,-0.08817253333333332,7.797730463881243,0.3,-0.00296,-0.094186,7.79115,0.666667,1.0,9.328995,-0.006013350000000015,0.11940021867138072,0.3
1769796276.270807,0.4748046666666666,-0.0881786,7.804827831254082,0.3,-0.00296,-0.094186,7.79115,0.666667,1.0,9.328995,-0.006007400000000015,0.12261592306326442,0.3
1769796276.290773,0.4751903333333333,-0.08818466666666665,7.782811480644443,0.3,-0.00296,-0.094186,7.79115,0.666667,1.0,9.328995,-0.006001450000000016,0.12246831630004122,0.3
1769796276.311059,0.475576,-0.08819084999999999,7.798743504460583,0.3,-0.00296,-0.094186,7.79115,0.666667,1.0,9.328995,-0.005995150000000015,0.12196211740036784,0.3
1769796276.331259,0.47596166666666667,-0.08819714999999999,7.807994874652122,0.3,-0.00296,-0.094186,7.79115,0.666667,1.0,9.328995,-0.005988850000000015,0.11915982782826118,0.3
1769796276.351573,0.4763473333333334,-0.08820345,7.799757518077083,0.3,-0.00296,-0.094186,7.79115,0.666667,1.0,9.328995,-0.005982550000000015,0.12204881908100584,0.3
1769796276.371855,0.476733,-0.08820974999999999,7.781541856944115,0.3,-0.00296,-0.094186,7.79115,0.666667,1.0,9.328995,-0.005976250000000015,0.12467232149075314,0.3
1769796276.391948,0.477119,-0.08821616666666665,7.792386160193638,0.3,-0.00296,-0.094186,7.79115,0.666667,1.0,9.328995,-0.0059699500000000155,0.1268086856079131,0.3
1769796276.412966,0.477505,-0.08822269999999999,7.787074083374123,0.3,-0.00296,-0.094186,7.79115,0.666667,1.0,9.328995,-0.005963300000000015,0.12539233523358115,0.3
1769796276.432699,0.477891,-0.08822923333333332,7.790177159190106,0.3,-0.00296,-0.094186,7.79115,0.666667,1.0,9.328995,-0.005956650000000016,0.12478098737342756,0.3
1769796276.452878,0.47827666666666663,-0.08823565,7.79619144735456,0.3,-0.00296,-0.094186,7.79115,0.666667,1.0,9.328995,-0.005950350000000016,0.12455773399240612,0.3
1769796276.472973,0.4786623333333333,-0.08824195,7.788548353660252,0.3,-0.00296,-0.094186,7.79115,0.666667,1.0,9.328995,-0.005944050000000015,0.12170049557091091,0.3
1769796276.493311,0.479048,-0.08824824999999999,7.807452889719078,0.3,-0.00296,-0.094186,7.79115,0.666667,1.0,9.328995,-0.005937750000000015,0.12387952597195702,0.3
1769796276.513781,0.47943399999999997,-0.08825466666666665,7.783249564948283,0.3,-0.00296,-0.094186,7.79115,0.666667,1.0,9.328995,-0.005931450000000015,0.12492621729395943,0.3
1769796276.533753,0.4798200000000001,-0.0882612,7.782402955728237,0.3,-0.00296,-0.094186,7.79115,0.666667,1.0,9.328995,-0.005924800000000015,0.12830479048854995,0.3
1769796276.55412,0.48020599999999997,-0.08826773333333333,7.787318650551534,0.3,-0.00296,-0.094186,7.79115,0.666667,1.0,9.328995,-0.005918150000000014,0.12828170836399985,0.3
1769796276.574023,0.4805916666666667,-0.08827415,7.783525257695584,0.3,-0.00296,-0.094186,7.79115,0.666667,1.0,9.328995,-0.005911850000000015,0.1263419399251192,0.3
1769796276.594512,0.4809773333333333,-0.08828033333333334,7.794176316361521,0.3,-0.00296,-0.094186,7.79115,0.666667,1.0,9.328995,-0.0059055500000000155,0.12585548572829916,0.3
1769796276.614902,0.48136266666666666,-0.08828639999999999,7.790367225732455,0.3,-0.00296,-0.094186,7.79115,0.666667,1.0,9.328995,-0.005899600000000015,0.12590923417535263,0.3
1769796276.634859,0.4817483333333334,-0.08829246666666664,7.783330167013263,0.3,-0.00296,-0.094186,7.79115,0.666667,1.0,9.328995,-0.005893650000000015,0.1259241581272242,0.3
1769796276.655572,0.4821336666666667,-0.08829864999999999,7.794214172650292,0.3,-0.00296,-0.094186,7.79115,0.666667,1.0,9.328995,-0.005887350000000015,0.1270203151063802,0.3
1769796276.675705,0.4825193333333333,-0.08830495,7.783920133857519,0.3,-0.00296,-0.094186,7.79115,0.666667,1.0,9.328995,-0.005881050000000015,0.12676463493518533,0.3
1769796276.695799,0.482905,-0.08831125,7.784996548040432,0.3,-0.00296,-0.094186,7.79115,0.666667,1.0,9.328995,-0.005874750000000015,0.12651944446883048,0.3
1769796276.715993,0.4832906666666667,-0.08831755000000001,7.795817615448421,0.3,-0.00296,-0.094186,7.79115,0.666667,1.0,9.328995,-0.005868450000000015,0.12701690604307841,0.3
1769796276.736215,0.4836763333333334,-0.08832384999999998,7.781067664412031,0.3,-0.00296,-0.094186,7.79115,0.666667,1.0,9.328995,-0.005862150000000016,0.12650079523848168,0.3
1769796276.756524,0.484062,-0.08833015,7.788225512868013,0.3,-0.00296,-0.094186,7.79115,0.666667,1.0,9.328995,-0.005855850000000016,0.12855822447300333,0.3
1769796276.776688,0.4844476666666666,-0.08833645,7.783605340041291,0.3,-0.00296,-0.094186,7.79115,0.666667,1.0,9.328995,-0.005849550000000016,0.1257876494255748,0.3
1769796276.796779,0.4848333333333333,-0.08834274999999998,7.797823414696603,0.3,-0.00296,-0.094186,7.79115,0.666667,1.0,9.328995,-0.005843250000000015,0.1269792454114914,0.3
1769796276.817518,0.485219,-0.08834893333333332,7.781208236952513,0.3,-0.00296,-0.094186,7.79115,0.666667,1.0,9.328995,-0.005836950000000014,0.12550380924411966,0.3
1769796276.838079,0.4856046666666667,-0.088355,7.792587807045521,0.3,-0.00296,-0.094186,7.79115,0.666667,1.0,9.328995,-0.005831000000000015,0.12603826276899374,0.3
1769796276.858359,0.48599,-0.08836106666666665,7.794744093547358,0.3,-0.00296,-0.094186,7.79115,0.666667,1.0,9.328995,-0.005825050000000016,0.12284355038247224,0.3
1769796276.878809,0.4863753333333333,-0.08836713333333333,7.800503911271642,0.3,-0.00296,-0.094186,7.79115,0.666667,1.0,9.328995,-0.005818750000000015,0.12312880379437391,0.3
1769796276.898737,0.4867606666666667,-0.08837319999999999,7.791003686574111,0.3,-0.00296,-0.094186,7.79115,0.666667,1.0,9.328995,-0.0058128000000000155,0.12410380043679087,0.3
1769796276.918807,0.487146,-0.08837926666666666,7.789021513692856,0.3,-0.00296,-0.094186,7.79115,0.666667,1.0,9.328995,-0.005806850000000015,0.12709468789950634,0.3
1769796276.938946,0.48753133333333337,-0.08838533333333332,7.782685986495349,0.3,-0.00296,-0.094186,7.79115,0.666667,1.0,9.328995,-0.005800550000000015,0.1268428405222535,0.3
1769796276.959622,0.4879166666666667,-0.0883914,7.792642170837628,0.3,-0.00296,-0.094186,7.79115,0.666667,1.0,9.328995,-0.005794600000000015,0.1259762381701416,0.3
1769796276.979816,0.4883023333333334,-0.08839746666666666,7.794348527805528,0.3,-0.00296,-0.094186,7.79115,0.666667,1.0,9.328995,-0.005788650000000015,0.1215701842667599,0.3
1769796276.999785,0.4886876666666667,-0.08840364999999999,7.8092497099156395,0.3,-0.00296,-0.094186,7.79115,0.666667,1.0,9.328995,-0.005782350000000015,0.12299784520578488,0.3
1769796277.020173,0.4890733333333333,-0.08840994999999997,7.784206055203478,0.3,-0.00296,-0.094186,7.79115,0.666667,1.0,9.328995,-0.005776050000000015,0.1245111937847368,0.3
1769796277.04075,0.48945866666666665,-0.08841613333333331,7.785400736331816,0.3,-0.00296,-0.094186,7.79115,0.666667,1.0,9.328995,-0.005769750000000016,0.12546981124251608,0.3
1769796277.060825,0.4898443333333333,-0.08842219999999999,7.803627855168964,0.3,-0.00296,-0.094186,7.79115,0.666667,1.0,9.328995,-0.005763800000000015,0.12452079496580672,0.3
1769796277.081462,0.49023,-0.08842826666666666,7.790027552863735,0.3,-0.00296,-0.094186,7.79115,0.666667,1.0,9.328995,-0.005757850000000015,0.12340840242176541,0.3
1769796277.101324,0.4906156666666667,-0.08843445,7.792202491596064,0.3,-0.00296,-0.094186,7.79115,0.666667,1.0,9.328995,-0.005751550000000015,0.12619332011076165,0.3
1769796277.121971,0.491001,-0.08844063333333334,7.787048199034986,0.3,-0.00296,-0.094186,7.79115,0.666667,1.0,9.328995,-0.005745250000000016,0.1258205018109261,0.3
1769796277.141777,0.49138600000000004,-0.08844669999999999,7.792394312662748,0.3,-0.00296,-0.094186,7.79115,0.666667,1.0,9.328995,-0.005739300000000015,0.12517015391941938,0.3
1769796277.161981,0.491771,-0.08845264999999998,7.796231978945104,0.3,-0.00296,-0.094186,7.79115,0.666667,1.0,9.328995,-0.0057333500000000155,0.1242582971596719,0.3
1769796277.182495,0.49215633333333325,-0.08845859999999998,7.792644289593471,0.3,-0.00296,-0.094186,7.79115,0.666667,1.0,9.328995,-0.005727400000000015,0.12540438207883903,0.3
1769796277.202674,0.49254166666666666,-0.08846454999999999,7.785642753147745,0.3,-0.00296,-0.094186,7.79115,0.666667,1.0,9.328995,-0.005721450000000015,0.12473984856993413,0.3
1769796277.222957,0.49292699999999995,-0.0884705,7.800344129998534,0.3,-0.00296,-0.094186,7.79115,0.666667,1.0,9.328995,-0.005715500000000015,0.12482309126981289,0.3
1769796277.242876,0.49318366666666663,-0.08847551666666666,7.7922697833941985,0.3,-0.00296,-0.094186,7.79115,0.666667,1.0,9.328995,-0.005709550000000015,0.12480134132212305,0.3
1769796277.242876,0.4934403333333333,-0.08847948333333333,7.785878602833884,0.3,-0.00296,-0.094186,7.79115,0.666667,1.0,9.328995,-0.0057063999999999995,0.12684668748228003,0.3
1769796277.263324,0.49369733333333327,-0.08848345,7.788155353037592,0.3,-0.00296,-0.094186,7.79115,0.666667,1.0,9.328995,-0.005703600000000015,0.12755617248514758,0.3
1769796277.283858,0.49408266666666667,-0.08848846666666665,7.788096173376993,0.3,-0.00296,-0.094186,7.79115,0.666667,1.0,9.328995,-0.005697650000000016,0.12592475729654878,0.3
1769796277.303633,0.4944683333333333,-0.0884945333333333,7.795772443965477,0.3,-0.00296,-0.094186,7.79115,0.666667,1.0,9.328995,-0.005691350000000015,0.123790782111888,0.3
1769796277.323867,0.4948536666666667,-0.08850059999999998,7.801086604145556,0.3,-0.00296,-0.094186,7.79115,0.666667,1.0,9.328995,-0.005685400000000015,0.12151193920652142,0.3
1769796277.34438,0.495239,-0.08850666666666666,7.801896630809193,0.3,-0.00296,-0.094186,7.79115,0.666667,1.0,9.328995,-0.005679450000000015,0.12167988567820075,0.3
1769796277.364583,0.4956243333333334,-0.08851273333333332,7.794892165135401,0.3,-0.00296,-0.094186,7.79115,0.666667,1.0,9.328995,-0.005673150000000016,0.1246930256863335,0.3
1769796277.384786,0.4960096666666667,-0.0885188,7.78313516409676,0.3,-0.00296,-0.094186,7.79115,0.666667,1.0,9.328995,-0.0056672000000000155,0.1276985151501633,0.3
1769796277.405205,0.4963953333333333,-0.08852486666666666,7.783991094026214,0.3,-0.00296,-0.094186,7.79115,0.666667,1.0,9.328995,-0.005661250000000015,0.1278742478941334,0.3
1769796277.425368,0.4967806666666667,-0.08853093333333333,7.793965168671581,0.3,-0.00296,-0.094186,7.79115,0.666667,1.0,9.328995,-0.0056549500000000145,0.12785757205836348,0.3
1769796277.445775,0.497166,-0.08853699999999999,7.783362619111379,0.3,-0.00296,-0.094186,7.79115,0.666667,1.0,9.328995,-0.005649000000000015,0.12845829781368542,0.3
1769796277.465894,0.4975513333333333,-0.08854306666666666,7.780514139494282,0.3,-0.00296,-0.094186,7.79115,0.666667,1.0,9.328995,-0.005643050000000016,0.12762197251255206,0.3
1769796277.486223,0.4979366666666667,-0.08854924999999998,7.799110520478381,0.3,-0.00296,-0.094186,7.79115,0.666667,1.0,9.328995,-0.005636750000000015,0.12584487377240422,0.3
1769796277.506769,0.4983223333333333,-0.08855543333333332,7.794155061552266,0.3,-0.00296,-0.094186,7.79115,0.666667,1.0,9.328995,-0.005630450000000014,0.12299956756693599,0.3
1769796277.526895,0.4987076666666666,-0.0885615,7.797715826727091,0.3,-0.00296,-0.094186,7.79115,0.666667,1.0,9.328995,-0.005624500000000015,0.1241651033002929,0.3
1769796277.547386,0.49909333333333333,-0.08856756666666665,7.79224470607824,0.3,-0.00296,-0.094186,7.79115,0.666667,1.0,9.328995,-0.0056185500000000155,0.1237186024850563,0.3
1769796277.567579,0.4994786666666666,-0.08857363333333333,7.796961466443686,0.3,-0.00296,-0.094186,7.79115,0.666667,1.0,9.328995,-0.005612250000000015,0.12448401415783056,0.3
1769796277.587697,0.4998643333333333,-0.08857969999999998,7.793250756690446,0.3,-0.00296,-0.094186,7.79115,0.666667,1.0,9.328995,-0.0056063000000000154,0.12474893781851953,0.3
1769796277.607786,0.5002496666666666,-0.08858576666666666,7.790782564114106,0.3,-0.00296,-0.094186,7.79115,0.666667,1.0,9.328995,-0.005600350000000015,0.12542797682534276,0.3
1769796277.6279,0.5006349999999999,-0.08859194999999997,7.7930146324027465,0.3,-0.00296,-0.094186,7.79115,0.666667,1.0,9.328995,-0.005594050000000015,0.12550411757491894,0.3
1769796277.648411,0.5010203333333334,-0.08859813333333333,7.792923762192989,0.3,-0.00296,-0.094186,7.79115,0.666667,1.0,9.328995,-0.0055877500000000154,0.1276368562670351,0.3
1769796277.668668,0.5014056666666667,-0.08860419999999998,7.778115981961409,0.3,-0.00296,-0.094186,7.79115,0.666667,1.0,9.328995,-0.005581800000000015,0.1268348557116932,0.3
1769796277.689239,0.5017913333333334,-0.08861026666666666,7.797954035734798,0.3,-0.00296,-0.094186,7.79115,0.666667,1.0,9.328995,-0.005575850000000015,0.1258292842245831,0.3
1769796277.708985,0.5021766666666666,-0.08861633333333331,7.7990845911156494,0.3,-0.00296,-0.094186,7.79115,0.666667,1.0,9.328995,-0.005569550000000015,0.12430483428511217,0.3
1769796277.729607,0.5025623333333332,-0.08862239999999999,7.787390081598234,0.3,-0.00296,-0.094186,7.79115,0.666667,1.0,9.328995,-0.005563600000000016,0.12359470093943904,0.3
1769796277.750113,0.5029476666666666,-0.08862846666666667,7.802342235808837,0.3,-0.00296,-0.094186,7.79115,0.666667,1.0,9.328995,-0.005557650000000015,0.1251475872863024,0.3
1769796277.770379,0.503333,-0.08863453333333333,7.789894673034469,0.3,-0.00296,-0.094186,7.79115,0.666667,1.0,9.328995,-0.005551350000000016,0.12468964905144492,0.3
1769796277.790617,0.503718,-0.0886406,7.790265111007379,0.3,-0.00296,-0.094186,7.79115,0.666667,1.0,9.328995,-0.005545400000000015,0.12818614022560032,0.3
1769796277.810962,0.504103,-0.08864654999999999,7.781490688763904,0.3,-0.00296,-0.094186,7.79115,0.666667,1.0,9.328995,-0.005539450000000015,0.12916632616854765,0.3
1769796277.831168,0.5044883333333333,-0.08865249999999998,7.7841385073767855,0.3,-0.00296,-0.094186,7.79115,0.666667,1.0,9.328995,-0.005533500000000015,0.1266140834689307,0.3
1769796277.852267,0.5048736666666667,-0.08865844999999999,7.805703517205081,0.3,-0.00296,-0.094186,7.79115,0.666667,1.0,9.328995,-0.005527550000000015,0.12513815120512176,0.3
1769796277.871863,0.505259,-0.08866439999999999,7.790471232346758,0.3,-0.00296,-0.094186,7.79115,0.666667,1.0,9.328995,-0.005521600000000015,0.12247446208476119,0.3
1769796277.892024,0.505644,-0.08867035,7.800245592098949,0.3,-0.00296,-0.094186,7.79115,0.666667,1.0,9.328995,-0.005515650000000016,0.12518373240624267,0.3
1769796277.912717,0.506029,-0.08867618333333332,7.789572845276192,0.3,-0.00296,-0.094186,7.79115,0.666667,1.0,9.328995,-0.005509700000000016,0.12631793908142794,0.3
1769796277.933152,0.5064136666666667,-0.08868189999999998,7.783788492295646,0.3,-0.00296,-0.094186,7.79115,0.666667,1.0,9.328995,-0.005504100000000015,0.12518012227985487,0.3
1769796277.952688,0.5067983333333334,-0.08868738333333331,7.807192542908387,0.3,-0.00296,-0.094186,7.79115,0.666667,1.0,9.328995,-0.0054985000000000155,0.12431670435351543,0.3
1769796277.973374,0.5071826666666667,-0.08869274999999999,7.794868502834229,0.3,-0.00296,-0.094186,7.79115,0.666667,1.0,9.328995,-0.0054932500000000155,0.12269850857348431,0.3
1769796277.993893,0.5075673333333334,-0.08869811666666666,7.793610366975833,0.3,-0.00296,-0.094186,7.79115,0.666667,1.0,9.328995,-0.0054880000000000154,0.12506442046847263,0.3
1769796278.013859,0.5079516666666666,-0.0887036,7.793109771538457,0.3,-0.00296,-0.094186,7.79115,0.666667,1.0,9.328995,-0.005482400000000015,0.12384590191900612,0.3
1769796278.034459,0.5083363333333333,-0.08870919999999999,7.802294764131028,0.3,-0.00296,-0.094186,7.79115,0.666667,1.0,9.328995,-0.005476800000000015,0.12467651305660925,0.3
1769796278.054674,0.508721,-0.08871479999999998,7.788744300150214,0.3,-0.00296,-0.094186,7.79115,0.666667,1.0,9.328995,-0.0054712000000000155,0.12384661801442293,0.3
1769796278.074959,0.5091060000000001,-0.08872039999999999,7.798206741791575,0.3,-0.00296,-0.094186,7.79115,0.666667,1.0,9.328995,-0.005465600000000015,0.1240034068511926,0.3
1769796278.095162,0.509491,-0.08872599999999999,7.8014716311104095,0.3,-0.00296,-0.094186,7.79115,0.666667,1.0,9.328995,-0.005460000000000015,0.12296957269054809,0.3
1769796278.115232,0.509876,-0.08873171666666664,7.7950649051140815,0.3,-0.00296,-0.094186,7.79115,0.666667,1.0,9.328995,-0.0054544000000000155,0.12291342012179218,0.3
1769796278.135666,0.5102606666666667,-0.08873755,7.798663707204111,0.3,-0.00296,-0.094186,7.79115,0.666667,1.0,9.328995,-0.005448450000000015,0.12266779709668511,0.3
1769796278.156191,0.5106453333333333,-0.08874338333333331,7.803067869261052,0.3,-0.00296,-0.094186,7.79115,0.666667,1.0,9.328995,-0.005442500000000015,0.12273677241758092,0.3
1769796278.176141,0.51103,-0.08874909999999998,7.794773553188707,0.3,-0.00296,-0.094186,7.79115,0.666667,1.0,9.328995,-0.005436900000000015,0.1231800191395565,0.3
1769796278.196593,0.511415,-0.0887547,7.796124276872257,0.3,-0.00296,-0.094186,7.79115,0.666667,1.0,9.328995,-0.005431300000000016,0.1257623952513269,0.3
1769796278.216863,0.5118,-0.08876041666666666,7.787691212590429,0.3,-0.00296,-0.094186,7.79115,0.666667,1.0,9.328995,-0.005425700000000015,0.12895694323154447,0.3
1769796278.23682,0.512185,-0.08876624999999999,7.775726315307401,0.3,-0.00296,-0.094186,7.79115,0.666667,1.0,9.328995,-0.005419750000000015,0.13004969004564693,0.3
1769796278.257565,0.51257,-0.08877208333333332,7.789690295987643,0.3,-0.00296,-0.094186,7.79115,0.666667,1.0,9.328995,-0.0054138000000000155,0.13082834079752995,0.3
1769796278.277703,0.5129549999999999,-0.08877791666666666,7.783141808079131,0.3,-0.00296,-0.094186,7.79115,0.666667,1.0,9.328995,-0.005408200000000016,0.1279421871221552,0.3
1769796278.297807,0.51334,-0.08878375,7.79316573735965,0.3,-0.00296,-0.094186,7.79115,0.666667,1.0,9.328995,-0.005402250000000015,0.12879258902258453,0.3
1769796278.318325,0.513725,-0.08878958333333331,7.7847103845850665,0.3,-0.00296,-0.094186,7.79115,0.666667,1.0,9.328995,-0.005396300000000015,0.12744052273933137,0.3
1769796278.338727,0.5141100000000001,-0.08879529999999998,7.79137670577865,0.3,-0.00296,-0.094186,7.79115,0.666667,1.0,9.328995,-0.005390700000000016,0.12761202941947067,0.3
1769796278.358777,0.514495,-0.08880101666666666,7.792256747278814,0.3,-0.00296,-0.094186,7.79115,0.666667,1.0,9.328995,-0.005385100000000015,0.1282625587712121,0.3
1769796278.378896,0.51488,-0.08880684999999999,7.780927258474618,0.3,-0.00296,-0.094186,7.79115,0.666667,1.0,9.328995,-0.005379150000000015,0.12755665326563262,0.3
1769796278.399362,0.515265,-0.08881268333333332,7.795734638812127,0.3,-0.00296,-0.094186,7.79115,0.666667,1.0,9.328995,-0.0053732000000000155,0.12761328747276288,0.3
1769796278.419823,0.5156499999999999,-0.08881851666666667,7.792039442036033,0.3,-0.00296,-0.094186,7.79115,0.666667,1.0,9.328995,-0.005367600000000016,0.12645733504734266,0.3
1769796278.44,0.516035,-0.08882435,7.787985473027139,0.3,-0.00296,-0.094186,7.79115,0.666667,1.0,9.328995,-0.005361650000000015,0.12840762052194418,0.3
1769796278.460246,0.51642,-0.08883018333333333,7.784155425964518,0.3,-0.00296,-0.094186,7.79115,0.666667,1.0,9.328995,-0.005355700000000015,0.12866210238527062,0.3
1769796278.480657,0.516805,-0.08883589999999998,7.790635050856074,0.3,-0.00296,-0.094186,7.79115,0.666667,1.0,9.328995,-0.005350100000000016,0.12666674057817265,0.3
1769796278.500927,0.5171899999999999,-0.08884161666666666,7.800077693869727,0.3,-0.00296,-0.094186,7.79115,0.666667,1.0,9.328995,-0.005344500000000015,0.1252360373217131,0.3
1769796278.521323,0.517575,-0.08884744999999998,7.792859695503275,0.3,-0.00296,-0.094186,7.79115,0.666667,1.0,9.328995,-0.005338550000000015,0.12525191190772714,0.3
1769796278.54149,0.51796,-0.08885328333333332,7.79066230333999,0.3,-0.00296,-0.094186,7.79115,0.666667,1.0,9.328995,-0.0053326000000000155,0.12731006687442148,0.3
1769796278.561937,0.5183450000000001,-0.08885899999999998,7.787851264069561,0.3,-0.00296,-0.094186,7.79115,0.666667,1.0,9.328995,-0.005327000000000016,0.12911865801610076,0.3
1769796278.58224,0.5187296666666666,-0.0888646,7.7821281986532,0.3,-0.00296,-0.094186,7.79115,0.666667,1.0,9.328995,-0.005321400000000015,0.13099329213792532,0.3
1769796278.602612,0.5191143333333333,-0.0888702,7.779532098609042,0.3,-0.00296,-0.094186,7.79115,0.666667,1.0,9.328995,-0.0053158000000000155,0.1306158524331595,0.3
1769796278.622964,0.519499,-0.08887579999999999,7.790233502298156,0.3,-0.00296,-0.094186,7.79115,0.666667,1.0,9.328995,-0.005310200000000015,0.12921668478999182,0.3
1769796278.643027,0.5197556666666667,-0.08888046666666666,7.790640804512206,0.3,-0.00296,-0.094186,7.79115,0.666667,1.0,9.328995,-0.005304600000000015,0.1272253597971507,0.3
1769796278.643027,0.5200119999999999,-0.08888420000000001,7.791578048566089,0.3,-0.00296,-0.094186,7.79115,0.666667,1.0,9.328995,-0.0053018,0.1257487301591933,0.3
1769796278.663597,0.5202683333333334,-0.08888793333333334,7.7991716801259,0.3,-0.00296,-0.094186,7.79115,0.666667,1.0,9.328995,-0.0052990000000000155,0.12640919497119887,0.3
1769796278.683751,0.5206529999999999,-0.08889259999999999,7.7867564156401725,0.3,-0.00296,-0.094186,7.79115,0.666667,1.0,9.328995,-0.005293400000000015,0.1255577809564716,0.3
1769796278.703777,0.5210376666666667,-0.0888982,7.796784532654453,0.3,-0.00296,-0.094186,7.79115,0.666667,1.0,9.328995,-0.005287800000000015,0.128773710901085,0.3
1769796278.724355,0.5214223333333333,-0.08890379999999999,7.77999370045822,0.3,-0.00296,-0.094186,7.79115,0.666667,1.0,9.328995,-0.0052822000000000155,0.12637405444759883,0.3
1769796278.74446,0.521807,-0.08890939999999999,7.8012719543610896,0.3,-0.00296,-0.094186,7.79115,0.666667,1.0,9.328995,-0.005276600000000015,0.1263469164749774,0.3
1769796278.764809,0.522192,-0.08891499999999998,7.797064960490181,0.3,-0.00296,-0.094186,7.79115,0.666667,1.0,9.328995,-0.005271000000000015,0.12475948980727107,0.3
1769796278.78479,0.5225770000000001,-0.0889206,7.7896358604644576,0.3,-0.00296,-0.094186,7.79115,0.666667,1.0,9.328995,-0.0052654000000000156,0.12732512610908892,0.3
1769796278.805044,0.5229616666666667,-0.0889262,7.785995736550182,0.3,-0.00296,-0.094186,7.79115,0.666667,1.0,9.328995,-0.005259800000000016,0.12731637877768168,0.3
1769796278.825546,0.5233463333333334,-0.08893179999999999,7.797235044478625,0.3,-0.00296,-0.094186,7.79115,0.666667,1.0,9.328995,-0.005254200000000015,0.1268930740085913,0.3
1769796278.845737,0.523731,-0.08893739999999999,7.792293289079,0.3,-0.00296,-0.094186,7.79115,0.666667,1.0,9.328995,-0.005248600000000015,0.12635040017699053,0.3
1769796278.865789,0.5241159999999999,-0.088943,7.789369379539787,0.3,-0.00296,-0.094186,7.79115,0.666667,1.0,9.328995,-0.005243000000000015,0.12520977918423853,0.3
1769796278.886421,0.524501,-0.08894859999999999,7.804196370435137,0.3,-0.00296,-0.094186,7.79115,0.666667,1.0,9.328995,-0.005237400000000015,0.12457528494551955,0.3
1769796278.906797,0.5248856666666667,-0.08895419999999998,7.796217854511314,0.3,-0.00296,-0.094186,7.79115,0.666667,1.0,9.328995,-0.005231800000000016,0.1253807638571074,0.3
1769796278.926993,0.5252703333333333,-0.08895991666666665,7.78465410607026,0.3,-0.00296,-0.094186,7.79115,0.666667,1.0,9.328995,-0.005226200000000016,0.12723956355742164,0.3
1769796278.946983,0.525655,-0.08896575,7.793163622233251,0.3,-0.00296,-0.094186,7.79115,0.666667,1.0,9.328995,-0.005220250000000015,0.1293529125535916,0.3
1769796278.967425,0.52604,-0.08897158333333333,7.783660260534294,0.3,-0.00296,-0.094186,7.79115,0.666667,1.0,9.328995,-0.0052143000000000155,0.12935282334683454,0.3
1769796278.987945,0.526425,-0.08897729999999998,7.784777141310802,0.3,-0.00296,-0.094186,7.79115,0.666667,1.0,9.328995,-0.005208700000000016,0.1308642130203014,0.3
1769796279.007999,0.5268099999999999,-0.08898289999999999,7.78421533419245,0.3,-0.00296,-0.094186,7.79115,0.666667,1.0,9.328995,-0.005203100000000015,0.12896212142563587,0.3
1769796279.028167,0.527195,-0.08898849999999998,7.795190410102287,0.3,-0.00296,-0.094186,7.79115,0.666667,1.0,9.328995,-0.005197500000000015,0.12746834365735113,0.3
1769796279.048519,0.5275796666666667,-0.0889941,7.793857407920511,0.3,-0.00296,-0.094186,7.79115,0.666667,1.0,9.328995,-0.005191900000000015,0.12664522754400118,0.3
1769796279.06862,0.5279643333333334,-0.08899969999999997,7.78927163087255,0.3,-0.00296,-0.094186,7.79115,0.666667,1.0,9.328995,-0.005186300000000015,0.1265838964737233,0.3
1769796279.089504,0.528349,-0.08900541666666666,7.795675996523954,0.3,-0.00296,-0.094186,7.79115,0.666667,1.0,9.328995,-0.0051807000000000155,0.126221935047332,0.3
1769796279.108753,0.528734,-0.08901124999999999,7.7961492264788586,0.3,-0.00296,-0.094186,7.79115,0.666667,1.0,9.328995,-0.005174750000000015,0.12543990880627615,0.3
1769796279.129131,0.529119,-0.08901708333333332,7.794086288318885,0.3,-0.00296,-0.094186,7.79115,0.666667,1.0,9.328995,-0.005168800000000015,0.12816649743837139,0.3
1769796279.149248,0.5295036666666667,-0.08902268333333334,7.779438964731383,0.3,-0.00296,-0.094186,7.79115,0.666667,1.0,9.328995,-0.005163200000000015,0.1306107335824747,0.3
1769796279.169676,0.529888,-0.08902804999999998,7.781601409614239,0.3,-0.00296,-0.094186,7.79115,0.666667,1.0,9.328995,-0.005157950000000015,0.12875138934433386,0.3
1769796279.190064,0.530272,-0.0890333,7.80535505374773,0.3,-0.00296,-0.094186,7.79115,0.666667,1.0,9.328995,-0.005152700000000015,0.12717928385302038,0.3
1769796279.210532,0.5306563333333334,-0.08903855,7.788981847679263,0.3,-0.00296,-0.094186,7.79115,0.666667,1.0,9.328995,-0.005147450000000015,0.12551771273453025,0.3
1769796279.230601,0.5310406666666667,-0.0890438,7.7916810863251795,0.3,-0.00296,-0.094186,7.79115,0.666667,1.0,9.328995,-0.005142200000000015,0.12468951672089286,0.3
1769796279.250786,0.531425,-0.08904905,7.810434479829555,0.3,-0.00296,-0.094186,7.79115,0.666667,1.0,9.328995,-0.005136950000000015,0.1242745792646951,0.3
1769796279.271225,0.5318093333333332,-0.08905441666666665,7.79158172241645,0.3,-0.00296,-0.094186,7.79115,0.666667,1.0,9.328995,-0.005131700000000015,0.12471861360939794,0.3
1769796279.291573,0.5321936666666667,-0.08905978333333332,7.7891295802569624,0.3,-0.00296,-0.094186,7.79115,0.666667,1.0,9.328995,-0.005126100000000015,0.12905604110894886,0.3
1769796279.311786,0.532578,-0.08906515,7.784522614832249,0.3,-0.00296,-0.094186,7.79115,0.666667,1.0,9.328995,-0.005120850000000015,0.1288620221028923,0.3
1769796279.33189,0.5329623333333333,-0.08907051666666665,7.79285853645279,0.3,-0.00296,-0.094186,7.79115,0.666667,1.0,9.328995,-0.005115600000000015,0.12724995222617558,0.3
1769796279.352067,0.5333466666666666,-0.08907599999999999,7.798914699517263,0.3,-0.00296,-0.094186,7.79115,0.666667,1.0,9.328995,-0.005110000000000016,0.12734590740773957,0.3
1769796279.372476,0.5337313333333333,-0.08908148333333332,7.784062033742865,0.3,-0.00296,-0.094186,7.79115,0.666667,1.0,9.328995,-0.005104400000000016,0.1265677942246141,0.3
1769796279.39305,0.5341156666666667,-0.08908685,7.7976423655515426,0.3,-0.00296,-0.094186,7.79115,0.666667,1.0,9.328995,-0.005099150000000016,0.12744700946504683,0.3
1769796279.412969,0.5345003333333334,-0.08909221666666667,7.793752108074666,0.3,-0.00296,-0.094186,7.79115,0.666667,1.0,9.328995,-0.005093900000000016,0.12435583337528222,0.3
1769796279.433041,0.5348846666666667,-0.08909769999999999,7.802721790281453,0.3,-0.00296,-0.094186,7.79115,0.666667,1.0,9.328995,-0.005088300000000015,0.12436993466002388,0.3
1769796279.453414,0.5352693333333334,-0.0891033,7.797672907843093,0.3,-0.00296,-0.094186,7.79115,0.666667,1.0,9.328995,-0.0050827000000000155,0.12606261936884083,0.3
1769796279.473928,0.5356540000000001,-0.08910889999999999,7.783713599821764,0.3,-0.00296,-0.094186,7.79115,0.666667,1.0,9.328995,-0.005077100000000015,0.12950836901375817,0.3
1769796279.493986,0.5360386666666667,-0.08911438333333332,7.782164892411949,0.3,-0.00296,-0.094186,7.79115,0.666667,1.0,9.328995,-0.005071500000000015,0.13070897389506575,0.3
1769796279.514364,0.5364233333333334,-0.08911975,7.790584428555247,0.3,-0.00296,-0.094186,7.79115,0.666667,1.0,9.328995,-0.005066250000000015,0.12959431739097102,0.3
1769796279.535093,0.5368076666666667,-0.08912511666666667,7.790514238846333,0.3,-0.00296,-0.094186,7.79115,0.666667,1.0,9.328995,-0.005061000000000015,0.12660352962353066,0.3
1769796279.555676,0.5371923333333334,-0.08913059999999999,7.800222319016591,0.3,-0.00296,-0.094186,7.79115,0.666667,1.0,9.328995,-0.0050554000000000154,0.12819654143305959,0.3
1769796279.575714,0.5375766666666667,-0.08913619999999998,7.781141507698074,0.3,-0.00296,-0.094186,7.79115,0.666667,1.0,9.328995,-0.005049800000000016,0.1271600937060217,0.3
1769796279.595912,0.5379613333333333,-0.0891418,7.79685052520856,0.3,-0.00296,-0.094186,7.79115,0.666667,1.0,9.328995,-0.005044200000000016,0.13079946793327368,0.3
1769796279.615936,0.5383459999999999,-0.08914728333333333,7.778503673653079,0.3,-0.00296,-0.094186,7.79115,0.666667,1.0,9.328995,-0.0050386000000000155,0.12972713654958218,0.3
1769796279.63623,0.5387306666666666,-0.08915264999999999,7.787690646000223,0.3,-0.00296,-0.094186,7.79115,0.666667,1.0,9.328995,-0.005033350000000015,0.13131452420520665,0.3
1769796279.656842,0.5391149999999999,-0.08915789999999997,7.787438899274814,0.3,-0.00296,-0.094186,7.79115,0.666667,1.0,9.328995,-0.0050281000000000145,0.12865032257214273,0.3
1769796279.677024,0.5394986666666667,-0.08916303333333332,7.794599133451462,0.3,-0.00296,-0.094186,7.79115,0.666667,1.0,9.328995,-0.005022850000000015,0.12750892299948616,0.3
1769796279.697241,0.5398823333333332,-0.08916804999999998,7.794646843436162,0.3,-0.00296,-0.094186,7.79115,0.666667,1.0,9.328995,-0.005017950000000016,0.12779622201019777,0.3
1769796279.717584,0.5402659999999999,-0.08917294999999999,7.785820455210544,0.3,-0.00296,-0.094186,7.79115,0.666667,1.0,9.328995,-0.005013050000000015,0.12975791552686805,0.3
1769796279.737847,0.5406496666666666,-0.08917784999999999,7.7829318723514405,0.3,-0.00296,-0.094186,7.79115,0.666667,1.0,9.328995,-0.005008150000000015,0.1287616781811036,0.3
1769796279.758465,0.5410333333333334,-0.08918274999999999,7.800727167510749,0.3,-0.00296,-0.094186,7.79115,0.666667,1.0,9.328995,-0.0050032500000000155,0.12963063981932402,0.3
1769796279.7784,0.541417,-0.08918776666666665,7.780709585381222,0.3,-0.00296,-0.094186,7.79115,0.666667,1.0,9.328995,-0.004998350000000016,0.12818712287268832,0.3
1769796279.798804,0.541801,-0.08919289999999998,7.7916983240312545,0.3,-0.00296,-0.094186,7.79115,0.666667,1.0,9.328995,-0.004993100000000016,0.12925796431882022,0.3
1769796279.818693,0.5421853333333333,-0.08919803333333332,7.794409918833957,0.3,-0.00296,-0.094186,7.79115,0.666667,1.0,9.328995,-0.004987850000000015,0.12797133355589232,0.3
1769796279.838837,0.5425696666666667,-0.08920316666666667,7.788537169958789,0.3,-0.00296,-0.094186,7.79115,0.666667,1.0,9.328995,-0.0049829500000000155,0.12843004538751146,0.3
1769796279.859089,0.5429539999999999,-0.08920829999999998,7.78905385304154,0.3,-0.00296,-0.094186,7.79115,0.666667,1.0,9.328995,-0.0049777000000000154,0.1267491170396412,0.3
1769796279.879488,0.543338,-0.08921354999999997,7.804603288921179,0.3,-0.00296,-0.094186,7.79115,0.666667,1.0,9.328995,-0.004972450000000015,0.12614538835891922,0.3
1769796279.899684,0.5437219999999999,-0.08921879999999999,7.792269792043121,0.3,-0.00296,-0.094186,7.79115,0.666667,1.0,9.328995,-0.004967200000000015,0.12617057532715556,0.3
1769796279.919739,0.5441060000000001,-0.08922404999999999,7.789012981232122,0.3,-0.00296,-0.094186,7.79115,0.666667,1.0,9.328995,-0.004961950000000015,0.1293743057470031,0.3
1769796279.939858,0.5444903333333333,-0.0892293,7.785491156402093,0.3,-0.00296,-0.094186,7.79115,0.666667,1.0,9.328995,-0.004956700000000015,0.12908288936467308,0.3
1769796279.960186,0.5448746666666667,-0.08923454999999998,7.794128540337101,0.3,-0.00296,-0.094186,7.79115,0.666667,1.0,9.328995,-0.004951450000000015,0.13028803967770583,0.3
1769796279.980519,0.545259,-0.0892398,7.7818923293539255,0.3,-0.00296,-0.094186,7.79115,0.666667,1.0,9.328995,-0.004946200000000015,0.13095527650140026,0.3
1769796280.000841,0.545643,-0.08924504999999999,7.781597985459927,0.3,-0.00296,-0.094186,7.79115,0.666667,1.0,9.328995,-0.004940950000000015,0.13372748226106454,0.3
1769796280.020851,0.546027,-0.08925029999999999,7.7776055557791155,0.3,-0.00296,-0.094186,7.79115,0.666667,1.0,9.328995,-0.004935700000000015,0.1320570482874351,0.3
1769796280.041406,0.5464113333333334,-0.08925555,7.792025183195702,0.3,-0.00296,-0.094186,7.79115,0.666667,1.0,9.328995,-0.004930450000000015,0.1287765589286304,0.3
1769796280.061825,0.5467956666666667,-0.08926079999999999,7.801391171612755,0.3,-0.00296,-0.094186,7.79115,0.666667,1.0,9.328995,-0.004925200000000015,0.12549060810877238,0.3
1769796280.08177,0.54718,-0.08926604999999999,7.797431510698264,0.3,-0.00296,-0.094186,7.79115,0.666667,1.0,9.328995,-0.004919950000000015,0.12519210874859443,0.3
1769796280.101928,0.5475639999999999,-0.0892713,7.79392642935677,0.3,-0.00296,-0.094186,7.79115,0.666667,1.0,9.328995,-0.004914700000000015,0.1249183367293349,0.3
1769796280.122221,0.5479483333333333,-0.08927655,7.803144053728312,0.3,-0.00296,-0.094186,7.79115,0.666667,1.0,9.328995,-0.004909450000000015,0.12711598465690307,0.3
1769796280.142501,0.5483326666666667,-0.08928180000000001,7.784355873132855,0.3,-0.00296,-0.094186,7.79115,0.666667,1.0,9.328995,-0.004904200000000016,0.12725962188868278,0.3
1769796280.162697,0.5487169999999999,-0.08928704999999999,7.793174855966091,0.3,-0.00296,-0.094186,7.79115,0.666667,1.0,9.328995,-0.004898950000000016,0.12791196105212652,0.3
1769796280.182705,0.549101,-0.08929229999999999,7.79934026874765,0.3,-0.00296,-0.094186,7.79115,0.666667,1.0,9.328995,-0.004893700000000016,0.1261129328002746,0.3
1769796280.203137,0.549357,-0.08929661666666666,7.795260292643966,0.3,-0.00296,-0.094186,7.79115,0.666667,1.0,9.328995,-0.0048884500000000155,0.1259001204967782,0.3
1769796280.203137,0.5496133333333334,-0.08930011666666667,7.79454237978707,0.3,-0.00296,-0.094186,7.79115,0.666667,1.0,9.328995,-0.004886,0.12681197553140963,0.3
1769796280.223767,0.5498696666666667,-0.08930361666666665,7.793942638539861,0.3,-0.00296,-0.094186,7.79115,0.666667,1.0,9.328995,-0.0048832000000000155,0.12810152552061074,0.3
1769796280.244217,0.550254,-0.08930804999999999,7.787596492708759,0.3,-0.00296,-0.094186,7.79115,0.666667,1.0,9.328995,-0.004877950000000015,0.128569675828999,0.3
1769796280.264369,0.5506380000000001,-0.08931329999999998,7.791826577936741,0.3,-0.00296,-0.094186,7.79115,0.666667,1.0,9.328995,-0.0048727000000000145,0.1294587390337545,0.3
1769796280.284689,0.5510223333333334,-0.08931855,7.7887185093113285,0.3,-0.00296,-0.094186,7.79115,0.666667,1.0,9.328995,-0.0048674500000000145,0.1302348270807038,0.3
1769796280.304818,0.5514066666666667,-0.0893238,7.783050214427063,0.3,-0.00296,-0.094186,7.79115,0.666667,1.0,9.328995,-0.004862200000000015,0.1297993521773693,0.3
1769796280.325187,0.551791,-0.08932905000000001,7.7945496773567475,0.3,-0.00296,-0.094186,7.79115,0.666667,1.0,9.328995,-0.004856950000000015,0.12936017604991193,0.3
1769796280.345449,0.5521750000000001,-0.08933429999999999,7.791463816076073,0.3,-0.00296,-0.094186,7.79115,0.666667,1.0,9.328995,-0.004851700000000015,0.1285192595055554,0.3
1769796280.36568,0.5525593333333333,-0.08933954999999999,7.788205963693202,0.3,-0.00296,-0.094186,7.79115,0.666667,1.0,9.328995,-0.004846450000000015,0.1275011253007397,0.3
1769796280.385719,0.5529436666666667,-0.0893448,7.800768732585642,0.3,-0.00296,-0.094186,7.79115,0.666667,1.0,9.328995,-0.004841200000000015,0.13149248270541222,0.3
1769796280.405996,0.553328,-0.08935005,7.767625921648038,0.3,-0.00296,-0.094186,7.79115,0.666667,1.0,9.328995,-0.004835950000000015,0.13081188893806603,0.3
1769796280.426665,0.553712,-0.08935529999999998,7.792399776297279,0.3,-0.00296,-0.094186,7.79115,0.666667,1.0,9.328995,-0.004830700000000015,0.13431340733957653,0.3
1769796280.446695,0.5540963333333333,-0.08936054999999998,7.779869872176579,0.3,-0.00296,-0.094186,7.79115,0.666667,1.0,9.328995,-0.004825450000000016,0.13089675329017,0.3
1769796280.466891,0.5544806666666667,-0.0893658,7.788236095944477,0.3,-0.00296,-0.094186,7.79115,0.666667,1.0,9.328995,-0.004820200000000016,0.129422648845844,0.3
1769796280.486899,0.5548649999999999,-0.08937105000000001,7.801354652963235,0.3,-0.00296,-0.094186,7.79115,0.666667,1.0,9.328995,-0.004814950000000016,0.12827588498875225,0.3
1769796280.507309,0.555249,-0.0893763,7.786860705319129,0.3,-0.00296,-0.094186,7.79115,0.666667,1.0,9.328995,-0.004809700000000016,0.1276170038723169,0.3
1769796280.527858,0.5556333333333333,-0.08938154999999999,7.792299632643089,0.3,-0.00296,-0.094186,7.79115,0.666667,1.0,9.328995,-0.004804450000000016,0.13010525017430466,0.3
1769796280.547884,0.5560176666666666,-0.08938691666666665,7.786535425151309,0.3,-0.00296,-0.094186,7.79115,0.666667,1.0,9.328995,-0.004799200000000016,0.1292533941456728,0.3
1769796280.568327,0.556402,-0.08939228333333334,7.792084541490921,0.3,-0.00296,-0.094186,7.79115,0.666667,1.0,9.328995,-0.004793600000000015,0.1295493390960023,0.3
1769796280.588659,0.556786,-0.08939765,7.790636662941112,0.3,-0.00296,-0.094186,7.79115,0.666667,1.0,9.328995,-0.004788350000000016,0.1283869820811914,0.3
1769796280.608813,0.5571703333333333,-0.0894029,7.793622267240174,0.3,-0.00296,-0.094186,7.79115,0.666667,1.0,9.328995,-0.004783100000000016,0.1269479137361722,0.3
1769796280.629103,0.5575546666666666,-0.08940814999999998,7.800829201561036,0.3,-0.00296,-0.094186,7.79115,0.666667,1.0,9.328995,-0.004777850000000016,0.12669911434274833,0.3
1769796280.649385,0.5579390000000001,-0.08941339999999998,7.792239709301655,0.3,-0.00296,-0.094186,7.79115,0.666667,1.0,9.328995,-0.004772600000000016,0.12798279021917205,0.3
1769796280.669616,0.558323,-0.08941864999999999,7.786030461981632,0.3,-0.00296,-0.094186,7.79115,0.666667,1.0,9.328995,-0.004767350000000016,0.12975708387820403,0.3
1769796280.689762,0.558707,-0.08942389999999999,7.790293689606844,0.3,-0.00296,-0.094186,7.79115,0.666667,1.0,9.328995,-0.004762100000000016,0.12977167319354002,0.3
1769796280.709853,0.559091,-0.08942903333333331,7.792262423409639,0.3,-0.00296,-0.094186,7.79115,0.666667,1.0,9.328995,-0.004756850000000016,0.12773713711576382,0.3
1769796280.730236,0.5594746666666667,-0.08943393333333331,7.798345478448289,0.3,-0.00296,-0.094186,7.79115,0.666667,1.0,9.328995,-0.004751950000000015,0.12638271097953016,0.3
1769796280.750714,0.559858,-0.0894386,7.7985231464242455,0.3,-0.00296,-0.094186,7.79115,0.666667,1.0,9.328995,-0.004747400000000016,0.12615244351659016,0.3
1769796280.770764,0.5602413333333334,-0.08944326666666665,7.793742028187279,0.3,-0.00296,-0.094186,7.79115,0.666667,1.0,9.328995,-0.0047428500000000155,0.12653613249746165,0.3
1769796280.791124,0.5606246666666667,-0.08944793333333333,7.79614134456306,0.3,-0.00296,-0.094186,7.79115,0.666667,1.0,9.328995,-0.004737950000000015,0.1258881039390581,0.3
1769796280.811131,0.5610083333333333,-0.0894526,7.802509317774667,0.3,-0.00296,-0.094186,7.79115,0.666667,1.0,9.328995,-0.004733400000000016,0.1263711389463255,0.3
1769796280.831667,0.5613916666666666,-0.08945726666666665,7.790941818143675,0.3,-0.00296,-0.094186,7.79115,0.666667,1.0,9.328995,-0.004728850000000015,0.12601828755939834,0.3
1769796280.851913,0.5617753333333334,-0.08946205,7.798356452884623,0.3,-0.00296,-0.094186,7.79115,0.666667,1.0,9.328995,-0.004723950000000015,0.1270634709393049,0.3
1769796280.872519,0.562159,-0.08946694999999999,7.7963386674952275,0.3,-0.00296,-0.094186,7.79115,0.666667,1.0,9.328995,-0.004719050000000015,0.1281467769671664,0.3
1769796280.892888,0.562543,-0.08947184999999998,7.7845448819765055,0.3,-0.00296,-0.094186,7.79115,0.666667,1.0,9.328995,-0.004714150000000016,0.13043962750331198,0.3
1769796280.912958,0.5629266666666667,-0.08947675,7.78470224966775,0.3,-0.00296,-0.094186,7.79115,0.666667,1.0,9.328995,-0.0047092500000000155,0.13384641194518068,0.3
1769796280.933194,0.5633103333333334,-0.08948165000000001,7.776000860844015,0.3,-0.00296,-0.094186,7.79115,0.666667,1.0,9.328995,-0.004704350000000015,0.1340518691042167,0.3
1769796280.95363,0.563694,-0.08948666666666666,7.783415039022289,0.3,-0.00296,-0.094186,7.79115,0.666667,1.0,9.328995,-0.004699450000000015,0.13307298889935845,0.3
1769796280.973784,0.564078,-0.0894918,7.7906808808968995,0.3,-0.00296,-0.094186,7.79115,0.666667,1.0,9.328995,-0.004694200000000015,0.1309595774432819,0.3
1769796280.994118,0.564462,-0.08949693333333332,7.788789129580475,0.3,-0.00296,-0.094186,7.79115,0.666667,1.0,9.328995,-0.004688950000000015,0.13006997158545697,0.3
1769796281.014326,0.5648460000000001,-0.08950194999999998,7.788860474169239,0.3,-0.00296,-0.094186,7.79115,0.666667,1.0,9.328995,-0.004684050000000016,0.12868379687151918,0.3
1769796281.034615,0.56523,-0.08950684999999999,7.799103279180526,0.3,-0.00296,-0.094186,7.79115,0.666667,1.0,9.328995,-0.004679150000000016,0.12919180852363857,0.3
1769796281.05464,0.5656136666666667,-0.08951175,7.785843959667758,0.3,-0.00296,-0.094186,7.79115,0.666667,1.0,9.328995,-0.004674250000000015,0.12890385825687817,0.3
1769796281.074787,0.5659973333333332,-0.08951664999999999,7.790691075769801,0.3,-0.00296,-0.094186,7.79115,0.666667,1.0,9.328995,-0.004669350000000016,0.12917986061272965,0.3
1769796281.095815,0.5663809999999999,-0.08952166666666665,7.7975501650454175,0.3,-0.00296,-0.094186,7.79115,0.666667,1.0,9.328995,-0.004664450000000015,0.1293368783614797,0.3
1769796281.115482,0.5667650000000001,-0.08952679999999998,7.785007203175258,0.3,-0.00296,-0.094186,7.79115,0.666667,1.0,9.328995,-0.004659200000000015,0.1302421230583114,0.3
1769796281.135714,0.567149,-0.08953193333333331,7.785367407588811,0.3,-0.00296,-0.094186,7.79115,0.666667,1.0,9.328995,-0.004653950000000015,0.13296611526626778,0.3
1769796281.155818,0.5675330000000001,-0.08953694999999999,7.781314011797679,0.3,-0.00296,-0.094186,7.79115,0.666667,1.0,9.328995,-0.004649050000000016,0.13303820674726297,0.3
1769796281.176048,0.567917,-0.08954184999999999,7.784680004289287,0.3,-0.00296,-0.094186,7.79115,0.666667,1.0,9.328995,-0.004644150000000015,0.131099500256575,0.3
1769796281.196834,0.568301,-0.08954675,7.797102546532939,0.3,-0.00296,-0.094186,7.79115,0.666667,1.0,9.328995,-0.004639250000000015,0.12910955088978238,0.3
1769796281.216873,0.568685,-0.08955176666666666,7.793356607998435,0.3,-0.00296,-0.094186,7.79115,0.666667,1.0,9.328995,-0.0046343500000000145,0.1298295425788363,0.3
1769796281.237163,0.5690686666666668,-0.0895569,7.780465404154963,0.3,-0.00296,-0.094186,7.79115,0.666667,1.0,9.328995,-0.004629100000000015,0.1288792874901763,0.3
1769796281.257602,0.5694523333333333,-0.08956203333333333,7.802911877064899,0.3,-0.00296,-0.094186,7.79115,0.666667,1.0,9.328995,-0.004623850000000015,0.12717510139360402,0.3
1769796281.277731,0.569836,-0.08956704999999998,7.803689524577869,0.3,-0.00296,-0.094186,7.79115,0.666667,1.0,9.328995,-0.004618950000000016,0.12601046393078041,0.3
1769796281.298113,0.57022,-0.08957195,7.787558578931905,0.3,-0.00296,-0.094186,7.79115,0.666667,1.0,9.328995,-0.004614050000000015,0.12781841230260585,0.3
1769796281.318177,0.570604,-0.08957684999999999,7.792167086833946,0.3,-0.00296,-0.094186,7.79115,0.666667,1.0,9.328995,-0.004609150000000015,0.1301453536806034,0.3
1769796281.338651,0.570988,-0.08958186666666666,7.789830776309883,0.3,-0.00296,-0.094186,7.79115,0.666667,1.0,9.328995,-0.0046042500000000154,0.12897658492100564,0.3
1769796281.358686,0.5713720000000001,-0.08958699999999999,7.794676541489491,0.3,-0.00296,-0.094186,7.79115,0.666667,1.0,9.328995,-0.004599000000000015,0.12744629563793153,0.3
1769796281.378839,0.571756,-0.08959213333333332,7.801456622532391,0.3,-0.00296,-0.094186,7.79115,0.666667,1.0,9.328995,-0.004593750000000015,0.12726423068515294,0.3
1769796281.39901,0.5721396666666667,-0.08959703333333331,7.791030966026555,0.3,-0.00296,-0.094186,7.79115,0.666667,1.0,9.328995,-0.004588850000000015,0.12746644849667285,0.3
1769796281.419474,0.5725226666666666,-0.08960158333333333,7.793566134620372,0.3,-0.00296,-0.094186,7.79115,0.666667,1.0,9.328995,-0.004584300000000015,0.1296106358100734,0.3
1769796281.439915,0.5729053333333334,-0.08960601666666666,7.788687048651988,0.3,-0.00296,-0.094186,7.79115,0.666667,1.0,9.328995,-0.004580100000000016,0.12984783181785536,0.3
1769796281.460403,0.5732883333333333,-0.08961045,7.789700889979863,0.3,-0.00296,-0.094186,7.79115,0.666667,1.0,9.328995,-0.004575550000000015,0.12970134779646783,0.3
1769796281.48088,0.5736716666666667,-0.08961488333333333,7.794538138748697,0.3,-0.00296,-0.094186,7.79115,0.666667,1.0,9.328995,-0.004571000000000015,0.12785366298681175,0.3
1769796281.500822,0.574055,-0.08961931666666666,7.799866257509924,0.3,-0.00296,-0.094186,7.79115,0.666667,1.0,9.328995,-0.004566800000000015,0.12892901160050466,0.3
1769796281.520818,0.5744380000000001,-0.08962386666666666,7.783341898297706,0.3,-0.00296,-0.094186,7.79115,0.666667,1.0,9.328995,-0.004562250000000015,0.12831209531564972,0.3
1769796281.541444,0.5748213333333334,-0.08962853333333332,7.798335186457827,0.3,-0.00296,-0.094186,7.79115,0.666667,1.0,9.328995,-0.0045573500000000156,0.12751016755617428,0.3
1769796281.561561,0.5752046666666666,-0.08963319999999998,7.804775824066777,0.3,-0.00296,-0.094186,7.79115,0.666667,1.0,9.328995,-0.004552800000000015,0.12835976396012275,0.3
1769796281.581892,0.5755883333333333,-0.08963786666666666,7.778342319874015,0.3,-0.00296,-0.094186,7.79115,0.666667,1.0,9.328995,-0.004548250000000015,0.12959759203394183,0.3
1769796281.601856,0.5759716666666667,-0.08964253333333332,7.791006218014912,0.3,-0.00296,-0.094186,7.79115,0.666667,1.0,9.328995,-0.004543350000000015,0.13211189192406336,0.3
1769796281.622209,0.5763550000000001,-0.0896472,7.789788024726048,0.3,-0.00296,-0.094186,7.79115,0.666667,1.0,9.328995,-0.004538800000000015,0.13112997540964766,0.3
1769796281.642585,0.5767383333333332,-0.08965186666666665,7.784331818960509,0.3,-0.00296,-0.094186,7.79115,0.666667,1.0,9.328995,-0.004534250000000016,0.12929730109488283,0.3
1769796281.662707,0.5771216666666666,-0.08965664999999999,7.802100263903501,0.3,-0.00296,-0.094186,7.79115,0.666667,1.0,9.328995,-0.004529350000000015,0.12989523928373523,0.3
1769796281.682708,0.5775053333333333,-0.08966154999999999,7.786300845592933,0.3,-0.00296,-0.094186,7.79115,0.666667,1.0,9.328995,-0.004524450000000015,0.13115950432539433,0.3
1769796281.702947,0.577761,-0.08966563333333333,7.776849128710555,0.3,-0.00296,-0.094186,7.79115,0.666667,1.0,9.328995,-0.0045195500000000145,0.13316779033956605,0.3
1769796281.702947,0.578017,-0.08966878333333334,7.790136297818471,0.3,-0.00296,-0.094186,7.79115,0.666667,1.0,9.328995,-0.0045171,0.1331761507427889,0.3
1769796281.723326,0.5782726666666668,-0.08967181666666667,7.786316833173596,0.3,-0.00296,-0.094186,7.79115,0.666667,1.0,9.328995,-0.0045150000000000155,0.13142169883249818,0.3
1769796281.743702,0.5786563333333333,-0.08967566666666667,7.787439540172299,0.3,-0.00296,-0.094186,7.79115,0.666667,1.0,9.328995,-0.004510450000000015,0.1300904901863059,0.3
1769796281.765272,0.5790396666666666,-0.08968044999999998,7.798204399695624,0.3,-0.00296,-0.094186,7.79115,0.666667,1.0,9.328995,-0.004505550000000016,0.12905138271350655,0.3
1769796281.784174,0.5794233333333333,-0.08968535,7.792651928010392,0.3,-0.00296,-0.094186,7.79115,0.666667,1.0,9.328995,-0.004500650000000016,0.12616001397276036,0.3
1769796281.804633,0.5798066666666667,-0.08969013333333332,7.804890652616776,0.3,-0.00296,-0.094186,7.79115,0.666667,1.0,9.328995,-0.004495750000000015,0.1296805925464918,0.3
1769796281.824707,0.5801903333333334,-0.08969479999999998,7.7771813782532355,0.3,-0.00296,-0.094186,7.79115,0.666667,1.0,9.328995,-0.0044912000000000155,0.13217834333563327,0.3
1769796281.84495,0.5805736666666667,-0.08969946666666666,7.777763423275544,0.3,-0.00296,-0.094186,7.79115,0.666667,1.0,9.328995,-0.004486650000000016,0.1359698302018091,0.3
1769796281.865774,0.5809573333333334,-0.08970424999999999,7.782239731419721,0.3,-0.00296,-0.094186,7.79115,0.666667,1.0,9.328995,-0.004481750000000015,0.13079678548322646,0.3
1769796281.885774,0.581341,-0.08970915,7.8083200965647315,0.3,-0.00296,-0.094186,7.79115,0.666667,1.0,9.328995,-0.004476850000000015,0.1285272016156497,0.3
1769796281.905881,0.5817246666666667,-0.08971404999999999,7.791483826481004,0.3,-0.00296,-0.094186,7.79115,0.666667,1.0,9.328995,-0.004471950000000015,0.12832705835476899,0.3
1769796281.926231,0.5821083333333333,-0.08971883333333332,7.783543490985005,0.3,-0.00296,-0.094186,7.79115,0.666667,1.0,9.328995,-0.004467050000000016,0.13017496974126522,0.3
1769796281.946567,0.5824916666666667,-0.0897235,7.797333078245754,0.3,-0.00296,-0.094186,7.79115,0.666667,1.0,9.328995,-0.004462500000000015,0.1316453719941815,0.3
1769796281.966789,0.5828753333333333,-0.08972816666666666,7.7827594129635065,0.3,-0.00296,-0.094186,7.79115,0.666667,1.0,9.328995,-0.004457950000000015,0.1293400911709259,0.3
1769796281.986782,0.5832586666666667,-0.08973294999999999,7.797473175924539,0.3,-0.00296,-0.094186,7.79115,0.666667,1.0,9.328995,-0.004453050000000016,0.1288092565590587,0.3
1769796282.007255,0.5836423333333333,-0.08973785,7.800618535916957,0.3,-0.00296,-0.094186,7.79115,0.666667,1.0,9.328995,-0.004448150000000015,0.12590031270465507,0.3
1769796282.027397,0.584026,-0.08974275,7.800315976089928,0.3,-0.00296,-0.094186,7.79115,0.666667,1.0,9.328995,-0.004443250000000015,0.12630135981487148,0.3
1769796282.047849,0.5844096666666667,-0.08974765,7.79516979326324,0.3,-0.00296,-0.094186,7.79115,0.666667,1.0,9.328995,-0.004438350000000015,0.1266072433630356,0.3
1769796282.067864,0.5847933333333333,-0.08975243333333333,7.798886134627972,0.3,-0.00296,-0.094186,7.79115,0.666667,1.0,9.328995,-0.004433450000000015,0.12635921517391083,0.3
1769796282.087943,0.5851766666666666,-0.08975709999999998,7.801904595224677,0.3,-0.00296,-0.094186,7.79115,0.666667,1.0,9.328995,-0.004428900000000015,0.12730425308561585,0.3
1769796282.108221,0.5855603333333333,-0.08976176666666665,7.78959756579301,0.3,-0.00296,-0.094186,7.79115,0.666667,1.0,9.328995,-0.004424350000000015,0.12756803632799066,0.3
1769796282.128542,0.5859436666666666,-0.08976654999999999,7.7974014351737235,0.3,-0.00296,-0.094186,7.79115,0.666667,1.0,9.328995,-0.004419450000000015,0.1281039276628482,0.3
1769796282.148845,0.5863273333333333,-0.08977144999999999,7.798789697215532,0.3,-0.00296,-0.094186,7.79115,0.666667,1.0,9.328995,-0.004414550000000015,0.12769661922394648,0.3
1769796282.168921,0.586711,-0.08977634999999999,7.792144316426421,0.3,-0.00296,-0.094186,7.79115,0.666667,1.0,9.328995,-0.004409650000000015,0.130695050363385,0.3
1769796282.18914,0.5870946666666667,-0.08978113333333333,7.779513748337092,0.3,-0.00296,-0.094186,7.79115,0.666667,1.0,9.328995,-0.004404750000000015,0.13352229161582538,0.3
1769796282.209732,0.5874783333333333,-0.08978579999999999,7.78192669970089,0.3,-0.00296,-0.094186,7.79115,0.666667,1.0,9.328995,-0.0044002000000000156,0.1344706291987443,0.3
1769796282.229865,0.5878616666666666,-0.08979046666666667,7.786552290928907,0.3,-0.00296,-0.094186,7.79115,0.666667,1.0,9.328995,-0.004395650000000016,0.13137023077550017,0.3
1769796282.249954,0.5882453333333334,-0.08979525,7.798214138876557,0.3,-0.00296,-0.094186,7.79115,0.666667,1.0,9.328995,-0.004390750000000015,0.12996292221077066,0.3
1769796282.270368,0.5886286666666667,-0.08980015000000001,7.790471001089267,0.3,-0.00296,-0.094186,7.79115,0.666667,1.0,9.328995,-0.004385850000000016,0.12977603209796118,0.3
1769796282.290574,0.5890123333333334,-0.08980505,7.787776531605764,0.3,-0.00296,-0.094186,7.79115,0.666667,1.0,9.328995,-0.004380950000000015,0.13112565925559205,0.3
1769796282.310807,0.589396,-0.08980994999999999,7.790219275930772,0.3,-0.00296,-0.094186,7.79115,0.666667,1.0,9.328995,-0.004376050000000015,0.1312235249852675,0.3
1769796282.330947,0.5897796666666667,-0.08981473333333333,7.789986706711214,0.3,-0.00296,-0.094186,7.79115,0.666667,1.0,9.328995,-0.0043711500000000155,0.13135134210986918,0.3
1769796282.350987,0.5901633333333334,-0.0898194,7.787110078858154,0.3,-0.00296,-0.094186,7.79115,0.666667,1.0,9.328995,-0.004366600000000016,0.1307351943937168,0.3
1769796282.371408,0.5905466666666667,-0.08982406666666665,7.794014162227686,0.3,-0.00296,-0.094186,7.79115,0.666667,1.0,9.328995,-0.004362050000000015,0.13187099494488588,0.3
1769796282.391706,0.5909303333333333,-0.08982885,7.783269903404199,0.3,-0.00296,-0.094186,7.79115,0.666667,1.0,9.328995,-0.004357150000000015,0.13164441432015642,0.3
1769796282.411717,0.5913136666666666,-0.08983374999999999,7.788570012606531,0.3,-0.00296,-0.094186,7.79115,0.666667,1.0,9.328995,-0.004352250000000016,0.13289649890168134,0.3
1769796282.433319,0.5916973333333334,-0.08983864999999998,7.7866045547385365,0.3,-0.00296,-0.094186,7.79115,0.666667,1.0,9.328995,-0.0043473500000000154,0.13059379495745627,0.3
1769796282.452552,0.592081,-0.08984343333333333,7.79718902706955,0.3,-0.00296,-0.094186,7.79115,0.666667,1.0,9.328995,-0.004342450000000015,0.12972448626168817,0.3
1769796282.472711,0.5924646666666668,-0.08984809999999999,7.7938863147811395,0.3,-0.00296,-0.094186,7.79115,0.666667,1.0,9.328995,-0.004337900000000015,0.12885571772183183,0.3
1769796282.492847,0.592848,-0.08985264999999999,7.791915165977675,0.3,-0.00296,-0.094186,7.79115,0.666667,1.0,9.328995,-0.004333350000000015,0.12855709334197138,0.3
1769796282.513263,0.593231,-0.08985719999999998,7.799076323348713,0.3,-0.00296,-0.094186,7.79115,0.666667,1.0,9.328995,-0.004328800000000015,0.1287105666286987,0.3
1769796282.533784,0.593614,-0.08986175,7.7930610250607755,0.3,-0.00296,-0.094186,7.79115,0.666667,1.0,9.328995,-0.004324250000000016,0.12826458275342212,0.3
1769796282.553692,0.593997,-0.0898663,7.794686619229334,0.3,-0.00296,-0.094186,7.79115,0.666667,1.0,9.328995,-0.004319700000000015,0.12959195341778174,0.3
1769796282.573958,0.59438,-0.08987085,7.791207649362555,0.3,-0.00296,-0.094186,7.79115,0.666667,1.0,9.328995,-0.004315150000000015,0.12738583156360905,0.3
1769796282.594365,0.5947633333333334,-0.0898754,7.806393306185812,0.3,-0.00296,-0.094186,7.79115,0.666667,1.0,9.328995,-0.004310600000000015,0.1284134622430205,0.3
1769796282.614813,0.5951466666666666,-0.08987994999999999,7.788616385152865,0.3,-0.00296,-0.094186,7.79115,0.666667,1.0,9.328995,-0.004306050000000015,0.1271206959696921,0.3
1769796282.634957,0.59553,-0.08988449999999999,7.799059797002525,0.3,-0.00296,-0.094186,7.79115,0.666667,1.0,9.328995,-0.004301500000000015,0.1292853784371696,0.3
1769796282.655389,0.5959133333333333,-0.08988904999999998,7.793500761380947,0.3,-0.00296,-0.094186,7.79115,0.666667,1.0,9.328995,-0.004296950000000015,0.12823145074046627,0.3
1769796282.675725,0.5962966666666666,-0.0898936,7.795035501333086,0.3,-0.00296,-0.094186,7.79115,0.666667,1.0,9.328995,-0.004292400000000016,0.13035060089779796,0.3
1769796282.695819,0.59668,-0.08989826666666666,7.786440446058535,0.3,-0.00296,-0.094186,7.79115,0.666667,1.0,9.328995,-0.004287850000000015,0.13142620949761377,0.3
1769796282.716257,0.5970633333333334,-0.08990293333333332,7.787145109782052,0.3,-0.00296,-0.094186,7.79115,0.666667,1.0,9.328995,-0.004282950000000015,0.13258800931287207,0.3
1769796282.736564,0.5974466666666666,-0.08990759999999998,7.788162702441536,0.3,-0.00296,-0.094186,7.79115,0.666667,1.0,9.328995,-0.0042784000000000155,0.13104976947089195,0.3
1769796282.756733,0.59783,-0.08991226666666664,7.795767885110416,0.3,-0.00296,-0.094186,7.79115,0.666667,1.0,9.328995,-0.004273850000000015,0.1307996398081174,0.3
1769796282.777225,0.5982133333333334,-0.08991693333333332,7.788743887758699,0.3,-0.00296,-0.094186,7.79115,0.666667,1.0,9.328995,-0.004268950000000015,0.12985369251601844,0.3
1769796282.797332,0.5985966666666668,-0.08992159999999999,7.7939363861941295,0.3,-0.00296,-0.094186,7.79115,0.666667,1.0,9.328995,-0.004264400000000015,0.12881744405416487,0.3
1769796282.817723,0.5989803333333333,-0.08992626666666666,7.802083375881537,0.3,-0.00296,-0.094186,7.79115,0.666667,1.0,9.328995,-0.004259850000000015,0.12778831639589472,0.3
1769796282.838031,0.5993636666666666,-0.08993093333333331,7.79501665370832,0.3,-0.00296,-0.094186,7.79115,0.666667,1.0,9.328995,-0.004254950000000015,0.12818973865005748,0.3
1769796282.858197,0.5997469999999999,-0.08993559999999999,7.791625852669153,0.3,-0.00296,-0.094186,7.79115,0.666667,1.0,9.328995,-0.004250400000000015,0.12884755853291244,0.3
1769796282.878685,0.6001299999999999,-0.08994015,7.7982344565844075,0.3,-0.00296,-0.094186,7.79115,0.666667,1.0,9.328995,-0.0042458500000000145,0.129385523076805,0.3
1769796282.89895,0.6003853333333332,-0.08994388333333332,7.791884416444964,0.3,-0.00296,-0.094186,7.79115,0.666667,1.0,9.328995,-0.0042413000000000155,0.12992761260499275,0.3
1769796282.89895,0.600513,-0.08994609999999999,7.788451715500027,0.3,-0.00296,-0.094186,7.79115,0.666667,1.0,9.328995,-0.004239199999999999,0.12926487371856524,0.3
1769796282.89895,0.600513,-0.08994680000000001,7.802257439902973,0.3,-0.00296,-0.094186,7.79115,0.666667,1.0,9.328995,-0.004239199999999999,0.12901490776425575,0.3
1769796282.89895,0.600513,-0.08994680000000001,7.793398912170821,0.3,-0.00296,-0.094186,7.79115,0.666667,1.0,9.328995,-0.004239199999999999,0.1298942864448715,0.3
1769796282.89895,0.600513,-0.08994680000000001,7.783175443416332,0.3,-0.00296,-0.094186,7.79115,0.666667,1.0,9.328995,-0.004239199999999999,0.13108289581632018,0.3
1769796282.89895,0.600513,-0.08994680000000001,7.795125783674281,0.3,-0.00296,-0.094186,7.79115,0.666667,1.0,9.328995,-0.004239199999999999,0.13298247241819458,0.3
1769796282.89895,0.600513,-0.08994680000000001,7.782001452559575,0.3,-0.00296,-0.094186,7.79115,0.666667,1.0,9.328995,-0.004239199999999999,0.13140293155076374,0.3
1769796282.89895,0.600513,-0.08994680000000001,7.792652688620917,0.3,-0.00296,-0.094186,7.79115,0.666667,1.0,9.328995,-0.004239199999999999,0.13470369823964962,0.3
1769796282.89895,0.600513,-0.08994680000000001,7.7753211835409655,0.3,-0.00296,-0.094186,7.79115,0.666667,1.0,9.328995,-0.004239199999999999,0.13232218589199388,0.3
1769796282.89895,0.600513,-0.08994680000000001,7.796290526645509,0.3,-0.00296,-0.094186,7.79115,0.666667,1.0,9.328995,-0.004239199999999999,0.13465768652078916,0.3
1769796282.89895,0.600513,-0.08994680000000001,7.778639684848145,0.3,-0.00296,-0.094186,7.79115,0.666667,1.0,9.328995,-0.004239199999999999,0.13062589174567524,0.3
1769796282.89895,0.600513,-0.08994680000000001,7.799511952191649,0.3,-0.00296,-0.094186,7.79115,0.666667,1.0,9.328995,-0.004239199999999999,0.13101617701814788,0.3
1769796282.89895,0.600513,-0.08994680000000001,7.7939488150106735,0.3,-0.00296,-0.094186,7.79115,0.666667,1.0,9.328995,-0.004239199999999999,0.13014748363103903,0.3
1769796282.89895,0.600513,-0.08994680000000001,7.7838518451707985,0.3,-0.00296,-0.094186,7.79115,0.666667,1.0,9.328995,-0.004239199999999999,0.13188418012010653,0.3
1769796282.89895,0.600513,-0.08994680000000001,7.789091773257244,0.3,-0.00296,-0.094186,7.79115,0.666667,1.0,9.328995,-0.004239199999999999,0.13136056261596227,0.3
1769796282.89895,0.600513,-0.08994680000000001,7.797090520035539,0.3,-0.00296,-0.094186,7.79115,0.666667,1.0,9.328995,-0.004239199999999999,0.1298769008808484,0.3
1769796282.89895,0.600513,-0.08994680000000001,7.792753815581482,0.3,-0.00296,-0.094186,7.79115,0.666667,1.0,9.328995,-0.004239199999999999,0.12960497746344765,0.3
1769796282.89895,0.600513,-0.08994680000000001,7.7907233137616485,0.3,-0.00296,-0.094186,7.79115,0.666667,1.0,9.328995,-0.004239199999999999,0.13113713166305727,0.3
1769796282.89895,0.600513,-0.08994680000000001,7.787897594837881,0.3,-0.00296,-0.094186,7.79115,0.666667,1.0,9.328995,-0.004239199999999999,0.1316413498003813,0.3
1769796282.89895,0.600513,-0.08994680000000001,7.7897285067575375,0.3,-0.00296,-0.094186,7.79115,0.666667,1.0,9.328995,-0.004239199999999999,0.13107764050293705,0.3
1769796282.89895,0.600513,-0.08994680000000001,7.794105569546314,0.3,-0.00296,-0.094186,7.79115,0.666667,1.0,9.328995,-0.004239199999999999,0.12968745818143138,0.3
1769796282.89895,0.600513,-0.08994680000000001,7.796238688766915,0.3,-0.00296,-0.094186,7.79115,0.666667,1.0,9.328995,-0.004239199999999999,0.13200713393924576,0.3
1769796282.89895,0.600513,-0.08994680000000001,7.775810452210651,0.3,-0.00296,-0.094186,7.79115,0.666667,1.0,9.328995,-0.004239199999999999,0.13572417513667076,0.3
1769796282.89895,0.600513,-0.08994680000000001,7.771803322361764,0.3,-0.00296,-0.094186,7.79115,0.666667,1.0,9.328995,-0.004239199999999999,0.13716152788063887,0.3
1769796282.89895,0.600513,-0.08994680000000001,7.787614572303107,0.3,-0.00296,-0.094186,7.79115,0.666667,1.0,9.328995,-0.004239199999999999,0.1333250500326473,0.3
1769796282.89895,0.600513,-0.08994680000000001,7.7988293192986005,0.3,-0.00296,-0.094186,7.79115,0.666667,1.0,9.328995,-0.004239199999999999,0.13034945587479738,0.3
1769796282.89895,0.600513,-0.08994680000000001,7.789656887308864,0.3,-0.00296,-0.094186,7.79115,0.666667,1.0,9.328995,-0.004239199999999999,0.1295175287474076,0.3
1769796282.89895,0.600513,-0.08994680000000001,7.792606135067445,0.3,-0.00296,-0.094186,7.79115,0.666667,1.0,9.328995,-0.004239199999999999,0.13218455610676852,0.3
1769796282.89895,0.600513,-0.08994680000000001,7.782827155142435,0.3,-0.00296,-0.094186,7.79115,0.666667,1.0,9.328995,-0.004239199999999999,0.13211110182599092,0.3
1769796282.89895,0.600513,-0.08994680000000001,7.790097612993529,0.3,-0.00296,-0.094186,7.79115,0.666667,1.0,9.328995,-0.004239199999999999,0.13356790145665925,0.3
1769796282.89895,0.600513,-0.08994680000000001,7.783865337283435,0.3,-0.00296,-0.094186,7.79115,0.666667,1.0,9.328995,-0.004239199999999999,0.13212298928685726,0.3
1769796282.89895,0.600513,-0.08994680000000001,7.791496628161247,0.3,-0.00296,-0.094186,7.79115,0.666667,1.0,9.328995,-0.004239199999999999,0.13179708316613675,0.3
1769796282.89895,0.600513,-0.08994680000000001,7.792053049717852,0.3,-0.00296,-0.094186,7.79115,0.666667,1.0,9.328995,-0.004239199999999999,0.12960943648827924,0.3
1769796282.89895,0.600513,-0.08994680000000001,7.79699121735058,0.3,-0.00296,-0.094186,7.79115,0.666667,1.0,9.328995,-0.004239199999999999,0.1303819799196809,0.3
1769796282.89895,0.600513,-0.08994680000000001,7.786861367572837,0.3,-0.00296,-0.094186,7.79115,0.666667,1.0,9.328995,-0.004239199999999999,0.12980188892671193,0.3
1769796282.89895,0.600513,-0.08994680000000001,7.795533595675666,0.3,-0.00296,-0.094186,7.79115,0.666667,1.0,9.328995,-0.004239199999999999,0.13125105932603684,0.3
1769796282.89895,0.600513,-0.08994680000000001,7.788296194954631,0.3,-0.00296,-0.094186,7.79115,0.666667,1.0,9.328995,-0.004239199999999999,0.13200791069733178,0.3
1769796282.89895,0.600513,-0.08994680000000001,7.7823202593450675,0.3,-0.00296,-0.094186,7.79115,0.666667,1.0,9.328995,-0.004239199999999999,0.13137636925086355,0.3
1769796282.89895,0.600513,-0.08994680000000001,7.799322844354475,0.3,-0.00296,-0.094186,7.79115,0.666667,1.0,9.328995,-0.004239199999999999,0.13023635889919313,0.3
1769796282.89895,0.600513,-0.08994680000000001,7.795136257064653,0.3,-0.00296,-0.094186,7.79115,0.666667,1.0,9.328995,-0.004239199999999999,0.12711834173698028,0.3
1769796282.89895,0.600513,-0.08994680000000001,7.801028362318345,0.3,-0.00296,-0.094186,7.79115,0.666667,1.0,9.328995,-0.004239199999999999,0.12825470461430485,0.3
1769796282.89895,0.600513,-0.08994680000000001,7.792504667090528,0.3,-0.00296,-0.094186,7.79115,0.666667,1.0,9.328995,-0.004239199999999999,0.12739990845915766,0.3
1769796282.89895,0.600513,-0.08994680000000001,7.800265033995537,0.3,-0.00296,-0.094186,7.79115,0.666667,1.0,9.328995,-0.004239199999999999,0.12917677674006114,0.3
1769796282.89895,0.600513,-0.08994680000000001,7.790367152632924,0.3,-0.00296,-0.094186,7.79115,0.666667,1.0,9.328995,-0.004239199999999999,0.1295176617803915,0.3
1769796282.89895,0.600513,-0.08994680000000001,7.790459356848546,0.3,-0.00296,-0.094186,7.79115,0.666667,1.0,9.328995,-0.004239199999999999,0.13142893512699425,0.3
1769796282.89895,0.600513,-0.08994680000000001,7.78879739391592,0.3,-0.00296,-0.094186,7.79115,0.666667,1.0,9.328995,-0.004239199999999999,0.13010623434158614,0.3
1769796282.89895,0.600513,-0.08994680000000001,7.798303357345373,0.3,-0.00296,-0.094186,7.79115,0.666667,1.0,9.328995,-0.004239199999999999,0.13012185727490236,0.3
1769796282.89895,0.600513,-0.08994680000000001,7.790365619248648,0.3,-0.00296,-0.094186,7.79115,0.666667,1.0,9.328995,-0.004239199999999999,0.12954207193855946,0.3
1769796282.89895,0.600513,-0.08994680000000001,7.792276105933977,0.3,-0.00296,-0.094186,7.79115,0.666667,1.0,9.328995,-0.004239199999999999,0.12905113838024382,0.3
1769796282.89895,0.600513,-0.08994680000000001,7.8012489586952665,0.3,-0.00296,-0.094186,7.79115,0.666667,1.0,9.328995,-0.004239199999999999,0.12773755024766892,0.3
1769796282.89895,0.600513,-0.08994680000000001,7.798247148044098,0.3,-0.00296,-0.094186,7.79115,0.666667,1.0,9.328995,-0.004239199999999999,0.12855312761680535,0.3
1769796282.89895,0.600513,-0.08994680000000001,7.787382641719159,0.3,-0.00296,-0.094186,7.79115,0.666667,1.0,9.328995,-0.004239199999999999,0.1290059212259002,0.3
1769796282.89895,0.600513,-0.08994680000000001,7.798532197040697,0.3,-0.00296,-0.094186,7.79115,0.666667,1.0,9.328995,-0.004239199999999999,0.1314088050151472,0.3
1769796282.89895,0.600513,-0.08994680000000001,7.783829845308616,0.3,-0.00296,-0.094186,7.79115,0.666667,1.0,9.328995,-0.004239199999999999,0.1304479338415105,0.3
1769796282.89895,0.600513,-0.08994680000000001,7.793147868760979,0.3,-0.00296,-0.094186,7.79115,0.666667,1.0,9.328995,-0.004239199999999999,0.12834955292302883,0.3
1769796282.89895,0.600513,-0.08994680000000001,7.811122482551587,0.3,-0.00296,-0.094186,7.79115,0.666667,1.0,9.328995,-0.004239199999999999,0.12762793133746925,0.3
1769796282.89895,0.600513,-0.08994680000000001,7.788159574821973,0.3,-0.00296,-0.094186,7.79115,0.666667,1.0,9.328995,-0.004239199999999999,0.12758597076419473,0.3
1769796282.89895,0.600513,-0.08994680000000001,7.793399632200626,0.3,-0.00296,-0.094186,7.79115,0.666667,1.0,9.328995,-0.004239199999999999,0.13113880742882536,0.3
1769796282.89895,0.600513,-0.08994680000000001,7.789805462563804,0.3,-0.00296,-0.094186,7.79115,0.666667,1.0,9.328995,-0.004239199999999999,0.1313915913210874,0.3
1769796282.89895,0.600513,-0.08994680000000001,7.786642871468401,0.3,-0.00296,-0.094186,7.79115,0.666667,1.0,9.328995,-0.004239199999999999,0.13269546507847138,0.3
1769796282.89895,0.600513,-0.08994680000000001,7.785576389656322,0.3,-0.00296,-0.094186,7.79115,0.666667,1.0,9.328995,-0.004239199999999999,0.13296340745122057,0.3
1769796282.89895,0.600513,-0.08994680000000001,7.7881978083273085,0.3,-0.00296,-0.094186,7.79115,0.666667,1.0,9.328995,-0.004239199999999999,0.13202115078122176,0.3
1769796282.89895,0.600513,-0.08994680000000001,7.792296411488394,0.3,-0.00296,-0.094186,7.79115,0.666667,1.0,9.328995,-0.004239199999999999,0.13070467523376825,0.3
1769796282.89895,0.600513,-0.08994680000000001,7.793475242941043,0.3,-0.00296,-0.094186,7.79115,0.666667,1.0,9.328995,-0.004239199999999999,0.1314717740060077,0.3
1769796282.89895,0.600513,-0.08994680000000001,7.783595215693872,0.3,-0.00296,-0.094186,7.79115,0.666667,1.0,9.328995,-0.004239199999999999,0.13116935793061651,0.3
1769796282.89895,0.600513,-0.08994680000000001,7.794110907940741,0.3,-0.00296,-0.094186,7.79115,0.666667,1.0,9.328995,-0.004239199999999999,0.13177327245973064,0.3
1769796282.89895,0.600513,-0.08994680000000001,7.7898517557663585,0.3,-0.00296,-0.094186,7.79115,0.666667,1.0,9.328995,-0.004239199999999999,0.1287050297259352,0.3
1769796282.89895,0.600513,-0.08994680000000001,7.802004672096644,0.3,-0.00296,-0.094186,7.79115,0.666667,1.0,9.328995,-0.004239199999999999,0.1291849630017177,0.3
1769796282.89895,0.600513,-0.08994680000000001,7.791231308286046,0.3,-0.00296,-0.094186,7.79115,0.666667,1.0,9.328995,-0.004239199999999999,0.12735572951556637,0.3
1769796282.89895,0.600513,-0.08994680000000001,7.800827156683266,0.3,-0.00296,-0.094186,7.79115,0.666667,1.0,9.328995,-0.004239199999999999,0.1309495391000865,0.3
1769796282.89895,0.600513,-0.08994680000000001,7.7804418145895236,0.3,-0.00296,-0.094186,7.79115,0.666667,1.0,9.328995,-0.004239199999999999,0.13151460431908343,0.3
1769796282.89895,0.600513,-0.08994680000000001,7.787840916972065,0.3,-0.00296,-0.094186,7.79115,0.666667,1.0,9.328995,-0.004239199999999999,0.13260735815755081,0.3
1769796282.89895,0.600513,-0.08994680000000001,7.794270633652462,0.3,-0.00296,-0.094186,7.79115,0.666667,1.0,9.328995,-0.004239199999999999,0.13068269187728582,0.3
1769796282.89895,0.600513,-0.08994680000000001,7.7919898122711135,0.3,-0.00296,-0.094186,7.79115,0.666667,1.0,9.328995,-0.004239199999999999,0.13030000196452649,0.3
1769796282.89895,0.600513,-0.08994680000000001,7.7901370564486205,0.3,-0.00296,-0.094186,7.79115,0.666667,1.0,9.328995,-0.004239199999999999,0.12982537961452553,0.3
1769796282.89895,0.600513,-0.08994680000000001,7.797118367752468,0.3,-0.00296,-0.094186,7.79115,0.666667,1.0,9.328995,-0.004239199999999999,0.1304823521334538,0.3
1769796282.89895,0.600513,-0.08994680000000001,7.788047977157544,0.3,-0.00296,-0.094186,7.79115,0.666667,1.0,9.328995,-0.004239199999999999,0.12873831464583801,0.3
1769796282.89895,0.600513,-0.08994680000000001,7.800601281374315,0.3,-0.00296,-0.094186,7.79115,0.666667,1.0,9.328995,-0.004239199999999999,0.12926348719543598,0.3
1769796282.89895,0.600513,-0.08994680000000001,7.79396733245488,0.3,-0.00296,-0.094186,7.79115,0.666667,1.0,9.328995,-0.004239199999999999,0.12746100493271298,0.3
1769796282.89895,0.600513,-0.08994680000000001,7.798862870733882,0.3,-0.00296,-0.094186,7.79115,0.666667,1.0,9.328995,-0.004239199999999999,0.12867798904679612,0.3
1769796282.89895,0.600513,-0.08994680000000001,7.793299376689816,0.3,-0.00296,-0.094186,7.79115,0.666667,1.0,9.328995,-0.004239199999999999,0.1295339281604769,0.3
1769796282.89895,0.600513,-0.08994680000000001,7.788831697772795,0.3,-0.00296,-0.094186,7.79115,0.666667,1.0,9.328995,-0.004239199999999999,0.1303598725889889,0.3
1769796282.89895,0.600513,-0.08994680000000001,7.79390720416281,0.3,-0.00296,-0.094186,7.79115,0.666667,1.0,9.328995,-0.004239199999999999,0.13177424758536257,0.3
1769796282.89895,0.600513,-0.08994680000000001,7.784813126711574,0.3,-0.00296,-0.094186,7.79115,0.666667,1.0,9.328995,-0.004239199999999999,0.13221518450650008,0.3
1769796282.89895,0.600513,-0.08994680000000001,7.78618607624597,0.3,-0.00296,-0.094186,7.79115,0.666667,1.0,9.328995,-0.004239199999999999,0.13377400354125654,0.3
1769796282.89895,0.600513,-0.08994680000000001,7.784554289954271,0.3,-0.00296,-0.094186,7.79115,0.666667,1.0,9.328995,-0.004239199999999999,0.13309141739047264,0.3
1769796282.89895,0.600513,-0.08994680000000001,7.788908643616278,0.3,-0.00296,-0.094186,7.79115,0.666667,1.0,9.328995,-0.004239199999999999,0.13222956460097732,0.3
1769796282.89895,0.600513,-0.08994680000000001,7.791357192982942,0.3,-0.00296,-0.094186,7.79115,0.666667,1.0,9.328995,-0.004239199999999999,0.13223399586520504,0.3
1769796282.89895,0.600513,-0.08994680000000001,7.784527702368905,0.3,-0.00296,-0.094186,7.79115,0.666667,1.0,9.328995,-0.004239199999999999,0.13172195950716217,0.3
1769796282.89895,0.600513,-0.08994680000000001,7.791980861764535,0.3,-0.00296,-0.094186,7.79115,0.666667,1.0,9.328995,-0.004239199999999999,0.131136115130209,0.3
1769796282.89895,0.600513,-0.08994680000000001,7.794872259244661,0.3,-0.00296,-0.094186,7.79115,0.666667,1.0,9.328995,-0.004239199999999999,0.13137613129378004,0.3
1769796282.89895,0.600513,-0.08994680000000001,7.783087605387479,0.3,-0.00296,-0.094186,7.79115,0.666667,1.0,9.328995,-0.004239199999999999,0.13257254987918923,0.3
1769796282.89895,0.600513,-0.08994680000000001,7.78480235025208,0.3,-0.00296,-0.094186,7.79115,0.666667,1.0,9.328995,-0.004239199999999999,0.13323499537080083,0.3
1769796282.89895,0.600513,-0.08994680000000001,7.790897586294991,0.3,-0.00296,-0.094186,7.79115,0.666667,1.0,9.328995,-0.004239199999999999,0.13293936110702712,0.3
1769796282.89895,0.600513,-0.08994680000000001,7.784861410970121,0.3,-0.00296,-0.094186,7.79115,0.666667,1.0,9.328995,-0.004239199999999999,0.1298509673829332,0.3
1769796282.89895,0.600513,-0.08994680000000001,7.803332712596643,0.3,-0.00296,-0.094186,7.79115,0.666667,1.0,9.328995,-0.004239199999999999,0.1316086709962759,0.3
1769796282.89895,0.600513,-0.08994680000000001,7.780351364614935,0.3,-0.00296,-0.094186,7.79115,0.666667,1.0,9.328995,-0.004239199999999999,0.12910308800441603,0.3
1769796282.89895,0.600513,-0.08994680000000001,7.799894908921281,0.3,-0.00296,-0.094186,7.79115,0.666667,1.0,9.328995,-0.004239199999999999,0.12961020496527656,0.3
1769796282.89895,0.600513,-0.08994680000000001,7.80029001083148,0.3,-0.00296,-0.094186,7.79115,0.666667,1.0,9.328995,-0.004239199999999999,0.12778343218115937,0.3
1769796282.89895,0.600513,-0.08994680000000001,7.791312001319638,0.3,-0.00296,-0.094186,7.79115,0.666667,1.0,9.328995,-0.004239199999999999,0.12844339138611297,0.3
1769796282.89895,0.600513,-0.08994680000000001,7.795935153691559,0.3,-0.00296,-0.094186,7.79115,0.666667,1.0,9.328995,-0.004239199999999999,0.130620763723004,0.3
1769796282.89895,0.600513,-0.08994680000000001,7.787225776810134,0.3,-0.00296,-0.094186,7.79115,0.666667,1.0,9.328995,-0.004239199999999999,0.1318303851261961,0.3
1769796282.89895,0.600513,-0.08994680000000001,7.784054272900486,0.3,-0.00296,-0.094186,7.79115,0.666667,1.0,9.328995,-0.004239199999999999,0.13383494314654726,0.3
1769796282.89895,0.600513,-0.08994680000000001,7.783907805569452,0.3,-0.00296,-0.094186,7.79115,0.666667,1.0,9.328995,-0.004239199999999999,0.13425595019637132,0.3
1769796282.89895,0.600513,-0.08994680000000001,7.7846997345111895,0.3,-0.00296,-0.094186,7.79115,0.666667,1.0,9.328995,-0.004239199999999999,0.13113939497109575,0.3
1769796282.89895,0.600513,-0.08994680000000001,7.802753604252139,0.3,-0.00296,-0.094186,7.79115,0.666667,1.0,9.328995,-0.004239199999999999,0.12942277835884317,0.3
1769796282.89895,0.600513,-0.08994680000000001,7.794207505242968,0.3,-0.00296,-0.094186,7.79115,0.666667,1.0,9.328995,-0.004239199999999999,0.12753255201496433,0.3
1769796282.89895,0.600513,-0.08994680000000001,7.7960410925744625,0.3,-0.00296,-0.094186,7.79115,0.666667,1.0,9.328995,-0.004239199999999999,0.1291605467157402,0.3
1769796282.89895,0.600513,-0.08994680000000001,7.792985636047484,0.3,-0.00296,-0.094186,7.79115,0.666667,1.0,9.328995,-0.004239199999999999,0.12982742997276459,0.3
1769796282.89895,0.600513,-0.08994680000000001,7.790206205700821,0.3,-0.00296,-0.094186,7.79115,0.666667,1.0,9.328995,-0.004239199999999999,0.13007762639640566,0.3
1769796282.89895,0.600513,-0.08994680000000001,7.794539914032616,0.3,-0.00296,-0.094186,7.79115,0.666667,1.0,9.328995,-0.004239199999999999,0.12796753438256622,0.3
1769796282.89895,0.600513,-0.08994680000000001,7.80564618813052,0.3,-0.00296,-0.094186,7.79115,0.666667,1.0,9.328995,-0.004239199999999999,0.12696003240881154,0.3
1769796282.89895,0.600513,-0.08994680000000001,7.796251217543349,0.3,-0.00296,-0.094186,7.79115,0.666667,1.0,9.328995,-0.004239199999999999,0.12852805733398717,0.3
1769796282.89895,0.600513,-0.08994680000000001,7.785131764481562,0.3,-0.00296,-0.094186,7.79115,0.666667,1.0,9.328995,-0.004239199999999999,0.13017982941564607,0.3
1769796282.89895,0.600513,-0.08994680000000001,7.795735555640567,0.3,-0.00296,-0.094186,7.79115,0.666667,1.0,9.328995,-0.004239199999999999,0.12935654963294965,0.3
1769796282.89895,0.600513,-0.08994680000000001,7.801190896239528,0.3,-0.00296,-0.094186,7.79115,0.666667,1.0,9.328995,-0.004239199999999999,0.1287813932539648,0.3
1769796282.89895,0.600513,-0.08994680000000001,7.7885827027554715,0.3,-0.00296,-0.094186,7.79115,0.666667,1.0,9.328995,-0.004239199999999999,0.13000535469170707,0.3
1769796282.89895,0.600513,-0.08994680000000001,7.788391787014113,0.3,-0.00296,-0.094186,7.79115,0.666667,1.0,9.328995,-0.004239199999999999,0.13236348432905334,0.3
1769796282.89895,0.600513,-0.08994680000000001,7.78704211841545,0.3,-0.00296,-0.094186,7.79115,0.666667,1.0,9.328995,-0.004239199999999999,0.1304083823111389,0.3
1769796282.89895,0.600513,-0.08994680000000001,7.800313314862958,0.3,-0.00296,-0.094186,7.79115,0.666667,1.0,9.328995,-0.004239199999999999,0.1307707410776024,0.3
1769796282.89895,0.600513,-0.08994680000000001,7.786217634415332,0.3,-0.00296,-0.094186,7.79115,0.666667,1.0,9.328995,-0.004239199999999999,0.13028075089217736,0.3
1769796282.89895,0.600513,-0.08994680000000001,7.7899820595280005,0.3,-0.00296,-0.094186,7.79115,0.666667,1.0,9.328995,-0.004239199999999999,0.13121545947779228,0.3
1769796282.89895,0.600513,-0.08994680000000001,7.7947050633492685,0.3,-0.00296,-0.094186,7.79115,0.666667,1.0,9.328995,-0.004239199999999999,0.12870170123746755,0.3
1769796282.89895,0.600513,-0.08994680000000001,7.801300183857281,0.3,-0.00296,-0.094186,7.79115,0.666667,1.0,9.328995,-0.004239199999999999,0.12863276061372003,0.3
1769796282.89895,0.600513,-0.08994680000000001,7.790395703270486,0.3,-0.00296,-0.094186,7.79115,0.666667,1.0,9.328995,-0.004239199999999999,0.1281466857916977,0.3
1769796282.89895,0.600513,-0.08994680000000001,7.7976215122814025,0.3,-0.00296,-0.094186,7.79115,0.666667,1.0,9.328995,-0.004239199999999999,0.12970502427210587,0.3
1769796282.89895,0.600513,-0.08994680000000001,7.791950152974832,0.3,-0.00296,-0.094186,7.79115,0.666667,1.0,9.328995,-0.004239199999999999,0.12847810318850467,0.3
1769796282.89895,0.600513,-0.08994680000000001,7.797757229772093,0.3,-0.00296,-0.094186,7.79115,0.666667,1.0,9.328995,-0.004239199999999999,0.12992673882738934,0.3
1769796282.89895,0.600513,-0.08994680000000001,7.7889296984480945,0.3,-0.00296,-0.094186,7.79115,0.666667,1.0,9.328995,-0.004239199999999999,0.12906493304164854,0.3
1769796282.89895,0.600513,-0.08994680000000001,7.797120987689277,0.3,-0.00296,-0.094186,7.79115,0.666667,1.0,9.328995,-0.004239199999999999,0.12967950648170648,0.3
1769796282.89895,0.600513,-0.08994680000000001,7.794069789131745,0.3,-0.00296,-0.094186,7.79115,0.666667,1.0,9.328995,-0.004239199999999999,0.1295307603477294,0.3
1769796282.89895,0.600513,-0.08994680000000001,7.789822175251957,0.3,-0.00296,-0.094186,7.79115,0.666667,1.0,9.328995,-0.004239199999999999,0.1309585762203493,0.3
1769796282.89895,0.600513,-0.08994680000000001,7.788554092453557,0.3,-0.00296,-0.094186,7.79115,0.666667,1.0,9.328995,-0.004239199999999999,0.13090320180692133,0.3
1769796282.89895,0.600513,-0.08994680000000001,7.794402035612313,0.3,-0.00296,-0.094186,7.79115,0.666667,1.0,9.328995,-0.004239199999999999,0.1299006230931999,0.3
1769796282.89895,0.600513,-0.08994680000000001,7.795837647534285,0.3,-0.00296,-0.094186,7.79115,0.666667,1.0,9.328995,-0.004239199999999999,0.12897018050803835,0.3
1769796282.89895,0.600513,-0.08994680000000001,7.794136747964527,0.3,-0.00296,-0.094186,7.79115,0.666667,1.0,9.328995,-0.004239199999999999,0.12864795550905164,0.3
1769796282.89895,0.600513,-0.08994680000000001,7.796335385606233,0.3,-0.00296,-0.094186,7.79115,0.666667,1.0,9.328995,-0.004239199999999999,0.12998375417249156,0.3
1769796282.89895,0.600513,-0.08994680000000001,7.787822855553646,0.3,-0.00296,-0.094186,7.79115,0.666667,1.0,9.328995,-0.004239199999999999,0.1320594077393525,0.3
1769796282.89895,0.600513,-0.08994680000000001,7.781682826563361,0.3,-0.00296,-0.094186,7.79115,0.666667,1.0,9.328995,-0.004239199999999999,0.13319576273999825,0.3
1769796282.89895,0.600513,-0.08994680000000001,7.789517255602359,0.3,-0.00296,-0.094186,7.79115,0.666667,1.0,9.328995,-0.004239199999999999,0.1321943205380081,0.3
1769796282.89895,0.600513,-0.08994680000000001,7.793831508765587,0.3,-0.00296,-0.094186,7.79115,0.666667,1.0,9.328995,-0.004239199999999999,0.13143952327617553,0.3
1769796282.89895,0.600513,-0.08994680000000001,7.786211610134356,0.3,-0.00296,-0.094186,7.79115,0.666667,1.0,9.328995,-0.004239199999999999,0.13089643866135967,0.3
1769796282.89895,0.600513,-0.08994680000000001,7.792775763291254,0.3,-0.00296,-0.094186,7.79115,0.666667,1.0,9.328995,-0.004239199999999999,0.13370413167012257,0.3
1769796282.89895,0.600513,-0.08994680000000001,7.77698535071301,0.3,-0.00296,-0.094186,7.79115,0.666667,1.0,9.328995,-0.004239199999999999,0.13367337188267417,0.3
1769796282.89895,0.600513,-0.08994680000000001,7.786396168859047,0.3,-0.00296,-0.094186,7.79115,0.666667,1.0,9.328995,-0.004239199999999999,0.13413539096218433,0.3
1769796282.89895,0.600513,-0.08994680000000001,7.790003648814193,0.3,-0.00296,-0.094186,7.79115,0.666667,1.0,9.328995,-0.004239199999999999,0.13069672645320088,0.3
1769796282.89895,0.600513,-0.08994680000000001,7.79761733776691,0.3,-0.00296,-0.094186,7.79115,0.666667,1.0,9.328995,-0.004239199999999999,0.12883909904861665,0.3
1769796282.89895,0.600513,-0.08994680000000001,7.797541933286552,0.3,-0.00296,-0.094186,7.79115,0.666667,1.0,9.328995,-0.004239199999999999,0.12851034194503627,0.3
1769796282.89895,0.600513,-0.08994680000000001,7.791976191435675,0.3,-0.00296,-0.094186,7.79115,0.666667,1.0,9.328995,-0.004239199999999999,0.13258619871517938,0.3
1769796282.89895,0.600513,-0.08994680000000001,7.773162197146052,0.3,-0.00296,-0.094186,7.79115,0.666667,1.0,9.328995,-0.004239199999999999,0.13520858915901515,0.3
1769796282.89895,0.600513,-0.08994680000000001,7.781807590623537,0.3,-0.00296,-0.094186,7.79115,0.666667,1.0,9.328995,-0.004239199999999999,0.13646738684516752,0.3
1769796282.89895,0.600513,-0.08994680000000001,7.784423405318761,0.3,-0.00296,-0.094186,7.79115,0.666667,1.0,9.328995,-0.004239199999999999,0.13422019461106988,0.3
1769796282.89895,0.600513,-0.08994680000000001,7.7866453505506374,0.3,-0.00296,-0.094186,7.79115,0.666667,1.0,9.328995,-0.004239199999999999,0.13134270030755907,0.3
1769796282.89895,0.600513,-0.08994680000000001,7.799072556444602,0.3,-0.00296,-0.094186,7.79115,0.666667,1.0,9.328995,-0.004239199999999999,0.1307106341290952,0.3
1769796282.89895,0.600513,-0.08994680000000001,7.788215802389544,0.3,-0.00296,-0.094186,7.79115,0.666667,1.0,9.328995,-0.004239199999999999,0.13136452285986663,0.3
1769796282.89895,0.600513,-0.08994680000000001,7.782722018166009,0.3,-0.00296,-0.094186,7.79115,0.666667,1.0,9.328995,-0.004239199999999999,0.1317061729848747,0.3
1769796282.89895,0.600513,-0.08994680000000001,7.797022655694554,0.3,-0.00296,-0.094186,7.79115,0.666667,1.0,9.328995,-0.004239199999999999,0.13181230871418695,0.3
1769796282.89895,0.600513,-0.08994680000000001,7.787578988013671,0.3,-0.00296,-0.094186,7.79115,0.666667,1.0,9.328995,-0.004239199999999999,0.13115695175510295,0.3
1769796282.89895,0.600513,-0.08994680000000001,7.786654159920513,0.3,-0.00296,-0.094186,7.79115,0.666667,1.0,9.328995,-0.004239199999999999,0.13215765106158,0.3
1769796282.89895,0.600513,-0.08994680000000001,7.7910184598556915,0.3,-0.00296,-0.094186,7.79115,0.666667,1.0,9.328995,-0.004239199999999999,0.131271887433953,0.3
1769796282.89895,0.600513,-0.08994680000000001,7.792893569779433,0.3,-0.00296,-0.094186,7.79115,0.666667,1.0,9.328995,-0.004239199999999999,0.13104976953456296,0.3
1769796282.89895,0.600513,-0.08994680000000001,7.787986867316853,0.3,-0.00296,-0.094186,7.79115,0.666667,1.0,9.328995,-0.004239199999999999,0.13104254355162961,0.3
1769796282.89895,0.600513,-0.08994680000000001,7.791061815753292,0.3,-0.00296,-0.094186,7.79115,0.666667,1.0,9.328995,-0.004239199999999999,0.13012154332618822,0.3
1769796282.89895,0.600513,-0.08994680000000001,7.798419571132081,0.3,-0.00296,-0.094186,7.79115,0.666667,1.0,9.328995,-0.004239199999999999,0.1293380290693725,0.3
1769796282.89895,0.600513,-0.08994680000000001,7.792687952857747,0.3,-0.00296,-0.094186,7.79115,0.666667,1.0,9.328995,-0.004239199999999999,0.12939152564494608,0.3
1769796282.89895,0.600513,-0.08994680000000001,7.79074083629985,0.3,-0.00296,-0.094186,7.79115,0.666667,1.0,9.328995,-0.004239199999999999,0.13238754856569387,0.3
1769796282.89895,0.600513,-0.08994680000000001,7.780443433607594,0.3,-0.00296,-0.094186,7.79115,0.666667,1.0,9.328995,-0.004239199999999999,0.13276009507592343,0.3
1769796282.89895,0.600513,-0.08994680000000001,7.79045267379637,0.3,-0.00296,-0.094186,7.79115,0.666667,1.0,9.328995,-0.004239199999999999,0.1322983284548251,0.3
1769796282.89895,0.600513,-0.08994680000000001,7.79351143602644,0.3,-0.00296,-0.094186,7.79115,0.666667,1.0,9.328995,-0.004239199999999999,0.13105291015210602,0.3
1769796282.89895,0.600513,-0.08994680000000001,7.787915943423909,0.3,-0.00296,-0.094186,7.79115,0.666667,1.0,9.328995,-0.004239199999999999,0.13179368970931218,0.3
1769796282.89895,0.600513,-0.08994680000000001,7.786007996453133,0.3,-0.00296,-0.094186,7.79115,0.666667,1.0,9.328995,-0.004239199999999999,0.13144143447077514,0.3
1769796282.89895,0.600513,-0.08994680000000001,7.7956249674576625,0.3,-0.00296,-0.094186,7.79115,0.666667,1.0,9.328995,-0.004239199999999999,0.13044931125155207,0.3
1769796282.89895,0.600513,-0.08994680000000001,7.793868682739247,0.3,-0.00296,-0.094186,7.79115,0.666667,1.0,9.328995,-0.004239199999999999,0.13060241078586463,0.3
1769796282.89895,0.600513,-0.08994680000000001,7.785089399247258,0.3,-0.00296,-0.094186,7.79115,0.666667,1.0,9.328995,-0.004239199999999999,0.1322660315686651,0.3
1769796282.89895,0.600513,-0.08994680000000001,7.78564324276086,0.3,-0.00296,-0.094186,7.79115,0.666667,1.0,9.328995,-0.004239199999999999,0.13403858801459537,0.3
1769796282.89895,0.600513,-0.08994680000000001,7.783233344063666,0.3,-0.00296,-0.094186,7.79115,0.666667,1.0,9.328995,-0.004239199999999999,0.13509675972547672,0.3
1769796282.89895,0.600513,-0.08994680000000001,7.778740368981969,0.3,-0.00296,-0.094186,7.79115,0.666667,1.0,9.328995,-0.004239199999999999,0.13403766533610634,0.3
1769796282.89895,0.600513,-0.08994680000000001,7.791997809097082,0.3,-0.00296,-0.094186,7.79115,0.666667,1.0,9.328995,-0.004239199999999999,0.1323083470641718,0.3
1769796282.89895,0.600513,-0.08994680000000001,7.793609253695273,0.3,-0.00296,-0.094186,7.79115,0.666667,1.0,9.328995,-0.004239199999999999,0.1311252757307849,0.3
1769796282.89895,0.600513,-0.08994680000000001,7.785838796982291,0.3,-0.00296,-0.094186,7.79115,0.666667,1.0,9.328995,-0.004239199999999999,0.1304141228123684,0.3
1769796282.89895,0.600513,-0.08994680000000001,7.796264726607581,0.3,-0.00296,-0.094186,7.79115,0.666667,1.0,9.328995,-0.004239199999999999,0.12929589213834605,0.3
1769796282.89895,0.600513,-0.08994680000000001,7.800318637739407,0.3,-0.00296,-0.094186,7.79115,0.666667,1.0,9.328995,-0.004239199999999999,0.12839753951817062,0.3
1769796282.89895,0.600513,-0.08994680000000001,7.791228912703343,0.3,-0.00296,-0.094186,7.79115,0.666667,1.0,9.328995,-0.004239199999999999,0.12969622634279204,0.3
1769796282.89895,0.600513,-0.08994680000000001,7.7884726056598526,0.3,-0.00296,-0.094186,7.79115,0.666667,1.0,9.328995,-0.004239199999999999,0.13239499617297706,0.3
1769796282.89895,0.600513,-0.08994680000000001,7.784126018758297,0.3,-0.00296,-0.094186,7.79115,0.666667,1.0,9.328995,-0.004239199999999999,0.13011806533693457,0.3
1769796282.89895,0.600513,-0.08994680000000001,7.804890497719598,0.3,-0.00296,-0.094186,7.79115,0.666667,1.0,9.328995,-0.004239199999999999,0.12769566607596036,0.3
1769796282.89895,0.600513,-0.08994680000000001,7.803007001225698,0.3,-0.00296,-0.094186,7.79115,0.666667,1.0,9.328995,-0.004239199999999999,0.12576154763053518,0.3
1769796282.89895,0.600513,-0.08994680000000001,7.795730729430848,0.3,-0.00296,-0.094186,7.79115,0.666667,1.0,9.328995,-0.004239199999999999,0.1281230348753267,0.3
1769796282.89895,0.600513,-0.08994680000000001,7.790721574250849,0.3,-0.00296,-0.094186,7.79115,0.666667,1.0,9.328995,-0.004239199999999999,0.128104177113947,0.3
1769796282.89895,0.600513,-0.08994680000000001,7.803120147793976,0.3,-0.00296,-0.094186,7.79115,0.666667,1.0,9.328995,-0.004239199999999999,0.12768229789582092,0.3
1769796282.89895,0.600513,-0.08994680000000001,7.7982620047396045,0.3,-0.00296,-0.094186,7.79115,0.666667,1.0,9.328995,-0.004239199999999999,0.1282823169159167,0.3
1769796282.89895,0.600513,-0.08994680000000001,7.787121460130274,0.3,-0.00296,-0.094186,7.79115,0.666667,1.0,9.328995,-0.004239199999999999,0.13073898131596237,0.3
1769796282.89895,0.600513,-0.08994680000000001,7.788380161393702,0.3,-0.00296,-0.094186,7.79115,0.666667,1.0,9.328995,-0.004239199999999999,0.1318953839951717,0.3
1769796282.89895,0.600513,-0.08994680000000001,7.791323588664349,0.3,-0.00296,-0.094186,7.79115,0.666667,1.0,9.328995,-0.004239199999999999,0.13073340241442047,0.3
1769796282.89895,0.600513,-0.08994680000000001,7.794093349614782,0.3,-0.00296,-0.094186,7.79115,0.666667,1.0,9.328995,-0.004239199999999999,0.13064227083259933,0.3
1769796282.89895,0.600513,-0.08994680000000001,7.788926950884629,0.3,-0.00296,-0.094186,7.79115,0.666667,1.0,9.328995,-0.004239199999999999,0.12934670378085603,0.3
1769796282.89895,0.600513,-0.08994680000000001,7.7990969909748085,0.3,-0.00296,-0.094186,7.79115,0.666667,1.0,9.328995,-0.004239199999999999,0.13026341150548573,0.3
1769796282.89895,0.600513,-0.08994680000000001,7.7885931032670035,0.3,-0.00296,-0.094186,7.79115,0.666667,1.0,9.328995,-0.004239199999999999,0.12899681659378442,0.3
1769796282.89895,0.600513,-0.08994680000000001,7.796526520354837,0.3,-0.00296,-0.094186,7.79115,0.666667,1.0,9.328995,-0.004239199999999999,0.129363450049747,0.3
1769796282.89895,0.600513,-0.08994680000000001,7.796897190239033,0.3,-0.00296,-0.094186,7.79115,0.666667,1.0,9.328995,-0.004239199999999999,0.12735748500581465,0.3
1769796282.89895,0.600513,-0.08994680000000001,7.800628893530598,0.3,-0.00296,-0.094186,7.79115,0.666667,1.0,9.328995,-0.004239199999999999,0.12871135934257197,0.3
1769796282.89895,0.600513,-0.08994680000000001,7.788403274334293,0.3,-0.00296,-0.094186,7.79115,0.666667,1.0,9.328995,-0.004239199999999999,0.13210319691760544,0.3
1769796282.89895,0.600513,-0.08994680000000001,7.776546164788832,0.3,-0.00296,-0.094186,7.79115,0.666667,1.0,9.328995,-0.004239199999999999,0.1326448492256179,0.3
1769796282.89895,0.600513,-0.08994680000000001,7.797378979682523,0.3,-0.00296,-0.094186,7.79115,0.666667,1.0,9.328995,-0.004239199999999999,0.13173966107039012,0.3
1769796282.89895,0.600513,-0.08994680000000001,7.7938344032656595,0.3,-0.00296,-0.094186,7.79115,0.666667,1.0,9.328995,-0.004239199999999999,0.12929423411046378,0.3
1769796282.89895,0.600513,-0.08994680000000001,7.79121872654839,0.3,-0.00296,-0.094186,7.79115,0.666667,1.0,9.328995,-0.004239199999999999,0.12935257119239324,0.3
1769796282.89895,0.600513,-0.08994680000000001,7.797028957190946,0.3,-0.00296,-0.094186,7.79115,0.666667,1.0,9.328995,-0.004239199999999999,0.13174623388141418,0.3
1769796282.89895,0.600513,-0.08994680000000001,7.779472427131534,0.3,-0.00296,-0.094186,7.79115,0.666667,1.0,9.328995,-0.004239199999999999,0.1312888421564745,0.3
1769796282.89895,0.600513,-0.08994680000000001,7.793963076898028,0.3,-0.00296,-0.094186,7.79115,0.666667,1.0,9.328995,-0.004239199999999999,0.13097019776345062,0.3
1769796282.89895,0.600513,-0.08994680000000001,7.798940823549089,0.3,-0.00296,-0.094186,7.79115,0.666667,1.0,9.328995,-0.004239199999999999,0.12951847370625108,0.3
1769796282.89895,0.600513,-0.08994680000000001,7.788182771474731,0.3,-0.00296,-0.094186,7.79115,0.666667,1.0,9.328995,-0.004239199999999999,0.12774528179982106,0.3
1769796282.89895,0.600513,-0.08994680000000001,7.804602228336608,0.3,-0.00296,-0.094186,7.79115,0.666667,1.0,9.328995,-0.004239199999999999,0.12919249214411258,0.3
1769796282.89895,0.600513,-0.08994680000000001,7.79025756148334,0.3,-0.00296,-0.094186,7.79115,0.666667,1.0,9.328995,-0.004239199999999999,0.13006158096097423,0.3
1769796282.89895,0.600513,-0.08994680000000001,7.782968238573561,0.3,-0.00296,-0.094186,7.79115,0.666667,1.0,9.328995,-0.004239199999999999,0.13343175358581902,0.3
1769796282.89895,0.600513,-0.08994680000000001,7.7843811925875395,0.3,-0.00296,-0.094186,7.79115,0.666667,1.0,9.328995,-0.004239199999999999,0.13467973804687502,0.3
1769796282.89895,0.600513,-0.08994680000000001,7.782769654717004,0.3,-0.00296,-0.094186,7.79115,0.666667,1.0,9.328995,-0.004239199999999999,0.13300077257394344,0.3
1769796282.89895,0.600513,-0.08994680000000001,7.793042031411151,0.3,-0.00296,-0.094186,7.79115,0.666667,1.0,9.328995,-0.004239199999999999,0.1321169538556241,0.3
1769796282.89895,0.600513,-0.08994680000000001,7.789684104897455,0.3,-0.00296,-0.094186,7.79115,0.666667,1.0,9.328995,-0.004239199999999999,0.1335018419078274,0.3
1769796282.89895,0.600513,-0.08994680000000001,7.774460326403784,0.3,-0.00296,-0.094186,7.79115,0.666667,1.0,9.328995,-0.004239199999999999,0.13429492795164627,0.3
1769796282.89895,0.600513,-0.08994680000000001,7.788283515148238,0.3,-0.00296,-0.094186,7.79115,0.666667,1.0,9.328995,-0.004239199999999999,0.13688164932089236,0.3
1769796282.89895,0.600513,-0.08994680000000001,7.774163776681979,0.3,-0.00296,-0.094186,7.79115,0.666667,1.0,9.328995,-0.004239199999999999,0.13159932851037456,0.3
1769796282.89895,0.600513,-0.08994680000000001,7.806154251266891,0.3,-0.00296,-0.094186,7.79115,0.666667,1.0,9.328995,-0.004239199999999999,0.13278364675358947,0.3
1769796282.89895,0.600513,-0.08994680000000001,7.781177605688948,0.3,-0.00296,-0.094186,7.79115,0.666667,1.0,9.328995,-0.004239199999999999,0.12846966898391984,0.3
1769796282.89895,0.600513,-0.08994680000000001,7.800047643299997,0.3,-0.00296,-0.094186,7.79115,0.666667,1.0,9.328995,-0.004239199999999999,0.13262136995495227,0.3
1769796282.89895,0.600513,-0.08994680000000001,7.781244045440697,0.3,-0.00296,-0.094186,7.79115,0.666667,1.0,9.328995,-0.004239199999999999,0.12874558259266994,0.3
1769796282.89895,0.600513,-0.08994680000000001,7.804432329862642,0.3,-0.00296,-0.094186,7.79115,0.666667,1.0,9.328995,-0.004239199999999999,0.12920962220897678,0.3
1769796282.89895,0.600513,-0.08994680000000001,7.7972634056021555,0.3,-0.00296,-0.094186,7.79115,0.666667,1.0,9.328995,-0.004239199999999999,0.1271735284209555,0.3
1769796282.89895,0.600513,-0.08994680000000001,7.793460608168824,0.3,-0.00296,-0.094186,7.79115,0.666667,1.0,9.328995,-0.004239199999999999,0.12996188396821656,0.3
1769796282.89895,0.600513,-0.08994680000000001,7.787702196579076,0.3,-0.00296,-0.094186,7.79115,0.666667,1.0,9.328995,-0.004239199999999999,0.13105207926329684,0.3
1769796282.89895,0.600513,-0.08994680000000001,7.790722233831674,0.3,-0.00296,-0.094186,7.79115,0.666667,1.0,9.328995,-0.004239199999999999,0.13095899519420698,0.3
1769796282.89895,0.600513,-0.08994680000000001,7.7940191125833636,0.3,-0.00296,-0.094186,7.79115,0.666667,1.0,9.328995,-0.004239199999999999,0.13208527102551385,0.3
1769796282.89895,0.600513,-0.08994680000000001,7.780944541591235,0.3,-0.00296,-0.094186,7.79115,0.666667,1.0,9.328995,-0.004239199999999999,0.13266730499929283,0.3
1769796282.89895,0.600513,-0.08994680000000001,7.787230029989,0.3,-0.00296,-0.094186,7.79115,0.666667,1.0,9.328995,-0.004239199999999999,0.13224526435018955,0.3
1769796282.89895,0.600513,-0.08994680000000001,7.796551356477983,0.3,-0.00296,-0.094186,7.79115,0.666667,1.0,9.328995,-0.004239199999999999,0.1312370916282623,0.3
1769796282.89895,0.600513,-0.08994680000000001,7.786993577922798,0.3,-0.00296,-0.094186,7.79115,0.666667,1.0,9.328995,-0.004239199999999999,0.13049872443171687,0.3
1769796282.89895,0.600513,-0.08994680000000001,7.7916602331682725,0.3,-0.00296,-0.094186,7.79115,0.666667,1.0,9.328995,-0.004239199999999999,0.1307558149141123,0.3
1769796282.89895,0.600513,-0.08994680000000001,7.79500881358361,0.3,-0.00296,-0.094186,7.79115,0.666667,1.0,9.328995,-0.004239199999999999,0.129911155856627,0.3
1769796282.89895,0.600513,-0.08994680000000001,7.79206153226771,0.3,-0.00296,-0.094186,7.79115,0.666667,1.0,9.328995,-0.004239199999999999,0.12803978010770053,0.3
1769796282.89895,0.600513,-0.08994680000000001,7.802888487661831,0.3,-0.00296,-0.094186,7.79115,0.666667,1.0,9.328995,-0.004239199999999999,0.12794045991720235,0.3
1769796282.89895,0.600513,-0.08994680000000001,7.7956047347265995,0.3,-0.00296,-0.094186,7.79115,0.666667,1.0,9.328995,-0.004239199999999999,0.1273434300529864,0.3
1769796282.89895,0.600513,-0.08994680000000001,7.795643711453006,0.3,-0.00296,-0.094186,7.79115,0.666667,1.0,9.328995,-0.004239199999999999,0.12730297711346647,0.3
1769796282.89895,0.600513,-0.08994680000000001,7.803131205298951,0.3,-0.00296,-0.094186,7.79115,0.666667,1.0,9.328995,-0.004239199999999999,0.12926567042537046,0.3
1769796282.89895,0.600513,-0.08994680000000001,7.783828574855176,0.3,-0.00296,-0.094186,7.79115,0.666667,1.0,9.328995,-0.004239199999999999,0.12933786641540593,0.3
1769796282.89895,0.600513,-0.08994680000000001,7.795210535512793,0.3,-0.00296,-0.094186,7.79115,0.666667,1.0,9.328995,-0.004239199999999999,0.13244460172563713,0.3
1769796282.89895,0.600513,-0.08994680000000001,7.784490793437564,0.3,-0.00296,-0.094186,7.79115,0.666667,1.0,9.328995,-0.004239199999999999,0.13234187886833418,0.3
1769796282.89895,0.600513,-0.08994680000000001,7.784444911998993,0.3,-0.00296,-0.094186,7.79115,0.666667,1.0,9.328995,-0.004239199999999999,0.1354799076329332,0.3
1769796282.89895,0.600513,-0.08994680000000001,7.776382362925199,0.3,-0.00296,-0.094186,7.79115,0.666667,1.0,9.328995,-0.004239199999999999,0.13378788747484632,0.3
1769796282.89895,0.600513,-0.08994680000000001,7.794642914386085,0.3,-0.00296,-0.094186,7.79115,0.666667,1.0,9.328995,-0.004239199999999999,0.1311460772948295,0.3
1769796282.89895,0.600513,-0.08994680000000001,7.800295773079094,0.3,-0.00296,-0.094186,7.79115,0.666667,1.0,9.328995,-0.004239199999999999,0.1276529062905066,0.3
1769796282.89895,0.600513,-0.08994680000000001,7.7973413889511365,0.3,-0.00296,-0.094186,7.79115,0.666667,1.0,9.328995,-0.004239199999999999,0.12824139583722846,0.3
1769796282.89895,0.600513,-0.08994680000000001,7.7911119771057535,0.3,-0.00296,-0.094186,7.79115,0.666667,1.0,9.328995,-0.004239199999999999,0.1299789771134398,0.3
1769796282.89895,0.600513,-0.08994680000000001,7.789870285421826,0.3,-0.00296,-0.094186,7.79115,0.666667,1.0,9.328995,-0.004239199999999999,0.131825111143723,0.3
1769796282.89895,0.600513,-0.08994680000000001,7.786264584769437,0.3,-0.00296,-0.094186,7.79115,0.666667,1.0,9.328995,-0.004239199999999999,0.1328158027378233,0.3
1769796282.89895,0.600513,-0.08994680000000001,7.7851678275411516,0.3,-0.00296,-0.094186,7.79115,0.666667,1.0,9.328995,-0.004239199999999999,0.13326690488514265,0.3
1769796282.89895,0.600513,-0.08994680000000001,7.78716367253791,0.3,-0.00296,-0.094186,7.79115,0.666667,1.0,9.328995,-0.004239199999999999,0.13156299823072695,0.3
1769796282.89895,0.600513,-0.08994680000000001,7.796488024695932,0.3,-0.00296,-0.094186,7.79115,0.666667,1.0,9.328995,-0.004239199999999999,0.12993791124837858,0.3
1769796282.89895,0.600513,-0.08994680000000001,7.794918349435242,0.3,-0.00296,-0.094186,7.79115,0.666667,1.0,9.328995,-0.004239199999999999,0.13090996131317606,0.3
1769796282.89895,0.600513,-0.08994680000000001,7.7813313721491255,0.3,-0.00296,-0.094186,7.79115,0.666667,1.0,9.328995,-0.004239199999999999,0.129552275696419,0.3
1769796282.89895,0.600513,-0.08994680000000001,7.804634138396474,0.3,-0.00296,-0.094186,7.79115,0.666667,1.0,9.328995,-0.004239199999999999,0.13015544334971166,0.3
1769796282.89895,0.600513,-0.08994680000000001,7.791299343515486,0.3,-0.00296,-0.094186,7.79115,0.666667,1.0,9.328995,-0.004239199999999999,0.1282593285604051,0.3
1769796282.89895,0.600513,-0.08994680000000001,7.792708060884965,0.3,-0.00296,-0.094186,7.79115,0.666667,1.0,9.328995,-0.004239199999999999,0.1307324775590017,0.3
1769796282.89895,0.600513,-0.08994680000000001,7.789795244404894,0.3,-0.00296,-0.094186,7.79115,0.666667,1.0,9.328995,-0.004239199999999999,0.1309173110589297,0.3
1769796282.89895,0.600513,-0.08994680000000001,7.790190342515918,0.3,-0.00296,-0.094186,7.79115,0.666667,1.0,9.328995,-0.004239199999999999,0.13198922037798475,0.3
1769796282.89895,0.600513,-0.08994680000000001,7.7862766049706345,0.3,-0.00296,-0.094186,7.79115,0.666667,1.0,9.328995,-0.004239199999999999,0.13242478805328525,0.3
1769796282.89895,0.600513,-0.08994680000000001,7.787181838353091,0.3,-0.00296,-0.094186,7.79115,0.666667,1.0,9.328995,-0.004239199999999999,0.1338703274318205,0.3
1769796282.89895,0.600513,-0.08994680000000001,7.781517106244706,0.3,-0.00296,-0.094186,7.79115,0.666667,1.0,9.328995,-0.004239199999999999,0.13356365393360833,0.3
1769796282.89895,0.600513,-0.08994680000000001,7.788116645959907,0.3,-0.00296,-0.094186,7.79115,0.666667,1.0,9.328995,-0.004239199999999999,0.13424794760268227,0.3
1769796282.89895,0.600513,-0.08994680000000001,7.783076076338648,0.3,-0.00296,-0.094186,7.79115,0.666667,1.0,9.328995,-0.004239199999999999,0.13453729890470276,0.3
1769796282.89895,0.600513,-0.08994680000000001,7.779780998432583,0.3,-0.00296,-0.094186,7.79115,0.666667,1.0,9.328995,-0.004239199999999999,0.13300731044270758,0.3
1769796282.89895,0.600513,-0.08994680000000001,7.7972965767318785,0.3,-0.00296,-0.094186,7.79115,0.666667,1.0,9.328995,-0.004239199999999999,0.13115705625779225,0.3
1769796282.89895,0.600513,-0.08994680000000001,7.79417760144814,0.3,-0.00296,-0.094186,7.79115,0.666667,1.0,9.328995,-0.004239199999999999,0.13118822237151626,0.3
1769796282.89895,0.600513,-0.08994680000000001,7.779594001750239,0.3,-0.00296,-0.094186,7.79115,0.666667,1.0,9.328995,-0.004239199999999999,0.13110064064440635,0.3
1769796282.89895,0.600513,-0.08994680000000001,7.797822067094538,0.3,-0.00296,-0.094186,7.79115,0.666667,1.0,9.328995,-0.004239199999999999,0.1299861365461182,0.3
1769796282.89895,0.600513,-0.08994680000000001,7.8008646260378685,0.3,-0.00296,-0.094186,7.79115,0.666667,1.0,9.328995,-0.004239199999999999,0.12850806562549452,0.3
1769796282.89895,0.600513,-0.08994680000000001,7.7884624272739815,0.3,-0.00296,-0.094186,7.79115,0.666667,1.0,9.328995,-0.004239199999999999,0.13018477522267208,0.3
1769796282.89895,0.600513,-0.08994680000000001,7.787761809511473,0.3,-0.00296,-0.094186,7.79115,0.666667,1.0,9.328995,-0.004239199999999999,0.1316565604254029,0.3
1769796282.89895,0.600513,-0.08994680000000001,7.792033914821483,0.3,-0.00296,-0.094186,7.79115,0.666667,1.0,9.328995,-0.004239199999999999,0.1298902243003765,0.3
1769796282.89895,0.600513,-0.08994680000000001,7.79906044402414,0.3,-0.00296,-0.094186,7.79115,0.666667,1.0,9.328995,-0.004239199999999999,0.1266230350477317,0.3
1769796282.89895,0.600513,-0.08994680000000001,7.8073649450273415,0.3,-0.00296,-0.094186,7.79115,0.666667,1.0,9.328995,-0.004239199999999999,0.1250496094774451,0.3
1769796282.89895,0.600513,-0.08994680000000001,7.801474468243203,0.3,-0.00296,-0.094186,7.79115,0.666667,1.0,9.328995,-0.004239199999999999,0.12641915811427493,0.3
1769796282.89895,0.600513,-0.08994680000000001,7.790843152203161,0.3,-0.00296,-0.094186,7.79115,0.666667,1.0,9.328995,-0.004239199999999999,0.1300027537164883,0.3
1769796282.89895,0.600513,-0.08994680000000001,7.785863371414061,0.3,-0.00296,-0.094186,7.79115,0.666667,1.0,9.328995,-0.004239199999999999,0.1304670699576956,0.3
1769796282.89895,0.600513,-0.08994680000000001,7.798688570795959,0.3,-0.00296,-0.094186,7.79115,0.666667,1.0,9.328995,-0.004239199999999999,0.13180436785364344,0.3
1769796282.89895,0.600513,-0.08994680000000001,7.782819364827474,0.3,-0.00296,-0.094186,7.79115,0.666667,1.0,9.328995,-0.004239199999999999,0.13312606321379075,0.3
1769796282.89895,0.600513,-0.08994680000000001,7.7779331992531775,0.3,-0.00296,-0.094186,7.79115,0.666667,1.0,9.328995,-0.004239199999999999,0.1334549327609352,0.3
1769796282.89895,0.600513,-0.08994680000000001,7.796715353513092,0.3,-0.00296,-0.094186,7.79115,0.666667,1.0,9.328995,-0.004239199999999999,0.13404505574053818,0.3
1769796282.89895,0.600513,-0.08994680000000001,7.779278626949856,0.3,-0.00296,-0.094186,7.79115,0.666667,1.0,9.328995,-0.004239199999999999,0.13015517569552779,0.3
1769796282.89895,0.600513,-0.08994680000000001,7.80127247952324,0.3,-0.00296,-0.094186,7.79115,0.666667,1.0,9.328995,-0.004239199999999999,0.13059091313765023,0.3
1769796282.89895,0.600513,-0.08994680000000001,7.794100928860358,0.3,-0.00296,-0.094186,7.79115,0.666667,1.0,9.328995,-0.004239199999999999,0.12882474379366274,0.3
1769796282.89895,0.600513,-0.08994680000000001,7.789875643013781,0.3,-0.00296,-0.094186,7.79115,0.666667,1.0,9.328995,-0.004239199999999999,0.13251423566110646,0.3
1769796282.89895,0.600513,-0.08994680000000001,7.7791355283185775,0.3,-0.00296,-0.094186,7.79115,0.666667,1.0,9.328995,-0.004239199999999999,0.13289332528097367,0.3
1769796282.89895,0.600513,-0.08994680000000001,7.7918263911411545,0.3,-0.00296,-0.094186,7.79115,0.666667,1.0,9.328995,-0.004239199999999999,0.13439258957867212,0.3
1769796282.89895,0.600513,-0.08994680000000001,7.7808800572275905,0.3,-0.00296,-0.094186,7.79115,0.666667,1.0,9.328995,-0.004239199999999999,0.1319888429735794,0.3
1769796282.89895,0.600513,-0.08994680000000001,7.793558007949134,0.3,-0.00296,-0.094186,7.79115,0.666667,1.0,9.328995,-0.004239199999999999,0.13230365339649566,0.3
1769796282.89895,0.600513,-0.08994680000000001,7.789937528603657,0.3,-0.00296,-0.094186,7.79115,0.666667,1.0,9.328995,-0.004239199999999999,0.13085607415081782,0.3
1769796282.89895,0.600513,-0.08994680000000001,7.7895655327016575,0.3,-0.00296,-0.094186,7.79115,0.666667,1.0,9.328995,-0.004239199999999999,0.13313164691969862,0.3
1769796282.89895,0.600513,-0.08994680000000001,7.779904571335849,0.3,-0.00296,-0.094186,7.79115,0.666667,1.0,9.328995,-0.004239199999999999,0.1316171418442514,0.3
1769796282.89895,0.600513,-0.08994680000000001,7.79902455905634,0.3,-0.00296,-0.094186,7.79115,0.666667,1.0,9.328995,-0.004239199999999999,0.13159690853043843,0.3
1769796282.89895,0.600513,-0.08994680000000001,7.7896869325845355,0.3,-0.00296,-0.094186,7.79115,0.666667,1.0,9.328995,-0.004239199999999999,0.13227436663577688,0.3
1769796282.89895,0.600513,-0.08994680000000001,7.775839822703818,0.3,-0.00296,-0.094186,7.79115,0.666667,1.0,9.328995,-0.004239199999999999,0.13262369233231322,0.3
1769796282.89895,0.600513,-0.08994680000000001,7.796928604877122,0.3,-0.00296,-0.094186,7.79115,0.666667,1.0,9.328995,-0.004239199999999999,0.13238917025274904,0.3
1769796282.89895,0.600513,-0.08994680000000001,7.7910940650619205,0.3,-0.00296,-0.094186,7.79115,0.666667,1.0,9.328995,-0.004239199999999999,0.1278746422643508,0.3
1769796282.89895,0.600513,-0.08994680000000001,7.802926990634208,0.3,-0.00296,-0.094186,7.79115,0.666667,1.0,9.328995,-0.004239199999999999,0.12712220303886917,0.3
1769796282.89895,0.600513,-0.08994680000000001,7.801443240230012,0.3,-0.00296,-0.094186,7.79115,0.666667,1.0,9.328995,-0.004239199999999999,0.12758800684236524,0.3
1769796282.89895,0.600513,-0.08994680000000001,7.788299242240944,0.3,-0.00296,-0.094186,7.79115,0.666667,1.0,9.328995,-0.004239199999999999,0.12740209839994224,0.3
1769796282.89895,0.600513,-0.08994680000000001,7.804042441288746,0.3,-0.00296,-0.094186,7.79115,0.666667,1.0,9.328995,-0.004239199999999999,0.12847924899005594,0.3
1769796282.89895,0.600513,-0.08994680000000001,7.7949803366893295,0.3,-0.00296,-0.094186,7.79115,0.666667,1.0,9.328995,-0.004239199999999999,0.12879157679827097,0.3
1769796282.89895,0.600513,-0.08994680000000001,7.786425275391654,0.3,-0.00296,-0.094186,7.79115,0.666667,1.0,9.328995,-0.004239199999999999,0.13141576067112978,0.3
1769796282.89895,0.600513,-0.08994680000000001,7.788297338051593,0.3,-0.00296,-0.094186,7.79115,0.666667,1.0,9.328995,-0.004239199999999999,0.13146627982620876,0.3
1769796282.89895,0.600513,-0.08994680000000001,7.794677221758856,0.3,-0.00296,-0.094186,7.79115,0.666667,1.0,9.328995,-0.004239199999999999,0.13058996450146493,0.3
1769796282.89895,0.600513,-0.08994680000000001,7.791683167340117,0.3,-0.00296,-0.094186,7.79115,0.666667,1.0,9.328995,-0.004239199999999999,0.13034887047061877,0.3
1769796282.89895,0.600513,-0.08994680000000001,7.78974390223667,0.3,-0.00296,-0.094186,7.79115,0.666667,1.0,9.328995,-0.004239199999999999,0.129412438060611,0.3
1769796282.89895,0.600513,-0.08994680000000001,7.8002958162189024,0.3,-0.00296,-0.094186,7.79115,0.666667,1.0,9.328995,-0.004239199999999999,0.1300751957179088,0.3
1769796282.89895,0.600513,-0.08994680000000001,7.78770662139633,0.3,-0.00296,-0.094186,7.79115,0.666667,1.0,9.328995,-0.004239199999999999,0.1300116262509892,0.3
1769796282.89895,0.600513,-0.08994680000000001,7.790125319038188,0.3,-0.00296,-0.094186,7.79115,0.666667,1.0,9.328995,-0.004239199999999999,0.13008716916478366,0.3
1769796282.89895,0.600513,-0.08994680000000001,7.7998425587361355,0.3,-0.00296,-0.094186,7.79115,0.666667,1.0,9.328995,-0.004239199999999999,0.12980309097570547,0.3
1769796282.89895,0.600513,-0.08994680000000001,7.789411090530799,0.3,-0.00296,-0.094186,7.79115,0.666667,1.0,9.328995,-0.004239199999999999,0.13038592047331216,0.3
1769796282.89895,0.600513,-0.08994680000000001,7.7866283420525475,0.3,-0.00296,-0.094186,7.79115,0.666667,1.0,9.328995,-0.004239199999999999,0.1292494166210819,0.3
1769796282.89895,0.600513,-0.08994680000000001,7.806661581849517,0.3,-0.00296,-0.094186,7.79115,0.666667,1.0,9.328995,-0.004239199999999999,0.12723747481185146,0.3
1769796282.89895,0.600513,-0.08994680000000001,7.801482741386182,0.3,-0.00296,-0.094186,7.79115,0.666667,1.0,9.328995,-0.004239199999999999,0.12757622746430458,0.3
1769796282.89895,0.600513,-0.08994680000000001,7.784595826137829,0.3,-0.00296,-0.094186,7.79115,0.666667,1.0,9.328995,-0.004239199999999999,0.13129925469090858,0.3
1769796282.89895,0.600513,-0.08994680000000001,7.784323418489893,0.3,-0.00296,-0.094186,7.79115,0.666667,1.0,9.328995,-0.004239199999999999,0.13316323568222893,0.3
1769796282.89895,0.600513,-0.08994680000000001,7.79029885543826,0.3,-0.00296,-0.094186,7.79115,0.666667,1.0,9.328995,-0.004239199999999999,0.13283624388411747,0.3
1769796282.89895,0.600513,-0.08994680000000001,7.7865577769264975,0.3,-0.00296,-0.094186,7.79115,0.666667,1.0,9.328995,-0.004239199999999999,0.13314852029740581,0.3
1769796282.89895,0.600513,-0.08994680000000001,7.782449760010163,0.3,-0.00296,-0.094186,7.79115,0.666667,1.0,9.328995,-0.004239199999999999,0.13424862598212658,0.3
1769796282.89895,0.600513,-0.08994680000000001,7.783698221329935,0.3,-0.00296,-0.094186,7.79115,0.666667,1.0,9.328995,-0.004239199999999999,0.13285448003017292,0.3
1769796282.89895,0.600513,-0.08994680000000001,7.79492265263822,0.3,-0.00296,-0.094186,7.79115,0.666667,1.0,9.328995,-0.004239199999999999,0.13284681785517102,0.3
1769796282.89895,0.600513,-0.08994680000000001,7.782495733060174,0.3,-0.00296,-0.094186,7.79115,0.666667,1.0,9.328995,-0.004239199999999999,0.13008235286520245,0.3
1769796282.89895,0.600513,-0.08994680000000001,7.800285011269747,0.3,-0.00296,-0.094186,7.79115,0.666667,1.0,9.328995,-0.004239199999999999,0.13102917527447325,0.3
1769796282.89895,0.600513,-0.08994680000000001,7.789241718182595,0.3,-0.00296,-0.094186,7.79115,0.666667,1.0,9.328995,-0.004239199999999999,0.12863489575555803,0.3
1769796282.89895,0.600513,-0.08994680000000001,7.7968614101736655,0.3,-0.00296,-0.094186,7.79115,0.666667,1.0,9.328995,-0.004239199999999999,0.12859243422056135,0.3
1769796282.89895,0.600513,-0.08994680000000001,7.800539780479727,0.3,-0.00296,-0.094186,7.79115,0.666667,1.0,9.328995,-0.004239199999999999,0.12743302977477036,0.3
1769796282.89895,0.600513,-0.08994680000000001,7.796198144857341,0.3,-0.00296,-0.094186,7.79115,0.666667,1.0,9.328995,-0.004239199999999999,0.1271717785544891,0.3
1769796282.89895,0.600513,-0.08994680000000001,7.798428917495353,0.3,-0.00296,-0.094186,7.79115,0.666667,1.0,9.328995,-0.004239199999999999,0.1258555748070612,0.3
1769796282.89895,0.600513,-0.08994680000000001,7.808437002964294,0.3,-0.00296,-0.094186,7.79115,0.666667,1.0,9.328995,-0.004239199999999999,0.1269838723264672,0.3
1769796282.89895,0.600513,-0.08994680000000001,7.789428359740905,0.3,-0.00296,-0.094186,7.79115,0.666667,1.0,9.328995,-0.004239199999999999,0.129639255165194,0.3
1769796282.89895,0.600513,-0.08994680000000001,7.782496620462992,0.3,-0.00296,-0.094186,7.79115,0.666667,1.0,9.328995,-0.004239199999999999,0.13115120296420762,0.3
1769796282.89895,0.600513,-0.08994680000000001,7.799365316170213,0.3,-0.00296,-0.094186,7.79115,0.666667,1.0,9.328995,-0.004239199999999999,0.1307890301188462,0.3
1769796282.89895,0.600513,-0.08994680000000001,7.791601396813073,0.3,-0.00296,-0.094186,7.79115,0.666667,1.0,9.328995,-0.004239199999999999,0.12982113361930211,0.3
1769796282.89895,0.600513,-0.08994680000000001,7.788303999460257,0.3,-0.00296,-0.094186,7.79115,0.666667,1.0,9.328995,-0.004239199999999999,0.13083601075018153,0.3
1769796282.89895,0.600513,-0.08994680000000001,7.793276053384936,0.3,-0.00296,-0.094186,7.79115,0.666667,1.0,9.328995,-0.004239199999999999,0.13196437282140033,0.3
1769796282.89895,0.600513,-0.08994680000000001,7.78483122438576,0.3,-0.00296,-0.094186,7.79115,0.666667,1.0,9.328995,-0.004239199999999999,0.13126355660480632,0.3
1769796282.89895,0.600513,-0.08994680000000001,7.792508896759821,0.3,-0.00296,-0.094186,7.79115,0.666667,1.0,9.328995,-0.004239199999999999,0.13067546344443384,0.3
1769796282.89895,0.600513,-0.08994680000000001,7.796804612347171,0.3,-0.00296,-0.094186,7.79115,0.666667,1.0,9.328995,-0.004239199999999999,0.12921116121078516,0.3
1769796282.89895,0.600513,-0.08994680000000001,7.793617037787652,0.3,-0.00296,-0.094186,7.79115,0.666667,1.0,9.328995,-0.004239199999999999,0.1283974104381133,0.3
1769796282.89895,0.600513,-0.08994680000000001,7.797391401395852,0.3,-0.00296,-0.094186,7.79115,0.666667,1.0,9.328995,-0.004239199999999999,0.12779044034039025,0.3
1769796282.89895,0.600513,-0.08994680000000001,7.8004464329335095,0.3,-0.00296,-0.094186,7.79115,0.666667,1.0,9.328995,-0.004239199999999999,0.12841837297394226,0.3
1769796282.89895,0.600513,-0.08994680000000001,7.78984944198634,0.3,-0.00296,-0.094186,7.79115,0.666667,1.0,9.328995,-0.004239199999999999,0.12910580286817236,0.3
1769796282.89895,0.600513,-0.08994680000000001,7.793266822030471,0.3,-0.00296,-0.094186,7.79115,0.666667,1.0,9.328995,-0.004239199999999999,0.1301984819688759,0.3
1769796282.89895,0.600513,-0.08994680000000001,7.793890358329288,0.3,-0.00296,-0.094186,7.79115,0.666667,1.0,9.328995,-0.004239199999999999,0.13041196217929135,0.3
1769796282.89895,0.600513,-0.08994680000000001,7.7885685607238475,0.3,-0.00296,-0.094186,7.79115,0.666667,1.0,9.328995,-0.004239199999999999,0.1324979532170044,0.3
1769796282.89895,0.600513,-0.08994680000000001,7.780750875804193,0.3,-0.00296,-0.094186,7.79115,0.666667,1.0,9.328995,-0.004239199999999999,0.13256283996127446,0.3
1769796282.89895,0.600513,-0.08994680000000001,7.793501037863668,0.3,-0.00296,-0.094186,7.79115,0.666667,1.0,9.328995,-0.004239199999999999,0.13230966312940223,0.3
1769796282.89895,0.600513,-0.08994680000000001,7.790087621715081,0.3,-0.00296,-0.094186,7.79115,0.666667,1.0,9.328995,-0.004239199999999999,0.13142926494683368,0.3
1769796282.89895,0.600513,-0.08994680000000001,7.786033264899604,0.3,-0.00296,-0.094186,7.79115,0.666667,1.0,9.328995,-0.004239199999999999,0.13018355189512984,0.3
1769796282.89895,0.600513,-0.08994680000000001,7.800975316173891,0.3,-0.00296,-0.094186,7.79115,0.666667,1.0,9.328995,-0.004239199999999999,0.13022845600918792,0.3
1769796282.89895,0.600513,-0.08994680000000001,7.7898181970307325,0.3,-0.00296,-0.094186,7.79115,0.666667,1.0,9.328995,-0.004239199999999999,0.129872425804035,0.3
1769796282.89895,0.600513,-0.08994680000000001,7.788169446130522,0.3,-0.00296,-0.094186,7.79115,0.666667,1.0,9.328995,-0.004239199999999999,0.13082854663824914,0.3
1769796282.89895,0.600513,-0.08994680000000001,7.795238591168606,0.3,-0.00296,-0.094186,7.79115,0.666667,1.0,9.328995,-0.004239199999999999,0.13082109507657197,0.3
1769796282.89895,0.600513,-0.08994680000000001,7.789862906400796,0.3,-0.00296,-0.094186,7.79115,0.666667,1.0,9.328995,-0.004239199999999999,0.13181623539083906,0.3
1769796282.89895,0.600513,-0.08994680000000001,7.782198604244919,0.3,-0.00296,-0.094186,7.79115,0.666667,1.0,9.328995,-0.004239199999999999,0.1325281019615148,0.3
1769796282.89895,0.600513,-0.08994680000000001,7.790967391744552,0.3,-0.00296,-0.094186,7.79115,0.666667,1.0,9.328995,-0.004239199999999999,0.13223776599303702,0.3
1769796282.89895,0.600513,-0.08994680000000001,7.791604922211662,0.3,-0.00296,-0.094186,7.79115,0.666667,1.0,9.328995,-0.004239199999999999,0.1312978269762036,0.3
1769796282.89895,0.600513,-0.08994680000000001,7.78783823834592,0.3,-0.00296,-0.094186,7.79115,0.666667,1.0,9.328995,-0.004239199999999999,0.13411556939693367,0.3
1769796282.89895,0.600513,-0.08994680000000001,7.774060937220171,0.3,-0.00296,-0.094186,7.79115,0.666667,1.0,9.328995,-0.004239199999999999,0.13456864113191677,0.3
1769796282.89895,0.600513,-0.08994680000000001,7.7888864918017635,0.3,-0.00296,-0.094186,7.79115,0.666667,1.0,9.328995,-0.004239199999999999,0.13435450853333414,0.3
1769796282.89895,0.600513,-0.08994680000000001,7.789123033937416,0.3,-0.00296,-0.094186,7.79115,0.666667,1.0,9.328995,-0.004239199999999999,0.13144453964904698,0.3
1769796282.89895,0.600513,-0.08994680000000001,7.791520750525894,0.3,-0.00296,-0.094186,7.79115,0.666667,1.0,9.328995,-0.004239199999999999,0.13136802323276928,0.3
1769796282.89895,0.600513,-0.08994680000000001,7.78934559029943,0.3,-0.00296,-0.094186,7.79115,0.666667,1.0,9.328995,-0.004239199999999999,0.1315840600975087,0.3
1769796282.89895,0.600513,-0.08994680000000001,7.787826812748979,0.3,-0.00296,-0.094186,7.79115,0.666667,1.0,9.328995,-0.004239199999999999,0.1326498699105833,0.3
1769796282.89895,0.600513,-0.08994680000000001,7.785125891647446,0.3,-0.00296,-0.094186,7.79115,0.666667,1.0,9.328995,-0.004239199999999999,0.13097629650912296,0.3
1769796282.89895,0.600513,-0.08994680000000001,7.799387030708192,0.3,-0.00296,-0.094186,7.79115,0.666667,1.0,9.328995,-0.004239199999999999,0.13210611657447222,0.3
1769796282.89895,0.600513,-0.08994680000000001,7.7810478923568835,0.3,-0.00296,-0.094186,7.79115,0.666667,1.0,9.328995,-0.004239199999999999,0.1293298238754001,0.3
1769796282.89895,0.600513,-0.08994680000000001,7.801783647841879,0.3,-0.00296,-0.094186,7.79115,0.666667,1.0,9.328995,-0.004239199999999999,0.13083287589267698,0.3
1769796282.89895,0.600513,-0.08994680000000001,7.7903687186045305,0.3,-0.00296,-0.094186,7.79115,0.666667,1.0,9.328995,-0.004239199999999999,0.1316988491194943,0.3
1769796282.89895,0.600513,-0.08994680000000001,7.77585205299598,0.3,-0.00296,-0.094186,7.79115,0.666667,1.0,9.328995,-0.004239199999999999,0.13374932162744838,0.3
1769796282.89895,0.600513,-0.08994680000000001,7.789480812794155,0.3,-0.00296,-0.094186,7.79115,0.666667,1.0,9.328995,-0.004239199999999999,0.13372029072713992,0.3
1769796282.89895,0.600513,-0.08994680000000001,7.790542904006381,0.3,-0.00296,-0.094186,7.79115,0.666667,1.0,9.328995,-0.004239199999999999,0.13194964702411063,0.3
1769796282.89895,0.600513,-0.08994680000000001,7.786475915214155,0.3,-0.00296,-0.094186,7.79115,0.666667,1.0,9.328995,-0.004239199999999999,0.13193421630595273,0.3
1769796282.89895,0.600513,-0.08994680000000001,7.789573397103102,0.3,-0.00296,-0.094186,7.79115,0.666667,1.0,9.328995,-0.004239199999999999,0.13027098348314528,0.3
1769796282.89895,0.600513,-0.08994680000000001,7.800522300943226,0.3,-0.00296,-0.094186,7.79115,0.666667,1.0,9.328995,-0.004239199999999999,0.131014080391826,0.3
1769796282.89895,0.600513,-0.08994680000000001,7.782017333762071,0.3,-0.00296,-0.094186,7.79115,0.666667,1.0,9.328995,-0.004239199999999999,0.13147383833581258,0.3
1769796282.89895,0.600513,-0.08994680000000001,7.786814849439183,0.3,-0.00296,-0.094186,7.79115,0.666667,1.0,9.328995,-0.004239199999999999,0.13303477148731074,0.3
1769796282.89895,0.600513,-0.08994680000000001,7.791156702034237,0.3,-0.00296,-0.094186,7.79115,0.666667,1.0,9.328995,-0.004239199999999999,0.13288195590680665,0.3
1769796282.89895,0.600513,-0.08994680000000001,7.782934227245096,0.3,-0.00296,-0.094186,7.79115,0.666667,1.0,9.328995,-0.004239199999999999,0.129760757554833,0.3
1769796282.89895,0.600513,-0.08994680000000001,7.805542039551025,0.3,-0.00296,-0.094186,7.79115,0.666667,1.0,9.328995,-0.004239199999999999,0.12912547765636345,0.3
1769796282.89895,0.600513,-0.08994680000000001,7.794968381425054,0.3,-0.00296,-0.094186,7.79115,0.666667,1.0,9.328995,-0.004239199999999999,0.12553015566540696,0.3
1769796282.89895,0.600513,-0.08994680000000001,7.804506159190835,0.3,-0.00296,-0.094186,7.79115,0.666667,1.0,9.328995,-0.004239199999999999,0.12827073685974513,0.3
1769796282.89895,0.600513,-0.08994680000000001,7.789098552384996,0.3,-0.00296,-0.094186,7.79115,0.666667,1.0,9.328995,-0.004239199999999999,0.12862822826296236,0.3
1769796282.89895,0.600513,-0.08994680000000001,7.792823433005751,0.3,-0.00296,-0.094186,7.79115,0.666667,1.0,9.328995,-0.004239199999999999,0.1314833656420515,0.3
1769796282.89895,0.600513,-0.08994680000000001,7.7873753349163,0.3,-0.00296,-0.094186,7.79115,0.666667,1.0,9.328995,-0.004239199999999999,0.13280396869694439,0.3
1769796282.89895,0.600513,-0.08994680000000001,7.781174934055638,0.3,-0.00296,-0.094186,7.79115,0.666667,1.0,9.328995,-0.004239199999999999,0.13475063181579897,0.3
1769796282.89895,0.600513,-0.08994680000000001,7.781143454292623,0.3,-0.00296,-0.094186,7.79115,0.666667,1.0,9.328995,-0.004239199999999999,0.13399372173146692,0.3
1769796282.89895,0.600513,-0.08994680000000001,7.791916795422292,0.3,-0.00296,-0.094186,7.79115,0.666667,1.0,9.328995,-0.004239199999999999,0.13157659372778782,0.3
1769796282.89895,0.600513,-0.08994680000000001,7.795677702077713,0.3,-0.00296,-0.094186,7.79115,0.666667,1.0,9.328995,-0.004239199999999999,0.12954791542206143,0.3
1769796282.89895,0.600513,-0.08994680000000001,7.793315524126982,0.3,-0.00296,-0.094186,7.79115,0.666667,1.0,9.328995,-0.004239199999999999,0.12971991491570195,0.3
1769796282.89895,0.600513,-0.08994680000000001,7.790884798460449,0.3,-0.00296,-0.094186,7.79115,0.666667,1.0,9.328995,-0.004239199999999999,0.13080518450573128,0.3
1769796282.89895,0.600513,-0.08994680000000001,7.789166084537537,0.3,-0.00296,-0.094186,7.79115,0.666667,1.0,9.328995,-0.004239199999999999,0.129288650446962,0.3
1769796282.89895,0.600513,-0.08994680000000001,7.802414728479597,0.3,-0.00296,-0.094186,7.79115,0.666667,1.0,9.328995,-0.004239199999999999,0.1314590195322097,0.3
1769796282.89895,0.600513,-0.08994680000000001,7.777862583948963,0.3,-0.00296,-0.094186,7.79115,0.666667,1.0,9.328995,-0.004239199999999999,0.12799296501194085,0.3
1769796282.89895,0.600513,-0.08994680000000001,7.80996241165915,0.3,-0.00296,-0.094186,7.79115,0.666667,1.0,9.328995,-0.004239199999999999,0.127848073888094,0.3
1769796282.89895,0.600513,-0.08994680000000001,7.803284075222678,0.3,-0.00296,-0.094186,7.79115,0.666667,1.0,9.328995,-0.004239199999999999,0.12543928512960248,0.3
1769796282.89895,0.600513,-0.08994680000000001,7.792315316499912,0.3,-0.00296,-0.094186,7.79115,0.666667,1.0,9.328995,-0.004239199999999999,0.1291034624267887,0.3
1769796282.89895,0.600513,-0.08994680000000001,7.787977347876033,0.3,-0.00296,-0.094186,7.79115,0.666667,1.0,9.328995,-0.004239199999999999,0.1300407690974655,0.3
1769796282.89895,0.600513,-0.08994680000000001,7.7976602351986175,0.3,-0.00296,-0.094186,7.79115,0.666667,1.0,9.328995,-0.004239199999999999,0.12821461723076108,0.3
1769796282.89895,0.600513,-0.08994680000000001,7.8032722277001385,0.3,-0.00296,-0.094186,7.79115,0.666667,1.0,9.328995,-0.004239199999999999,0.1271629923526306,0.3
1769796282.89895,0.600513,-0.08994680000000001,7.7942870971448155,0.3,-0.00296,-0.094186,7.79115,0.666667,1.0,9.328995,-0.004239199999999999,0.12748615079383877,0.3
1769796282.89895,0.600513,-0.08994680000000001,7.795721284551369,0.3,-0.00296,-0.094186,7.79115,0.666667,1.0,9.328995,-0.004239199999999999,0.129713629428112,0.3
1769796282.89895,0.600513,-0.08994680000000001,7.789907355894499,0.3,-0.00296,-0.094186,7.79115,0.666667,1.0,9.328995,-0.004239199999999999,0.1290528779676486,0.3
1769796282.89895,0.600513,-0.08994680000000001,7.798251605907596,0.3,-0.00296,-0.094186,7.79115,0.666667,1.0,9.328995,-0.004239199999999999,0.13034644979869334,0.3
1769796282.89895,0.600513,-0.08994680000000001,7.7879598535651,0.3,-0.00296,-0.094186,7.79115,0.666667,1.0,9.328995,-0.004239199999999999,0.12767156346637146,0.3
1769796282.89895,0.600513,-0.08994680000000001,7.8059566738884305,0.3,-0.00296,-0.094186,7.79115,0.666667,1.0,9.328995,-0.004239199999999999,0.12893468936839633,0.3
1769796282.89895,0.600513,-0.08994680000000001,7.790672850495446,0.3,-0.00296,-0.094186,7.79115,0.666667,1.0,9.328995,-0.004239199999999999,0.12787978991525603,0.3
1769796282.89895,0.600513,-0.08994680000000001,7.794289250283942,0.3,-0.00296,-0.094186,7.79115,0.666667,1.0,9.328995,-0.004239199999999999,0.1301182776751136,0.3
1769796282.89895,0.600513,-0.08994680000000001,7.792525747329285,0.3,-0.00296,-0.094186,7.79115,0.666667,1.0,9.328995,-0.004239199999999999,0.12961825508521654,0.3
1769796282.89895,0.600513,-0.08994680000000001,7.793672986034829,0.3,-0.00296,-0.094186,7.79115,0.666667,1.0,9.328995,-0.004239199999999999,0.13096438468651733,0.3
1769796282.89895,0.600513,-0.08994680000000001,7.786212472676137,0.3,-0.00296,-0.094186,7.79115,0.666667,1.0,9.328995,-0.004239199999999999,0.13202659927455132,0.3
1769796282.89895,0.600513,-0.08994680000000001,7.786152459801081,0.3,-0.00296,-0.094186,7.79115,0.666667,1.0,9.328995,-0.004239199999999999,0.1310876408452914,0.3
1769796282.89895,0.600513,-0.08994680000000001,7.799306736610388,0.3,-0.00296,-0.094186,7.79115,0.666667,1.0,9.328995,-0.004239199999999999,0.12971738216740628,0.3
1769796282.89895,0.600513,-0.08994680000000001,7.794434024743448,0.3,-0.00296,-0.094186,7.79115,0.666667,1.0,9.328995,-0.004239199999999999,0.12649654790747394,0.3
1769796282.89895,0.600513,-0.08994680000000001,7.805477465360675,0.3,-0.00296,-0.094186,7.79115,0.666667,1.0,9.328995,-0.004239199999999999,0.12822187950929312,0.3
1769796282.89895,0.600513,-0.08994680000000001,7.788954746999473,0.3,-0.00296,-0.094186,7.79115,0.666667,1.0,9.328995,-0.004239199999999999,0.128702699944426,0.3
1769796282.89895,0.600513,-0.08994680000000001,7.791549102132651,0.3,-0.00296,-0.094186,7.79115,0.666667,1.0,9.328995,-0.004239199999999999,0.1305575827930073,0.3
1769796282.89895,0.600513,-0.08994680000000001,7.794348168269187,0.3,-0.00296,-0.094186,7.79115,0.666667,1.0,9.328995,-0.004239199999999999,0.1301533868108939,0.3
1769796282.89895,0.600513,-0.08994680000000001,7.791379922892154,0.3,-0.00296,-0.094186,7.79115,0.666667,1.0,9.328995,-0.004239199999999999,0.1311958077741371,0.3
1769796282.89895,0.600513,-0.08994680000000001,7.785294576353191,0.3,-0.00296,-0.094186,7.79115,0.666667,1.0,9.328995,-0.004239199999999999,0.13016163252741045,0.3
1769796282.89895,0.600513,-0.08994680000000001,7.800553219749547,0.3,-0.00296,-0.094186,7.79115,0.666667,1.0,9.328995,-0.004239199999999999,0.13028327493718134,0.3
1769796282.89895,0.600513,-0.08994680000000001,7.7906500684335285,0.3,-0.00296,-0.094186,7.79115,0.666667,1.0,9.328995,-0.004239199999999999,0.12804305842869965,0.3
1769796282.89895,0.600513,-0.08994680000000001,7.798735875404081,0.3,-0.00296,-0.094186,7.79115,0.666667,1.0,9.328995,-0.004239199999999999,0.12934978598347316,0.3
1769796282.89895,0.600513,-0.08994680000000001,7.792712854420906,0.3,-0.00296,-0.094186,7.79115,0.666667,1.0,9.328995,-0.004239199999999999,0.12791348037524805,0.3
1769796282.89895,0.600513,-0.08994680000000001,7.799267902082879,0.3,-0.00296,-0.094186,7.79115,0.666667,1.0,9.328995,-0.004239199999999999,0.13049291815561545,0.3
1769796282.89895,0.600513,-0.08994680000000001,7.783259248721877,0.3,-0.00296,-0.094186,7.79115,0.666667,1.0,9.328995,-0.004239199999999999,0.12991246923274907,0.3
1769796282.89895,0.600513,-0.08994680000000001,7.796195547958105,0.3,-0.00296,-0.094186,7.79115,0.666667,1.0,9.328995,-0.004239199999999999,0.13194329458356505,0.3
1769796282.89895,0.600513,-0.08994680000000001,7.787082949977983,0.3,-0.00296,-0.094186,7.79115,0.666667,1.0,9.328995,-0.004239199999999999,0.1287850707226653,0.3
1769796282.89895,0.600513,-0.08994680000000001,7.8022085918872754,0.3,-0.00296,-0.094186,7.79115,0.666667,1.0,9.328995,-0.004239199999999999,0.1325998823085668,0.3
1769796282.89895,0.600513,-0.08994680000000001,7.773306678442696,0.3,-0.00296,-0.094186,7.79115,0.666667,1.0,9.328995,-0.004239199999999999,0.13078582652268542,0.3
1769796282.89895,0.600513,-0.08994680000000001,7.7979672846932715,0.3,-0.00296,-0.094186,7.79115,0.666667,1.0,9.328995,-0.004239199999999999,0.1329016384485012,0.3
1769796282.89895,0.600513,-0.08994680000000001,7.789513720332381,0.3,-0.00296,-0.094186,7.79115,0.666667,1.0,9.328995,-0.004239199999999999,0.13152654504903463,0.3
1769796282.89895,0.600513,-0.08994680000000001,7.781557238839495,0.3,-0.00296,-0.094186,7.79115,0.666667,1.0,9.328995,-0.004239199999999999,0.13241395595983654,0.3
1769796282.89895,0.600513,-0.08994680000000001,7.79264281922846,0.3,-0.00296,-0.094186,7.79115,0.666667,1.0,9.328995,-0.004239199999999999,0.1312803399019705,0.3
1769796282.89895,0.600513,-0.08994680000000001,7.796315416679577,0.3,-0.00296,-0.094186,7.79115,0.666667,1.0,9.328995,-0.004239199999999999,0.12809700506808536,0.3
1769796282.89895,0.600513,-0.08994680000000001,7.800657247842806,0.3,-0.00296,-0.094186,7.79115,0.666667,1.0,9.328995,-0.004239199999999999,0.1271839738687212,0.3
1769796282.89895,0.600513,-0.08994680000000001,7.798121006424645,0.3,-0.00296,-0.094186,7.79115,0.666667,1.0,9.328995,-0.004239199999999999,0.12907158198892618,0.3
1769796282.89895,0.600513,-0.08994680000000001,7.784989767958347,0.3,-0.00296,-0.094186,7.79115,0.666667,1.0,9.328995,-0.004239199999999999,0.13054976149275171,0.3
1769796282.89895,0.600513,-0.08994680000000001,7.791788170819853,0.3,-0.00296,-0.094186,7.79115,0.666667,1.0,9.328995,-0.004239199999999999,0.13273812835153595,0.3
1769796282.89895,0.600513,-0.08994680000000001,7.784990805271939,0.3,-0.00296,-0.094186,7.79115,0.666667,1.0,9.328995,-0.004239199999999999,0.13242770810517474,0.3
1769796282.89895,0.600513,-0.08994680000000001,7.786852289436514,0.3,-0.00296,-0.094186,7.79115,0.666667,1.0,9.328995,-0.004239199999999999,0.13314584936177418,0.3
1769796282.89895,0.600513,-0.08994680000000001,7.787479323280256,0.3,-0.00296,-0.094186,7.79115,0.666667,1.0,9.328995,-0.004239199999999999,0.1334650066673348,0.3
1769796282.89895,0.600513,-0.08994680000000001,7.783075861438576,0.3,-0.00296,-0.094186,7.79115,0.666667,1.0,9.328995,-0.004239199999999999,0.13452386302388789,0.3
1769796282.89895,0.600513,-0.08994680000000001,7.780499151297196,0.3,-0.00296,-0.094186,7.79115,0.666667,1.0,9.328995,-0.004239199999999999,0.13454244294263112,0.3
1769796282.89895,0.600513,-0.08994680000000001,7.787367843767797,0.3,-0.00296,-0.094186,7.79115,0.666667,1.0,9.328995,-0.004239199999999999,0.13297656580532305,0.3
1769796282.89895,0.600513,-0.08994680000000001,7.792471124262424,0.3,-0.00296,-0.094186,7.79115,0.666667,1.0,9.328995,-0.004239199999999999,0.1299700471781286,0.3
1769796282.89895,0.600513,-0.08994680000000001,7.798538263060363,0.3,-0.00296,-0.094186,7.79115,0.666667,1.0,9.328995,-0.004239199999999999,0.12901947598944202,0.3
1769796282.89895,0.600513,-0.08994680000000001,7.793071270899916,0.3,-0.00296,-0.094186,7.79115,0.666667,1.0,9.328995,-0.004239199999999999,0.12864232683824559,0.3
1769796282.89895,0.600513,-0.08994680000000001,7.794734019169603,0.3,-0.00296,-0.094186,7.79115,0.666667,1.0,9.328995,-0.004239199999999999,0.13146232632336793,0.3
1769796282.89895,0.600513,-0.08994680000000001,7.7816182661496285,0.3,-0.00296,-0.094186,7.79115,0.666667,1.0,9.328995,-0.004239199999999999,0.13190840957316347,0.3
1769796282.89895,0.600513,-0.08994680000000001,7.790394771401143,0.3,-0.00296,-0.094186,7.79115,0.666667,1.0,9.328995,-0.004239199999999999,0.13555818281018242,0.3
1769796282.89895,0.600513,-0.08994680000000001,7.772835379747489,0.3,-0.00296,-0.094186,7.79115,0.666667,1.0,9.328995,-0.004239199999999999,0.1351209848086337,0.3
1769796282.89895,0.600513,-0.08994680000000001,7.784241454158921,0.3,-0.00296,-0.094186,7.79115,0.666667,1.0,9.328995,-0.004239199999999999,0.13612522321412904,0.3
1769796282.89895,0.600513,-0.08994680000000001,7.784369340968171,0.3,-0.00296,-0.094186,7.79115,0.666667,1.0,9.328995,-0.004239199999999999,0.13427461157306828,0.3
1769796282.89895,0.600513,-0.08994680000000001,7.783939049593854,0.3,-0.00296,-0.094186,7.79115,0.666667,1.0,9.328995,-0.004239199999999999,0.13411849480465715,0.3
1769796282.89895,0.600513,-0.08994680000000001,7.785178154769388,0.3,-0.00296,-0.094186,7.79115,0.666667,1.0,9.328995,-0.004239199999999999,0.13152795988268576,0.3
1769796282.89895,0.600513,-0.08994680000000001,7.799912550499999,0.3,-0.00296,-0.094186,7.79115,0.666667,1.0,9.328995,-0.004239199999999999,0.1304324146716173,0.3
1769796282.89895,0.600513,-0.08994680000000001,7.790512320860264,0.3,-0.00296,-0.094186,7.79115,0.666667,1.0,9.328995,-0.004239199999999999,0.12845929556809085,0.3
1769796282.89895,0.600513,-0.08994680000000001,7.797016869390546,0.3,-0.00296,-0.094186,7.79115,0.666667,1.0,9.328995,-0.004239199999999999,0.12943033016773103,0.3
1769796282.89895,0.600513,-0.08994680000000001,7.794086342902158,0.3,-0.00296,-0.094186,7.79115,0.666667,1.0,9.328995,-0.004239199999999999,0.12911696282982107,0.3
1769796282.89895,0.600513,-0.08994680000000001,7.792392524887724,0.3,-0.00296,-0.094186,7.79115,0.666667,1.0,9.328995,-0.004239199999999999,0.13088946862649173,0.3
1769796282.89895,0.600513,-0.08994680000000001,7.7863818346105225,0.3,-0.00296,-0.094186,7.79115,0.666667,1.0,9.328995,-0.004239199999999999,0.13086751608776875,0.3
1769796282.89895,0.600513,-0.08994680000000001,7.794218058134496,0.3,-0.00296,-0.094186,7.79115,0.666667,1.0,9.328995,-0.004239199999999999,0.13042998510715614,0.3
1769796282.89895,0.600513,-0.08994680000000001,7.7950177107714,0.3,-0.00296,-0.094186,7.79115,0.666667,1.0,9.328995,-0.004239199999999999,0.13261934739748307,0.3
1769796282.89895,0.600513,-0.08994680000000001,7.773245660868561,0.3,-0.00296,-0.094186,7.79115,0.666667,1.0,9.328995,-0.004239199999999999,0.1332125659294618,0.3
1769796282.89895,0.600513,-0.08994680000000001,7.790658746942624,0.3,-0.00296,-0.094186,7.79115,0.666667,1.0,9.328995,-0.004239199999999999,0.13361057635589615,0.3
1769796282.89895,0.600513,-0.08994680000000001,7.7926296482127935,0.3,-0.00296,-0.094186,7.79115,0.666667,1.0,9.328995,-0.004239199999999999,0.1301656076201599,0.3
1769796282.89895,0.600513,-0.08994680000000001,7.793915473282978,0.3,-0.00296,-0.094186,7.79115,0.666667,1.0,9.328995,-0.004239199999999999,0.1328237392393849,0.3
1769796282.89895,0.600513,-0.08994680000000001,7.774709957227274,0.3,-0.00296,-0.094186,7.79115,0.666667,1.0,9.328995,-0.004239199999999999,0.13262737896612328,0.3
1769796282.89895,0.600513,-0.08994680000000001,7.793807809852363,0.3,-0.00296,-0.094186,7.79115,0.666667,1.0,9.328995,-0.004239199999999999,0.13042241560988818,0.3
1769796282.89895,0.600513,-0.08994680000000001,7.807145253420389,0.3,-0.00296,-0.094186,7.79115,0.666667,1.0,9.328995,-0.004239199999999999,0.12779232948836267,0.3
1769796282.89895,0.600513,-0.08994680000000001,7.790490473956427,0.3,-0.00296,-0.094186,7.79115,0.666667,1.0,9.328995,-0.004239199999999999,0.12962467714570883,0.3
1769796282.89895,0.600513,-0.08994680000000001,7.782813723908286,0.3,-0.00296,-0.094186,7.79115,0.666667,1.0,9.328995,-0.004239199999999999,0.13173138213367958,0.3
1769796282.89895,0.600513,-0.08994680000000001,7.794505023492564,0.3,-0.00296,-0.094186,7.79115,0.666667,1.0,9.328995,-0.004239199999999999,0.13077569697522964,0.3
1769796282.89895,0.600513,-0.08994680000000001,7.796224584907127,0.3,-0.00296,-0.094186,7.79115,0.666667,1.0,9.328995,-0.004239199999999999,0.13046316297918778,0.3
1769796282.89895,0.600513,-0.08994680000000001,7.784688927884537,0.3,-0.00296,-0.094186,7.79115,0.666667,1.0,9.328995,-0.004239199999999999,0.1297024296595569,0.3
1769796282.89895,0.600513,-0.08994680000000001,7.79906942341035,0.3,-0.00296,-0.094186,7.79115,0.666667,1.0,9.328995,-0.004239199999999999,0.1298679687224962,0.3
1769796282.89895,0.600513,-0.08994680000000001,7.795231350529491,0.3,-0.00296,-0.094186,7.79115,0.666667,1.0,9.328995,-0.004239199999999999,0.1274043490048315,0.3
1769796282.89895,0.600513,-0.08994680000000001,7.799470646190525,0.3,-0.00296,-0.094186,7.79115,0.666667,1.0,9.328995,-0.004239199999999999,0.12956835882379883,0.3
1769796282.89895,0.600513,-0.08994680000000001,7.786085364496546,0.3,-0.00296,-0.094186,7.79115,0.666667,1.0,9.328995,-0.004239199999999999,0.13044940724665904,0.3
1769796282.89895,0.600513,-0.08994680000000001,7.78994505999233,0.3,-0.00296,-0.094186,7.79115,0.666667,1.0,9.328995,-0.004239199999999999,0.1288523729511544,0.3
1769796282.89895,0.600513,-0.08994680000000001,7.809052851963553,0.3,-0.00296,-0.094186,7.79115,0.666667,1.0,9.328995,-0.004239199999999999,0.1272435827049592,0.3
1769796282.89895,0.600513,-0.08994680000000001,7.795738105973717,0.3,-0.00296,-0.094186,7.79115,0.666667,1.0,9.328995,-0.004239199999999999,0.12589983553039577,0.3
1769796282.89895,0.600513,-0.08994680000000001,7.79800754303971,0.3,-0.00296,-0.094186,7.79115,0.666667,1.0,9.328995,-0.004239199999999999,0.13016279541679152,0.3
1769796282.89895,0.600513,-0.08994680000000001,7.783475092645179,0.3,-0.00296,-0.094186,7.79115,0.666667,1.0,9.328995,-0.004239199999999999,0.13138683947199883,0.3
1769796282.89895,0.600513,-0.08994680000000001,7.788393841642473,0.3,-0.00296,-0.094186,7.79115,0.666667,1.0,9.328995,-0.004239199999999999,0.1327805703772478,0.3
1769796282.89895,0.600513,-0.08994680000000001,7.789645157608216,0.3,-0.00296,-0.094186,7.79115,0.666667,1.0,9.328995,-0.004239199999999999,0.12990748003468697,0.3
1769796282.89895,0.600513,-0.08994680000000001,7.800713634700544,0.3,-0.00296,-0.094186,7.79115,0.666667,1.0,9.328995,-0.004239199999999999,0.13077198167088858,0.3
1769796282.89895,0.600513,-0.08994680000000001,7.783206831825264,0.3,-0.00296,-0.094186,7.79115,0.666667,1.0,9.328995,-0.004239199999999999,0.1300513795480425,0.3
1769796282.89895,0.600513,-0.08994680000000001,7.793968770345293,0.3,-0.00296,-0.094186,7.79115,0.666667,1.0,9.328995,-0.004239199999999999,0.13229668696878377,0.3
1769796282.89895,0.600513,-0.08994680000000001,7.787241790176096,0.3,-0.00296,-0.094186,7.79115,0.666667,1.0,9.328995,-0.004239199999999999,0.1334970690230261,0.3
1769796282.89895,0.600513,-0.08994680000000001,7.77600453949981,0.3,-0.00296,-0.094186,7.79115,0.666667,1.0,9.328995,-0.004239199999999999,0.13170865966540551,0.3
1769796282.89895,0.600513,-0.08994680000000001,7.804699226491016,0.3,-0.00296,-0.094186,7.79115,0.666667,1.0,9.328995,-0.004239199999999999,0.12942530071352268,0.3
1769796282.89895,0.600513,-0.08994680000000001,7.800941943887393,0.3,-0.00296,-0.094186,7.79115,0.666667,1.0,9.328995,-0.004239199999999999,0.12843485310764116,0.3
1769796282.89895,0.600513,-0.08994680000000001,7.781947225135099,0.3,-0.00296,-0.094186,7.79115,0.666667,1.0,9.328995,-0.004239199999999999,0.12948547271875846,0.3
1769796282.89895,0.600513,-0.08994680000000001,7.798395508824313,0.3,-0.00296,-0.094186,7.79115,0.666667,1.0,9.328995,-0.004239199999999999,0.1317629221533976,0.3
1769796282.89895,0.600513,-0.08994680000000001,7.787277247279558,0.3,-0.00296,-0.094186,7.79115,0.666667,1.0,9.328995,-0.004239199999999999,0.12883592502099622,0.3
1769796282.89895,0.600513,-0.08994680000000001,7.799509207929507,0.3,-0.00296,-0.094186,7.79115,0.666667,1.0,9.328995,-0.004239199999999999,0.13088024059669365,0.3
1769796282.89895,0.600513,-0.08994680000000001,7.786129615370128,0.3,-0.00296,-0.094186,7.79115,0.666667,1.0,9.328995,-0.004239199999999999,0.13074034418903455,0.3
1769796282.89895,0.600513,-0.08994680000000001,7.788116625725513,0.3,-0.00296,-0.094186,7.79115,0.666667,1.0,9.328995,-0.004239199999999999,0.1315145895342184,0.3
1769796282.89895,0.600513,-0.08994680000000001,7.794863735858404,0.3,-0.00296,-0.094186,7.79115,0.666667,1.0,9.328995,-0.004239199999999999,0.13057105093233007,0.3
1769796282.89895,0.600513,-0.08994680000000001,7.791790846981458,0.3,-0.00296,-0.094186,7.79115,0.666667,1.0,9.328995,-0.004239199999999999,0.13242939642991905,0.3
1769796282.89895,0.600513,-0.08994680000000001,7.776966552739979,0.3,-0.00296,-0.094186,7.79115,0.666667,1.0,9.328995,-0.004239199999999999,0.13619338817120935,0.3
1769796282.89895,0.600513,-0.08994680000000001,7.772279785410662,0.3,-0.00296,-0.094186,7.79115,0.666667,1.0,9.328995,-0.004239199999999999,0.1379274066041992,0.3
1769796282.89895,0.600513,-0.08994680000000001,7.781386736383519,0.3,-0.00296,-0.094186,7.79115,0.666667,1.0,9.328995,-0.004239199999999999,0.13301584588117663,0.3
1769796282.89895,0.600513,-0.08994680000000001,7.806435917078114,0.3,-0.00296,-0.094186,7.79115,0.666667,1.0,9.328995,-0.004239199999999999,0.13154537402651714,0.3
1769796282.89895,0.600513,-0.08994680000000001,7.781102616538619,0.3,-0.00296,-0.094186,7.79115,0.666667,1.0,9.328995,-0.004239199999999999,0.12970177900731622,0.3
1769796282.89895,0.600513,-0.08994680000000001,7.792448306498724,0.3,-0.00296,-0.094186,7.79115,0.666667,1.0,9.328995,-0.004239199999999999,0.1332891201001533,0.3
1769796282.89895,0.600513,-0.08994680000000001,7.784911870521092,0.3,-0.00296,-0.094186,7.79115,0.666667,1.0,9.328995,-0.004239199999999999,0.12917608172575637,0.3
1769796282.89895,0.600513,-0.08994680000000001,7.805780846785001,0.3,-0.00296,-0.094186,7.79115,0.666667,1.0,9.328995,-0.004239199999999999,0.127384521075229,0.3
1769796282.89895,0.600513,-0.08994680000000001,7.803197670401889,0.3,-0.00296,-0.094186,7.79115,0.666667,1.0,9.328995,-0.004239199999999999,0.12655406012726153,0.3
1769796282.89895,0.600513,-0.08994680000000001,7.7898946362088966,0.3,-0.00296,-0.094186,7.79115,0.666667,1.0,9.328995,-0.004239199999999999,0.12967461397783273,0.3
1769796282.89895,0.600513,-0.08994680000000001,7.787057523681574,0.3,-0.00296,-0.094186,7.79115,0.666667,1.0,9.328995,-0.004239199999999999,0.13102159157502896,0.3
1769796282.89895,0.600513,-0.08994680000000001,7.795115804818711,0.3,-0.00296,-0.094186,7.79115,0.666667,1.0,9.328995,-0.004239199999999999,0.13071191938718746,0.3
1769796282.89895,0.600513,-0.08994680000000001,7.791752669335946,0.3,-0.00296,-0.094186,7.79115,0.666667,1.0,9.328995,-0.004239199999999999,0.13004069639329957,0.3
1769796282.89895,0.600513,-0.08994680000000001,7.791084861644901,0.3,-0.00296,-0.094186,7.79115,0.666667,1.0,9.328995,-0.004239199999999999,0.13052977578138408,0.3
1769796282.89895,0.600513,-0.08994680000000001,7.792181328490204,0.3,-0.00296,-0.094186,7.79115,0.666667,1.0,9.328995,-0.004239199999999999,0.13186920708690314,0.3
1769796282.89895,0.600513,-0.08994680000000001,7.783716081502831,0.3,-0.00296,-0.094186,7.79115,0.666667,1.0,9.328995,-0.004239199999999999,0.13023843618967498,0.3
1769796282.89895,0.600513,-0.08994680000000001,7.80086948702827,0.3,-0.00296,-0.094186,7.79115,0.666667,1.0,9.328995,-0.004239199999999999,0.13149328683550213,0.3
1769796282.89895,0.600513,-0.08994680000000001,7.784652224615241,0.3,-0.00296,-0.094186,7.79115,0.666667,1.0,9.328995,-0.004239199999999999,0.12959416160916643,0.3
1769796282.89895,0.600513,-0.08994680000000001,7.795110832860845,0.3,-0.00296,-0.094186,7.79115,0.666667,1.0,9.328995,-0.004239199999999999,0.13178144771179365,0.3
1769796282.89895,0.600513,-0.08994680000000001,7.787745770412506,0.3,-0.00296,-0.094186,7.79115,0.666667,1.0,9.328995,-0.004239199999999999,0.128391296025229,0.3
1769796282.89895,0.600513,-0.08994680000000001,7.804993134734629,0.3,-0.00296,-0.094186,7.79115,0.666667,1.0,9.328995,-0.004239199999999999,0.1303780025791859,0.3
1769796282.89895,0.600513,-0.08994680000000001,7.783190593537104,0.3,-0.00296,-0.094186,7.79115,0.666667,1.0,9.328995,-0.004239199999999999,0.13168018307206436,0.3
1769796282.89895,0.600513,-0.08994680000000001,7.7799326874552355,0.3,-0.00296,-0.094186,7.79115,0.666667,1.0,9.328995,-0.004239199999999999,0.13605621746143245,0.3
1769796282.89895,0.600513,-0.08994680000000001,7.778736928398421,0.3,-0.00296,-0.094186,7.79115,0.666667,1.0,9.328995,-0.004239199999999999,0.1342656038243208,0.3
1769796282.89895,0.600513,-0.08994680000000001,7.793934275359774,0.3,-0.00296,-0.094186,7.79115,0.666667,1.0,9.328995,-0.004239199999999999,0.13386744120903246,0.3
1769796282.89895,0.600513,-0.08994680000000001,7.782321663146965,0.3,-0.00296,-0.094186,7.79115,0.666667,1.0,9.328995,-0.004239199999999999,0.13119464078649104,0.3
1769796282.89895,0.600513,-0.08994680000000001,7.794773730933669,0.3,-0.00296,-0.094186,7.79115,0.666667,1.0,9.328995,-0.004239199999999999,0.13388260447779782,0.3
1769796282.89895,0.600513,-0.08994680000000001,7.7778064932119335,0.3,-0.00296,-0.094186,7.79115,0.666667,1.0,9.328995,-0.004239199999999999,0.13345351581747472,0.3
1769796282.89895,0.600513,-0.08994680000000001,7.784896195108904,0.3,-0.00296,-0.094186,7.79115,0.666667,1.0,9.328995,-0.004239199999999999,0.13587894396589498,0.3
1769796282.89895,0.600513,-0.08994680000000001,7.780221162043148,0.3,-0.00296,-0.094186,7.79115,0.666667,1.0,9.328995,-0.004239199999999999,0.1349923058410357,0.3
1769796282.89895,0.600513,-0.08994680000000001,7.783126321961089,0.3,-0.00296,-0.094186,7.79115,0.666667,1.0,9.328995,-0.004239199999999999,0.13265004275201647,0.3
1769796282.89895,0.600513,-0.08994680000000001,7.798949773643019,0.3,-0.00296,-0.094186,7.79115,0.666667,1.0,9.328995,-0.004239199999999999,0.13158234138596034,0.3
1769796282.89895,0.600513,-0.08994680000000001,7.786627370239485,0.3,-0.00296,-0.094186,7.79115,0.666667,1.0,9.328995,-0.004239199999999999,0.1308267998392705,0.3
1769796282.89895,0.600513,-0.08994680000000001,7.787659571241228,0.3,-0.00296,-0.094186,7.79115,0.666667,1.0,9.328995,-0.004239199999999999,0.13447683090952361,0.3
1769796282.89895,0.600513,-0.08994680000000001,7.777049587221501,0.3,-0.00296,-0.094186,7.79115,0.666667,1.0,9.328995,-0.004239199999999999,0.13302013234102192,0.3
1769796282.89895,0.600513,-0.08994680000000001,7.795367561650495,0.3,-0.00296,-0.094186,7.79115,0.666667,1.0,9.328995,-0.004239199999999999,0.13413156714894642,0.3
1769796282.89895,0.600513,-0.08994680000000001,7.780990962393681,0.3,-0.00296,-0.094186,7.79115,0.666667,1.0,9.328995,-0.004239199999999999,0.13035369207869038,0.3
1769796282.89895,0.600513,-0.08994680000000001,7.799716837643037,0.3,-0.00296,-0.094186,7.79115,0.666667,1.0,9.328995,-0.004239199999999999,0.1301857004302305,0.3
1769796282.89895,0.600513,-0.08994680000000001,7.796375511541254,0.3,-0.00296,-0.094186,7.79115,0.666667,1.0,9.328995,-0.004239199999999999,0.12765993170780207,0.3
1769796282.89895,0.600513,-0.08994680000000001,7.796145574728252,0.3,-0.00296,-0.094186,7.79115,0.666667,1.0,9.328995,-0.004239199999999999,0.1280377821682665,0.3
1769796282.89895,0.600513,-0.08994680000000001,7.79744973488025,0.3,-0.00296,-0.094186,7.79115,0.666667,1.0,9.328995,-0.004239199999999999,0.12769338197796845,0.3
1769796282.89895,0.600513,-0.08994680000000001,7.798441912683042,0.3,-0.00296,-0.094186,7.79115,0.666667,1.0,9.328995,-0.004239199999999999,0.1311812996186262,0.3
1769796282.89895,0.600513,-0.08994680000000001,7.775218068884305,0.3,-0.00296,-0.094186,7.79115,0.666667,1.0,9.328995,-0.004239199999999999,0.13288161039514676,0.3
1769796282.89895,0.600513,-0.08994680000000001,7.787247870221127,0.3,-0.00296,-0.094186,7.79115,0.666667,1.0,9.328995,-0.004239199999999999,0.13496294647558774,0.3
1769796282.89895,0.600513,-0.08994680000000001,7.785953896200397,0.3,-0.00296,-0.094186,7.79115,0.666667,1.0,9.328995,-0.004239199999999999,0.1330658107545116,0.3
