timestamp,x,y,theta,v,x_ref,y_ref,theta_ref,kappa_ref,v_ref,s_ref,cte,steering_cmd,velocity_cmd
1769797810.0,0.0,-0.0030727151095734546,-0.016440245410196026,1.0,0.0,0.0,0.0,0.0,1.0,0.0,0.0030727151095734546,0.02051098314339183,1.0
1769797810.02,0.006671114076050699,-0.00496273775965043,0.005014052787330639,0.9847389233929144,0.0066711140760507,0.0,0.0,0.0,1.0,0.0066711140760507,0.005125790876405429,0.020049212878788372,1.0
1769797810.04,0.0133422281521014,-0.006000005374313606,-0.0026373405430313813,0.9880426257542273,0.0133422281521014,0.0,0.0,0.0,1.0,0.0133422281521014,0.006091845864870746,0.02665210871946399,1.0
1769797810.06,0.020013342228152098,-0.0061603591226598335,-0.017938122392357925,1.0191859139998445,0.0200133422281521,0.0,0.0,0.0,1.0,0.0200133422281521,0.006608684033043466,0.03592063549652555,1.0
1769797810.08,0.026684456304202797,-0.0045373623298733965,0.0008735735069287503,1.0072847710192574,0.0266844563042028,0.0,0.0,0.0,1.0,0.0266844563042028,0.004228529955882445,0.014097178992904386,1.0
1769797810.1,0.033355570380253496,-0.004334452886633848,0.006286005618299027,0.9858455656691685,0.0333555703802535,0.0,0.0,0.0,1.0,0.0333555703802535,0.004355583282378065,0.014406383646858367,1.0
1769797810.12,0.0400266844563042,-0.004575471093894716,0.008751422643233833,1.0030812531847337,0.0400266844563042,0.0,0.0,0.0,1.0,0.0400266844563042,0.004032934929921289,0.01143338004561146,1.0
1769797810.14,0.0466977985323549,-0.00691756904191222,0.006362612894888791,0.9992636255788724,0.0466977985323549,0.0,0.0,0.0,1.0,0.0466977985323549,0.00734832473303158,0.02952738228779221,1.0
1769797810.16,0.0533689126084056,-0.007326230240496024,0.013941443297916167,1.0146375312389233,0.0533689126084056,0.0,0.0,0.0,1.0,0.0533689126084056,0.0072494737647060496,0.021928322441540585,1.0
1769797810.18,0.060040026684456294,-0.008377729256793216,0.011647279998083704,0.9961047445226736,0.0600400266844563,0.0,0.0,0.0,1.0,0.0600400266844563,0.008093088326099708,0.02739232786675064,1.0
1769797810.2,0.06671114076050699,-0.010207936627469457,-0.009592308364091829,0.988785129455518,0.066711140760507,0.0,0.0,0.0,1.0,0.066711140760507,0.01075755261632678,0.050490828937580105,1.0
1769797810.22,0.07338225483655769,-0.00887327227915331,0.008403003814804733,0.9950373358785088,0.0733822548365577,0.0,0.0,0.0,1.0,0.0733822548365577,0.009473269383478205,0.03240729239366188,1.0
1769797810.24,0.0800533689126084,-0.005312171192825216,0.012552068794537383,0.9893800946639989,0.0800533689126084,0.0,0.0,0.0,1.0,0.0800533689126084,0.0047386214439876445,0.007943803439191327,1.0
1769797810.26,0.0867244829886591,-0.005213021981753933,-0.004085848005935653,1.0024061780110216,0.0867244829886591,0.0,0.0,0.0,1.0,0.0867244829886591,0.00442763560107246,0.01944248056434248,1.0
1769797810.28,0.0933955970647098,-0.008297673935950196,0.0005291184924608891,1.0010379445916864,0.0933955970647098,0.0,0.0,0.0,1.0,0.0933955970647098,0.008779009213862859,0.03920285122201139,1.0
1769797810.3,0.10006671114076049,-0.00892578876162016,0.008594505511787424,0.992637487122463,0.1000667111407605,0.0,0.0,0.0,1.0,0.1000667111407605,0.009136094593220696,0.03260421099634691,1.0
1769797810.32,0.10673782521681119,-0.008920413208339882,-0.008896869334678406,1.0092746895697957,0.1067378252168112,0.0,0.0,0.0,1.0,0.1067378252168112,0.008572476373154296,0.038174721939889994,1.0
1769797810.34,0.1134089392928619,-0.010234407637553667,-0.022592259190226335,1.0151096011224872,0.1134089392928619,0.0,0.0,0.0,1.0,0.1134089392928619,0.01053874288592567,0.055417367651587224,1.0
1769797810.36,0.1200800533689126,-0.009922478212800671,-0.018606735596577273,0.9875818489925036,0.1200800533689126,0.0,0.0,0.0,1.0,0.1200800533689126,0.010128170907698115,0.049405479450853544,1.0
1769797810.38,0.12675116744496331,-0.008399084205724026,0.00928422453856789,0.9898555866073482,0.12675116744496331,0.0,0.0,0.0,1.0,0.12675116744496331,0.008650649545192934,0.02848296454898261,1.0
1769797810.4,0.133422281521014,-0.006592368224090709,0.00023469072241622216,0.9888167690204583,0.133422281521014,0.0,0.0,0.0,1.0,0.133422281521014,0.00570171861445915,0.019740598165894706,1.0
1769797810.42,0.1400933955970647,-0.008803291782308162,-4.510280722420806e-05,0.9993774537812713,0.1400933955970647,0.0,0.0,0.0,1.0,0.1400933955970647,0.008942017087404672,0.03903091822617632,1.0
1769797810.44,0.1467645096731154,-0.009933891576701579,0.0017959737515006486,1.0037102282086339,0.1467645096731154,0.0,0.0,0.0,1.0,0.1467645096731154,0.010366830583408568,0.041994148953887846,1.0
1769797810.46,0.15343562374916608,-0.008419875571188635,0.0020801526949623408,0.9781928487551129,0.1534356237491661,0.0,0.0,0.0,1.0,0.1534356237491661,0.00904410933979572,0.033813639768088856,1.0
1769797810.48,0.16010673782521678,-0.0051104982789259654,0.01787824914972865,0.9984367068858371,0.1601067378252168,0.0,0.0,0.0,1.0,0.1601067378252168,0.003992768645509297,0.001980609312886442,1.0
1769797810.5,0.1667778519012675,-0.006580090543452472,0.007992719315156837,0.9736628399753179,0.1667778519012675,0.0,0.0,0.0,1.0,0.1667778519012675,0.00701719260927442,0.027096834743284386,1.0
1769797810.52,0.17344896597731818,-0.0054127839565145264,-0.0054125528103608975,0.9865263209889126,0.1734489659773182,0.0,0.0,0.0,1.0,0.1734489659773182,0.006009873167476556,0.025738449633288807,1.0
1769797810.54,0.1801200800533689,-0.002517388760670176,-0.0021849446879091627,0.9833355573619944,0.1801200800533689,0.0,0.0,0.0,1.0,0.1801200800533689,0.0014590610517537822,0.0023779044352469367,1.0
1769797810.56,0.18679119412941958,-0.005100065601110059,-0.002544416223611309,1.0041033267024273,0.1867911941294196,0.0,0.0,0.0,1.0,0.1867911941294196,0.004560856206435661,0.02261742809223018,1.0
1769797810.58,0.1934623082054703,-0.009104716794648,0.011222278204414921,1.0013072095733926,0.1934623082054703,0.0,0.0,0.0,1.0,0.1934623082054703,0.010199052950030466,0.040823269441509207,1.0
1769797810.6,0.20013342228152098,-0.007872331901216495,-0.010941432024866636,1.0143240067509205,0.200133422281521,0.0,0.0,0.0,1.0,0.200133422281521,0.008002465929734444,0.035283992711075074,1.0
1769797810.62,0.20680453635757168,-0.006963424300484262,-0.009674681352292944,1.0080502250394459,0.2068045363575717,0.0,0.0,0.0,1.0,0.2068045363575717,0.006032654874701232,0.026998149119918186,1.0
1769797810.64,0.2134756504336224,-0.009613914690975363,0.0014377490432964772,1.0070577929671947,0.2134756504336224,0.0,0.0,0.0,1.0,0.2134756504336224,0.010398107353406173,0.04523900737068139,1.0
1769797810.66,0.22014676450967308,-0.00854433720138144,0.0013588235999924744,0.9997416481889756,0.2201467645096731,0.0,0.0,0.0,1.0,0.2201467645096731,0.008604839323456025,0.03194667746387772,1.0
1769797810.68,0.2268178785857238,-0.007601889513233696,-0.01057738777029655,1.002446809073678,0.2268178785857238,0.0,0.0,0.0,1.0,0.2268178785857238,0.007192416475439459,0.03264593693888954,1.0
1769797810.7,0.23348899266177447,-0.008979381100279012,0.0009391692294837303,1.0071438277009168,0.2334889926617745,0.0,0.0,0.0,1.0,0.2334889926617745,0.008570316001459058,0.03518957891711397,1.0
1769797810.72,0.24016010673782517,-0.011609682758019785,-0.013239417934689707,1.0001007959353487,0.2401601067378252,0.0,0.0,0.0,1.0,0.2401601067378252,0.012265843148484121,0.0593786087083064,1.0
1769797810.74,0.2468312208138759,-0.011126145650290053,-0.005778500624550854,1.0001377779099125,0.2468312208138759,0.0,0.0,0.0,1.0,0.2468312208138759,0.01117790259359367,0.04651292013175966,1.0
1769797810.76,0.2535023348899266,-0.010312535691696567,0.022228613290007394,0.9994116964439105,0.25350233488992663,0.0,0.0,0.0,1.0,0.25350233488992663,0.01040107614047678,0.02971317146378653,1.0
1769797810.78,0.2601734489659773,-0.00914068378299442,0.005020473687104988,1.0060086362377982,0.2601734489659773,0.0,0.0,0.0,1.0,0.2601734489659773,0.009085736972128763,0.03251737187661455,1.0
1769797810.8,0.266844563042028,-0.007922819280334982,-0.0030290715897140995,0.9984907064367199,0.266844563042028,0.0,0.0,0.0,1.0,0.266844563042028,0.008225250324998669,0.033555050447721634,1.0
1769797810.82,0.2735156771180787,-0.005690842053346996,0.010626783205471802,0.992356777776557,0.2735156771180787,0.0,0.0,0.0,1.0,0.2735156771180787,0.005293609902578341,0.012929407585157138,1.0
1769797810.84,0.2801867911941294,-0.005743791707480725,-0.013832083196305918,1.0176986231819616,0.2801867911941294,0.0,0.0,0.0,1.0,0.2801867911941294,0.005312614863279397,0.028185506011971603,1.0
1769797810.86,0.28685790527018007,-0.007050913412480639,0.00535113098156976,0.9881985347804153,0.2868579052701801,0.0,0.0,0.0,1.0,0.2868579052701801,0.0078088999678873165,0.031056319485372307,1.0
1769797810.88,0.2935290193462308,-0.00541998232176605,0.022658003568356823,1.0075778854309492,0.2935290193462308,0.0,0.0,0.0,1.0,0.2935290193462308,0.004820764525582732,0.004965920875847931,1.0
1769797810.9,0.3002001334222815,-0.006714423463776169,0.012475619763842642,1.00673458932933,0.3002001334222815,0.0,0.0,0.0,1.0,0.3002001334222815,0.006585400946573615,0.021868430325364025,1.0
1769797810.92,0.3068712474983322,-0.0078023704601315755,0.00777016499158415,0.9991676383319782,0.3068712474983322,0.0,0.0,0.0,1.0,0.3068712474983322,0.008610969686064871,0.03258436498795867,1.0
1769797810.94,0.31354236157438287,-0.005567734637756768,0.002236443872182009,1.0216790599781882,0.3135423615743829,0.0,0.0,0.0,1.0,0.3135423615743829,0.005116854402131603,0.015855080388502137,1.0
1769797810.96,0.32021347565043357,-0.00587610870873077,0.003373761970312178,1.010125915161732,0.3202134756504336,0.0,0.0,0.0,1.0,0.3202134756504336,0.0054372065816327315,0.020382297520875964,1.0
1769797810.98,0.32688458972648426,-0.007489502977473212,-0.0009208651327946821,1.0173070516803402,0.3268845897264843,0.0,0.0,0.0,1.0,0.3268845897264843,0.008232692706162288,0.03618668951557605,1.0
1769797811.0,0.333555703802535,-0.00557624783884591,-0.0047253311023335515,1.0152937802678828,0.333555703802535,0.0,0.0,0.0,1.0,0.333555703802535,0.005634678512333301,0.022303365406670994,1.0
1769797811.02,0.3402268178785857,-0.003846690105495436,-0.007992869426872181,0.9978287316027218,0.3402268178785857,0.0,0.0,0.0,1.0,0.3402268178785857,0.0033903162239441132,0.015313337320823357,1.0
1769797811.04,0.34689793195463636,-0.0038320683517195663,-0.015637528896290564,1.0005880981470243,0.3468979319546364,0.0,0.0,0.0,1.0,0.3468979319546364,0.004246877152717805,0.025662833987790193,1.0
1769797811.06,0.35356904603068706,-0.002493684008952949,-0.0006457761966104261,1.0011061334306266,0.3535690460306871,0.0,0.0,0.0,1.0,0.3535690460306871,0.0018816721932852494,0.005484371912013656,1.0
1769797811.08,0.36024016010673776,-0.003703211631127182,0.00037868262076851545,0.997043469558572,0.3602401601067378,0.0,0.0,0.0,1.0,0.3602401601067378,0.004011354805968931,0.01798576052617515,1.0
1769797811.1,0.36691127418278846,-0.0035642991138762213,0.012652892430560541,1.011523907481564,0.3669112741827885,0.0,0.0,0.0,1.0,0.3669112741827885,0.0034747377707065874,0.007035887832283734,1.0
1769797811.12,0.3735823882588392,-0.003620158185153382,0.005635267971081006,1.0106294724359992,0.3735823882588392,0.0,0.0,0.0,1.0,0.3735823882588392,0.0038433395314168856,0.012924325900837336,1.0
1769797811.14,0.38025350233488986,-0.0029561310748986353,-0.002895173400524167,0.9991413088630634,0.3802535023348899,0.0,0.0,0.0,1.0,0.3802535023348899,0.002634504307200858,0.010776768704849487,1.0
1769797811.16,0.3869246164109406,-0.0033620577078783812,0.0020980535299328505,0.9953852962741536,0.3869246164109406,0.0,0.0,0.0,1.0,0.3869246164109406,0.0037930288805668524,0.01528161333066698,1.0
1769797811.18,0.39359573048699126,-0.0023768586554160317,-0.002195322499415308,0.9969884446128002,0.3935957304869913,0.0,0.0,0.0,1.0,0.3935957304869913,0.0017567855349785954,0.006088560044033778,1.0
1769797811.2,0.40026684456304196,-0.003941951462292146,0.012229996299282633,0.9911968446239181,0.400266844563042,0.0,0.0,0.0,1.0,0.400266844563042,0.004285334164995053,0.013554887140355354,1.0
1769797811.22,0.4069379586390927,-0.003739187870973638,-0.004672628359460083,1.0037456363836,0.4069379586390927,0.0,0.0,0.0,1.0,0.4069379586390927,0.003904591656554698,0.017573938297508477,1.0
1769797811.24,0.41360907271514336,-0.0023625810561576813,-0.018277380369429594,1.010845450985276,0.4136090727151434,0.0,0.0,0.0,1.0,0.4136090727151434,0.0027645399469435152,0.019056798262877674,1.0
1769797811.26,0.4202801867911941,5.234072889546501e-05,0.008153647371899683,1.007046303279265,0.4202801867911941,0.0,0.0,0.0,1.0,0.4202801867911941,-0.0008898339156588324,-0.011290533211187519,1.0
1769797811.28,0.42695130086724475,-0.0009521172107825373,-0.005506758095512539,1.0036395389395105,0.4269513008672448,0.0,0.0,0.0,1.0,0.4269513008672448,0.0014410390242804365,0.010848408084817284,1.0
1769797811.3,0.43362241494329545,0.0001937412900481591,0.006699698105390459,1.0181023467897001,0.4336224149432955,0.0,0.0,0.0,1.0,0.4336224149432955,-0.00032505997919632336,-0.006416187972957283,1.0
1769797811.32,0.4402935290193462,0.0001583047913751655,-0.010140691424094812,0.9997965275187127,0.4402935290193462,0.0,0.0,0.0,1.0,0.4402935290193462,-0.0007267792415207555,0.0017615094836399515,1.0
1769797811.34,0.44696464309539685,-0.0022355919692964624,0.008992995241958476,1.0102347838455352,0.4469646430953969,0.0,0.0,0.0,1.0,0.4469646430953969,0.0025300124746439148,0.00888034399376109,1.0
1769797811.36,0.4536357571714476,-0.0027999364346598236,0.005640338537088305,0.9843580099379022,0.4536357571714476,0.0,0.0,0.0,1.0,0.4536357571714476,0.0032555263716799797,0.010927450115211831,1.0
1769797811.38,0.46030687124749825,-0.0012154680777052462,0.0067916169030556315,0.984617203287369,0.4603068712474983,0.0,0.0,0.0,1.0,0.4603068712474983,0.001238194527262459,-0.000460362186895501,1.0
1769797811.4,0.46697798532354895,-2.5501186331226204e-06,0.005466506573031383,0.9995028383968956,0.466977985323549,0.0,0.0,0.0,1.0,0.466977985323549,-0.00047505704384965695,-0.006346733033026435,1.0
1769797811.42,0.4736490993995997,-0.001008625372435822,0.007280781786651554,1.010402288291705,0.4736490993995997,0.0,0.0,0.0,1.0,0.4736490993995997,0.001018465584480637,0.0019269940729270646,1.0
1769797811.44,0.48032021347565035,-0.0018937614218188447,0.006546726294863175,0.9988899210765924,0.4803202134756504,0.0,0.0,0.0,1.0,0.4803202134756504,0.001968779636696052,0.005552069451568036,1.0
1769797811.46,0.4869913275517011,-0.0022391200173798535,-0.005906664429650932,0.9884696297350014,0.4869913275517011,0.0,0.0,0.0,1.0,0.4869913275517011,0.002428812468441567,0.01312861492033725,1.0
1769797811.48,0.49366244162775175,-0.0020113255379456112,-0.006935835230183977,0.9859524659303885,0.4936624416277518,0.0,0.0,0.0,1.0,0.4936624416277518,0.0016992471746528665,0.009535341019914753,1.0
1769797811.5,0.5003335557038024,-0.002367684466597867,-0.008197613162625376,0.9877372064008278,0.5003335557038026,0.0,0.0,0.0,1.0,0.5003335557038026,0.003239896753877512,0.01859904317604738,1.0
1769797811.52,0.5070046697798531,0.0009902307384137107,-0.0017708930292112764,1.0034291366808714,0.5070046697798533,0.0,0.0,0.0,1.0,0.5070046697798533,-0.0013462806120548866,-0.009085853299546308,1.0
1769797811.54,0.513675783855904,0.0025133704559631162,-0.007325226595649143,1.0171703883421972,0.513675783855904,0.0,0.0,0.0,1.0,0.513675783855904,-0.002686579866433134,-0.008424005422286213,1.0
1769797811.56,0.5203468979319547,0.003307547616256338,-0.002732811176760699,1.010849571319277,0.5203468979319547,0.0,0.0,0.0,1.0,0.5203468979319547,-0.0032281995913191084,-0.012088012501782059,1.0
1769797811.58,0.5270180120080054,0.004807750301806877,-0.008114234554410795,1.0124043096155728,0.5270180120080054,0.0,0.0,0.0,1.0,0.5270180120080054,-0.004472015559589965,-0.015074760929425321,1.0
1769797811.6,0.5336891260840559,0.006660291492142955,-0.011183900364505407,1.0065816492453763,0.533689126084056,0.0,0.0,0.0,1.0,0.533689126084056,-0.007874715117703004,-0.02930960984667235,1.0
1769797811.62,0.5403602401601066,0.0031927033738276033,0.0034501025062185233,0.9901749261579239,0.5403602401601068,0.0,0.0,0.0,1.0,0.5403602401601068,-0.0028455224298654766,-0.00807794828473364,1.0
1769797811.64,0.5470313542361575,0.0013302740547374435,-0.009593851505550637,0.9969584876886983,0.5470313542361575,0.0,0.0,0.0,1.0,0.5470313542361575,-0.0013452929940021784,0.0009159832126299028,1.0
1769797811.66,0.5537024683122082,-0.00033321102011860565,0.005179244494550312,0.9917563543902225,0.5537024683122082,0.0,0.0,0.0,1.0,0.5537024683122082,0.000602243647588145,0.0017668889846677478,1.0
1769797811.68,0.5603735823882589,-0.0011998774314560157,0.014177055367478937,0.9909091468496201,0.5603735823882589,0.0,0.0,0.0,1.0,0.5603735823882589,0.0007412105001168045,-0.003984718830743591,1.0
1769797811.7,0.5670446964643094,-0.0037243450357026153,-0.0035601821937883077,0.9828501934052492,0.5670446964643095,0.0,0.0,0.0,1.0,0.5670446964643095,0.0042069895223764125,0.02207382820865941,1.0
1769797811.72,0.5737158105403601,-0.00360535817087494,0.002740058755621173,1.0053784032856132,0.5737158105403602,0.0,0.0,0.0,1.0,0.5737158105403602,0.003996471702138163,0.014405339610503817,1.0
1769797811.74,0.580386924616411,-0.00214208397167215,0.001660030376292963,0.9988733631425788,0.580386924616411,0.0,0.0,0.0,1.0,0.580386924616411,0.001661174826818891,0.00347938724380981,1.0
1769797811.76,0.5870580386924616,-0.0029004568215150028,-0.0026065140466591296,1.0095840663163302,0.5870580386924616,0.0,0.0,0.0,1.0,0.5870580386924616,0.0029230524484512377,0.014257344438766861,1.0
1769797811.78,0.5937291527685123,-0.0035002971571612496,-0.0003604024321897193,1.0069219494747736,0.5937291527685123,0.0,0.0,0.0,1.0,0.5937291527685123,0.0035533834123220942,0.015024065829254094,1.0
1769797811.8,0.6004002668445629,-0.0035500021818820776,-0.00204010859660534,1.002758715650904,0.600400266844563,0.0,0.0,0.0,1.0,0.600400266844563,0.0038524016353902245,0.016728679062931698,1.0
1769797811.82,0.6070713809206137,-0.0026348189095879394,0.003928518975159931,0.9945631630263622,0.6070713809206137,0.0,0.0,0.0,1.0,0.6070713809206137,0.002188509756898221,0.005125887661520915,1.0
1769797811.84,0.6137424949966644,-0.00359338898748217,0.001248695614972301,0.9969048381900798,0.6137424949966644,0.0,0.0,0.0,1.0,0.6137424949966644,0.0038024116831791533,0.016199200851511393,1.0
1769797811.86,0.6204136090727151,-0.003245056180231844,0.004027936243552825,1.0077355345794985,0.6204136090727151,0.0,0.0,0.0,1.0,0.6204136090727151,0.00357651981879048,0.012066219288996833,1.0
1769797811.88,0.6270847231487657,-0.0015928265530074784,-0.0018319334095372082,0.9898959593225659,0.6270847231487658,0.0,0.0,0.0,1.0,0.6270847231487658,0.0013498930597078845,0.004088912184517546,1.0
1769797811.9,0.6337558372248164,-0.000653189382436227,0.012620480142374957,0.9723736246511726,0.6337558372248165,0.0,0.0,0.0,1.0,0.6337558372248165,0.0010742865611812172,-0.002288700324989277,1.0
1769797811.92,0.6404269513008672,0.001417474196239413,0.000509814333824569,0.9909649940793848,0.6404269513008672,0.0,0.0,0.0,1.0,0.6404269513008672,-0.0022515679556116444,-0.012587033506151724,1.0
1769797811.94,0.6470980653769179,-6.797449633986947e-05,-0.006968410408178665,0.993064412062627,0.6470980653769179,0.0,0.0,0.0,1.0,0.6470980653769179,0.00040429976882202633,0.0077572720038111085,1.0
1769797811.96,0.6537691794529686,-0.00018516143017820316,0.011562773926836516,0.996288035570744,0.6537691794529686,0.0,0.0,0.0,1.0,0.6537691794529686,-1.6094749330913425e-05,-0.0062661604788948515,1.0
1769797811.98,0.6604402935290192,-0.0012333786378425388,-0.0017792273561716373,1.0012671386622338,0.6604402935290193,0.0,0.0,0.0,1.0,0.6604402935290193,0.0012415438683924143,0.007113427769378803,1.0
1769797812.0,0.6671114076050699,-0.0023940791656551887,-0.020982056160739622,0.9976024567606776,0.66711140760507,0.0,0.0,0.0,1.0,0.66711140760507,0.0022434914362741225,0.02046694139334801,1.0
1769797812.02,0.6737825216811207,-0.003873023588720115,0.008170756284835606,1.0146953991300114,0.6737825216811207,0.0,0.0,0.0,1.0,0.6737825216811207,0.004257522430579481,0.014958742574205475,1.0
1769797812.04,0.6804536357571714,-0.0037094457798887226,0.004659947283703305,0.9955652853986079,0.6804536357571714,0.0,0.0,0.0,1.0,0.6804536357571714,0.003557640083108002,0.011200704343108879,1.0
1769797812.06,0.6871247498332221,-0.004860791567164318,0.0010685000448553566,1.008670244462854,0.6871247498332221,0.0,0.0,0.0,1.0,0.6871247498332221,0.004254294556034025,0.017179582674634444,1.0
1769797812.08,0.6937958639092727,-0.007822599215316446,-0.0005360068847797181,1.0008295408555552,0.6937958639092728,0.0,0.0,0.0,1.0,0.6937958639092728,0.008842456739714614,0.040225992584928906,1.0
1769797812.1,0.7004669779853234,-0.0066073736293941285,0.0005266687624128695,0.9819517534743958,0.7004669779853235,0.0,0.0,0.0,1.0,0.7004669779853235,0.006025071749610466,0.021019567627131277,1.0
1769797812.12,0.7071380920613742,-0.0075458876893215975,-0.014350715851210304,0.9892232902263018,0.7071380920613742,0.0,0.0,0.0,1.0,0.7071380920613742,0.008109556815795569,0.04169807025497253,1.0
1769797812.14,0.7138092061374249,-0.006178977306051319,-0.02073658535444499,0.9978755359717221,0.7138092061374249,0.0,0.0,0.0,1.0,0.7138092061374249,0.005853945825703875,0.0315284649899463,1.0
1769797812.16,0.7204803202134756,-0.006349704040234914,-0.006828496271052034,0.9933538881335964,0.7204803202134756,0.0,0.0,0.0,1.0,0.7204803202134756,0.00632888049773578,0.02920470479850104,1.0
1769797812.18,0.7271514342895262,-0.006837823599338704,-0.002360063955792809,1.0232305972454772,0.7271514342895263,0.0,0.0,0.0,1.0,0.7271514342895263,0.00661760730608114,0.027939188010566322,1.0
1769797812.2,0.7338225483655769,-0.007939880132538829,-0.009523432070612774,1.0155292073658608,0.733822548365577,0.0,0.0,0.0,1.0,0.733822548365577,0.008353619193644465,0.03991220469744757,1.0
1769797812.22,0.7404936624416277,-0.007529568890575969,-0.008925656047754261,1.0077271125189213,0.7404936624416277,0.0,0.0,0.0,1.0,0.7404936624416277,0.007111154380579317,0.03166498073312925,1.0
1769797812.24,0.7471647765176784,-0.008366921579627585,0.0037378630860694707,1.0014787086991745,0.7471647765176784,0.0,0.0,0.0,1.0,0.7471647765176784,0.00907185869526415,0.036379207552706704,1.0
1769797812.26,0.7538358905937291,-0.00633879256022409,-0.003298922305496213,0.9986358503968883,0.7538358905937291,0.0,0.0,0.0,1.0,0.7538358905937291,0.0059145677290418945,0.02215044110269343,1.0
1769797812.28,0.7605070046697797,-0.0068992570515386846,-0.0009359629126167162,0.9851551947537279,0.7605070046697798,0.0,0.0,0.0,1.0,0.7605070046697798,0.006290379419670845,0.02600531082562069,1.0
1769797812.3,0.7671781187458304,-0.010155333621521044,-0.010799018588080411,0.9948716264643451,0.7671781187458305,0.0,0.0,0.0,1.0,0.7671781187458305,0.010301150491569863,0.050614882332218676,1.0
1769797812.32,0.7738492328218812,-0.01240803702394763,-0.02836462616137694,0.9977611326527354,0.7738492328218812,0.0,0.0,0.0,1.0,0.7738492328218812,0.012730931464608915,0.06753581991216318,1.0
1769797812.34,0.7805203468979319,-0.013461681247711677,-0.0009920184437300073,1.0023608832997566,0.7805203468979319,0.0,0.0,0.0,1.0,0.7805203468979319,0.013153899703288218,0.053534576273697176,1.0
1769797812.36,0.7871914609739826,-0.015440939689764774,-0.0006013302033913638,0.9934349073776229,0.7871914609739826,0.0,0.0,0.0,1.0,0.7871914609739826,0.01595163934545188,0.06690496212566686,1.0
1769797812.38,0.7938625750500332,-0.014917630873393654,0.00233233449067998,1.002137843262847,0.7938625750500333,0.0,0.0,0.0,1.0,0.7938625750500333,0.01503693307194472,0.05806685876893173,1.0
1769797812.4,0.8005336891260839,-0.013484275107946794,0.014804990349000652,0.9988328025618376,0.800533689126084,0.0,0.0,0.0,1.0,0.800533689126084,0.01383757846378423,0.0467484640724761,1.0
1769797812.42,0.8072048032021347,-0.011001569715276764,0.008954861865557944,1.0012677722361558,0.8072048032021347,0.0,0.0,0.0,1.0,0.8072048032021347,0.010402170348591916,0.03369584234639638,1.0
1769797812.44,0.8138759172781854,-0.01169050269330101,-0.0010077692276339778,1.0171950526159892,0.8138759172781854,0.0,0.0,0.0,1.0,0.8138759172781854,0.011316061367136022,0.04668202110090518,1.0
1769797812.46,0.8205470313542361,-0.01331031877657753,-0.0036591633373376136,1.0234312772610226,0.8205470313542361,0.0,0.0,0.0,1.0,0.8205470313542361,0.014126828526761878,0.06114766293534218,1.0
1769797812.48,0.8272181454302867,-0.010806377336847209,-0.006836289049965297,1.0121295555817622,0.8272181454302868,0.0,0.0,0.0,1.0,0.8272181454302868,0.011119756025660421,0.04489009612652287,1.0
1769797812.5,0.8338892595063374,-0.007512739883981559,0.013205777723200076,1.0257891525389582,0.8338892595063375,0.0,0.0,0.0,1.0,0.8338892595063375,0.006840002015988565,0.016477365192682364,1.0
1769797812.52,0.8405603735823882,-0.007046562320265154,-0.0030109154744599577,0.9862223340423949,0.8405603735823882,0.0,0.0,0.0,1.0,0.8405603735823882,0.007358545815083216,0.0314581847966575,1.0
1769797812.54,0.8472314876584389,-0.005205226786149868,-0.00023230133630944806,1.0055861885847615,0.8472314876584389,0.0,0.0,0.0,1.0,0.8472314876584389,0.005124461780731127,0.01837991375672714,1.0
1769797812.56,0.8539026017344896,-0.004203592388662138,0.009705208283493317,1.0095617006613302,0.8539026017344896,0.0,0.0,0.0,1.0,0.8539026017344896,0.0037407946106553765,0.008726907130799096,1.0
1769797812.58,0.8605737158105402,-0.0055114405592346805,-0.015397548478325756,1.0078027137305157,0.8605737158105403,0.0,0.0,0.0,1.0,0.8605737158105403,0.005361680955205967,0.03076638440453734,1.0
1769797812.6,0.8672448298865909,-0.007460349809487623,-0.014364488174099585,0.991088249903286,0.867244829886591,0.0,0.0,0.0,1.0,0.867244829886591,0.007518166881941219,0.039411397541549924,1.0
1769797812.62,0.8739159439626417,-0.009453000094788288,0.006638668057777393,0.9918780533512559,0.8739159439626417,0.0,0.0,0.0,1.0,0.8739159439626417,0.009139446054957118,0.03485972936395567,1.0
1769797812.64,0.8805870580386924,-0.012592306457450823,0.01770733398463171,1.0035348946095137,0.8805870580386924,0.0,0.0,0.0,1.0,0.8805870580386924,0.012908902565967748,0.04655139978256576,1.0
1769797812.66,0.8872581721147431,-0.014385849517395945,-0.005242843131524029,0.9917731688612996,0.8872581721147431,0.0,0.0,0.0,1.0,0.8872581721147431,0.014254164313701042,0.060983340568299474,1.0
1769797812.68,0.8939292861907937,-0.01636673714167312,0.016740229282493302,0.9966028187694024,0.8939292861907938,0.0,0.0,0.0,1.0,0.8939292861907938,0.016793923527917278,0.06134533868463869,1.0
1769797812.7,0.9006004002668444,-0.01642943233262978,-0.001639160665412659,0.9939312190655162,0.9006004002668445,0.0,0.0,0.0,1.0,0.9006004002668445,0.016354088296810912,0.06579609828884361,1.0
1769797812.72,0.9072715143428952,-0.0159209066624452,-0.004763755587911643,0.9953635363678358,0.9072715143428952,0.0,0.0,0.0,1.0,0.9072715143428952,0.0168437330240745,0.07024645461751741,1.0
1769797812.74,0.9139426284189459,-0.011343378910645055,-0.009449459737192053,0.9716363145135783,0.9139426284189459,0.0,0.0,0.0,1.0,0.9139426284189459,0.011105857971323903,0.04341028670114104,1.0
1769797812.76,0.9206137424949966,-0.008021706765552243,0.0011997847061151023,0.9979575941907808,0.9206137424949966,0.0,0.0,0.0,1.0,0.9206137424949966,0.007874282209010292,0.027665660720670004,1.0
1769797812.78,0.9272848565710472,-0.0058610994321396034,-0.003860678937189616,1.0106163804504316,0.9272848565710473,0.0,0.0,0.0,1.0,0.9272848565710473,0.005388015884321876,0.020996136681193895,1.0
1769797812.8,0.9339559706470979,-0.005661956174957004,0.0018576837749519968,1.006910400247842,0.933955970647098,0.0,0.0,0.0,1.0,0.933955970647098,0.005908215321876362,0.023224218837583934,1.0
1769797812.82,0.9406270847231487,-0.004690357614068275,-0.003815990247891563,1.0202546729692625,0.9406270847231487,0.0,0.0,0.0,1.0,0.9406270847231487,0.0043136035654840685,0.017567797629489762,1.0
1769797812.84,0.9472981987991994,-0.005166590092872291,-0.004041522760817848,1.0193549637165045,0.9472981987991994,0.0,0.0,0.0,1.0,0.9472981987991994,0.0054769446132391835,0.02509188088112077,1.0
1769797812.86,0.9539693128752501,-0.0046510576699511225,0.005651292355993392,1.014668192613495,0.9539693128752501,0.0,0.0,0.0,1.0,0.9539693128752501,0.004194501476630809,0.012669916591918165,1.0
1769797812.88,0.9606404269513007,-0.006002173606738144,0.015240697765067516,0.9955069545611378,0.9606404269513008,0.0,0.0,0.0,1.0,0.9606404269513008,0.006266120815858084,0.019515753720125855,1.0
1769797812.9,0.9673115410273514,-0.00623151883044338,-0.015309072304672334,0.9875676719852378,0.9673115410273515,0.0,0.0,0.0,1.0,0.9673115410273515,0.006121535900965441,0.031996094841305285,1.0
1769797812.92,0.9739826551034022,-0.00733522011355381,-0.0006476148920034435,1.0060095838969216,0.9739826551034022,0.0,0.0,0.0,1.0,0.9739826551034022,0.0069741177250456626,0.029072860170264593,1.0
1769797812.94,0.9806537691794529,-0.009899666542476237,-0.021676671650883602,1.0119809636623274,0.9806537691794529,0.0,0.0,0.0,1.0,0.9806537691794529,0.010124065876368936,0.05448454748224082,1.0
1769797812.96,0.9873248832555036,-0.010449761760359744,-0.00560630387811075,0.9962023314314129,0.9873248832555036,0.0,0.0,0.0,1.0,0.9873248832555036,0.011416916079899406,0.04976366646218346,1.0
1769797812.98,0.9939959973315542,-0.006952862863161928,-0.011247629320361123,0.9965341319869818,0.9939959973315543,0.0,0.0,0.0,1.0,0.9939959973315543,0.006486470153724834,0.026639249348905325,1.0
1769797813.0,1.000667111407605,-0.005540888918668164,-0.0071233682727223704,0.9871676636768341,1.0006671114076051,0.0,0.0,0.0,1.0,1.0006671114076051,0.005632463276670554,0.025237530365989122,1.0
1769797813.02,1.0073382254836556,-0.0036750812765899907,0.012050699783587278,0.9947279475904821,1.0073382254836558,0.0,0.0,0.0,1.0,1.0073382254836558,0.003701567970163246,0.006850026682352037,1.0
1769797813.04,1.0140093395597063,-0.0016229315210289504,0.010286569574898612,1.0114012686714968,1.0140093395597065,0.0,0.0,0.0,1.0,1.0140093395597065,0.0016856690645032928,-0.0004165074350960885,1.0
1769797813.06,1.0206804536357572,0.00039877385220609296,-0.0069216493774258295,1.0110530983762296,1.0206804536357572,0.0,0.0,0.0,1.0,1.0206804536357572,-0.0007219934374123549,-0.001834811562852152,1.0
1769797813.08,1.027351567711808,0.0012142510556021257,-0.004748321976168351,1.0000079163283442,1.027351567711808,0.0,0.0,0.0,1.0,1.027351567711808,-0.0009121211611452475,-0.0014644513802297074,1.0
1769797813.1,1.0340226817878586,0.0025775712186825927,-0.018563744798785177,1.0062553709601763,1.0340226817878586,0.0,0.0,0.0,1.0,1.0340226817878586,-0.00343966776646359,-0.007004345271780114,1.0
1769797813.12,1.040693795863909,0.0007046118755301682,-0.006885286577277221,1.0058513134717142,1.0406937958639093,0.0,0.0,0.0,1.0,1.0406937958639093,8.222584121493019e-05,0.007293440261176851,1.0
1769797813.14,1.0473649099399598,0.0021859985606588763,0.00273522307357947,1.0014256435962903,1.04736490993996,0.0,0.0,0.0,1.0,1.04736490993996,-0.002503561877188203,-0.01396764676394568,1.0
1769797813.16,1.0540360240160107,0.0018992219368099634,0.001712368775159008,1.0073370781347082,1.0540360240160107,0.0,0.0,0.0,1.0,1.0540360240160107,-0.002185423101984062,-0.009279738020311611,1.0
1769797813.18,1.0607071380920614,0.0002571111438189703,-0.008759860024093418,1.0034401816682104,1.0607071380920614,0.0,0.0,0.0,1.0,1.0607071380920614,-0.000276839875481924,0.00518115373662115,1.0
1769797813.2,1.067378252168112,-0.0008919649445494076,-0.012707818580387656,1.0008072548365596,1.067378252168112,0.0,0.0,0.0,1.0,1.067378252168112,0.0014770670635991397,0.014016084483671452,1.0
1769797813.22,1.0740493662441626,0.0004276830286719461,-0.010022352479691896,0.9816887408801996,1.0740493662441628,0.0,0.0,0.0,1.0,1.0740493662441628,-0.0006894355226476304,8.693156300865548e-05,1.0
1769797813.24,1.0807204803202133,0.0007349956390831586,-0.0016661099757866737,1.0214659150795138,1.0807204803202135,0.0,0.0,0.0,1.0,1.0807204803202135,-0.0005258193633401068,-0.0011066063061595664,1.0
1769797813.26,1.0873915943962642,0.0019699280904637967,0.005353328976514447,1.0055684030915828,1.0873915943962642,0.0,0.0,0.0,1.0,1.0873915943962642,-0.002018464202961946,-0.012243166139726846,1.0
1769797813.28,1.094062708472315,0.002991710071364794,0.004999297484135235,1.0089953887558119,1.094062708472315,0.0,0.0,0.0,1.0,1.094062708472315,-0.002978358683519739,-0.015372977956704366,1.0
1769797813.3,1.1007338225483656,0.004002654335985224,-0.005507111820659746,1.0030103176295526,1.1007338225483656,0.0,0.0,0.0,1.0,1.1007338225483656,-0.004075798528876053,-0.014647078050530652,1.0
1769797813.32,1.107404936624416,0.004692475099203188,-0.02177945377419959,1.007512742874471,1.1074049366244163,0.0,0.0,0.0,1.0,1.1074049366244163,-0.004672259033781785,-0.008395769752933078,1.0
1769797813.34,1.1140760507004668,0.0049855380803421456,0.011514418498778782,0.9993202444786421,1.114076050700467,0.0,0.0,0.0,1.0,1.114076050700467,-0.005476637501054366,-0.028468137720879434,1.0
1769797813.36,1.1207471647765177,0.0036630667818589816,-0.017694952093439267,0.9897915889990929,1.1207471647765177,0.0,0.0,0.0,1.0,1.1207471647765177,-0.0029868037648240822,-0.0006099052763464119,1.0
1769797813.38,1.1274182788525684,0.005218905210777756,0.009261343738860338,1.0067267770026413,1.1274182788525684,0.0,0.0,0.0,1.0,1.1274182788525684,-0.005496489562872018,-0.02912631591896618,1.0
1769797813.4,1.134089392928619,0.00549523252215061,0.010815950403611605,1.0047861324265153,1.134089392928619,0.0,0.0,0.0,1.0,1.134089392928619,-0.005479349996589971,-0.02730823562188364,1.0
1769797813.42,1.1407605070046696,0.005508160602890579,-0.003440688799467275,0.9868891901387272,1.1407605070046698,0.0,0.0,0.0,1.0,1.1407605070046698,-0.005845678286139784,-0.02202869703437531,1.0
1769797813.44,1.1474316210807203,0.00411863447945135,-0.006216863619868582,1.0086723226316747,1.1474316210807205,0.0,0.0,0.0,1.0,1.1474316210807205,-0.003946006161800927,-0.01077592071293056,1.0
1769797813.46,1.1541027351567712,0.0036127333875248784,0.005228239652244154,1.0083428146044435,1.1541027351567712,0.0,0.0,0.0,1.0,1.1541027351567712,-0.003534707171714096,-0.01634164952289163,1.0
1769797813.48,1.160773849232822,0.0032703996753094067,-0.0002951162036888174,0.9925224378897679,1.160773849232822,0.0,0.0,0.0,1.0,1.160773849232822,-0.0034709546360487285,-0.013672507906685139,1.0
1769797813.5,1.1674449633088726,0.0022875721692045487,0.024066717664653785,1.0193413511390828,1.1674449633088726,0.0,0.0,0.0,1.0,1.1674449633088726,-0.0019921428129771003,-0.018523118261163665,1.0
1769797813.52,1.174116077384923,0.0026874686653935447,0.011652777215563528,1.0063807008490464,1.1741160773849233,0.0,0.0,0.0,1.0,1.1741160773849233,-0.0026834149921611166,-0.01725132075561025,1.0
1769797813.54,1.180787191460974,0.0034555215735543434,0.010555999721138663,0.9955348854974203,1.180787191460974,0.0,0.0,0.0,1.0,1.180787191460974,-0.003106282303333871,-0.018125996385077572,1.0
1769797813.56,1.1874583055370247,0.005006524945560803,0.005569299513321508,0.9964999639863726,1.1874583055370247,0.0,0.0,0.0,1.0,1.1874583055370247,-0.005853357742744016,-0.028945156167046963,1.0
1769797813.58,1.1941294196130754,0.0031661036037177364,-0.009400883071731488,0.9976874232590179,1.1941294196130754,0.0,0.0,0.0,1.0,1.1941294196130754,-0.002605641930712276,-0.0024744103749516208,1.0
1769797813.6,1.2008005336891259,0.0032907831102246383,-0.011401665982622636,0.9893495986025412,1.200800533689126,0.0,0.0,0.0,1.0,1.200800533689126,-0.003941170069233485,-0.011399375424143831,1.0
1769797813.62,1.2074716477651766,0.0008886309733081516,0.017832358980317837,0.9926836433735448,1.2074716477651768,0.0,0.0,0.0,1.0,1.2074716477651768,-0.0003803234746902551,-0.006876626794376709,1.0
1769797813.64,1.2141427618412275,0.0002461852928163899,-0.0015667499362982604,1.0129902085276117,1.2141427618412275,0.0,0.0,0.0,1.0,1.2141427618412275,-0.0008585804966085155,-0.0031292040402031924,1.0
1769797813.66,1.2208138759172782,-0.0025104287676171047,0.002869709534509226,1.0043516202607468,1.2208138759172782,0.0,0.0,0.0,1.0,1.2208138759172782,0.0032541046720386247,0.015694249089547026,1.0
1769797813.68,1.227484989993329,-0.0024114345752508878,-0.015270114414504148,1.006437671864705,1.227484989993329,0.0,0.0,0.0,1.0,1.227484989993329,0.0017965552740835068,0.013363728905630983,1.0
1769797813.7,1.2341561040693794,-0.0045273347250125995,-0.01859267540937799,1.0043286334080475,1.2341561040693796,0.0,0.0,0.0,1.0,1.2341561040693796,0.005181877121665783,0.0334091680389344,1.0
1769797813.72,1.24082721814543,-0.00406139878610146,-0.003032833710683314,0.9961718431061931,1.2408272181454303,0.0,0.0,0.0,1.0,1.2408272181454303,0.003588703690392791,0.014278058185639828,1.0
1769797813.74,1.247498332221481,-0.00535100322752106,0.0003114529344063068,0.9917997781203798,1.247498332221481,0.0,0.0,0.0,1.0,1.247498332221481,0.005801373293830778,0.025262436311557945,1.0
1769797813.76,1.2541694462975317,-0.004751903106535266,-0.015514920582960296,0.9999985889218126,1.2541694462975317,0.0,0.0,0.0,1.0,1.2541694462975317,0.00453888069282864,0.024650490461792574,1.0
1769797813.78,1.2608405603735824,-0.005115528851856136,0.008330801275589378,1.0026071570256805,1.2608405603735824,0.0,0.0,0.0,1.0,1.2608405603735824,0.005146907582847059,0.017030256583611965,1.0
1769797813.8,1.2675116744496329,-0.005526171317693013,-0.01669164661248216,1.0174374191339313,1.267511674449633,0.0,0.0,0.0,1.0,1.267511674449633,0.005332720519219368,0.029862518319490862,1.0
1769797813.82,1.2741827885256836,-0.006404776829536614,-0.004622566689175381,1.021451354489521,1.2741827885256838,0.0,0.0,0.0,1.0,1.2741827885256838,0.006839584176406906,0.03117648370740285,1.0
1769797813.84,1.2808539026017345,-0.005858209667574378,-0.003818192461390098,1.013449870088188,1.2808539026017345,0.0,0.0,0.0,1.0,1.2808539026017345,0.005254281389318856,0.021340919000882422,1.0
1769797813.86,1.2875250166777852,-0.008049090568772803,0.0019454718368155026,1.0157271069246079,1.2875250166777852,0.0,0.0,0.0,1.0,1.2875250166777852,0.008129974470804584,0.034422855046296316,1.0
1769797813.88,1.2941961307538359,-0.009139014485466472,-0.001298807812754812,0.999291177294549,1.2941961307538359,0.0,0.0,0.0,1.0,1.2941961307538359,0.009862513260489581,0.041831995738020725,1.0
1769797813.9,1.3008672448298864,-0.007044617151603651,0.004367479845939418,0.9809867025278804,1.3008672448298866,0.0,0.0,0.0,1.0,1.3008672448298866,0.00685261078538563,0.02221680074346886,1.0
1769797813.92,1.307538358905937,-0.0061165177565128395,0.00378530081113199,0.9975001166554422,1.3075383589059373,0.0,0.0,0.0,1.0,1.3075383589059373,0.005846249526758267,0.020485986442839707,1.0
1769797813.94,1.314209472981988,-0.0061111043320199844,-0.00283386088223531,1.006091021601248,1.314209472981988,0.0,0.0,0.0,1.0,1.314209472981988,0.006449670100276708,0.02781903141574293,1.0
1769797813.96,1.3208805870580387,-0.00459323608056135,-0.0027854084855030224,0.9901431701919564,1.3208805870580387,0.0,0.0,0.0,1.0,1.3208805870580387,0.004525717322329087,0.017571620754120238,1.0
1769797813.98,1.3275517011340894,-0.003963993061214067,-0.0015092537536065364,1.012851198922921,1.3275517011340894,0.0,0.0,0.0,1.0,1.3275517011340894,0.003390455367519941,0.013181186392073885,1.0
1769797814.0,1.3342228152101399,-0.005824018786606361,0.006963019831430454,0.9920202780646705,1.33422281521014,0.0,0.0,0.0,1.0,1.33422281521014,0.006011259279106042,0.02318433111229504,1.0
1769797814.02,1.3408939292861906,-0.006898324714541508,0.0027786393193967936,1.0103311443787768,1.3408939292861908,0.0,0.0,0.0,1.0,1.3408939292861908,0.006810255547000153,0.026650698796196328,1.0
1769797814.04,1.3475650433622415,-0.007660149382533109,-0.0015225206510575907,1.0133677460559758,1.3475650433622415,0.0,0.0,0.0,1.0,1.3475650433622415,0.008383620091002984,0.035869105233543565,1.0
1769797814.06,1.3542361574382922,-0.005742382376934314,0.004874921407450438,1.0051454359907905,1.3542361574382922,0.0,0.0,0.0,1.0,1.3542361574382922,0.0050457774109986305,0.01440780626026495,1.0
1769797814.08,1.3609072715143429,-0.007049577842138859,-0.005121276031277844,1.0041749754127414,1.3609072715143429,0.0,0.0,0.0,1.0,1.3609072715143429,0.007075438545702051,0.032892053333150546,1.0
1769797814.1,1.3675783855903934,-0.007880189763120753,0.004514784676223125,0.9992973028705758,1.3675783855903936,0.0,0.0,0.0,1.0,1.3675783855903936,0.008236090024048508,0.031847619236428926,1.0
1769797814.12,1.374249499666444,-0.007601895247738272,0.007250474156778644,0.9929380402058424,1.3742494996664443,0.0,0.0,0.0,1.0,1.3742494996664443,0.007049933799773131,0.023388341896427824,1.0
1769797814.14,1.380920613742495,-0.009874660574259694,-0.0005476933552769249,1.0085096041160926,1.380920613742495,0.0,0.0,0.0,1.0,1.380920613742495,0.009899420822859783,0.04272101699216425,1.0
1769797814.16,1.3875917278185457,-0.011743677217050948,-0.013160373442400076,0.9997844798600838,1.3875917278185457,0.0,0.0,0.0,1.0,1.3875917278185457,0.012031878073980703,0.05684015626824377,1.0
1769797814.18,1.3942628418945964,-0.012014977423036536,0.007592174644995521,1.0056932866729256,1.3942628418945964,0.0,0.0,0.0,1.0,1.3942628418945964,0.012267756527503343,0.04551081724103825,1.0
1769797814.2,1.4009339559706468,-0.010923656869108041,0.002793670086878692,1.0135161001422404,1.400933955970647,0.0,0.0,0.0,1.0,1.400933955970647,0.01110664180817703,0.04186861746994246,1.0
1769797814.22,1.4076050700466975,-0.007864117425298866,0.011350131244684715,0.9994755805631883,1.4076050700466978,0.0,0.0,0.0,1.0,1.4076050700466978,0.008978406599524267,0.028110325567101947,1.0
1769797814.24,1.4142761841227485,-0.0012759966483240875,-0.0011500205957765844,0.9922826751691508,1.4142761841227485,0.0,0.0,0.0,1.0,1.4142761841227485,-0.00039543816489551187,-0.010380587126113533,1.0
1769797814.26,1.4209472981987992,-0.002137626599257327,0.007200950987719317,0.9898817253300382,1.4209472981987992,0.0,0.0,0.0,1.0,1.4209472981987992,0.002487904999707439,0.00923448766957305,1.0
1769797814.28,1.4276184122748499,-0.0018512600362528052,0.012497127881521243,1.0059025723051005,1.4276184122748499,0.0,0.0,0.0,1.0,1.4276184122748499,0.001364624014756712,-0.0019133488666845016,1.0
1769797814.3,1.4342895263509003,-0.004200950917214459,-0.0022230479526141834,1.0006838485194096,1.4342895263509006,0.0,0.0,0.0,1.0,1.4342895263509006,0.003835861573563385,0.018926207829367304,1.0
1769797814.32,1.440960640426951,-0.008236856454395466,-0.026451842828462947,1.0124713381560382,1.4409606404269513,0.0,0.0,0.0,1.0,1.4409606404269513,0.008254392068547795,0.05066202018340707,1.0
1769797814.34,1.447631754503002,-0.011371562578128165,-0.010311141118895686,1.001592350779804,1.447631754503002,0.0,0.0,0.0,1.0,1.447631754503002,0.012190929125532279,0.05785582411856144,1.0
1769797814.36,1.4543028685790527,-0.010992085273875235,-0.004483747435883578,0.9963897111048728,1.4543028685790527,0.0,0.0,0.0,1.0,1.4543028685790527,0.01068255814730834,0.04346373532895121,1.0
1769797814.38,1.4609739826551034,-0.011512862596595536,-0.018936109242056513,0.9793963603925646,1.4609739826551034,0.0,0.0,0.0,1.0,1.4609739826551034,0.012057067893601149,0.05907083594172566,1.0
1769797814.4,1.4676450967311538,-0.009744803013102162,-0.007742784629807581,0.9949836844571042,1.467645096731154,0.0,0.0,0.0,1.0,1.467645096731154,0.009494015199956312,0.0392844004210842,1.0
1769797814.42,1.4743162108072045,-0.009407975664210519,0.0022683234364217174,1.008936138170418,1.4743162108072048,0.0,0.0,0.0,1.0,1.4743162108072048,0.009147086557622763,0.03510725586994664,1.0
1769797814.44,1.4809873248832555,-0.010452431025913497,-0.0008521211047664438,0.9946955618574179,1.4809873248832555,0.0,0.0,0.0,1.0,1.4809873248832555,0.010288630812728404,0.042722128058402475,1.0
1769797814.46,1.4876584389593062,-0.012226177182683401,-0.020385105828304106,0.9970093463062133,1.4876584389593062,0.0,0.0,0.0,1.0,1.4876584389593062,0.012261287382480248,0.06121035901382489,1.0
1769797814.48,1.4943295530353569,-0.013516851070765497,0.014126089640009876,0.9908882335274716,1.4943295530353569,0.0,0.0,0.0,1.0,1.4943295530353569,0.013836075740401362,0.04985604649952163,1.0
1769797814.5,1.5010006671114073,-0.013036607259575445,-0.008256063066407929,1.0087416458654483,1.5010006671114076,0.0,0.0,0.0,1.0,1.5010006671114076,0.013317809833880244,0.05688100496220382,1.0
1769797814.52,1.507671781187458,-0.011630222020534101,0.010827407090781307,0.9946655552401245,1.5076717811874583,0.0,0.0,0.0,1.0,1.5076717811874583,0.011244084768296324,0.03748891046221072,1.0
1769797814.54,1.514342895263509,-0.01173318932137644,-0.009417389824737136,0.9738326981910961,1.514342895263509,0.0,0.0,0.0,1.0,1.514342895263509,0.012025810625269057,0.05359366327041753,1.0
1769797814.56,1.5210140093395597,-0.010202690021242543,-0.012076052935360728,1.008771450077747,1.5210140093395597,0.0,0.0,0.0,1.0,1.5210140093395597,0.010470590537386582,0.04636516852934421,1.0
1769797814.58,1.5276851234156104,-0.008097968158189703,0.003528422346647579,1.0007942740648306,1.5276851234156104,0.0,0.0,0.0,1.0,1.5276851234156104,0.007421988312436468,0.02487513985147197,1.0
1769797814.6,1.5343562374916608,-0.009167973634146613,-0.012929365341423136,1.001255111855785,1.534356237491661,0.0,0.0,0.0,1.0,1.534356237491661,0.00914781890865196,0.0447817889015349,1.0
1769797814.62,1.5410273515677115,-0.010269747571472984,0.00697916513440626,0.9901718346818804,1.5410273515677118,0.0,0.0,0.0,1.0,1.5410273515677118,0.010332034495745242,0.039022771002871125,1.0
1769797814.64,1.5476984656437625,-0.010754080801295505,-0.01593551788365566,0.9959813056417723,1.5476984656437625,0.0,0.0,0.0,1.0,1.5476984656437625,0.011080849195528826,0.05303997042372672,1.0
1769797814.66,1.5543695797198132,-0.009788119055139908,-0.008794604770743022,0.9840262782268562,1.5543695797198132,0.0,0.0,0.0,1.0,1.5543695797198132,0.0097134948580292,0.04188392747998868,1.0
1769797814.68,1.5610406937958639,-0.00925242216802746,0.0017880874347530468,0.9961166937808776,1.5610406937958639,0.0,0.0,0.0,1.0,1.5610406937958639,0.009170403562167619,0.03524447923543237,1.0
1769797814.7,1.5677118078719143,-0.00942224660843315,0.006752087918858993,0.9829502082728655,1.5677118078719146,0.0,0.0,0.0,1.0,1.5677118078719146,0.0090994787749276,0.03295094635304089,1.0
1769797814.72,1.574382921947965,-0.010827518328563893,0.0024768703764827867,0.9999988577727169,1.5743829219479653,0.0,0.0,0.0,1.0,1.5743829219479653,0.01109832093853141,0.045153690729488064,1.0
1769797814.74,1.581054036024016,-0.01115557549696937,0.01379094389777247,0.9965618188582274,1.581054036024016,0.0,0.0,0.0,1.0,1.581054036024016,0.010969044535512888,0.0368514297901468,1.0
1769797814.76,1.5877251501000667,-0.01215101185776999,-0.003327539000432916,1.0078218266805574,1.5877251501000667,0.0,0.0,0.0,1.0,1.5877251501000667,0.012354110485505101,0.05246527739222908,1.0
1769797814.78,1.5943962641761174,-0.011993578349620511,0.006678293143807583,1.0034006108002762,1.5943962641761174,0.0,0.0,0.0,1.0,1.5943962641761174,0.012198654622473428,0.04530001605495825,1.0
1769797814.8,1.6010673782521678,-0.010938304564781853,-0.00953297507504026,1.004106349825792,1.601067378252168,0.0,0.0,0.0,1.0,1.601067378252168,0.010879122234824085,0.04696344408916713,1.0
1769797814.82,1.6077384923282185,-0.0101361814465797,-0.012751066354827525,0.9880420267837419,1.6077384923282187,0.0,0.0,0.0,1.0,1.6077384923282187,0.010159214986412781,0.04629248587465358,1.0
1769797814.84,1.6144096064042694,-0.009414525926922549,0.006841398057154756,1.0011818530347933,1.6144096064042694,0.0,0.0,0.0,1.0,1.6144096064042694,0.009226568475823167,0.032552928364125676,1.0
1769797814.86,1.6210807204803201,-0.009697625541570325,-0.005958230153188886,1.0136563701115315,1.6210807204803201,0.0,0.0,0.0,1.0,1.6210807204803201,0.009570005179062525,0.0416025724960839,1.0
1769797814.88,1.6277518345563708,-0.010424272811776183,0.0022848203360852333,1.0078218310534008,1.6277518345563708,0.0,0.0,0.0,1.0,1.6277518345563708,0.010576286847921171,0.042169018892500715,1.0
1769797814.9,1.6344229486324213,-0.010158900412240369,0.002043442920528905,0.9947216912413607,1.6344229486324215,0.0,0.0,0.0,1.0,1.6344229486324215,0.010441521246638765,0.0406095979250082,1.0
1769797814.92,1.641094062708472,-0.00840334254486229,-0.012100688997439133,1.0000515330832227,1.6410940627084722,0.0,0.0,0.0,1.0,1.6410940627084722,0.008574630785512037,0.03848197717964098,1.0
1769797814.94,1.647765176784523,-0.005865998610747019,0.0003600365998316361,0.9938589249800345,1.647765176784523,0.0,0.0,0.0,1.0,1.647765176784523,0.005848439554452056,0.020487548686832426,1.0
1769797814.96,1.6544362908605736,-0.0036341944109990424,0.0020419378712411467,0.9872529114709251,1.6544362908605736,0.0,0.0,0.0,1.0,1.6544362908605736,0.003410596939341581,0.010183576206635276,1.0
1769797814.98,1.6611074049366243,-0.0023864449206630767,-0.007869441438697222,0.9825469298803533,1.6611074049366243,0.0,0.0,0.0,1.0,1.6611074049366243,0.002445845078985886,0.012753349174936458,1.0
1769797815.0,1.6677785190126748,-0.0009620274799610895,-0.0011579927288621734,0.9888057938805427,1.667778519012675,0.0,0.0,0.0,1.0,1.667778519012675,0.000861494691487337,0.002440624742881886,1.0
1769797815.02,1.6744496330887255,-0.0002667471556875347,0.014012926517314466,0.9896699782036068,1.6744496330887257,0.0,0.0,0.0,1.0,1.6744496330887257,6.7630521366139715e-06,-0.0078341426894615,1.0
1769797815.04,1.6811207471647764,-0.0005477299954402488,-0.015996797282887606,0.9885223533614028,1.6811207471647764,0.0,0.0,0.0,1.0,1.6811207471647764,0.0007847259813182769,0.011915265495898573,1.0
1769797815.06,1.6877918612408271,0.0006835026698671358,-0.02359606342522222,1.0093200451294948,1.6877918612408271,0.0,0.0,0.0,1.0,1.6877918612408271,-0.00027726843223783396,0.009626963570103663,1.0
1769797815.08,1.6944629753168778,0.0033246874711677374,0.0024179990329154357,1.0002112798622789,1.6944629753168778,0.0,0.0,0.0,1.0,1.6944629753168778,-0.003810495110777929,-0.01998420663810953,1.0
1769797815.1,1.7011340893929283,0.0035152280762819565,-0.006746774119651161,0.9960569541632998,1.7011340893929285,0.0,0.0,0.0,1.0,1.7011340893929285,-0.003698769954287446,-0.01130996760083372,1.0
1769797815.12,1.707805203468979,0.002869477423368711,-0.006928530149643435,0.998130591365325,1.7078052034689792,0.0,0.0,0.0,1.0,1.7078052034689792,-0.002849239917370559,-0.00708316455774363,1.0
1769797815.14,1.71447631754503,0.0026218554357100056,0.006271808679007972,1.0144183433650726,1.71447631754503,0.0,0.0,0.0,1.0,1.71447631754503,-0.002318168465113508,-0.011877506747700967,1.0
1769797815.16,1.7211474316210806,0.00327385616409743,0.019899812065078668,0.9985258572547993,1.7211474316210806,0.0,0.0,0.0,1.0,1.7211474316210806,-0.003791439310834958,-0.026588934121600617,1.0
1769797815.18,1.7278185456971313,0.0016256589265447887,-0.008652274159349002,1.0093802615272416,1.7278185456971313,0.0,0.0,0.0,1.0,1.7278185456971313,-0.0015104688743763925,0.0005652320186274968,1.0
1769797815.2,1.7344896597731818,0.0012748926376373935,0.018065783778321926,0.9873914775490529,1.734489659773182,0.0,0.0,0.0,1.0,1.734489659773182,-0.000515015265777997,-0.010097499343674555,1.0
1769797815.22,1.7411607738492325,0.0035077280580488165,-0.009394211099625193,0.9925033649266225,1.7411607738492327,0.0,0.0,0.0,1.0,1.7411607738492327,-0.004470220750740515,-0.01713898293811198,1.0
1769797815.24,1.7478318879252834,0.0017783990368515678,0.00984817181795621,0.9930923417550834,1.7478318879252834,0.0,0.0,0.0,1.0,1.7478318879252834,-0.001248930912565646,-0.00669851972106582,1.0
1769797815.26,1.7545030020013341,0.002950563796106937,-0.005812540532237411,0.9953419231230286,1.7545030020013341,0.0,0.0,0.0,1.0,1.7545030020013341,-0.002519921262321954,-0.00844440513292542,1.0
1769797815.28,1.7611741160773848,0.005562405698306953,-0.009187668589311991,0.9910255621484921,1.7611741160773848,0.0,0.0,0.0,1.0,1.7611741160773848,-0.006132393713025564,-0.023548213008149868,1.0
1769797815.3,1.7678452301534353,0.0051152555102635736,-0.00033754093361712523,0.9761645045457946,1.7678452301534355,0.0,0.0,0.0,1.0,1.7678452301534355,-0.005514303531820123,-0.021270353479266486,1.0
1769797815.32,1.774516344229486,0.0037252865566497033,0.00910503804021377,1.001259795865514,1.7745163442294862,0.0,0.0,0.0,1.0,1.7745163442294862,-0.0028058812216229644,-0.013067621596401584,1.0
1769797815.34,1.781187458305537,0.005802033585149694,0.012905248100399697,1.015328912138985,1.781187458305537,0.0,0.0,0.0,1.0,1.781187458305537,-0.006625875833160615,-0.03677612199437996,1.0
1769797815.36,1.7878585723815876,0.0037153768944641653,0.0069017029375460235,1.0133030472136926,1.7878585723815876,0.0,0.0,0.0,1.0,1.7878585723815876,-0.0040341834562653955,-0.016995892916939374,1.0
1769797815.38,1.7945296864576383,0.0007438326571590653,-0.01011084747242525,1.0071389540071671,1.7945296864576383,0.0,0.0,0.0,1.0,1.7945296864576383,-0.00014095624870623082,0.008384825948946866,1.0
1769797815.4,1.8012008005336888,0.0008746105099092095,0.0039284992536905506,0.9963563312189148,1.801200800533689,0.0,0.0,0.0,1.0,1.801200800533689,-0.0005857116593005259,-0.004751851674641674,1.0
1769797815.42,1.8078719146097395,0.0024062496661462806,-0.0012832958333190798,1.0016383948455647,1.8078719146097397,0.0,0.0,0.0,1.0,1.8078719146097397,-0.0023535829988332113,-0.01054055541820599,1.0
1769797815.44,1.8145430286857904,0.003924965673828512,-0.00292472041699917,0.9911554236015478,1.8145430286857904,0.0,0.0,0.0,1.0,1.8145430286857904,-0.004183666603177676,-0.017102389808555583,1.0
1769797815.46,1.8212141427618411,0.0039286407163614005,0.009404444421153483,0.9838750493749994,1.8212141427618411,0.0,0.0,0.0,1.0,1.8212141427618411,-0.004236410677881309,-0.02170060899680561,1.0
1769797815.48,1.8278852568378918,0.002850533739281239,-0.0017590580619701694,1.0061112395744527,1.8278852568378918,0.0,0.0,0.0,1.0,1.8278852568378918,-0.0024960559384680516,-0.007364339983473864,1.0
1769797815.5,1.8345563709139423,0.002982815002858907,-0.012702681385557071,1.0055932735726345,1.8345563709139425,0.0,0.0,0.0,1.0,1.8345563709139425,-0.0034266564993292842,-0.008285885865399835,1.0
1769797815.52,1.841227484989993,0.0009081702078428674,0.0008952635838981088,1.0024087202878134,1.8412274849899932,0.0,0.0,0.0,1.0,1.8412274849899932,-0.0010438359495748154,-0.002240155040493847,1.0
1769797815.54,1.847898599066044,-0.0011862264578477275,-0.000731001038447849,1.01161562374162,1.847898599066044,0.0,0.0,0.0,1.0,1.847898599066044,0.0017995813819222616,0.010407243378410048,1.0
1769797815.56,1.8545697131420946,-0.0002533558473081281,-0.007457743204791272,0.9981120206782433,1.8545697131420946,0.0,0.0,0.0,1.0,1.8545697131420946,0.0004183001445238312,0.00402079094309253,1.0
1769797815.58,1.8612408272181453,0.0009176814927696226,0.022503397163446993,1.0043654441720995,1.8612408272181453,0.0,0.0,0.0,1.0,1.8612408272181453,-0.0014492548169047523,-0.018916272810771087,1.0
1769797815.6,1.8679119412941958,-0.00028273598848852454,-0.000907718473382111,1.0150285563276242,1.867911941294196,0.0,0.0,0.0,1.0,1.867911941294196,0.0003919566797832314,0.003862897452511965,1.0
1769797815.62,1.8745830553702465,-0.0010255077819716948,-0.007324835888916923,1.0035199674958908,1.8745830553702467,0.0,0.0,0.0,1.0,1.8745830553702467,0.000973456910371373,0.008137745816532095,1.0
1769797815.64,1.8812541694462974,-0.0021104223012241258,0.005235780091592609,0.9924108637551006,1.8812541694462974,0.0,0.0,0.0,1.0,1.8812541694462974,0.002011183642923034,0.006464571258447492,1.0
1769797815.66,1.8879252835223481,-0.0038872241902094947,-0.0057183587031915456,1.0152713292741982,1.8879252835223481,0.0,0.0,0.0,1.0,1.8879252835223481,0.0036584505592149852,0.019140248504747666,1.0
1769797815.68,1.8945963975983988,-0.005745226422036384,0.004291932673879045,1.004299669503968,1.8945963975983988,0.0,0.0,0.0,1.0,1.8945963975983988,0.006731636357169242,0.027853764889691705,1.0
1769797815.7,1.9012675116744493,-0.003340190042306914,-0.00041356577704694677,0.9862547879010495,1.9012675116744495,0.0,0.0,0.0,1.0,1.9012675116744495,0.002999982289909936,0.00847505798090391,1.0
1769797815.72,1.9079386257505,-0.00268640665777256,0.002017570682283934,0.9798729842789182,1.9079386257505002,0.0,0.0,0.0,1.0,1.9079386257505002,0.002522789840430008,0.008605181571098136,1.0
1769797815.74,1.914609739826551,-0.003039002573853201,-0.00718638607171682,1.0109102477016711,1.914609739826551,0.0,0.0,0.0,1.0,1.914609739826551,0.002796168420836783,0.015051245299612317,1.0
1769797815.76,1.9212808539026016,-0.003766910283440166,-0.0030672261972579597,0.9831772232923582,1.9212808539026016,0.0,0.0,0.0,1.0,1.9212808539026016,0.004524824537343794,0.021361567364511166,1.0
1769797815.78,1.9279519679786523,-0.0015698010912929131,0.003765314678304044,0.9763637392171202,1.9279519679786523,0.0,0.0,0.0,1.0,1.9279519679786523,0.0009578848081435373,-0.0016180578357781292,1.0
1769797815.8,1.9346230820547028,-0.002411715526161826,0.015650076099809226,1.0008945120607957,1.934623082054703,0.0,0.0,0.0,1.0,1.934623082054703,0.002228301220509415,0.0023585832444989237,1.0
1769797815.82,1.9412941961307535,-0.003890787409640641,0.0031282741706999476,1.0084899427758087,1.9412941961307537,0.0,0.0,0.0,1.0,1.9412941961307537,0.004109563387408659,0.01675537863118391,1.0
1769797815.84,1.9479653102068044,-0.0041132351587127285,0.00208461624930437,1.0051552097784007,1.9479653102068044,0.0,0.0,0.0,1.0,1.9479653102068044,0.00434890473020204,0.016592652138949355,1.0
1769797815.86,1.9546364242828551,-0.002997299361821031,-0.005074984861006249,1.0237195280651845,1.9546364242828551,0.0,0.0,0.0,1.0,1.9546364242828551,0.003235891574168033,0.014368045571141248,1.0
1769797815.88,1.9613075383589058,-0.0013462502520850666,0.0024602203141463556,0.9985339439572574,1.9613075383589058,0.0,0.0,0.0,1.0,1.9613075383589058,0.0007679332406433283,-0.000626335528024569,1.0
1769797815.9,1.9679786524349563,-0.0018520170151351183,-0.009622573088041705,1.004630558220222,1.9679786524349565,0.0,0.0,0.0,1.0,1.9679786524349565,0.0023940138624105483,0.016013422615430265,1.0
1769797815.92,1.974649766511007,0.00025963220105221197,0.009669568818890632,1.016402686395525,1.9746497665110072,0.0,0.0,0.0,1.0,1.9746497665110072,-0.00017153484243350207,-0.008086472484023374,1.0
1769797815.94,1.981320880587058,0.002529057037605611,0.0008740406976410074,1.0005655231535158,1.981320880587058,0.0,0.0,0.0,1.0,1.981320880587058,-0.002782402424126855,-0.014177497627021276,1.0
1769797815.96,1.9879919946631086,0.002773201113215805,-0.0014678176996650771,0.9997577477891011,1.9879919946631086,0.0,0.0,0.0,1.0,1.9879919946631086,-0.0036162034037265367,-0.01456470574467329,1.0
1769797815.98,1.9946631087391593,-0.0004970163037189388,-0.014750053213654553,0.9944404382885413,1.9946631087391593,0.0,0.0,0.0,1.0,1.9946631087391593,0.0009166655002240816,0.01557455751167422,1.0
1769797816.0,2.0013342228152102,-0.00185591513864402,-0.008191241644665902,0.9902664228282612,2.0013342228152102,0.0,0.0,0.0,1.0,2.0013342228152102,0.0018088708036296834,0.012223309340257286,1.0
1769797816.02,2.008005336891261,-0.003366326837752486,-0.016488736188452275,1.0041131349904728,2.008005336891261,0.0,0.0,0.0,1.0,2.008005336891261,0.003434354203636005,0.023607268308776477,1.0
1769797816.04,2.0146764509673116,-0.005040719732424696,-0.01602674005686067,1.007956703509445,2.0146764509673116,0.0,0.0,0.0,1.0,2.0146764509673116,0.0045592774960711985,0.02737540330515032,1.0
1769797816.06,2.0213475650433623,-0.0085283988366418,0.013561969253987479,1.0031549094941663,2.0213475650433623,0.0,0.0,0.0,1.0,2.0213475650433623,0.008961843063413232,0.03346895319400122,1.0
1769797816.08,2.028018679119413,-0.009355667115254441,-0.018487985236968242,1.0039057625273655,2.028018679119413,0.0,0.0,0.0,1.0,2.028018679119413,0.00999333821592556,0.050248840634698685,1.0
1769797816.1,2.0346897931954637,-0.007385001872395903,-0.011886608090188402,0.9883039822268835,2.0346897931954637,0.0,0.0,0.0,1.0,2.0346897931954637,0.007207136924068527,0.03198565044951127,1.0
1769797816.12,2.0413609072715144,-0.006317127586683571,-0.000379702664636852,0.9942149662511899,2.0413609072715144,0.0,0.0,0.0,1.0,2.0413609072715144,0.006244373055065128,0.02420457968357554,1.0
1769797816.14,2.048032021347565,-0.0054159316353761195,-0.00219617743934768,1.00082498641319,2.048032021347565,0.0,0.0,0.0,1.0,2.048032021347565,0.005588774448523977,0.022797587907228595,1.0
1769797816.16,2.054703135423616,-0.0035750940923158945,0.007476941388302598,1.0002082354509072,2.054703135423616,0.0,0.0,0.0,1.0,2.054703135423616,0.0037081358893786727,0.009213434304218088,1.0
1769797816.18,2.0613742494996665,-0.0014900734827144415,0.0034477942115757076,1.0033765719196523,2.0613742494996665,0.0,0.0,0.0,1.0,2.0613742494996665,0.0011133948296293721,0.00013494115298033431,1.0
1769797816.2,2.068045363575717,-0.001426825034273808,0.007321016410335532,1.0059582782315772,2.068045363575717,0.0,0.0,0.0,1.0,2.068045363575717,0.0011628865875099792,0.0010405299027527576,1.0
1769797816.22,2.074716477651768,-0.0027156693152566185,0.003691717808633984,0.9969315151179006,2.074716477651768,0.0,0.0,0.0,1.0,2.074716477651768,0.0025952893373977102,0.00996770119516158,1.0
1769797816.24,2.0813875917278186,-0.004437713272880011,-0.007756470246366585,1.0129445958005896,2.0813875917278186,0.0,0.0,0.0,1.0,2.0813875917278186,0.00456628682624767,0.024114379917023934,1.0
1769797816.26,2.0880587058038693,-0.005265789571734523,0.001376910682405314,1.01328257421263,2.0880587058038693,0.0,0.0,0.0,1.0,2.0880587058038693,0.005559747314787665,0.022543994406487997,1.0
1769797816.28,2.09472981987992,-0.004999299083601963,-0.004615049140176048,1.0214306453901703,2.09472981987992,0.0,0.0,0.0,1.0,2.09472981987992,0.004722063069674373,0.020358092603672225,1.0
1769797816.3,2.1014009339559707,-0.006010824012150869,-0.0005181569276396099,1.0096369666493876,2.1014009339559707,0.0,0.0,0.0,1.0,2.1014009339559707,0.006026576660464818,0.02566989869646952,1.0
1769797816.32,2.1080720480320214,-0.006965623502840883,-0.01734835243457739,1.0112416117280463,2.1080720480320214,0.0,0.0,0.0,1.0,2.1080720480320214,0.006948836581901352,0.03739178246633063,1.0
1769797816.34,2.114743162108072,-0.00805864113406975,0.0006452381389401027,0.9789838574469582,2.114743162108072,0.0,0.0,0.0,1.0,2.114743162108072,0.007998761957915379,0.03272235413820549,1.0
1769797816.36,2.121414276184123,-0.009611077279268698,0.00016540551617358828,0.9963706054902408,2.121414276184123,0.0,0.0,0.0,1.0,2.121414276184123,0.00943109492068569,0.03907400988742628,1.0
1769797816.38,2.1280853902601735,-0.01176488775293267,0.012090498270711807,1.0041207004934547,2.1280853902601735,0.0,0.0,0.0,1.0,2.1280853902601735,0.012003431097855023,0.044540811433233525,1.0
1769797816.4,2.134756504336224,-0.012333821941819626,-0.004679561366718924,1.0010268645336942,2.134756504336224,0.0,0.0,0.0,1.0,2.134756504336224,0.012805495950292334,0.05436382933696611,1.0
1769797816.42,2.141427618412275,-0.010822377464669615,-0.011324377436140712,1.0082699198260021,2.141427618412275,0.0,0.0,0.0,1.0,2.141427618412275,0.010701610757833949,0.04636474655694777,1.0
1769797816.44,2.1480987324883256,-0.009359771035211698,0.0020535118850488654,0.9910000450322092,2.1480987324883256,0.0,0.0,0.0,1.0,2.1480987324883256,0.009874510952752717,0.0376441880634052,1.0
1769797816.46,2.1547698465643763,-0.006019899282618922,-0.011444767718710237,0.9789780655539901,2.1547698465643763,0.0,0.0,0.0,1.0,2.1547698465643763,0.00549504499056237,0.023323097859414253,1.0
1769797816.48,2.161440960640427,-0.0053652073242166694,-0.0034796845807892503,0.9947414259545971,2.161440960640427,0.0,0.0,0.0,1.0,2.161440960640427,0.00512934755962339,0.021891535097949208,1.0
1769797816.5,2.1681120747164777,-0.006136203988795042,-0.0014167825850781724,0.99774254781097,2.1681120747164777,0.0,0.0,0.0,1.0,2.1681120747164777,0.005811194267249723,0.02463501506916431,1.0
1769797816.52,2.1747831887925284,-0.008104429843262338,0.011923384558060928,1.000964774021095,2.1747831887925284,0.0,0.0,0.0,1.0,2.1747831887925284,0.008423912687251567,0.03034667688997765,1.0
1769797816.54,2.181454302868579,-0.0088920802586624,0.004571956149316968,1.0047415441419434,2.181454302868579,0.0,0.0,0.0,1.0,2.181454302868579,0.008581735759113246,0.03219878803365618,1.0
1769797816.56,2.18812541694463,-0.010595070903895576,-0.004473651697505491,0.9890625075496459,2.18812541694463,0.0,0.0,0.0,1.0,2.18812541694463,0.011128005005291855,0.04929511511609878,1.0
1769797816.58,2.1947965310206805,-0.010363923567023876,0.01546607798699124,0.986438897506512,2.1947965310206805,0.0,0.0,0.0,1.0,2.1947965310206805,0.009811035742612795,0.0301941347142765,1.0
1769797816.6,2.201467645096731,-0.012068572990526601,-0.013401986083325528,0.9906938456714592,2.201467645096731,0.0,0.0,0.0,1.0,2.201467645096731,0.012712919410737222,0.06045455435273608,1.0
1769797816.62,2.208138759172782,-0.011321393605860148,-0.01398073031496981,0.9815034089640715,2.208138759172782,0.0,0.0,0.0,1.0,2.208138759172782,0.010766272453046432,0.048108808011979844,1.0
1769797816.64,2.2148098732488326,-0.013070383581243312,-0.012530095698966202,0.9960658157916861,2.2148098732488326,0.0,0.0,0.0,1.0,2.2148098732488326,0.013164779600991033,0.06132267340139183,1.0
1769797816.66,2.2214809873248833,-0.014336488361490023,0.0010968779538593663,1.0114324565295805,2.2214809873248833,0.0,0.0,0.0,1.0,2.2214809873248833,0.01437885879780379,0.05818107541109823,1.0
1769797816.68,2.228152101400934,-0.014205928827000697,-0.002698385239143389,1.014105056920295,2.228152101400934,0.0,0.0,0.0,1.0,2.228152101400934,0.015404864438939172,0.06399465601646377,1.0
1769797816.7,2.2348232154769847,-0.009366356875533015,-0.011050824770440948,1.0037814085506906,2.2348232154769847,0.0,0.0,0.0,1.0,2.2348232154769847,0.008480336436798493,0.03252223013027376,1.0
1769797816.72,2.2414943295530354,-0.007992244049603407,-0.012467051246360923,1.008922981709172,2.2414943295530354,0.0,0.0,0.0,1.0,2.2414943295530354,0.008661546971493104,0.04106092404384749,1.0
1769797816.74,2.248165443629086,-0.0038651448065728064,-0.0048244900000620925,0.9990305778424381,2.248165443629086,0.0,0.0,0.0,1.0,2.248165443629086,0.00349471758818856,0.011224285969480743,1.0
1769797816.76,2.254836557705137,-0.0017533139007938124,-0.012104320483254525,0.9966592484227383,2.254836557705137,0.0,0.0,0.0,1.0,2.254836557705137,0.0014667059160020245,0.009890972233448824,1.0
1769797816.78,2.2615076717811875,-0.0019911671655083265,-0.02240780180290831,0.9922472639392749,2.2615076717811875,0.0,0.0,0.0,1.0,2.2615076717811875,0.0009789869240431643,0.014632129605667952,1.0
1769797816.8,2.268178785857238,-0.0061957880748192895,-0.003947096672136107,0.9968124641021042,2.268178785857238,0.0,0.0,0.0,1.0,2.268178785857238,0.006952528223726931,0.035757202530659546,1.0
1769797816.82,2.274849899933289,-0.006889770625369667,0.002687836137770957,1.009371279164763,2.274849899933289,0.0,0.0,0.0,1.0,2.274849899933289,0.006868954955894588,0.026048328486860534,1.0
1769797816.84,2.2815210140093396,-0.007243381394925781,0.0029518330960858147,0.9974390075505959,2.2815210140093396,0.0,0.0,0.0,1.0,2.2815210140093396,0.007680892966803752,0.03005959333008126,1.0
1769797816.86,2.2881921280853903,-0.0056257186408834635,0.00750460452549331,0.9906832343874795,2.2881921280853903,0.0,0.0,0.0,1.0,2.2881921280853903,0.005555271495718029,0.016343162249039735,1.0
1769797816.88,2.294863242161441,-0.0047640146710170705,-0.0028209449032349167,0.9932300997524093,2.294863242161441,0.0,0.0,0.0,1.0,2.294863242161441,0.004336809230946508,0.01753924711063197,1.0
1769797816.9,2.3015343562374917,-0.005657035755057989,-0.010917088474183387,0.9930180381355106,2.3015343562374917,0.0,0.0,0.0,1.0,2.3015343562374917,0.005895936088146633,0.03060141544687835,1.0
1769797816.92,2.3082054703135424,-0.005448372279771821,-0.011590659449360441,1.0068132268776548,2.3082054703135424,0.0,0.0,0.0,1.0,2.3082054703135424,0.005435188618018569,0.02707533672662643,1.0
1769797816.94,2.314876584389593,-0.0057973668288889765,-0.006926107688453499,1.003627736105093,2.314876584389593,0.0,0.0,0.0,1.0,2.314876584389593,0.005301232559334166,0.02453402802287901,1.0
1769797816.96,2.321547698465644,-0.00868080327153524,-0.0015595828058733946,0.9896532543195022,2.321547698465644,0.0,0.0,0.0,1.0,2.321547698465644,0.008461654635928581,0.03778683202324544,1.0
1769797816.98,2.3282188125416945,-0.011105402817985378,0.01055934538890239,1.01659789087913,2.3282188125416945,0.0,0.0,0.0,1.0,2.3282188125416945,0.012586933347012576,0.0491933394046831,1.0
1769797817.0,2.334889926617745,-0.007041275918481887,0.008296510916504053,1.0046215051205916,2.334889926617745,0.0,0.0,0.0,1.0,2.334889926617745,0.006616193228975261,0.016345777339611702,1.0
1769797817.02,2.341561040693796,-0.005228442012590355,-0.006179765765227142,1.0032530877349761,2.341561040693796,0.0,0.0,0.0,1.0,2.341561040693796,0.0049608682366759915,0.021278030837018267,1.0
1769797817.04,2.3482321547698466,-0.004638429623070408,0.009204336459822665,0.9978347869622682,2.3482321547698466,0.0,0.0,0.0,1.0,2.3482321547698466,0.004664285727632522,0.013758392171575283,1.0
1769797817.06,2.354903268845897,-0.0034250714071178703,0.006932047581376789,1.0189836955153435,2.3549032688458973,0.0,0.0,0.0,1.0,2.3549032688458973,0.003927755412260604,0.011508467542982102,1.0
1769797817.08,2.3615743829219475,-0.0005937439165779448,-0.007651696417173262,1.0094356280119923,2.361574382921948,0.0,0.0,0.0,1.0,2.361574382921948,-0.00013414549950075782,-0.0007726347011777625,1.0
1769797817.1,2.3682454969979987,-0.0015066070694075785,0.010885333657384578,1.0097350257602686,2.3682454969979987,0.0,0.0,0.0,1.0,2.3682454969979987,0.0011592337010719656,0.00048764717616829687,1.0
1769797817.12,2.3749166110740494,-0.0037362090176054695,-0.016400275588436184,0.9919316270721568,2.3749166110740494,0.0,0.0,0.0,1.0,2.3749166110740494,0.004040545941136739,0.027243633798829825,1.0
1769797817.14,2.3815877251501,-0.003977284771791595,-0.011677538099781337,1.0008064717272611,2.3815877251501,0.0,0.0,0.0,1.0,2.3815877251501,0.004545571989324103,0.024526083055374442,1.0
1769797817.16,2.3882588392261503,-0.0017813134497547864,-0.014566660577847097,0.9826441300459738,2.388258839226151,0.0,0.0,0.0,1.0,2.388258839226151,0.0015663535108260192,0.010569525853729542,1.0
1769797817.18,2.394929953302201,-0.0002614500605553054,0.004933552092631978,1.0053583295096475,2.3949299533022015,0.0,0.0,0.0,1.0,2.3949299533022015,0.0005884885093855601,-0.001090687010214208,1.0
1769797817.2,2.401601067378252,0.0026260823242946164,0.009397341724660646,1.0023717441761353,2.401601067378252,0.0,0.0,0.0,1.0,2.401601067378252,-0.0027845927565186973,-0.01921012315430937,1.0
1769797817.22,2.408272181454303,0.004593822658710392,-0.0031630471393533067,0.9988412105040275,2.408272181454303,0.0,0.0,0.0,1.0,2.408272181454303,-0.0047738993587654955,-0.019503380467632125,1.0
1769797817.24,2.4149432955303536,0.00512749693959752,-0.003964642940275549,1.0194524965687275,2.4149432955303536,0.0,0.0,0.0,1.0,2.4149432955303536,-0.005721205059535683,-0.021849804468775144,1.0
1769797817.26,2.421614409606404,0.0024165053414946067,0.024832876489542955,0.9971448618344014,2.4216144096064043,0.0,0.0,0.0,1.0,2.4216144096064043,-0.0028905333274398884,-0.021147899822435236,1.0
1769797817.28,2.4282855236824545,-0.002405085710770698,-0.007560480023923102,0.9958685037772512,2.428285523682455,0.0,0.0,0.0,1.0,2.428285523682455,0.002506616857686288,0.01920385762783288,1.0
1769797817.3,2.4349566377585057,-0.005953511992472335,-0.011017210971558698,0.9925349363523697,2.4349566377585057,0.0,0.0,0.0,1.0,2.4349566377585057,0.0067528647440965855,0.03676631234857598,1.0
1769797817.32,2.4416277518345564,-0.006052972534813045,0.011071553789717779,0.9814057407304186,2.4416277518345564,0.0,0.0,0.0,1.0,2.4416277518345564,0.005771625433260803,0.01656948552734854,1.0
1769797817.34,2.448298865910607,-0.006768417211460315,0.0004613069092273389,0.9885396253728302,2.448298865910607,0.0,0.0,0.0,1.0,2.448298865910607,0.00746538621773088,0.03132465220077993,1.0
1769797817.36,2.4549699799866573,-0.003668922266605199,-0.011656212254928498,1.0101858645684623,2.454969979986658,0.0,0.0,0.0,1.0,2.454969979986658,0.004231339858844952,0.01951941920395813,1.0
1769797817.38,2.461641094062708,0.0011461792769158782,-0.0025323734220592422,1.005964043794886,2.4616410940627085,0.0,0.0,0.0,1.0,2.4616410940627085,-0.0020551881087020976,-0.013241093691325818,1.0
1769797817.4,2.468312208138759,0.0018168656368508544,0.00607061541104267,0.9875483313311253,2.468312208138759,0.0,0.0,0.0,1.0,2.468312208138759,-0.0017192396054345983,-0.009576317623992229,1.0
1769797817.42,2.47498332221481,0.002844723450738859,0.00033576520317930825,0.9943148446711932,2.47498332221481,0.0,0.0,0.0,1.0,2.47498332221481,-0.0029431401433950262,-0.013164343713130187,1.0
1769797817.44,2.4816544362908606,0.0036229501521656948,0.006699920888342265,0.9996247820651543,2.4816544362908606,0.0,0.0,0.0,1.0,2.4816544362908606,-0.003413303365564749,-0.01747333712859985,1.0
1769797817.46,2.488325550366911,0.004647305562452174,0.005544522630103327,0.9971061148607341,2.4883255503669113,0.0,0.0,0.0,1.0,2.4883255503669113,-0.005379528524396946,-0.026256600571471642,1.0
1769797817.48,2.4949966644429615,0.002885972445318307,-0.00737599043397186,0.9847030439455493,2.494996664442962,0.0,0.0,0.0,1.0,2.494996664442962,-0.0022546204836630577,-0.002205578676932413,1.0
1769797817.5,2.5016677785190127,0.003198600474709303,0.004480173119098938,1.006718696625658,2.5016677785190127,0.0,0.0,0.0,1.0,2.5016677785190127,-0.004070948482575606,-0.02034020848876444,1.0
1769797817.52,2.508338892595063,-4.709791321051563e-05,0.016112719850581735,1.011911301747968,2.5083388925950634,0.0,0.0,0.0,1.0,2.5083388925950634,0.0005597288659424477,-0.0011867671130030228,1.0
1769797817.54,2.515010006671114,-0.001529868916913164,0.0006741759411374131,0.9980889211696848,2.515010006671114,0.0,0.0,0.0,1.0,2.515010006671114,0.0009005185217146509,0.0036057757720621,1.0
1769797817.56,2.5216811207471643,-0.005142807156849147,-0.01715665171437807,1.0035740223030045,2.5216811207471648,0.0,0.0,0.0,1.0,2.5216811207471648,0.005949608431542208,0.03742584949318542,1.0
1769797817.58,2.528352234823215,-0.0051301075308569305,-0.005327741241867615,0.9938837688306256,2.5283522348232155,0.0,0.0,0.0,1.0,2.5283522348232155,0.004990672781550846,0.021667626097145832,1.0
1769797817.6,2.535023348899266,-0.005061298612291345,-0.02538400798013748,1.0177401314694836,2.535023348899266,0.0,0.0,0.0,1.0,2.535023348899266,0.005768103401626444,0.036541848216650116,1.0
1769797817.62,2.5416944629753164,-0.002403562225172442,0.000153356209667272,0.9972864490818953,2.541694462975317,0.0,0.0,0.0,1.0,2.541694462975317,0.0016940673434953021,0.002625555211016431,1.0
1769797817.64,2.5483655770513676,-0.003196104527127453,0.016937656994256003,0.9881010669200543,2.5483655770513676,0.0,0.0,0.0,1.0,2.5483655770513676,0.0030568019525468596,0.0051211139221109935,1.0
1769797817.66,2.555036691127418,-0.00473097339610077,-0.006752917426708281,1.0057676559300408,2.5550366911274183,0.0,0.0,0.0,1.0,2.5550366911274183,0.004638725510458568,0.02351328431310012,1.0
1769797817.68,2.5617078052034685,-0.006932600264779536,-0.005681189444128291,0.9881887663024688,2.561707805203469,0.0,0.0,0.0,1.0,2.561707805203469,0.0066963323980710285,0.03168353120196072,1.0
1769797817.7,2.5683789192795197,-0.010482006733542559,-0.002145553143014445,0.9969850443606542,2.5683789192795197,0.0,0.0,0.0,1.0,2.5683789192795197,0.010236810511431337,0.04556049673059288,1.0
1769797817.72,2.57505003335557,-0.014608773005419752,0.011263952068515564,0.9850932653851645,2.5750500333555704,0.0,0.0,0.0,1.0,2.5750500333555704,0.015175662238824618,0.060009524648433975,1.0
1769797817.74,2.581721147431621,-0.01582882920316569,0.011305016884482821,0.9847002924064691,2.581721147431621,0.0,0.0,0.0,1.0,2.581721147431621,0.016090056188074246,0.059622110259305194,1.0
1769797817.76,2.5883922615076713,-0.015882507636849032,-0.006906809728351191,0.9969543499358088,2.5883922615076718,0.0,0.0,0.0,1.0,2.5883922615076718,0.015829826138005064,0.06651247936612667,1.0
1769797817.78,2.595063375583722,-0.0157851838216092,0.005995440319206592,0.9931601552950198,2.5950633755837225,0.0,0.0,0.0,1.0,2.5950633755837225,0.016182033065137554,0.062082619028079405,1.0
1769797817.8,2.601734489659773,-0.01426627867779484,0.017735448438456924,1.0063986393595232,2.601734489659773,0.0,0.0,0.0,1.0,2.601734489659773,0.013835896869903726,0.04412972706515261,1.0
1769797817.82,2.6084056037358234,-0.01449191013531586,-0.009499258177757292,1.0144908236699244,2.608405603735824,0.0,0.0,0.0,1.0,2.608405603735824,0.014755821970805688,0.06469284207300335,1.0
1769797817.84,2.6150767178118746,-0.01354621643894618,-0.010149796865925167,0.9926087667842737,2.6150767178118746,0.0,0.0,0.0,1.0,2.6150767178118746,0.013485953027217678,0.05774884159824529,1.0
1769797817.86,2.621747831887925,-0.013213344483617998,0.01575161172861642,1.0077065054229606,2.6217478318879253,0.0,0.0,0.0,1.0,2.6217478318879253,0.012881751997309517,0.0430470010950217,1.0
1769797817.88,2.6284189459639755,-0.01438689860366766,-0.017160021550201333,0.9967487231840287,2.628418945963976,0.0,0.0,0.0,1.0,2.628418945963976,0.014427904131062725,0.06783777943310478,1.0
1769797817.9,2.6350900600400267,-0.015188687763346007,0.011154938823575882,1.0219712524539792,2.6350900600400267,0.0,0.0,0.0,1.0,2.6350900600400267,0.01536909359587368,0.05684009443651774,1.0
1769797817.92,2.641761174116077,-0.015179029309152723,-0.0063357507813001515,0.9976508247031539,2.6417611741160774,0.0,0.0,0.0,1.0,2.6417611741160774,0.015148583037895205,0.06354169698425242,1.0
1769797817.94,2.648432288192128,-0.015141147012825004,0.0025847325399063676,1.0066858488351433,2.648432288192128,0.0,0.0,0.0,1.0,2.648432288192128,0.015311453454161192,0.06011631796295758,1.0
1769797817.96,2.6551034022681783,-0.014769760814232822,-0.009860083501240074,0.983691324532523,2.6551034022681788,0.0,0.0,0.0,1.0,2.6551034022681788,0.014308501323595074,0.06116109491443421,1.0
1769797817.98,2.661774516344229,-0.01674009856003088,0.00973983877498625,1.0016196464585574,2.6617745163442295,0.0,0.0,0.0,1.0,2.6617745163442295,0.016550918905283464,0.06357617381532912,1.0
1769797818.0,2.66844563042028,-0.019284178453444337,-0.0033013190787306653,0.9863865568984027,2.66844563042028,0.0,0.0,0.0,1.0,2.66844563042028,0.019593274694650217,0.08306611410733294,1.0
1769797818.02,2.6751167444963304,-0.02076215864912832,0.00573390909759602,1.0113757571998427,2.675116744496331,0.0,0.0,0.0,1.0,2.675116744496331,0.020385809221230358,0.07946881686270356,1.0
1769797818.04,2.6817878585723816,-0.02441772864333626,0.0232207426473572,1.0073424852615496,2.6817878585723816,0.0,0.0,0.0,1.0,2.6817878585723816,0.023996436175002803,0.08798600033010505,1.0
1769797818.06,2.688458972648432,-0.029492529018929663,0.0026602320992991074,1.0115704207542,2.6884589726484323,0.0,0.0,0.0,1.0,2.6884589726484323,0.030039330156433654,0.12487009855751591,1.0
1769797818.08,2.6951300867244825,-0.031567502278130426,-0.0015121566740380569,1.0037804781400845,2.695130086724483,0.0,0.0,0.0,1.0,2.695130086724483,0.032015590752837796,0.13079470194477433,1.0
1769797818.1,2.7018012008005337,-0.03134372986796111,0.0016517770605125846,1.0022736125564957,2.7018012008005337,0.0,0.0,0.0,1.0,2.7018012008005337,0.031551395988696836,0.12491550066039007,1.0
1769797818.12,2.708472314876584,-0.030345592815793618,0.010003857109170119,1.0048263670580884,2.7084723148765844,0.0,0.0,0.0,1.0,2.7084723148765844,0.030150848894358477,0.11420091992851049,1.0
1769797818.14,2.715143428952635,-0.02985311943654114,-0.0035969778156733118,1.0042097798011627,2.715143428952635,0.0,0.0,0.0,1.0,2.715143428952635,0.030256260730323455,0.12292894366509545,1.0
1769797818.16,2.7218145430286853,-0.027412602398243988,0.007668054650437733,1.0047622090455612,2.7218145430286858,0.0,0.0,0.0,1.0,2.7218145430286858,0.0274793200196379,0.10330631204264717,1.0
1769797818.18,2.728485657104736,-0.025366266968667308,0.004540333721802,1.0049503577373953,2.7284856571047365,0.0,0.0,0.0,1.0,2.7284856571047365,0.024660736460108596,0.09355419542000408,1.0
1769797818.2,2.735156771180787,-0.02701174941954449,0.030039247660958907,1.0331061707285714,2.735156771180787,0.0,0.0,0.0,1.0,2.735156771180787,0.026612407245697956,0.09338167593790173,1.0
1769797818.22,2.7418278852568374,-0.030123506686255838,-0.00015802371532748448,1.0070732953397281,2.741827885256838,0.0,0.0,0.0,1.0,2.741827885256838,0.030520828681705504,0.1260707480204933,1.0
1769797818.24,2.7484989993328885,-0.031725947514417006,0.00868352551935666,1.0104192852237945,2.7484989993328885,0.0,0.0,0.0,1.0,2.7484989993328885,0.031381094640868766,0.12204288176295998,1.0
1769797818.26,2.755170113408939,-0.035410333206331655,0.012100475001905295,1.0074678724989425,2.7551701134089392,0.0,0.0,0.0,1.0,2.7551701134089392,0.034937701752469935,0.13725717662052825,1.0
1769797818.28,2.7618412274849895,-0.04014603674409112,-0.014461182429005718,1.0034284924312975,2.76184122748499,0.0,0.0,0.0,1.0,2.76184122748499,0.04130033234960101,0.17879455121003798,1.0
1769797818.3,2.7685123415610406,-0.039363095616636375,-0.006434800801596109,0.9929181255885815,2.7685123415610406,0.0,0.0,0.0,1.0,2.7685123415610406,0.039495027456137796,0.15939220533188603,1.0
1769797818.32,2.775183455637091,-0.0384047748446484,-0.0044466198913722344,1.0214495496811902,2.7751834556370913,0.0,0.0,0.0,1.0,2.7751834556370913,0.03796447257150836,0.15255064534709012,1.0
1769797818.34,2.781854569713142,-0.03925125336621753,-0.009826028053551029,0.9997375797929783,2.781854569713142,0.0,0.0,0.0,1.0,2.781854569713142,0.039501198013980644,0.16445453152517037,1.0
1769797818.36,2.7885256837891923,-0.039019691947159506,-0.005294562089413317,1.0039794763265482,2.7885256837891927,0.0,0.0,0.0,1.0,2.7885256837891927,0.03893132353155884,0.15780270068852023,1.0
1769797818.38,2.795196797865243,-0.03943914730104522,0.007759341251721252,1.0125780166189033,2.7951967978652434,0.0,0.0,0.0,1.0,2.7951967978652434,0.039200516467571216,0.15319158818043663,1.0
1769797818.4,2.801867911941294,-0.04100267105681537,0.0004123771472692634,1.0103640693178833,2.801867911941294,0.0,0.0,0.0,1.0,2.801867911941294,0.04097221321114297,0.165454361014509,1.0
1769797818.42,2.8085390260173444,-0.04238340121921983,0.022381804836416903,0.9795056986296683,2.808539026017345,0.0,0.0,0.0,1.0,2.808539026017345,0.04270833142572339,0.16137854149926553,1.0
1769797818.44,2.8152101400933955,-0.042860825304066756,-0.0074193703026609464,0.999315262373266,2.8152101400933955,0.0,0.0,0.0,1.0,2.8152101400933955,0.042247790417941015,0.17224030581531216,1.0
1769797818.46,2.821881254169446,-0.045490029818753074,-0.010835995369256805,0.9863413093757105,2.8218812541694462,0.0,0.0,0.0,1.0,2.8218812541694462,0.04619907885750048,0.19416560155418977,1.0
1769797818.48,2.8285523682454965,-0.04513128654885589,-0.007404315966064104,0.9961518767888968,2.828552368245497,0.0,0.0,0.0,1.0,2.828552368245497,0.044810338819284874,0.18155477322195596,1.0
1769797818.5,2.8352234823215476,-0.04614936506761442,0.008544036382667777,0.9887651815924696,2.8352234823215476,0.0,0.0,0.0,1.0,2.8352234823215476,0.04627029935029013,0.1822691397408319,1.0
1769797818.52,2.841894596397598,-0.046843614335520395,-0.014528198693221635,1.0117578705157944,2.8418945963975983,0.0,0.0,0.0,1.0,2.8418945963975983,0.04660308360055293,0.19400921799908533,1.0
1769797818.54,2.848565710473649,-0.048089368884063864,0.00631603521918244,1.0209777885126965,2.848565710473649,0.0,0.0,0.0,1.0,2.848565710473649,0.04866034036660786,0.19354060062289513,1.0
1769797818.56,2.8552368245496993,-0.04689703891272161,-0.01404801380112747,1.014245603156289,2.8552368245496997,0.0,0.0,0.0,1.0,2.8552368245496997,0.046670589847402036,0.19171661577096605,1.0
1769797818.58,2.8619079386257504,-0.04691426797305903,0.007716796656167036,1.0069647581465173,2.8619079386257504,0.0,0.0,0.0,1.0,2.8619079386257504,0.046761471246204014,0.18327836805553452,1.0
1769797818.6,2.868579052701801,-0.047928793973654266,0.015544601601617625,1.0006003615820944,2.868579052701801,0.0,0.0,0.0,1.0,2.868579052701801,0.04764454842538656,0.18368897007991997,1.0
1769797818.62,2.8752501667778514,-0.04993251553807378,0.015914013968102367,1.0146157771151068,2.875250166777852,0.0,0.0,0.0,1.0,2.875250166777852,0.05026979919949883,0.1957474405880564,1.0
1769797818.64,2.8819212808539025,-0.05053423022305951,0.002861257699468919,1.0016585802696962,2.8819212808539025,0.0,0.0,0.0,1.0,2.8819212808539025,0.05036224668250968,0.2001108053633151,1.0
1769797818.66,2.888592394929953,-0.051528975515058084,0.020048184779592092,0.9941125134485364,2.8885923949299532,0.0,0.0,0.0,1.0,2.8885923949299532,0.05193853476394447,0.19930633474741663,1.0
1769797818.68,2.895263509006004,-0.050421830595863124,-0.008681575369357498,1.0017361909686437,2.895263509006004,0.0,0.0,0.0,1.0,2.895263509006004,0.050612444312253514,0.20546447448200184,1.0
1769797818.7,2.901934623082054,-0.048660599231059976,-0.0034483940134395225,1.0007397944774186,2.9019346230820546,0.0,0.0,0.0,1.0,2.9019346230820546,0.04842515500017967,0.19323752769536462,1.0
1769797818.72,2.908605737158105,-0.04822108679195127,-0.004224781579684282,1.0102101327760984,2.9086057371581053,0.0,0.0,0.0,1.0,2.9086057371581053,0.0479981076103649,0.19367777384148696,1.0
1769797818.74,2.915276851234156,-0.04851852348539698,-0.0041676070192273335,0.9976522574141959,2.915276851234156,0.0,0.0,0.0,1.0,2.915276851234156,0.04882214386691231,0.19819641523381032,1.0
1769797818.76,2.9219479653102063,-0.04824994976514824,0.0015631704728132339,1.003204090223787,2.9219479653102067,0.0,0.0,0.0,1.0,2.9219479653102067,0.04739906506510451,0.1873915962222036,1.0
1769797818.78,2.9286190793862574,-0.05156048209764354,0.013061519865916948,0.9959023905111638,2.9286190793862574,0.0,0.0,0.0,1.0,2.9286190793862574,0.051952171311770226,0.20583103156078814,1.0
1769797818.8,2.935290193462308,-0.052573143653972254,0.019041127804453745,1.0041560115326225,2.935290193462308,0.0,0.0,0.0,1.0,2.935290193462308,0.053043131430880984,0.20374292194040783,1.0
1769797818.82,2.9419613075383584,-0.05148577342544216,0.01011753413710246,0.9975025708868748,2.941961307538359,0.0,0.0,0.0,1.0,2.941961307538359,0.05139252891806026,0.19886074609086907,1.0
1769797818.84,2.9486324216144095,-0.05076140758579595,0.02158439021364921,0.9986996200240971,2.9486324216144095,0.0,0.0,0.0,1.0,2.9486324216144095,0.05083354423136093,0.1919829971319198,1.0
1769797818.86,2.95530353569046,-0.04930831053485332,-0.010350090826806484,0.9990371017161117,2.9553035356904602,0.0,0.0,0.0,1.0,2.9553035356904602,0.04970040406684649,0.20284352151627477,1.0
1769797818.88,2.961974649766511,-0.046352591849298366,-0.0024017781227584725,1.0206996973112548,2.961974649766511,0.0,0.0,0.0,1.0,2.961974649766511,0.04602544366794264,0.18162770333424594,1.0
1769797818.9,2.968645763842561,-0.04531038147962603,-0.005200782705862499,1.0095807223435178,2.9686457638425616,0.0,0.0,0.0,1.0,2.9686457638425616,0.044923564676736784,0.18119277106867251,1.0
1769797818.92,2.975316877918612,-0.04600879703302522,0.0038947750558752025,1.008001805354146,2.9753168779186123,0.0,0.0,0.0,1.0,2.9753168779186123,0.04607331619010348,0.183495628745843,1.0
1769797818.94,2.981987991994663,-0.046654112398839286,-0.0005457657555883842,1.0088994218812328,2.981987991994663,0.0,0.0,0.0,1.0,2.981987991994663,0.04640612318672592,0.18623018262132032,1.0
1769797818.96,2.9886591060707133,-0.048146513748817454,-0.0028041232997474165,1.0036717379929547,2.9886591060707137,0.0,0.0,0.0,1.0,2.9886591060707137,0.04845671075451577,0.19727949223572666,1.0
1769797818.98,2.9953302201467644,-0.04850226916101356,-0.015684435154359428,0.9843134039348527,2.9953302201467644,0.0,0.0,0.0,1.0,2.9953302201467644,0.048191329072203554,0.2003421521836817,1.0
1769797819.0,3.002001334222815,-0.05037365678632859,-0.014709190033672494,1.0089408036326852,3.002001334222815,0.0,0.0,0.0,1.0,3.002001334222815,0.050309078320989714,0.21070865754958126,1.0
1769797819.02,3.0086724482988654,-0.05240737204781512,-0.0063298510503323096,0.9935601588683579,3.008672448298866,0.0,0.0,0.0,1.0,3.008672448298866,0.05254641058322504,0.21558790012030163,1.0
1769797819.04,3.015343562374916,-0.053703944375652804,-0.024465639115422957,0.9858452669843251,3.0153435623749165,0.0,0.0,0.0,1.0,3.0153435623749165,0.05379224081072202,0.22864761302809652,1.0
1769797819.06,3.0220146764509668,-0.05434209627209501,-0.0005338799871543546,0.9962851089958875,3.022014676450967,0.0,0.0,0.0,1.0,3.022014676450967,0.054588466673167545,0.21941703254869288,1.0
1769797819.08,3.028685790527018,-0.05395269200966783,-0.0006836331464238525,1.0126132122882487,3.028685790527018,0.0,0.0,0.0,1.0,3.028685790527018,0.05383051963019877,0.21490594805103821,1.0
1769797819.1,3.035356904603068,-0.05360874279275862,0.008672738924817704,1.0176555788867747,3.0353569046030686,0.0,0.0,0.0,1.0,3.0353569046030686,0.054133425518096294,0.21250023849787386,1.0
1769797819.12,3.042028018679119,-0.050905717814985936,-0.016093119661737397,1.0062910898191757,3.0420280186791193,0.0,0.0,0.0,1.0,3.0420280186791193,0.05081627419094023,0.20799450526747354,1.0
1769797819.14,3.04869913275517,-0.04884168538492691,0.007533026277569613,0.9966221841432072,3.04869913275517,0.0,0.0,0.0,1.0,3.04869913275517,0.048620096416093266,0.1885176947507413,1.0
1769797819.16,3.0553702468312203,-0.04833078975682952,-0.021093858881271705,1.0102313772046199,3.0553702468312207,0.0,0.0,0.0,1.0,3.0553702468312207,0.047811734809424876,0.20098550707166696,1.0
1769797819.18,3.0620413609072714,-0.049895622120897,0.015680946395215993,0.9913515732524911,3.0620413609072714,0.0,0.0,0.0,1.0,3.0620413609072714,0.05024215054995385,0.19555854474273637,1.0
1769797819.2,3.068712474983322,-0.04994626317826099,-0.0005083151938143027,0.9922417936342856,3.068712474983322,0.0,0.0,0.0,1.0,3.068712474983322,0.04984332181603254,0.199228616127116,1.0
1769797819.22,3.0753835890593724,-0.050828669859667414,-0.0005987900137757895,0.9948925200847752,3.075383589059373,0.0,0.0,0.0,1.0,3.075383589059373,0.05047729725935771,0.2028425594876439,1.0
1769797819.24,3.082054703135423,-0.05321117432006714,-0.004325397201465131,0.9914204634918565,3.0820547031354235,0.0,0.0,0.0,1.0,3.0820547031354235,0.05335081534251914,0.21843947805397054,1.0
1769797819.26,3.0887258172114738,-0.054834546456839925,-0.010508819453323062,1.006434147626503,3.088725817211474,0.0,0.0,0.0,1.0,3.088725817211474,0.05494202067569089,0.22661369776259685,1.0
1769797819.28,3.095396931287525,-0.05607005813247115,0.00738260892681619,0.992848859130015,3.095396931287525,0.0,0.0,0.0,1.0,3.095396931287525,0.05595637223897487,0.22114853605577536,1.0
1769797819.3,3.102068045363575,-0.05785253379657297,-0.002252667745179754,1.0013147832750344,3.1020680453635756,0.0,0.0,0.0,1.0,3.1020680453635756,0.057836103977751706,0.23435048152237353,1.0
1769797819.32,3.108739159439626,-0.05952908865502428,0.015028264697376777,1.001935947323246,3.1087391594396263,0.0,0.0,0.0,1.0,3.1087391594396263,0.05971168194850737,0.23320817341609676,1.0
1769797819.34,3.115410273515677,-0.05995941804684313,-0.012247181212698749,0.9972768759449266,3.115410273515677,0.0,0.0,0.0,1.0,3.115410273515677,0.060353541477221204,0.248179616043948,1.0
1769797819.36,3.1220813875917273,-0.05874265989016871,0.0013675021655702088,1.0035462965783366,3.1220813875917277,0.0,0.0,0.0,1.0,3.1220813875917277,0.0585505047635643,0.2317152312578152,1.0
1769797819.38,3.1287525016677784,-0.0580819371396893,-0.0003727384432344719,1.0019913061332517,3.1287525016677784,0.0,0.0,0.0,1.0,3.1287525016677784,0.05842262565764824,0.23374899274629415,1.0
1769797819.4,3.135423615743829,-0.05634968696584349,0.0012289841723134244,1.0053391008239565,3.135423615743829,0.0,0.0,0.0,1.0,3.135423615743829,0.05583133463873484,0.22011955544986925,1.0
1769797819.42,3.1420947298198794,-0.05709441419663809,0.014567364212313938,1.0053995835731062,3.14209472981988,0.0,0.0,0.0,1.0,3.14209472981988,0.05703641431850477,0.22206705484763206,1.0
1769797819.44,3.14876584389593,-0.05804941853735325,0.006727677875353422,1.0085550493504185,3.1487658438959305,0.0,0.0,0.0,1.0,3.1487658438959305,0.058109807525388205,0.23014878437075953,1.0
1769797819.46,3.1554369579719808,-0.05854676861393527,-0.015069955860976533,1.0123911532096121,3.155436957971981,0.0,0.0,0.0,1.0,3.155436957971981,0.05872260760057199,0.24303820840796,1.0
1769797819.48,3.162108072048032,-0.05858062806069584,-0.006887396424976242,0.9953749268906174,3.162108072048032,0.0,0.0,0.0,1.0,3.162108072048032,0.05822353675287926,0.23583877437631243,1.0
1769797819.5,3.168779186124082,-0.06005237223502646,-0.004944833217457795,1.026474450616251,3.1687791861240826,0.0,0.0,0.0,1.0,3.1687791861240826,0.060280913610600534,0.24565344790885232,1.0
1769797819.52,3.175450300200133,-0.060459514047975255,-0.010308198885844127,0.9933260121901963,3.1754503002001333,0.0,0.0,0.0,1.0,3.1754503002001333,0.06045758999001143,0.2471611357823787,1.0
1769797819.54,3.182121414276184,-0.06087905727801243,0.01393955848097944,1.0225016802954516,3.182121414276184,0.0,0.0,0.0,1.0,3.182121414276184,0.060875634798088586,0.23695080475994176,1.0
1769797819.56,3.1887925283522343,-0.06153476755445112,-0.010063016670070153,0.9919247626312602,3.1887925283522347,0.0,0.0,0.0,1.0,3.1887925283522347,0.061314572081027564,0.25072873394208434,1.0
1769797819.58,3.1954636424282854,-0.06310760725472651,0.011311432818602323,0.9991308857440159,3.1954636424282854,0.0,0.0,0.0,1.0,3.1954636424282854,0.06321805670686645,0.24911999504400353,1.0
1769797819.6,3.202134756504336,-0.06390177355481172,0.00492545263690858,1.0037794262638418,3.202134756504336,0.0,0.0,0.0,1.0,3.202134756504336,0.0641650161783489,0.25514429786642373,1.0
1769797819.62,3.2088058705803864,-0.06373664328077332,0.008255113032070145,1.0266029986508973,3.208805870580387,0.0,0.0,0.0,1.0,3.208805870580387,0.06346747427839011,0.24904479869756657,1.0
1769797819.64,3.215476984656437,-0.06486244040970257,-0.011409534109789626,0.99970479275258,3.2154769846564375,0.0,0.0,0.0,1.0,3.2154769846564375,0.06482763501785654,0.2663754678657874,1.0
1769797819.66,3.2221480987324878,-0.06617055299219536,-0.0011262887860663596,1.0124810241246571,3.222148098732488,0.0,0.0,0.0,1.0,3.222148098732488,0.06615066270057997,0.26648882287807646,1.0
1769797819.68,3.228819212808539,-0.06782892353390055,-0.010522697250234732,1.0203739267868785,3.228819212808539,0.0,0.0,0.0,1.0,3.228819212808539,0.06757148693556,0.2769681206023374,1.0
1769797819.7,3.235490326884589,-0.07012821641772028,0.0166123704652734,1.0126481636609328,3.2354903268845896,0.0,0.0,0.0,1.0,3.2354903268845896,0.07068866486786166,0.27756565217111157,1.0
1769797819.72,3.24216144096064,-0.06993531954606104,-0.0019696972940758096,0.9965098963481697,3.2421614409606403,0.0,0.0,0.0,1.0,3.2421614409606403,0.06981208320088031,0.2793565997835778,1.0
1769797819.74,3.248832555036691,-0.07065430396377578,0.004419873548009586,0.9899456712467707,3.248832555036691,0.0,0.0,0.0,1.0,3.248832555036691,0.07031752561857862,0.27956560811800807,1.0
1769797819.76,3.2555036691127412,-0.07212698564223073,-0.026862289507012,0.9940335368448798,3.2555036691127417,0.0,0.0,0.0,1.0,3.2555036691127417,0.07294492065907723,0.3078382224303135,1.0
1769797819.78,3.2621747831887924,-0.07023676666310646,0.00015592689885110043,0.9918774635589359,3.2621747831887924,0.0,0.0,0.0,1.0,3.2621747831887924,0.06978263724206872,0.2758903021018408,1.0
1769797819.8,3.268845897264843,-0.07106274539783326,0.003066091749491218,1.0148111796420471,3.268845897264843,0.0,0.0,0.0,1.0,3.268845897264843,0.07046581831549169,0.2810134084606441,1.0
1769797819.82,3.2755170113408933,-0.07415750538736005,-0.0030941420947530286,0.9933348178075055,3.275517011340894,0.0,0.0,0.0,1.0,3.275517011340894,0.07467438385015407,0.30445317198265515,1.0
1769797819.84,3.282188125416944,-0.07435854967669858,0.01010890466341509,0.9723626028331014,3.2821881254169445,0.0,0.0,0.0,1.0,3.2821881254169445,0.07484016588384808,0.29447199323737877,1.0
1769797819.86,3.2888592394929947,-0.07249539302754139,0.00011438593512113035,0.992240583870142,3.288859239492995,0.0,0.0,0.0,1.0,3.288859239492995,0.07231205166600613,0.286662899478622,1.0
1769797819.88,3.295530353569046,-0.07157175723745828,0.01772983661484451,1.021702162579378,3.295530353569046,0.0,0.0,0.0,1.0,3.295530353569046,0.07148782939888208,0.27626217702098205,1.0
1769797819.9,3.302201467645096,-0.07095246228477275,0.0035854056357326174,1.0057603306306935,3.3022014676450966,0.0,0.0,0.0,1.0,3.3022014676450966,0.07103978469406406,0.28191839125357193,1.0
1769797819.92,3.308872581721147,-0.07012335547425355,0.004343989270392573,0.991108640411483,3.3088725817211473,0.0,0.0,0.0,1.0,3.3088725817211473,0.06992566275539444,0.27641653444771186,1.0
1769797819.94,3.315543695797198,-0.07057304263136398,0.0041949963337118866,0.9885561312259119,3.315543695797198,0.0,0.0,0.0,1.0,3.315543695797198,0.0702168146850769,0.2790609125031341,1.0
1769797819.96,3.3222148098732482,-0.0732119563121581,0.005005559114133317,0.983059086550017,3.3222148098732487,0.0,0.0,0.0,1.0,3.3222148098732487,0.07268512687114748,0.2907060401135938,1.0
1769797819.98,3.3288859239492994,-0.07743595164172105,0.0004984155676696007,0.9962560692481163,3.3288859239492994,0.0,0.0,0.0,1.0,3.3288859239492994,0.07830940738433521,0.3186127022666938,1.0
1769797820.0,3.33555703802535,-0.07761418687190609,0.019473761232976144,1.003312644179482,3.33555703802535,0.0,0.0,0.0,1.0,3.33555703802535,0.07758382017241792,0.2998728128612663,1.0
1769797820.02,3.3422281521014003,-0.07743445675198403,0.007503559473070544,1.0034307851713251,3.342228152101401,0.0,0.0,0.0,1.0,3.342228152101401,0.07793413336636923,0.3083350669228929,1.0
1769797820.04,3.348899266177451,-0.07514721464946053,0.010899583787025251,0.9885556753104486,3.3488992661774515,0.0,0.0,0.0,1.0,3.3488992661774515,0.07492290243159772,0.2912305868981067,1.0
1769797820.06,3.3555703802535017,-0.07377576186615996,0.014830704847146397,0.9971909036433487,3.355570380253502,0.0,0.0,0.0,1.0,3.355570380253502,0.07390676289696349,0.28719555962964655,1.0
1769797820.08,3.362241494329553,-0.07234016174642117,-0.015320352666514676,1.0011404247727793,3.362241494329553,0.0,0.0,0.0,1.0,3.362241494329553,0.07179297093910958,0.29271826813184176,1.0
1769797820.1,3.368912608405603,-0.073534171740218,0.00743416499991071,1.012230651991421,3.3689126084056036,0.0,0.0,0.0,1.0,3.3689126084056036,0.07345811872746982,0.2917805401982842,1.0
1769797820.12,3.375583722481654,-0.07495346254325921,0.0031529153149475186,0.9753194577631954,3.3755837224816543,0.0,0.0,0.0,1.0,3.3755837224816543,0.07508309579350633,0.30038090258258804,1.0
1769797820.14,3.382254836557705,-0.0760744715120152,-0.014613349355344923,1.0163792875857613,3.382254836557705,0.0,0.0,0.0,1.0,3.382254836557705,0.0757677981784805,0.3110625697765687,1.0
1769797820.16,3.3889259506337552,-0.07806979888708482,-0.0032611172989978855,1.0127334215501254,3.3889259506337557,0.0,0.0,0.0,1.0,3.3889259506337557,0.07862662270393309,0.3189958739906839,1.0
1769797820.18,3.3955970647098064,-0.07776750781159639,0.020263734519075115,1.0084091602727296,3.3955970647098064,0.0,0.0,0.0,1.0,3.3955970647098064,0.07746661511686254,0.298574585620842,1.0
1769797820.2,3.402268178785857,-0.07865546009667551,-0.00681822245774369,1.0012240860603363,3.402268178785857,0.0,0.0,0.0,1.0,3.402268178785857,0.07886938264486601,0.32028940933633937,1.0
1769797820.22,3.4089392928619073,-0.0791093200660176,0.007614117796319881,1.011281031949855,3.4089392928619078,0.0,0.0,0.0,1.0,3.4089392928619078,0.07854510715686563,0.31004909424130217,1.0
1769797820.24,3.415610406937958,-0.08154776673841968,0.009716622947368395,0.991165464590103,3.4156104069379585,0.0,0.0,0.0,1.0,3.4156104069379585,0.08219617361140222,0.3275774494264613,1.0
1769797820.26,3.4222815210140087,-0.08166169528088103,-0.0054172160679878,1.0041530543816792,3.422281521014009,0.0,0.0,0.0,1.0,3.422281521014009,0.08096031467023662,0.3253140077737748,1.0
1769797820.28,3.42895263509006,-0.08471353808644196,-0.0002405342382024588,0.9856883383420287,3.42895263509006,0.0,0.0,0.0,1.0,3.42895263509006,0.08504873333968305,0.34440361914727985,1.0
1769797820.3,3.43562374916611,-0.08647810257360873,0.013378143665041992,1.0070544911902006,3.4356237491661106,0.0,0.0,0.0,1.0,3.4356237491661106,0.08620113637687774,0.3392678767121846,1.0
1769797820.32,3.442294863242161,-0.08884271208406881,0.0029360509044177537,0.9933602278292822,3.4422948632421613,0.0,0.0,0.0,1.0,3.4422948632421613,0.08953517597885349,0.36000671806518086,1.0
1769797820.34,3.448965977318212,-0.08840371356584081,0.010371706734776566,0.998900024352786,3.448965977318212,0.0,0.0,0.0,1.0,3.448965977318212,0.0879758234188671,0.3451580877480937,1.0
1769797820.36,3.4556370913942622,-0.08963081491941026,-0.0034061137455117085,1.0129637136532232,3.4556370913942627,0.0,0.0,0.0,1.0,3.4556370913942627,0.08996153573349011,0.3635349121213393,1.0
1769797820.38,3.4623082054703134,-0.08898070629100294,-0.0153720741639292,0.9990815218990065,3.4623082054703134,0.0,0.0,0.0,1.0,3.4623082054703134,0.08931455247394043,0.3642972637181766,1.0
1769797820.4,3.468979319546364,-0.08718287228544984,-0.0038550779783142488,1.004935093123116,3.468979319546364,0.0,0.0,0.0,1.0,3.468979319546364,0.08677264880888737,0.34647623055965354,1.0
1769797820.42,3.4756504336224143,-0.08760354577112946,-0.005991941590249151,1.0064799448412376,3.4756504336224148,0.0,0.0,0.0,1.0,3.4756504336224148,0.08729941450385495,0.35272039450551196,1.0
1769797820.44,3.482321547698465,-0.08934278647096154,0.0025104380205641574,0.985117818429659,3.4823215476984655,0.0,0.0,0.0,1.0,3.4823215476984655,0.08944349850409009,0.3586628590063134,1.0
1769797820.46,3.4889926617745157,-0.09042532686252638,-0.00028878350070098597,1.0124627620040492,3.488992661774516,0.0,0.0,0.0,1.0,3.488992661774516,0.09061203768286046,0.36376108166056265,1.0
1769797820.48,3.495663775850567,-0.09085531703041572,0.0027900155551933907,0.9952876312453872,3.495663775850567,0.0,0.0,0.0,1.0,3.495663775850567,0.09063655009253219,0.36117570500220375,1.0
1769797820.5,3.502334889926617,-0.09192734585312334,0.012055400487368894,0.9891299458763416,3.5023348899266176,0.0,0.0,0.0,1.0,3.5023348899266176,0.0923062195750948,0.3648668475392574,1.0
1769797820.52,3.509006004002668,-0.09086428126607222,-0.008135300231516143,1.0006837938817783,3.5090060040026683,0.0,0.0,0.0,1.0,3.5090060040026683,0.09123129730663089,0.3679179170738177,1.0
1769797820.54,3.515677118078719,-0.08841357013812423,0.011556692115745575,0.9966021557147121,3.515677118078719,0.0,0.0,0.0,1.0,3.515677118078719,0.08808847515641399,0.3434327324175663,1.0
1769797820.56,3.522348232154769,-0.0874869958827651,-0.0034403066059440503,1.006636701666582,3.5223482321547697,0.0,0.0,0.0,1.0,3.5223482321547697,0.0874799689248241,0.3510315227706785,1.0
1769797820.58,3.5290193462308204,-0.08656442608965029,-0.002126053358815264,0.9986557392331035,3.5290193462308204,0.0,0.0,0.0,1.0,3.5290193462308204,0.08659321409779727,0.34654912824356987,1.0
1769797820.6,3.535690460306871,-0.08596941873663234,0.012791968573803601,0.9874025063753095,3.535690460306871,0.0,0.0,0.0,1.0,3.535690460306871,0.08550751225851623,0.3345483629078821,1.0
1769797820.62,3.5423615743829213,-0.08721928194696368,-0.004991876416885545,1.00635447965857,3.5423615743829218,0.0,0.0,0.0,1.0,3.5423615743829218,0.08752997494815627,0.35463830069070795,1.0
1769797820.64,3.549032688458972,-0.0863526861426824,0.0011954607388106853,1.0063259188526699,3.5490326884589725,0.0,0.0,0.0,1.0,3.5490326884589725,0.08701924448506293,0.346968517107753,1.0
1769797820.66,3.5557038025350227,-0.08291359582095739,0.0051078745323319885,0.9941290459147578,3.555703802535023,0.0,0.0,0.0,1.0,3.555703802535023,0.08237548474062546,0.3223042419518984,1.0
1769797820.68,3.562374916611074,-0.08208319853330702,-0.008423757761214247,1.0072770092874552,3.562374916611074,0.0,0.0,0.0,1.0,3.562374916611074,0.08198569054078134,0.33176484684388835,1.0
1769797820.7,3.569046030687124,-0.0812784164851416,0.0068574681532419,1.0080452427533442,3.5690460306871246,0.0,0.0,0.0,1.0,3.5690460306871246,0.0817078385441099,0.3231247681031472,1.0
1769797820.72,3.575717144763175,-0.0791337858579971,-0.002087062725528597,1.0157499979414475,3.5757171447631753,0.0,0.0,0.0,1.0,3.5757171447631753,0.07846966482845749,0.3116840169609419,1.0
1769797820.74,3.582388258839226,-0.08102427870980393,-0.013492253141187101,1.0008981107868433,3.582388258839226,0.0,0.0,0.0,1.0,3.582388258839226,0.08008838670203756,0.3287183952523239,1.0
1769797820.76,3.589059372915276,-0.08646979477363657,0.004303252303524146,0.9953230684801381,3.5890593729152767,0.0,0.0,0.0,1.0,3.5890593729152767,0.08728226759785382,0.35417132513546945,1.0
1769797820.78,3.5957304869913274,-0.08774101345299902,-0.0006558444209148647,1.0022611506246153,3.5957304869913274,0.0,0.0,0.0,1.0,3.5957304869913274,0.08812377099112212,0.35366450956821416,1.0
1769797820.8,3.602401601067378,-0.08710658195060787,0.004064529109642403,1.0103089303943202,3.602401601067378,0.0,0.0,0.0,1.0,3.602401601067378,0.0872260302877871,0.34597411589299215,1.0
1769797820.82,3.6090727151434283,-0.08630171636267928,-0.00637756201474636,1.00575837579995,3.6090727151434288,0.0,0.0,0.0,1.0,3.6090727151434288,0.08591472487471374,0.3455363750931548,1.0
1769797820.84,3.615743829219479,-0.08660431772032097,-0.005188902209332205,0.9892552513314365,3.6157438292194795,0.0,0.0,0.0,1.0,3.6157438292194795,0.08730281105192324,0.35319378148956854,1.0
1769797820.86,3.6224149432955297,-0.08457496210965909,0.0015148505964359415,0.9955712311306019,3.62241494329553,0.0,0.0,0.0,1.0,3.62241494329553,0.08364728353048541,0.3301761813022858,1.0
1769797820.88,3.629086057371581,-0.08643182225953848,-0.002442643547772042,1.0002846055012076,3.629086057371581,0.0,0.0,0.0,1.0,3.629086057371581,0.08687477320180766,0.3519479042524389,1.0
1769797820.9,3.635757171447631,-0.08598221929968698,0.0010464984054497414,1.0118541901650415,3.6357571714476316,0.0,0.0,0.0,1.0,3.6357571714476316,0.08622157801216174,0.34370986765627615,1.0
1769797820.92,3.642428285523682,-0.08471295331629143,0.014059779472269288,0.9937021864056942,3.6424282855236823,0.0,0.0,0.0,1.0,3.6424282855236823,0.0844156090149533,0.32882657732647014,1.0
1769797820.94,3.649099399599733,-0.08458808084197161,0.0006656950943242088,1.0030086558083513,3.649099399599733,0.0,0.0,0.0,1.0,3.649099399599733,0.08483129407247389,0.33940801380025404,1.0
1769797820.96,3.655770513675783,-0.08277717869054434,0.017716723433040822,0.9946176465009289,3.6557705136757837,0.0,0.0,0.0,1.0,3.6557705136757837,0.08332821329197458,0.32295141067087857,1.0
1769797820.98,3.6624416277518343,-0.07927643657103062,0.0020695646167871303,0.9839608233997102,3.6624416277518343,0.0,0.0,0.0,1.0,3.6624416277518343,0.07839478173244262,0.30761091306184496,1.0
1769797821.0,3.669112741827885,-0.08040594129057145,-0.013623621793187561,1.005855515772178,3.669112741827885,0.0,0.0,0.0,1.0,3.669112741827885,0.079890083698261,0.32786744765545617,1.0
1769797821.02,3.6757838559039353,-0.08292721167144228,-0.017484026825915332,0.9832382324155193,3.6757838559039357,0.0,0.0,0.0,1.0,3.6757838559039357,0.08394278144089437,0.34856583691916854,1.0
1769797821.04,3.682454969979986,-0.08145776497767666,0.01797633295029324,1.0033042094150149,3.6824549699799864,0.0,0.0,0.0,1.0,3.6824549699799864,0.08070915646153667,0.3106148343916424,1.0
1769797821.06,3.6891260840560367,-0.08366744229142381,0.018896377494570234,1.005456819180095,3.689126084056037,0.0,0.0,0.0,1.0,3.689126084056037,0.08348182469256442,0.3272517782540003,1.0
1769797821.08,3.695797198132088,-0.08675632954848514,0.0016547053549400004,1.0025939405694526,3.695797198132088,0.0,0.0,0.0,1.0,3.695797198132088,0.08674333506651487,0.3494074979625399,1.0
1769797821.1,3.702468312208138,-0.08867337005303001,-0.0017960411316067999,1.0077564740345852,3.7024683122081385,0.0,0.0,0.0,1.0,3.7024683122081385,0.08990585772140776,0.3636839741063273,1.0
1769797821.12,3.709139426284189,-0.08586502833364758,-0.008161311529597412,1.00534742580752,3.7091394262841892,0.0,0.0,0.0,1.0,3.7091394262841892,0.08483880143847881,0.338368805235785,1.0
1769797821.14,3.71581054036024,-0.08740483186284337,0.01125156716075751,1.0032457252235125,3.71581054036024,0.0,0.0,0.0,1.0,3.71581054036024,0.08784574545838605,0.34876414227307273,1.0
1769797821.16,3.72248165443629,-0.08653201461329331,0.009783262403255728,0.9946122990381229,3.7224816544362906,0.0,0.0,0.0,1.0,3.7224816544362906,0.08688703861283997,0.3416978164041859,1.0
1769797821.18,3.7291527685123413,-0.08452719740791219,-0.01428193914504639,1.0207381104984918,3.7291527685123413,0.0,0.0,0.0,1.0,3.7291527685123413,0.08400241869919221,0.3402660244556443,1.0
1769797821.2,3.735823882588392,-0.08540906611497844,0.00675107303998395,1.007055742853074,3.735823882588392,0.0,0.0,0.0,1.0,3.735823882588392,0.08497134750989095,0.33747878233027057,1.0
1769797821.22,3.7424949966644423,-0.08767873866215312,0.002630665405374468,0.9923287110013623,3.7424949966644427,0.0,0.0,0.0,1.0,3.7424949966644427,0.08833362164578633,0.3553814280163534,1.0
1769797821.24,3.749166110740493,-0.08675996521351823,-0.012060996046594939,0.9929746050877898,3.7491661107404934,0.0,0.0,0.0,1.0,3.7491661107404934,0.0868922906190396,0.3521583294727091,1.0
1769797821.26,3.7558372248165437,-0.0853509606173321,0.01595962295543841,0.9987348599336485,3.755837224816544,0.0,0.0,0.0,1.0,3.755837224816544,0.08522367320578367,0.33124626393215956,1.0
1769797821.28,3.762508338892595,-0.08438322122557662,0.006883120500679113,0.9963914925703863,3.762508338892595,0.0,0.0,0.0,1.0,3.762508338892595,0.08453596394170537,0.33401458625240366,1.0
1769797821.3,3.769179452968645,-0.0830140357256149,-0.009666578984894144,1.0163654575990901,3.7691794529686455,0.0,0.0,0.0,1.0,3.7691794529686455,0.08270268249188706,0.33381073801017697,1.0
1769797821.32,3.775850567044696,-0.08300417429750485,-0.030582991401338445,0.9951970804821195,3.7758505670446962,0.0,0.0,0.0,1.0,3.7758505670446962,0.08309783198304983,0.3480779731240313,1.0
1769797821.34,3.782521681120747,-0.08233336588420309,-0.009970618684492264,0.9930398184015626,3.782521681120747,0.0,0.0,0.0,1.0,3.782521681120747,0.0825572436701849,0.3346736957101208,1.0
1769797821.36,3.789192795196797,-0.0812379794639247,-0.026237751368786377,1.0156050706292938,3.7891927951967976,0.0,0.0,0.0,1.0,3.7891927951967976,0.08061779446965289,0.33365060436247274,1.0
1769797821.38,3.7958639092728483,-0.08201303862372179,-0.0022622149379403866,1.0050310758874739,3.7958639092728483,0.0,0.0,0.0,1.0,3.7958639092728483,0.08303678968358154,0.335697261417225,1.0
1769797821.4,3.802535023348899,-0.07838543590153271,-0.0011364564942110066,1.0215535734098635,3.802535023348899,0.0,0.0,0.0,1.0,3.802535023348899,0.0780105928375068,0.307584402751058,1.0
1769797821.42,3.8092061374249493,-0.07637441035792573,0.007605981768784698,1.0142308016877242,3.8092061374249497,0.0,0.0,0.0,1.0,3.8092061374249497,0.07650710081146454,0.30072192033542355,1.0
1769797821.44,3.815877251501,-0.07432949019381406,-0.017066929491538412,1.018115253001495,3.8158772515010004,0.0,0.0,0.0,1.0,3.8158772515010004,0.07374416269780437,0.3007471774233265,1.0
1769797821.46,3.8225483655770507,-0.07464861124288891,0.01903197146546819,0.9845964547520687,3.822548365577051,0.0,0.0,0.0,1.0,3.822548365577051,0.07501609834441425,0.2918203432915328,1.0
1769797821.48,3.829219479653102,-0.07404171351111873,0.018634184550030033,1.0030954732380613,3.829219479653102,0.0,0.0,0.0,1.0,3.829219479653102,0.07325279248484547,0.28193077180479803,1.0
1769797821.5,3.835890593729152,-0.07677715220308215,-0.005705654106213728,0.9944012952371986,3.8358905937291525,0.0,0.0,0.0,1.0,3.8358905937291525,0.07711644723529038,0.3151822707447133,1.0
1769797821.52,3.842561707805203,-0.0779532632041635,0.024862533815075742,0.9949870553611381,3.8425617078052032,0.0,0.0,0.0,1.0,3.8425617078052032,0.07792921407807385,0.300098356247541,1.0
1769797821.54,3.849232821881254,-0.07912548457494868,-0.007523233586953412,1.015514253387942,3.849232821881254,0.0,0.0,0.0,1.0,3.849232821881254,0.0792416034603299,0.3220404200170524,1.0
1769797821.56,3.855903935957304,-0.07983535204387177,-0.02207539280621906,1.000492113624367,3.8559039359573046,0.0,0.0,0.0,1.0,3.8559039359573046,0.07975581781395484,0.3305751820125538,1.0
1769797821.58,3.8625750500333553,-0.08042662560866715,0.003701296937630772,1.0075743988736758,3.8625750500333553,0.0,0.0,0.0,1.0,3.8625750500333553,0.08091637925240726,0.32297542997926604,1.0
1769797821.6,3.869246164109406,-0.07905764219155759,0.0045414979714072335,0.9924675034223801,3.869246164109406,0.0,0.0,0.0,1.0,3.869246164109406,0.07873238216934211,0.3104747826085997,1.0
1769797821.62,3.8759172781854563,-0.07919276154323589,-0.009935011840574853,0.9969618780511075,3.8759172781854567,0.0,0.0,0.0,1.0,3.8759172781854567,0.07920653887812029,0.32226781814154676,1.0
1769797821.64,3.882588392261507,-0.0794494268750876,0.016561157814346934,1.0042102249587221,3.8825883922615074,0.0,0.0,0.0,1.0,3.8825883922615074,0.07926358666545366,0.30883081554197456,1.0
1769797821.66,3.8892595063375577,-0.08010564666709104,-0.00969758551882744,1.0154889636867102,3.889259506337558,0.0,0.0,0.0,1.0,3.889259506337558,0.08057334651856442,0.3284519386867822,1.0
1769797821.68,3.895930620413609,-0.07873896649928466,0.0242256901640275,1.0073453305683535,3.895930620413609,0.0,0.0,0.0,1.0,3.895930620413609,0.07857926715221869,0.3002101441605153,1.0
1769797821.7,3.902601734489659,-0.07799871866566628,0.011811191342969079,1.0175105243084028,3.9026017344896595,0.0,0.0,0.0,1.0,3.9026017344896595,0.07811754995111952,0.3061028869318944,1.0
1769797821.72,3.90927284856571,-0.07670169330909238,0.0061922499560817,1.0045155092974294,3.9092728485657102,0.0,0.0,0.0,1.0,3.9092728485657102,0.07670392483326607,0.30230594923716997,1.0
1769797821.74,3.915943962641761,-0.07530633562583008,0.0005079625440605518,0.9938354340835518,3.915943962641761,0.0,0.0,0.0,1.0,3.915943962641761,0.07539425417304123,0.30001336475990975,1.0
1769797821.76,3.922615076717811,-0.0740617329718164,0.03317098653739832,0.995127690726324,3.9226150767178116,0.0,0.0,0.0,1.0,3.9226150767178116,0.07350069138891582,0.2755237095028387,1.0
1769797821.78,3.9292861907938623,-0.07536111894702321,0.004836316905857089,1.0033857451635997,3.9292861907938623,0.0,0.0,0.0,1.0,3.9292861907938623,0.07543532437133875,0.3012577720148494,1.0
1769797821.8,3.935957304869913,-0.07607161850528588,0.004062373597168171,1.0023764696762048,3.935957304869913,0.0,0.0,0.0,1.0,3.935957304869913,0.07631421294209087,0.3041045535405315,1.0
1769797821.82,3.9426284189459633,-0.07593581268003655,-0.027350220296620712,1.0013451417849961,3.9426284189459637,0.0,0.0,0.0,1.0,3.9426284189459637,0.0756500106917919,0.315610950665179,1.0
1769797821.84,3.949299533022014,-0.07762438750450885,0.003661013971584333,1.0027526926780972,3.9492995330220144,0.0,0.0,0.0,1.0,3.9492995330220144,0.07713374946659562,0.30818822965539405,1.0
1769797821.86,3.9559706470980647,-0.08113984492611606,-0.0008507419380127264,0.9945985683506957,3.955970647098065,0.0,0.0,0.0,1.0,3.955970647098065,0.08160260650590953,0.33130465403195836,1.0
1769797821.88,3.962641761174116,-0.08248202690276765,-0.0049251830284684885,0.9869933124348357,3.962641761174116,0.0,0.0,0.0,1.0,3.962641761174116,0.0824957483086871,0.33333872655176017,1.0
1769797821.9,3.969312875250166,-0.08360133893992108,-0.014917849462950048,1.003146248300762,3.9693128752501665,0.0,0.0,0.0,1.0,3.9693128752501665,0.08376017565179521,0.34376405468176396,1.0
1769797821.92,3.9759839893262168,-0.08431134388063784,0.007149102857443845,0.994941429865835,3.975983989326217,0.0,0.0,0.0,1.0,3.975983989326217,0.08397941298832867,0.3325623378611262,1.0
1769797821.94,3.982655103402268,-0.08603450461925846,0.006842326748153583,0.9924540434070448,3.982655103402268,0.0,0.0,0.0,1.0,3.982655103402268,0.08657035965213072,0.3454512218982482,1.0
1769797821.96,3.989326217478318,-0.08516693020636205,0.00011241774809254229,0.997404399387604,3.9893262174783186,0.0,0.0,0.0,1.0,3.9893262174783186,0.0852570085378086,0.339658474162866,1.0
1769797821.98,3.9959973315543693,-0.08379739026791164,0.004829532700023073,1.0121914159666712,3.9959973315543693,0.0,0.0,0.0,1.0,3.9959973315543693,0.08387899024671507,0.3317231763457552,1.0
1769797822.0,4.00266844563042,-0.08216784471865302,-0.0018373345898162353,0.46047779065028044,4.0026684456304205,1.0671402654008531e-05,0.007994485669790724,2.991707838150503,1.0,4.0026684456304205,0.08205772183103259,0.6109,0.3
1769797822.02,4.009339559706471,-0.08103515096530076,0.03289078092487417,0.3397206524122733,4.009339559706471,0.00013043373062529874,0.027880611677809586,2.968517583134216,1.0,4.009339559706471,0.08123243958796708,0.6109,0.3
1769797822.04,4.016010673782522,-0.07881260418790001,0.05725714162409449,0.30466193838633926,4.016010673782522,0.0003824604109880915,0.04761150006274769,2.9419437180716703,1.0,4.016010673782522,0.07997292812674509,0.6109,0.3
1769797822.06,4.022681787858572,-0.0738337263235874,0.07258058700887228,0.3020839226767194,4.0226817878585726,0.0007658607747027134,0.0671724551670553,2.912162720119699,1.0,4.0226817878585726,0.07372588838853614,0.6109,0.3
1769797822.08,4.029352901934623,-0.0732094589718921,0.0877984162865547,0.3017239216138553,4.029352901934623,0.001279744152729491,0.08654955779731056,2.879364687037417,1.0,4.029352901934623,0.07421185325752284,0.6109,0.3
1769797822.1,4.036024016010674,-0.07393039715729591,0.09445466858087777,0.2931810765752737,4.036024016010674,0.0019232198760287503,0.10572970769648082,2.8437508419841664,1.0,4.036024016010674,0.07580271087601974,0.6109,0.3
1769797822.12,4.042695130086725,-0.07459581971560195,0.12442970842327862,0.3085805186046222,4.042695130086725,0.0026953972755608194,0.12470065744116861,2.8055310209528366,1.0,4.042695130086725,0.07758429468568355,0.6109,0.3
1769797822.14,4.049366244162775,-0.07380763529485918,0.13138307897915993,0.30666958280075385,4.049366244162775,0.003595385682286023,0.1434510378219042,2.7649211923778076,1.0,4.049366244162775,0.07748893204843045,0.6109,0.3
1769797822.16,4.056037358238826,-0.07266640059409869,0.1751183294618539,0.31007230964784466,4.056037358238826,0.004622294427164689,0.16197037490366403,2.7221410537410655,1.0,4.056037358238826,0.0772408269686166,0.6109,0.3
1769797822.18,4.062708472314877,-0.07164583794077506,0.1810291517103373,0.30524652448580525,4.062708472314877,0.005775232841157145,0.1802490990877706,2.6774117443108736,1.0,4.062708472314877,0.07752378298018037,0.6109,0.3
1769797822.2,4.0693795863909275,-0.07034075458493941,0.2071217631038014,0.292206881131177,4.0693795863909275,0.007053310255223714,0.19827854660304078,2.63095370680276,1.0,4.0693795863909275,0.07719926195085036,0.6109,0.3
1769797822.22,4.076050700466978,-0.0697080795795737,0.2248512377265705,0.28232834283168506,4.076050700466978,0.008455636000324727,0.21605095394219415,2.582984724063188,1.0,4.076050700466978,0.0784003873795547,0.6109,0.3
1769797822.24,4.082721814543029,-0.06882608485344864,0.22476671296230724,0.3037514799492705,4.082721814543029,0.009981319407420504,0.23355944582857324,2.5337181501303894,1.0,4.082721814543029,0.07795225558323263,0.6109,0.3
1769797822.26,4.089392928619079,-0.0713463913670864,0.246366072385354,0.3068654952001236,4.0893929286190795,0.01162946980747138,0.2507980173483359,2.4833613484777697,1.0,4.0893929286190795,0.08356425376376533,0.6109,0.3
1769797822.28,4.09606404269513,-0.07077940520062864,0.26945479874279044,0.2817836765500197,4.09606404269513,0.013399196531437677,0.2677615109152309,2.4321143441034168,1.0,4.09606404269513,0.0845200623291933,0.6109,0.3
1769797822.3,4.102735156771181,-0.06840119944923097,0.2817180440181277,0.29508476978618736,4.102735156771181,0.015289608910279721,0.28444558875012993,2.3801686905576003,1.0,4.102735156771181,0.08390854515785802,0.6109,0.3
1769797822.32,4.109406270847232,-0.06504015797151098,0.31049350627152617,0.30076234120154305,4.109406270847232,0.01729981627495784,0.30084670155730575,2.3277065481137456,1.0,4.109406270847232,0.08230670491383697,0.6109,0.3
1769797822.34,4.116077384923282,-0.06193022763226947,0.32820362876490994,0.29747170869246325,4.116077384923282,0.01942892795643236,0.3169620540659266,2.2748999651559676,1.0,4.116077384923282,0.08126330133583871,0.6109,0.3
1769797822.36,4.122748498999333,-0.05899461796211802,0.3376415882246252,0.28546205989864776,4.122748498999333,0.021676053285663608,0.3327895680804206,2.221910351505449,1.0,4.122748498999333,0.08094367042538614,0.6109,0.3
1769797822.38,4.129419613075384,-0.05487703205916367,0.35528574225985526,0.3073715647617723,4.129419613075384,0.024040301593611913,0.34832784364936165,2.1688881298300045,1.0,4.129419613075384,0.0788253137234241,0.6109,0.3
1769797822.4,4.136090727151434,-0.05151318431241869,0.36619501069242033,0.29495026863661483,4.136090727151434,0.026520782211237597,0.3635761189213948,2.11597254943901,1.0,4.136090727151434,0.07770965470442052,0.6109,0.3
1769797822.42,4.142761841227485,-0.049867171083534216,0.3809264270737922,0.29771899548372766,4.142761841227485,0.029116604469500984,0.3785342292104175,2.0632916455998975,1.0,4.142761841227485,0.07877939619160823,0.6109,0.3
1769797822.44,4.149432955303536,-0.048553012163066796,0.40891467880869586,0.2988610323845175,4.149432955303536,0.03182687769936241,0.39320256574256707,2.010962326948388,1.0,4.149432955303536,0.08100180590733808,0.6109,0.3
1769797822.46,4.156104069379586,-0.04496246728302902,0.3990257036237463,0.3167342005989345,4.1561040693795865,0.0346507112317822,0.40758203450614416,1.9590905735188755,1.0,4.1561040693795865,0.0789872895981402,0.6109,0.3
1769797822.48,4.162775183455637,-0.04394296961016018,0.4167836989204749,0.30175213370622417,4.162775183455637,0.03758721439772067,0.4216740155738331,1.9077717283070763,1.0,4.162775183455637,0.08187995174517669,0.6109,0.3
1769797822.5,4.169446297531688,-0.04120175812678025,0.4208090394747807,0.28992507576286963,4.169446297531688,0.04063549652813816,0.43548032321563235,1.8570908660078402,1.0,4.169446297531688,0.08192671902471559,0.6109,0.3
1769797822.52,4.176117411607739,-0.03761821896599455,0.42239730372061823,0.30671404891122434,4.176117411607739,0.04379466695399499,0.4490031670717534,1.8071232235651007,1.0,4.176117411607739,0.08183771320500852,0.6109,0.3
1769797822.54,4.182788525683789,-0.03254052831390916,0.47966426446349625,0.2958912029864151,4.182788525683789,0.047063835006251484,0.46224511460812256,1.7579346783530483,1.0,4.182788525683789,0.0791159874813718,0.6109,0.3
1769797822.56,4.18945963975984,-0.029397738745294458,0.4863887508128929,0.2972259614183298,4.18945963975984,0.050442110015867965,0.47520905503359157,1.7095822611109077,1.0,4.18945963975984,0.08018403492537302,0.6109,0.3
1769797822.58,4.196130753835891,-0.02484501230842588,0.48956309067716175,0.2905612218016115,4.196130753835891,0.05392860131380477,0.4878981648179047,1.662114692120599,1.0,4.196130753835891,0.07857734839083508,0.6109,0.3
1769797822.6,4.202801867911941,-0.021422780018304884,0.5012811884271678,0.2984036690918731,4.202801867911941,0.057522418231022235,0.5003158749131167,1.6155729304987942,1.0,4.202801867911941,0.0787306085157589,0.6109,0.3
1769797822.62,4.209472981987992,-0.01889766347323247,0.5093746221978129,0.28268656699482186,4.209472981987992,0.06122267009848067,0.512465839748594,1.569990727833621,1.0,4.209472981987992,0.08022463658331626,0.6109,0.3
1769797822.64,4.216144096064043,-0.015752255983126462,0.528556813783111,0.29753559806889796,4.216144096064043,0.06502846624714038,0.5243519080409749,1.525395178701073,1.0,4.216144096064043,0.08091426578781921,0.6109,0.3
1769797822.66,4.222815210140093,-0.011452401879029326,0.5390768513583241,0.315600918239113,4.2228152101400935,0.06893891600796176,0.5359780954353848,1.4818072618247826,1.0,4.2228152101400935,0.08092256123240452,0.6109,0.3
1769797822.68,4.229486324216144,-0.0048698151640860065,0.5359429602568518,0.3061212947657718,4.229486324216144,0.07295312871190505,0.5473485589726724,1.4392423667795187,1.0,4.229486324216144,0.07762654087490789,0.6109,0.3
1769797822.7,4.236157438292195,0.0011008819701033134,0.5574110932794607,0.2879376582312216,4.236157438292195,0.07707021368993064,0.5584675733592224,1.3977108021740514,1.0,4.236157438292195,0.07627398947746146,0.6025915824708987,0.3
1769797822.72,4.242828552368246,0.007995387722366232,0.5711441651698336,0.29818125167425713,4.242828552368246,0.08128928027299884,0.5693395090007594,1.3572182821781154,1.0,4.242828552368246,0.07279596496641358,0.576964406277154,0.3
1769797822.74,4.249499666444296,0.012887846579179114,0.572528959562629,0.2878869545162317,4.249499666444296,0.08560943779206996,0.5799688117492567,1.3177663890803257,1.0,4.249499666444296,0.07304320637712959,0.5783131085309806,0.3
1769797822.76,4.256170780520347,0.019435739218861547,0.5947754898178726,0.29997946286626886,4.256170780520347,0.09002979557810435,0.5903599843022787,1.279353010281411,1.0,4.256170780520347,0.07074861937566489,0.5528520184060336,0.3
1769797822.78,4.262841894596398,0.026272344633397504,0.5852662520933214,0.30652916233714256,4.262841894596398,0.09454946296206233,0.6005175691865907,1.241972748744609,1.0,4.262841894596398,0.06784453702688195,0.542823363310436,0.3
1769797822.8,4.269513008672448,0.030713350797998515,0.6114307269527721,0.29781372821701424,4.269513008672448,0.09916754927490422,0.6104461332523671,1.2056173064488187,1.0,4.269513008672448,0.06807731196862417,0.5313157780205086,0.3
1769797822.82,4.276184122748499,0.03370300304803771,0.6128501079789255,0.2949285808859875,4.276184122748499,0.10388316384759033,0.6201502536005686,1.1702758408274592,1.0,4.276184122748499,0.07048761059030463,0.5399988783908616,0.3
1769797822.84,4.28285523682455,0.037562891947084,0.6198562099161982,0.2804437053816743,4.28285523682455,0.10869541601108103,0.6296345048638091,1.1359352945348518,1.0,4.28285523682455,0.07056799502282811,0.5321314812029923,0.3
1769797822.86,4.2895263509006,0.039016846162589235,0.6376244786633527,0.29085349262837384,4.2895263509006005,0.1136034150963366,0.6389034477600526,1.1025806991705693,1.0,4.2895263509006005,0.07481510310899457,0.5421184735262846,0.3
1769797822.88,4.296197464976651,0.04238141455678465,0.6327909434746749,0.27994593830606823,4.296197464976651,0.11860627043431743,0.6479616188385798,1.0701954538186302,1.0,4.296197464976651,0.07706897723840264,0.5493468552570627,0.3
1769797822.9,4.302868579052702,0.04948923695137627,0.6403643969813414,0.31457935081198013,4.302868579052702,0.12370309135598379,0.6568135213386471,1.0387615794305682,1.0,4.302868579052702,0.07401787538761098,0.5259144275343596,0.3
1769797822.92,4.309539693128753,0.05580987808589644,0.668172277843422,0.31393259838682286,4.309539693128753,0.12889298719229597,0.6654636170829642,1.0082599502066893,1.0,4.309539693128753,0.07321049659231187,0.5089632171864763,0.3
1769797822.94,4.316210807204803,0.0632411488318699,0.6697520697780266,0.31472453406041756,4.316210807204803,0.1341750672742144,0.6739163193303956,0.9786705032151162,1.0,4.316210807204803,0.0714500731195402,0.49819205928746024,0.3
1769797822.96,4.322881921280854,0.0722136983199788,0.669185316017482,0.3147701101753319,4.322881921280854,0.13954844093269933,0.6821759865150132,0.9499724275398783,1.0,4.322881921280854,0.06646729952794266,0.4734101868701692,0.3
1769797822.98,4.329553035356905,0.07718864445705156,0.6824377043684293,0.29698898200701396,4.329553035356905,0.14501221749871115,0.6902469168016784,0.9221443342729807,1.0,4.329553035356905,0.06787403741958681,0.4769628239953902,0.3
1769797823.0,4.336224149432955,0.08286820413743994,0.670030164655661,0.3025134585136397,4.336224149432955,0.15056550630321014,0.6981333433916254,0.8951644086661856,1.0,4.336224149432955,0.06816641527875883,0.4814574694599686,0.3
1769797823.02,4.342895263509006,0.09116293651267954,0.70032739317813,0.3002962044720294,4.342895263509006,0.1562074166771566,0.7058394305149553,0.8690105457406265,1.0,4.342895263509006,0.06547045833204802,0.450844719145093,0.3
1769797823.04,4.349566377585057,0.10080272118704037,0.727703926815241,0.3183016241817593,4.349566377585057,0.1619370579515109,0.7133692700504817,0.8436604706202524,1.0,4.349566377585057,0.06049149094826054,0.41333664341347065,0.3
1769797823.06,4.356237491661107,0.10780857859614176,0.7241006547670334,0.3116809678349921,4.3562374916611075,0.1677535394572334,0.7207268787169182,0.8190918448118234,1.0,4.3562374916611075,0.060310980738145475,0.4176633789384659,0.3
1769797823.08,4.362908605737158,0.11595027584130324,0.7260057322739576,0.2852004579226805,4.362908605737158,0.1736559705252843,0.7279161957829369,0.7952823596026279,1.0,4.362908605737158,0.057133441760456545,0.39952037077693464,0.3
1769797823.1,4.369579719813209,0.12182611175153558,0.7364954526604378,0.295816143739622,4.369579719813209,0.17964346048662413,0.7349410812470965,0.7722098176896863,1.0,4.369579719813209,0.05822200104327385,0.4014788902771882,0.3
1769797823.12,4.37625083388926,0.12871175354709694,0.7450729927410048,0.3026689645299792,4.37625083388926,0.185715118672213,0.7418053144420327,0.7498522040929672,1.0,4.37625083388926,0.056124793572247006,0.38426309298672334,0.3
1769797823.14,4.38292194796531,0.13262769346253694,0.7460585401289024,0.2985269771917015,4.38292194796531,0.1918700544130114,0.7485125930205732,0.7281877473417495,1.0,4.38292194796531,0.06037265965040861,0.405817066801585,0.3
1769797823.16,4.389593062041361,0.14162151190561934,0.7403496054678534,0.3033107454091484,4.389593062041361,0.1981073770399795,0.755066532284592,0.7071949718590672,1.0,4.389593062041361,0.05628901639564295,0.3827763539155923,0.3
1769797823.18,4.396264176117412,0.14947910103804357,0.7667891093637231,0.3037810308391752,4.396264176117412,0.20442619588407782,0.76147066482042,0.6868527424052756,1.0,4.396264176117412,0.05472949298272286,0.36467222809240735,0.3
1769797823.2,4.402935290193462,0.15641716963092164,0.7717971758443409,0.2948356630550415,4.402935290193462,0.2108256202762665,0.7677284404074854,0.6671403013790248,1.0,4.402935290193462,0.05450440546791827,0.3614885510703457,0.3
1769797823.22,4.409606404269513,0.16401490125248874,0.7874137390439528,0.2941242419661036,4.409606404269513,0.217304759547506,0.7738432261695599,0.648037299713,1.0,4.409606404269513,0.053501732151697,0.3478328838286828,0.3
1769797823.24,4.416277518345564,0.1719198532727404,0.7509100314839601,0.2936389986945292,4.416277518345564,0.2238627230287566,0.7798183069405289,0.6295238220431627,1.0,4.416277518345564,0.05126134549019521,0.35487893776012824,0.3
1769797823.26,4.422948632421614,0.17648155839992313,0.7743773646018254,0.28082519645727316,4.4229486324216145,0.23049862005097865,0.7856568858189947,0.6115804067742706,1.0,4.4229486324216145,0.053854261331817706,0.3573942084216095,0.3
1769797823.28,4.429619746497665,0.18077005692510278,0.7745302671388289,0.29877389282638095,4.429619746497665,0.23721155994513238,0.7913620848882545,0.5941880616114161,1.0,4.429619746497665,0.05692803124113628,0.3691861272131559,0.3047156832418033
1769797823.3,4.436290860573716,0.18704712038528415,0.7963066873862101,0.30819018064870923,4.436290860573716,0.2440006520421782,0.7969369460802765,0.57732827507732,1.0,4.436290860573716,0.056671631560064634,0.3530810205867475,0.3151657619496162
1769797823.32,4.442961974649767,0.1924404463177603,0.8020923971275382,0.31743105638623326,4.442961974649767,0.25086500567307646,0.8023844321642402,0.5609830244882585,1.0,4.442961974649767,0.058856355612814666,0.3605514863557,0.32563894274627714
1769797823.34,4.449633088725817,0.20007508847655506,0.8187977313278629,0.342348270996107,4.449633088725817,0.25780373016878744,0.8077074278419987,0.5451347808177532,1.0,4.449633088725817,0.05795490871689133,0.34473261208397576,0.3361258748530374
1769797823.36,4.456304202801868,0.20888624761296332,0.7983210104377395,0.35426569197071023,4.456304202801868,0.2648159348602715,0.8129087409344882,0.5297665108365155,1.0,4.456304202801868,0.05605029144318009,0.345615589767264,0.346617635466209
1769797823.38,4.462975316877919,0.21815858236785537,0.8366407254182205,0.35774630148152275,4.462975316877919,0.27190072907848883,0.8179911036446459,0.5148616768794874,1.0,4.462975316877919,0.053640502748381585,0.315616259511986,0.3571057388655009
1769797823.4,4.469646430953969,0.22714864401655566,0.8361406391532381,0.36985921785931475,4.469646430953969,0.27905722215440004,0.822957173883808,0.5004042345561117,1.0,4.469646430953969,0.05210064352216128,0.30991837654691,0.367582142200944
1769797823.42,4.47631754503002,0.23671902986320204,0.8349514509624335,0.37909707949169785,4.47631754503002,0.28628452341896515,0.827809536649871,0.48637862868799786,1.0,4.47631754503002,0.0492495126268968,0.29717365813078134,0.3780392482603767
1769797823.44,4.482988659106071,0.2447477997068658,0.821584847844698,0.38755160657389465,4.482988659106071,0.2935817422031447,0.8325507054466834,0.4727697877288643,1.0,4.482988659106071,0.0487669041613388,0.30370465018630577,0.3884699055146094
1769797823.46,4.489659773182121,0.2525035796868152,0.850026301021804,0.37087744695826574,4.4896597731821215,0.30094798783789894,0.8371831237352397,0.45956311689482043,1.0,4.4896597731821215,0.04848426385042305,0.2879943152166474,0.39886740572926255
1769797823.48,4.496330887258172,0.2604239194050976,0.843014966924035,0.399983417869736,4.496330887258172,0.30838236965418814,0.8417091664082437,0.4467444902085896,1.0,4.496330887258172,0.04793701672383983,0.28851706489980616,0.4092254794215028
1769797823.5,4.503002001334223,0.26806506710663064,0.8297994055265377,0.40643743431257984,4.503002001334223,0.3158839969829728,0.8461311412805276,0.43430024163900277,1.0,4.503002001334223,0.04763976097742918,0.29368454326467364,0.41953828942709476
1769797823.52,4.509673115410274,0.2746121547957085,0.8349230939479216,0.42992478923573363,4.509673115410274,0.32345197915521295,0.8504512905886469,0.42221715549684996,1.0,4.509673115410274,0.04858188587530997,0.2956557659341448,0.4298004228288636
1769797823.54,4.516344229486324,0.2806627133565861,0.8480975250351586,0.44492660043158866,4.516344229486324,0.33108542550186926,0.854671792493728,0.41048245622983587,1.0,4.516344229486324,0.0511298959433238,0.300416574009511,0.44000688148228145
1769797823.56,4.523015343562375,0.28976000918057676,0.8540220661691896,0.45688058293576145,4.523015343562375,0.33878344535390176,0.8587947625823437,0.39908379774277714,1.0,4.523015343562375,0.04876998237891489,0.28268023739113646,0.4501530713578628
1769797823.58,4.529686457638426,0.2978419467171309,0.844448522530246,0.4569394957199111,4.529686457638426,0.346545148042271,0.8628222553608079,0.38800925235419337,1.0,4.529686457638426,0.04887062741161727,0.2899256231950692,0.46023479090369923
1769797823.6,4.536357571714476,0.3069364297788242,0.8669011909650964,0.46875388189470046,4.536357571714476,0.3543696428979372,0.866756265738864,0.3772472994869195,1.0,4.536357571714476,0.04766443690735837,0.27218372695632953,0.4702482186150953
1769797823.62,4.543028685790527,0.3173994371532864,0.8721638578417058,0.4844572407034809,4.543028685790527,0.36225603925186073,0.8705987304992392,0.3667868141782115,1.0,4.543028685790527,0.045146082066198356,0.257802048907834,0.4801898999820951
1769797823.64,4.549699799866578,0.3285374348282114,0.8748684305156728,0.4888399964865241,4.549699799866578,0.3702034464350018,0.8743515297500187,0.3566170554838891,1.0,4.549699799866578,0.0409900953916744,0.2378413155879303,0.4900567339699249
1769797823.66,4.556370913942628,0.3369477054758267,0.8658791625423276,0.4944247474038434,4.5563709139426285,0.3782109737783209,0.8780164883572001,0.3467276548412622,1.0,4.5563709139426285,0.04168981694572542,0.2496603016226134,0.49984595917216174
1769797823.68,4.563042028018679,0.34749657868624934,0.8792661355551635,0.5030897361577081,4.563042028018679,0.38627773061277826,0.8815953773551753,0.33710860444682317,1.0,4.563042028018679,0.03892919415425704,0.2281491405523273,0.5095551397618876
1769797823.7,4.56971314209473,0.35840596481083914,0.8873366895438761,0.5298611725998481,4.56971314209473,0.39440282626933426,0.8850899153332222,0.32775024569684647,1.0,4.56971314209473,0.03566651064326445,0.2102604529879974,0.5191821513522947
1769797823.72,4.576384256170781,0.36747594693741337,0.8770054958401622,0.5397761820782773,4.576384256170781,0.4025853700789491,0.8885017697963972,0.31864325773205454,1.0,4.576384256170781,0.03481165628126322,0.21412693035584396,0.528725166865221
1769797823.74,4.583055370246831,0.375458366190575,0.9088940367344808,0.5443393101242147,4.583055370246831,0.4108244713725832,0.8918325584994894,0.3097786461212822,1.0,4.583055370246831,0.03566812098986742,0.20304429291584813,0.5381826424939549
1769797823.76,4.589726484322882,0.3843758679965192,0.8879723582660187,0.5446389628013957,4.589726484322882,0.419119239481197,0.8950838507529483,0.301147731713548,1.0,4.589726484322882,0.03426904693411743,0.20538867929035565,0.547553303835376
1769797823.78,4.596397598398933,0.3911070237260981,0.8963974822613536,0.5555176068240947,4.596397598398933,0.4274687837357506,0.898257168699908,0.2927421396830341,1.0,4.596397598398933,0.03638892850256868,0.21291988691352315,0.5568361322560834
1769797823.8,4.603068712474983,0.39823170033982164,0.9050517780475785,0.5521358075899369,4.603068712474983,0.43587221346720467,0.9013539885636312,0.2845537887871423,1.0,4.603068712474983,0.037907247711251695,0.213818661957977,0.5660303515476093
1769797823.82,4.609739826551034,0.406577637784276,0.9062709867847134,0.5695787698839956,4.609739826551034,0.4443286380065191,0.9043757418648681,0.276574880853956,1.0,4.609739826551034,0.037727499661586374,0.21055417779013508,0.575135414917091
1769797823.84,4.616410940627085,0.41480235984542807,0.9134876138339473,0.5801908695086743,4.616410940627085,0.45283716668465446,0.907323816608776,0.26879789051206904,1.0,4.616410940627085,0.03802326073898839,0.20837365305604957,0.5841509923518496
1769797823.86,4.623082054703135,0.4234378041390241,0.9156395955783486,0.5862436089448854,4.6230820547031355,0.4613969088325711,0.9101995584411855,0.2612155551727719,1.0,4.6230820547031355,0.03842370872710152,0.20877954938298798,0.5930769583891718
1769797823.88,4.629753168779186,0.43419114027155437,0.9087380032668485,0.592652715209341,4.629753168779186,0.47000697378122924,0.9130042717741149,0.2538208652719873,1.0,4.629753168779186,0.035765573192020964,0.19831995001302205,0.6019133803161637
1769797823.9,4.636424282855237,0.4439267703649794,0.9005003480496137,0.6207436815284402,4.636424282855237,0.4786664708615893,0.915739220880541,0.24660705477707845,1.0,4.636424282855237,0.033956542606556166,0.195836991284494,0.6106605068188043
1769797823.92,4.643095396931288,0.4503948410991147,0.911116942219961,0.6225706782123482,4.643095396931288,0.48737450940461147,0.9184056309585253,0.2395675919616727,1.0,4.643095396931288,0.0373668457664576,0.20917818074675856,0.6193187570942287
1769797823.94,4.649766511007338,0.4581626257013666,0.9269915361291566,0.6358390010023183,4.649766511007338,0.49613019874125625,0.9210046891648754,0.2326961704499286,1.0,4.649766511007338,0.03746045875685525,0.1980905309171684,0.6278887104357692
1769797823.96,4.656437625083389,0.46421051736750457,0.9234241112923569,0.6351251736638511,4.656437625083389,0.5049326482024838,0.923537545618591,0.22598670053019163,1.0,4.656437625083389,0.04136877121969207,0.2191162859191595,0.6363710962963358
1769797823.98,4.66310873915944,0.4725946374870408,0.9211938420715065,0.6487379631100771,4.66310873915944,0.5137809671192546,0.9260053143743998,0.21943330073671058,1.0,4.66310873915944,0.04050490295695192,0.21179935623360807,0.6447667848322737
1769797824.0,4.66977985323549,0.47876142903930474,0.923680111736533,0.6546520560142352,4.66977985323549,0.5226742648225289,0.928409074366745,0.2130302896969939,1.0,4.66977985323549,0.04487549836717376,0.2330694651169213,0.6530767779268659
1769797824.02,4.676450967311541,0.4895529162413683,0.9245804035271865,0.6568479088403187,4.676450967311541,0.531611650643267,0.9307498703246233,0.20677217824145847,1.0,4.676450967311541,0.042191004659933466,0.21462279860172434,0.6613022006901041
1769797824.04,4.683122081387592,0.5011700521423502,0.9508324160394227,0.675565770367699,4.683122081387592,0.5405922339124294,0.9330287136577138,0.20065366177124344,1.0,4.683122081387592,0.03963056926483463,0.1911751555570395,0.6694442934291847
1769797824.06,4.689793195463642,0.5125353710453374,0.9357811631303491,0.6838813526361112,4.6897931954636425,0.5496151239609759,0.9352465833142624,0.19466961287940612,1.0,4.6897931954636425,0.035855460942117924,0.18218060483050616,0.6775044040823794
1769797824.08,4.696464309539693,0.5190287732849939,0.9233220184955467,0.6973552685577162,4.696464309539693,0.5586794301198676,0.9374044266112156,0.18881507422017552,1.0,4.696464309539693,0.0404921027146388,0.2151617054876961,0.6854839811074395
1769797824.1,4.703135423615744,0.5293691981160618,0.932202867034895,0.7018765757908849,4.703135423615744,0.5677842617200644,0.939503160037114,0.18308525162049877,1.0,4.703135423615744,0.03833533875651018,0.19509173164731422,0.6933845668144689
1769797824.12,4.709806537691795,0.5390963772229689,0.9510730119151686,0.6953026236040409,4.709806537691795,0.5769287280925265,0.9415436700282697,0.1774755074277602,1.0,4.709806537691795,0.03759115443369464,0.18388055129922204,0.7012077911322554
1769797824.14,4.716477651767844,0.5476199126846798,0.9581151232524509,0.7177191259939856,4.716477651767845,0.5861119385682146,0.9435268137187656,0.17198135408727544,1.0,4.716477651767845,0.03841396560569915,0.18500237749403936,0.7089553657963042
1769797824.16,4.723148765843896,0.5568042618386772,0.9554728673048262,0.7268102334432628,4.723148765843896,0.5953330024780885,0.9454534196648203,0.1665984479429511,1.0,4.723148765843896,0.03955383562826446,0.19098074854907005,0.7166290789462904
1769797824.18,4.729819879919947,0.5702461534885249,0.9711344889539332,0.7239577403841431,4.729819879919947,0.6045910291531092,0.9473242885440643,0.16132258325434906,1.0,4.729819879919947,0.033818641545787675,0.15311034988462074,0.7242307901202811
1769797824.2,4.7364909939959965,0.5812056809261611,0.9426758761319107,0.7271880877643631,4.736490993995997,0.6138851279242366,0.9491401938302791,0.15614968642328894,1.0,4.736490993995997,0.03265284200691466,0.16701715434035935,0.7317624256328847
1769797824.22,4.743162108072048,0.5919591316428778,0.926043163371209,0.7234195172746332,4.743162108072048,0.623214408122431,0.9509018824441462,0.15107581042306706,1.0,4.743162108072048,0.031173356384050957,0.16886774725267506,0.7392259743244021
1769797824.24,4.749833222148099,0.6023595903341462,0.9649721215050536,0.7281478618431227,4.749833222148099,0.6325779790786529,0.9526100753805508,0.14609712942334435,1.0,4.749833222148099,0.030247690498068282,0.14601438030410765,0.7466234836681185
1769797824.26,4.756504336224149,0.612118956957056,0.9578281183649988,0.7396588508077179,4.7565043362241495,0.6419749501238625,0.9542654683129805,0.14120993360377054,1.0,4.7565043362241495,0.029078159581827183,0.1444179794877287,0.753957056223016
1769797824.28,4.7631754503002,0.6190405356327227,0.9378140472799735,0.7531137526605822,4.7631754503002,0.6514044305890201,0.9558687321755537,0.13641062414944627,1.0,4.7631754503002,0.03315599707229093,0.17573050109875732,0.7612288464194314
1769797824.3,4.769846564376251,0.6291595130926293,0.937818894704656,0.7639847168490433,4.769846564376251,0.6608655298050863,0.9574205137231994,0.13169570842138728,1.0,4.769846564376251,0.031206938955393546,0.16164446011972922,0.7684410576654993
1769797824.32,4.776517678452302,0.6371419051805391,0.9580007473994253,0.7742660233293988,4.776517678452302,0.670357357103021,0.958921436070509,0.12706179529523481,1.0,4.776517678452302,0.03340789608344773,0.16423920316203075,0.7755959397625988
1769797824.34,4.783188792528351,0.6460594730156186,0.9653485746611283,0.7799513409864767,4.783188792528352,0.6798790218137849,0.9603720992097616,0.12250559066155114,1.0,4.783188792528352,0.03385665179416193,0.16033183243888996,0.78269578661846
1769797824.36,4.789859906604403,0.6553423067586719,0.9540495085203641,0.7897899035351852,4.789859906604403,0.6894296332683382,0.9617730805086201,0.11802389308115009,1.0,4.789859906604403,0.03427944510299364,0.16736178334067517,0.7897429342470612
1769797824.38,4.796531020680453,0.6652083436234405,0.9828151139170365,0.8162254882714834,4.796531020680454,0.6990083007976411,0.9631249351879781,0.11361358958902938,1.0,4.796531020680454,0.03348660686038828,0.14829828629177405,0.7967397590449756
1769797824.4,4.8032021347565035,0.6741829225741311,0.9686590425942453,0.8042488896473946,4.803202134756504,0.7086141337326541,0.9644281967804298,0.10927165164060107,1.0,4.803202134756504,0.035002054708902636,0.1634433778015841,0.8036886763343668
1769797824.42,4.809873248832555,0.6856686630960965,0.9798020152109682,0.8083866328170887,4.809873248832555,0.7182462414043376,0.9656833775698158,0.10499513119404853,1.0,4.809873248832555,0.03242480331107712,0.1431574649778316,0.8105921391634193
1769797824.44,4.816544362908606,0.6967624846252288,0.9490073598594438,0.7957924226411326,4.816544362908606,0.7279037331436518,0.9668909690122919,0.100781156922777,1.0,4.816544362908606,0.03146227951235477,0.155996621259012,0.8174526373555833
1769797824.46,4.823215476984656,0.7089629093279952,0.9736733806381139,0.8248448993176724,4.8232154769846565,0.7375857182815568,0.9680514421393445,0.0966269305520658,1.0,4.8232154769846565,0.028231267488846627,0.12813781212434697,0.8242726967996288
1769797824.48,4.829886591060707,0.7193648439943947,0.976476545658236,0.8512434657528295,4.829886591060707,0.7472913061490132,0.9691652479431716,0.09252972331417113,1.0,4.829886591060707,0.027955165620254345,0.12824263974309133,0.8310548789731411
1769797824.5,4.836557705136758,0.7301285359070522,0.9857082450619509,0.8381300990956585,4.836557705136758,0.7570196060769812,0.9702328177448258,0.08848687251627328,1.0,4.836557705136758,0.027118877909886076,0.11936616364280414,0.8378017806927227
1769797824.52,4.843228819212809,0.7421593166285496,0.9830919307721458,0.8408173628575852,4.843228819212809,0.7667697273964215,0.9712545635455061,0.08449577821580184,1.0,4.843228819212809,0.024814396790245268,0.10962135290602523,0.8445160340848256
1769797824.54,4.849899933288858,0.7549346987110978,0.9747756950900172,0.8363073798161873,4.849899933288859,0.7765407794382939,0.9722308783613673,0.0805538999978143,1.0,4.849899933288859,0.021398747317171524,0.09862693451297937,0.8512003067717935
1769797824.56,4.85657104736491,0.7671659718424624,0.965047825407362,0.863263433155283,4.85657104736491,0.786331871533559,0.9731621365422033,0.07665875384924142,1.0,4.85657104736491,0.019589346653360883,0.09746846869711856,0.8578573022683614
1769797824.58,4.863242161440961,0.7805599154169764,0.9662632695846599,0.8465422550952485,4.863242161440961,0.796142113013177,0.974048694074344,0.0728079091249476,1.0,4.863242161440961,0.014768782215449892,0.07416364700724842,0.8644897605845311
1769797824.6,4.8699132755170105,0.790285615921011,0.9838827314329647,0.8711903837278464,4.869913275517011,0.8059706132081086,0.9748908888680904,0.06899898560068675,1.0,4.869913275517011,0.015812692660120573,0.07497737085951772,0.8711004590314204
1769797824.62,4.876584389593062,0.7999390834670754,1.0032356894201797,0.8925530352931339,4.876584389593062,0.8158164814493134,0.975689041029999,0.06522965060816167,1.0,4.876584389593062,0.015209253283493863,0.06080978771407064,0.8776922132273685
1769797824.64,4.883255503669113,0.8067014313519001,0.9639840399296067,0.8907609234314334,4.883255503669113,0.8256788270677525,0.97644345312031,0.06149761624751927,1.0,4.883255503669113,0.019204284648750958,0.10057052671205804,0.8842678783022686
1769797824.66,4.889926617745163,0.8144158718047486,0.9653874136433906,0.8893557768219199,4.8899266177451635,0.8355567593943857,0.9771544103958003,0.05780063667273164,1.0,4.8899266177451635,0.02103416513746723,0.1045654941484063,0.8908303502988015
1769797824.68,4.896597731821214,0.8222720819202073,0.9884143661838625,0.9114172075608055,4.896597731821214,0.8454493877601734,0.977822181038326,0.05413650544542832,1.0,4.896597731821214,0.023817113612701397,0.10466477845780706,0.8973825677699443
1769797824.7,4.903268845897265,0.8328045954438934,0.9892275697448163,0.912612916008592,4.903268845897265,0.8553558214960764,0.978447016369305,0.05050305295285294,1.0,4.903268845897265,0.022241759854312027,0.09311162346147275,0.9039275135728511
1769797824.72,4.909939959973316,0.8427741360757877,0.9783725566022003,0.8917287756786763,4.909939959973316,0.8652751699330543,0.979029151050378,0.04689814388572129,1.0,4.909939959973316,0.02338223655553818,0.10531494571388744,0.910468216859926
1769797824.74,4.916611074049365,0.8567402203908298,0.963836313076663,0.9295259717446306,4.916611074049366,0.875206542402068,0.9795688032704656,0.043319674771855846,1.0,4.916611074049366,0.018350586435785597,0.08576698064826581,0.9170077552686516
1769797824.76,4.923282188125417,0.8700581706172659,0.9958573500769884,0.9160209068313424,4.923282188125417,0.8851490482340776,0.980066174919432,0.03976557156156392,1.0,4.923282188125417,0.014982842880317867,0.05741624295403368,0.9235492573124942
1769797824.78,4.929953302201467,0.8831588345647194,0.9845863378120763,0.9380498532324569,4.929953302201468,0.8951017967600435,0.9805214517485462,0.03623378726081314,1.0,4.929953302201468,0.012229838019979474,0.05210516854671847,0.9300959049759792
1769797824.8,4.9366244162775175,0.8968062824928617,0.9921796901287296,0.927553918844107,4.936624416277518,0.905063897310926,0.9809348035179194,0.032722299608339014,1.0,4.936624416277518,0.007465644950360789,0.026674724984829493,0.9366509365178303
1769797824.82,4.943295530353569,0.9065660478304924,0.9558477403289545,0.941335712743163,4.943295530353569,0.9150344592176851,0.9813063841310834,0.029229108792893883,1.0,4.943295530353569,0.008276588179296801,0.05307693315121923,0.9432176494868807
1769797824.84,4.94996664442962,0.9157157947496442,0.966212426959352,0.9472721303648213,4.94996664442962,0.9250125918112817,0.981636331756859,0.0257522352069156,1.0,4.94996664442962,0.009581953613339383,0.05301056341624163,0.9497994039563166
1769797824.86,4.95663775850567,0.9262883681580232,0.9845531970422539,0.9595642396299423,4.9566377585056705,0.9349974044226758,0.9819247689386528,0.02228971723295738,1.0,4.9566377585056705,0.008801132179271805,0.038013191716890646,0.9563996259826882
1769797824.88,4.963308872581721,0.9368044441057187,0.9857394945064198,0.9800341598205109,4.963308872581721,0.9449880063828278,0.9821718026913016,0.018839609059277198,1.0,4.963308872581721,0.00769728388153584,0.03204613158059787,0.963021811297037
1769797824.9,4.969979986657772,0.9460734252284,0.9812252095929965,0.9692110745258258,4.969979986657772,0.9549835070226977,0.9823775245855756,0.015399978521036134,1.0,4.969979986657772,0.009932286148625095,0.04592828666954828,0.969669529236438
1769797824.92,4.9766511007338226,0.9600209328924192,0.9925699801320437,0.9747765381756913,4.9766511007338226,0.9649830156732464,0.9825420108204346,0.011968904963600122,1.0,4.9766511007338226,0.00487032233530383,0.0120384938784138,0.9763464269252555
1769797824.94,4.983322214809872,0.9731609860210002,0.9775170388427574,0.9821824873640153,4.983322214809873,0.9749856416654339,0.9826653222831169,0.008544477124478533,1.0,4.983322214809873,0.0014454165214372293,0.006810684745321269,0.9830562337164491
1769797824.96,4.989993328885924,0.9838024966041866,0.9753493651393573,0.9853122734583237,4.989993328885924,0.9849904943302207,0.9827475045971301,0.005124791030466106,1.0,4.989993328885924,0.0004592377546215451,0.005677295529537767,0.9898027659043688
1769797824.98,4.996664442961975,0.9915461459476352,0.9904328971838426,1.00496491365834,4.996664442961975,0.9949966829985669,0.982788588158197,0.001707947906581696,1.0,4.996664442961975,0.003953555677785184,0.015862134643245946,0.9965899317216341
1769797825.0,5.0033355570380245,1.0015048758450182,0.9799550725550982,0.9976692678516951,5.003335557038025,1.0050033170014332,0.9827885881581969,-0.0017079479065816967,1.0,5.003335557038025,0.00336610145169931,0.013917960860496363,0.9965899317216341
1769797825.02,5.010006671114076,1.0107944869779724,0.9745430483806139,1.001085855289044,5.010006671114076,1.0150095056697794,0.98274750459713,-0.005124791030466107,1.0,5.010006671114076,0.004163485216051118,0.020426099187833457,0.9898027659043688
1769797825.04,5.016677785190126,1.0198681130374043,0.9987652953452997,0.9846235791012719,5.016677785190127,1.0250143583345661,0.9826653222831169,-0.008544477124478535,1.0,5.016677785190127,0.005170749777167987,0.011760494385438185,0.9830562337164491
1769797825.06,5.023348899266177,1.0300102913010671,0.9765820700731629,0.9868145451650581,5.0233488992661774,1.0350169843267536,0.9825420108204346,-0.011968904963600124,1.0,5.0233488992661774,0.005960890989887655,0.024980522539581836,0.9763464269252555
1769797825.08,5.030020013342228,1.0442443978312248,0.9843988728658268,0.9576769797325067,5.030020013342228,1.0450164929773023,0.9823775245855756,-0.015399978521036136,1.0,5.030020013342228,0.00041109957963320455,-0.008304049543516365,0.969669529236438
1769797825.1,5.036691127418279,1.0564138902681977,0.987021358720873,0.9375895492349112,5.036691127418279,1.0550119936171725,0.9821718026913016,-0.018839609059277198,1.0,5.036691127418279,-0.0017818647674707607,-0.01588989169152237,0.963021811297037
1769797825.12,5.0433622414943295,1.0664511967369588,0.9909848592464137,0.9560633985185747,5.0433622414943295,1.0650025955773244,0.9819247689386528,-0.02228971723295738,1.0,5.0433622414943295,-0.0018076025844339608,-0.016689891794251035,0.9563996259826882
1769797825.14,5.050033355570379,1.0747894724496163,0.9976988807946963,0.9618080938792566,5.05003335557038,1.0749874081887183,0.981636331756859,-0.0257522352069156,1.0,5.05003335557038,0.000174244965396593,-0.011017878237589696,0.9497994039563166
1769797825.16,5.056704469646431,1.083278959238917,0.9720060004984512,0.9570247505317021,5.056704469646431,1.0849655407823149,0.9813063841310834,-0.029229108792893883,1.0,5.056704469646431,0.0019483495639993278,0.007787379366884584,0.9432176494868807
1769797825.18,5.063375583722481,1.093009769328121,0.9772387637229764,0.9513472926001454,5.063375583722482,1.094936102689074,0.9809348035179195,-0.032722299608339,1.0,5.063375583722482,0.001946072564715763,0.0024312515986409213,0.9366509365178304
1769797825.2,5.0700466977985315,1.1024599049144317,0.9907965238403795,0.9390679126163063,5.070046697798532,1.1048982032399566,0.9805214517485462,-0.03623378726081314,1.0,5.070046697798532,0.0020655075384040174,-0.0047273352775163285,0.9300959049759792
1769797825.22,5.076717811874583,1.1106909755239123,0.9803127795342412,0.9181392379058727,5.076717811874583,1.1148509517659222,0.980066174919432,-0.03976557156156392,1.0,5.076717811874583,0.0046806016050772855,0.012465995612569702,0.9235492573124942
1769797825.24,5.083388925950633,1.1214075075658119,0.9945731463071419,0.9219290145104485,5.083388925950634,1.124793457597932,0.9795688032704656,-0.043319674771855846,1.0,5.083388925950634,0.0034418264368901354,-0.004503680866939452,0.9170077552686516
1769797825.26,5.0900600400266836,1.132292326426842,0.9826756002763926,0.9026065596582225,5.090060040026684,1.1347248300669452,0.979029151050378,-0.04689814388572129,1.0,5.090060040026684,0.002340033903640568,-0.0038821070981143093,0.910468216859926
1769797825.28,5.096731154102735,1.1425750509025139,0.9766151096389961,0.902861311144543,5.096731154102735,1.1446441785039234,0.9784470163693051,-0.050503052952852935,1.0,5.096731154102735,0.0018985586528756572,-0.0030415017644774625,0.9039275135728511
1769797825.3,5.103402268178786,1.1527773042747742,0.9874272457720088,0.8992485680658712,5.103402268178786,1.1545506122398266,0.9778221810383259,-0.054136505445428335,1.0,5.103402268178786,0.002488825288131805,-0.006166432683593667,0.8973825677699443
1769797825.32,5.1100733822548365,1.1657376231614234,0.9856098808838685,0.8848868430905891,5.1100733822548365,1.1644432406056144,0.9771544103958003,-0.05780063667273164,1.0,5.1100733822548365,-0.0018753978824586738,-0.028809004678075543,0.8908303502988015
1769797825.34,5.116744496330886,1.176058748432421,0.9760475885736769,0.9067465140393777,5.116744496330887,1.1743211729322476,0.9764434531203101,-0.06149761624751926,1.0,5.116744496330887,-0.001665364258126376,-0.019782141291302065,0.8842678783022686
1769797825.36,5.123415610406938,1.186527400797142,0.9748444461282676,0.8850960684012295,5.123415610406938,1.1841835185506868,0.975689041029999,-0.06522965060816169,1.0,5.123415610406938,-0.0025333409489518856,-0.02492858118757963,0.8776922132273685
1769797825.38,5.130086724482989,1.1959106962372614,0.9605209220030831,0.8989646107524374,5.130086724482989,1.1940293867918916,0.9748908888680904,-0.06899898560068675,1.0,5.130086724482989,-0.0020825257583199264,-0.015872915466946018,0.8711004590314204
1769797825.4,5.1367578385590384,1.2042893660914453,0.9865957783380239,0.864074173197317,5.136757838559039,1.2038578869868228,0.974048694074344,-0.0728079091249476,1.0,5.136757838559039,-0.0004970952301248761,-0.022692862862662186,0.8644897605845311
1769797825.42,5.14342895263509,1.2128334831861065,0.9682040377126324,0.8467842229012419,5.14342895263509,1.2136681284664412,0.9731621365422033,-0.07665875384924142,1.0,5.14342895263509,0.0013063011064891792,-0.007355677002708826,0.8578573022683614
1769797825.44,5.15010006671114,1.2234881325201272,0.9628837906627307,0.8587053900571345,5.150100066711141,1.2234592205617059,0.9722308783613673,-0.0805538999978143,1.0,5.150100066711141,-0.00011944024111647743,-0.014949961544445138,0.8512003067717935
1769797825.46,5.1567711807871905,1.2338702276324376,0.9563663685024925,0.8571904871348817,5.156771180787191,1.2332302726035786,0.9712545635455061,-0.08449577821580184,1.0,5.156771180787191,-0.0004900439313254409,-0.013473612372008753,0.8445160340848256
1769797825.48,5.163442294863242,1.2446723670566024,0.9670850468356773,0.8447120737079289,5.163442294863242,1.2429803939230184,0.9702328177448258,-0.08848687251627328,1.0,5.163442294863242,-0.0019715139435535203,-0.027258293704058523,0.8378017806927227
1769797825.5,5.170113408939293,1.254471302657431,0.9791502842014883,0.8324445078217471,5.170113408939293,1.252708693850987,0.9691652479431715,-0.09252972331417117,1.0,5.170113408939293,-0.0014612888499233446,-0.030681176423420074,0.8310548789731411
1769797825.52,5.1767845230153435,1.2656731795414267,0.9614539145577939,0.8311644698456069,5.1767845230153435,1.2624142817184432,0.9680514421393445,-0.0966269305520658,1.0,5.1767845230153435,-0.0032621163369129158,-0.032805252485719305,0.8242726967996288
1769797825.54,5.183455637091393,1.2761246917494313,0.957740257283598,0.8037940665280204,5.183455637091394,1.2720962668563485,0.9668909690122919,-0.10078115692277706,1.0,5.183455637091394,-0.004763769837403691,-0.038149599417649845,0.8174526373555832
1769797825.56,5.190126751167445,1.283660382866166,0.9575306460842458,0.8129627858727638,5.190126751167445,1.2817537585956624,0.9656833775698158,-0.10499513119404853,1.0,5.190126751167445,-0.0013908356216101132,-0.021208864479786704,0.8105921391634193
1769797825.58,5.196797865243495,1.2939053736604766,0.9637134416136337,0.7958100817976552,5.196797865243496,1.2913858662673459,0.9644281967804298,-0.10927165164060107,1.0,5.196797865243496,-0.002217221410390804,-0.03337302787131281,0.8036886763343668
1769797825.6,5.203468979319545,1.3051888609559206,0.9659336343815708,0.7903402531814137,5.203468979319546,1.3009916992023585,0.9631249351879783,-0.11361358958902934,1.0,5.203468979319546,-0.004569333171883566,-0.04702358050317872,0.7967397590449756
1769797825.62,5.210140093395597,1.3145833381189624,0.9582323186809458,0.7873501392984269,5.210140093395597,1.3105703667316617,0.9617730805086201,-0.11802389308115009,1.0,5.210140093395597,-0.004165181567536628,-0.04044561737770333,0.7897429342470612
1769797825.64,5.216811207471647,1.323666078683066,0.9607700815787272,0.7846573923215302,5.216811207471648,1.3201209781862149,0.9603720992097617,-0.1225055906615511,1.0,5.216811207471648,-0.0031465229213567445,-0.0387111315009412,0.78269578661846
1769797825.66,5.2234823215476975,1.3337950890755457,0.9564377708576335,0.7845280798487644,5.223482321547698,1.329642642896979,0.958921436070509,-0.12706179529523481,1.0,5.223482321547698,-0.004966205035832335,-0.04838898701601105,0.7755959397625988
1769797825.68,5.230153435623749,1.3400856684795337,0.9527871156208704,0.7758941508344905,5.230153435623749,1.3391344701949142,0.9574205137231993,-0.13169570842138734,1.0,5.230153435623749,-0.0009920879392050215,-0.026642488514809055,0.7684410576654992
1769797825.7,5.2368245496998,1.3462834064841296,0.9485522047646188,0.7606489856960497,5.2368245496998,1.34859556941098,0.9558687321755537,-0.13641062414944627,1.0,5.2368245496998,0.002410139915522056,-0.01330028164905702,0.7612288464194314
1769797825.72,5.2434956637758505,1.3530853861135608,0.9503580258350315,0.7442306514140689,5.2434956637758505,1.3580250498761375,0.9542654683129805,-0.14120993360377052,1.0,5.2434956637758505,0.005086679440276425,-0.0060792185778356,0.753957056223016
1769797825.74,5.2501667778519,1.3608392110637832,0.9406236216650308,0.7547056121584987,5.250166777851901,1.3674220209213472,0.9526100753805508,-0.14609712942334435,1.0,5.250166777851901,0.006848582015756806,0.0030191502361989614,0.7466234836681185
1769797825.76,5.256837891927952,1.370083023266106,0.9584041989819705,0.7518584911659979,5.256837891927952,1.3767855918775689,0.9509018824441463,-0.15107581042306703,1.0,5.256837891927952,0.006952285791996574,-0.009062759127552333,0.7392259743244021
1769797825.78,5.263509006004003,1.3808758229486655,0.9527263787753169,0.7293851280244662,5.263509006004003,1.3861148720757634,0.9491401938302791,-0.15614968642328894,1.0,5.263509006004003,0.0056226897648446045,-0.014971356442681938,0.7317624256328847
1769797825.8,5.270180120080052,1.3934365634443147,0.9396225488977415,0.7420683591679872,5.270180120080053,1.395408970846891,0.9473242885440643,-0.16132258325434906,1.0,5.270180120080053,0.0019500252395137875,-0.027497771732995578,0.7242307901202811
1769797825.82,5.276851234156104,1.405313857717137,0.9472669232390158,0.727721586500376,5.276851234156104,1.4046669975219113,0.9454534196648203,-0.1665984479429511,1.0,5.276851234156104,-0.0012258563237609308,-0.04562131847886605,0.7166290789462904
1769797825.84,5.283522348232154,1.4143528126300622,0.939531251847506,0.7057719178302772,5.283522348232155,1.4138880614317852,0.9435268137187657,-0.1719813540872753,1.0,5.283522348232155,-0.0006011086250099691,-0.03759976453173991,0.7089553657963045
1769797825.86,5.2901934623082045,1.4225276703651453,0.9434287677772044,0.7195663061871309,5.290193462308205,1.4230712719074734,0.9415436700282697,-0.1774755074277602,1.0,5.290193462308205,0.0003158390225734334,-0.03778703396729872,0.7012077911322554
1769797825.88,5.296864576384256,1.4296161960926628,0.937532373696519,0.6917712914170676,5.296864576384256,1.4322157382799356,0.939503160037114,-0.18308525162049877,1.0,5.296864576384256,0.002576101938561709,-0.026706930237760003,0.6933845668144689
1769797825.9,5.303535690460307,1.4361855049228003,0.9336229252957465,0.69567420911064,5.303535690460307,1.4413205698801326,0.9374044266112156,-0.1888150742201756,1.0,5.303535690460307,0.004725235887270901,-0.01857462064325825,0.6854839811074394
1769797825.92,5.3102068045363575,1.4415779061313536,0.9447505801518111,0.685889640174544,5.3102068045363575,1.4503848760390243,0.9352465833142622,-0.1946696128794062,1.0,5.3102068045363575,0.009542597946371382,-0.004565403866982995,0.6775044040823793
1769797825.94,5.316877918612407,1.4503228323893131,0.9178875054711952,0.6680929356665494,5.316877918612408,1.4594077660875704,0.9330287136577139,-0.20065366177124336,1.0,5.316877918612408,0.009004527900393501,-0.0010645194347988426,0.6694442934291848
1769797825.96,5.323549032688459,1.459079798109011,0.9407606954932332,0.6695670414327415,5.323549032688459,1.4683883493567327,0.9307498703246234,-0.20677217824145844,1.0,5.323549032688459,0.009695817766156948,-0.010989391924426002,0.6613022006901043
1769797825.98,5.330220146764509,1.4693744621412819,0.9264343515655168,0.6577768224487511,5.33022014676451,1.4773257351774711,0.928409074366745,-0.2130302896969939,1.0,5.33022014676451,0.007681727596063653,-0.017132213308122958,0.6530767779268659
1769797826.0,5.336891260840559,1.4782103266074216,0.9294265505074151,0.633968682660865,5.33689126084056,1.4862190328807454,0.9260053143743998,-0.21943330073671058,1.0,5.33689126084056,0.007807785427777349,-0.018591295040778374,0.6447667848322737
1769797826.02,5.343562374916611,1.4861081230660982,0.9175858468508916,0.6320082502510094,5.343562374916611,1.4950673517975164,0.923537545618591,-0.22598670053019163,1.0,5.343562374916611,0.008958791336504813,-0.009714150775840924,0.6363710962963358
1769797826.04,5.350233488992661,1.4941825679138816,0.9250572683247529,0.6120499012235087,5.350233488992662,1.5038698012587437,0.9210046891648755,-0.23269617044992855,1.0,5.350233488992662,0.009865922910229766,-0.012803972746785006,0.6278887104357692
1769797826.06,5.3569046030687115,1.502544378501522,0.9094369565354692,0.6165048789973229,5.356904603068712,1.5126254905953884,0.9184056309585253,-0.2395675919616727,1.0,5.356904603068712,0.009534593195339685,-0.01036476987374782,0.6193187570942287
1769797826.08,5.363575717144763,1.5086822122188221,0.9095405961268912,0.6025194572130181,5.363575717144763,1.521333529138411,0.915739220880541,-0.24660705477707845,1.0,5.363575717144763,0.012977761575705534,0.004253112031742466,0.6106605068188043
1769797826.1,5.370246831220814,1.5169968504242446,0.898284327057425,0.5987256461980134,5.370246831220814,1.5299930262187704,0.913004271774115,-0.25382086527198716,1.0,5.370246831220814,0.01364957188743551,0.006847411693431511,0.6019133803161639
1769797826.12,5.3769179452968645,1.5279776646548209,0.8972391612499127,0.5772924751745515,5.3769179452968645,1.5386030911674287,0.9101995584411855,-0.2612155551727718,1.0,5.3769179452968645,0.0102424207708489,-0.013361554492604906,0.593076958389172
1769797826.14,5.383589059372914,1.537461676455858,0.892038201842242,0.5905986079163223,5.383589059372915,1.5471628333153455,0.907323816608776,-0.26879789051206904,1.0,5.383589059372915,0.00999171455815524,-0.011707788232085327,0.5841509923518496
1769797826.16,5.390260173448966,1.5481210733143482,0.8964623554865915,0.5817667924892136,5.390260173448966,1.555671361993481,0.9043757418648681,-0.276574880853956,1.0,5.390260173448966,0.007369737809470337,-0.02995788197504277,0.575135414917091
1769797826.18,5.396931287525017,1.5578031244792259,0.9011339056268445,0.5567416904393961,5.396931287525017,1.5641277865327954,0.9013539885636312,-0.2845537887871423,1.0,5.396931287525017,0.006189887085046732,-0.038830507562104155,0.5660303515476093
1769797826.2,5.403602401601066,1.566105625282563,0.885887667362486,0.5390638366655702,5.403602401601067,1.5725312162642495,0.8982571686999079,-0.2927421396830341,1.0,5.403602401601067,0.0056749904732515954,-0.0359446321655978,0.5568361322560834
1769797826.22,5.410273515677118,1.5714963730187432,0.8880809387912819,0.545479527048306,5.410273515677118,1.580880760518803,0.8950838507529482,-0.301147731713548,1.0,5.410273515677118,0.00997543680559878,-0.018452169830595742,0.547553303835376
1769797826.24,5.416944629753168,1.579227382016431,0.8926571965508758,0.5537055097244507,5.416944629753169,1.589175528627417,0.8918325584994892,-0.3097786461212824,1.0,5.416944629753169,0.009530177779977306,-0.030782950296675583,0.5381826424939546
1769797826.26,5.4236157438292185,1.5853218327876317,0.893287772390439,0.5342106798102065,5.423615743829219,1.5974146299210512,0.888501769796397,-0.31864325773205476,1.0,5.423615743829219,0.012406760118305677,-0.01987640110014484,0.5287251668652208
1769797826.28,5.43028685790527,1.5927486280489092,0.8808357363518204,0.5144479544117979,5.43028685790527,1.6055971737306658,0.8850899153332222,-0.32775024569684647,1.0,5.43028685790527,0.012715729575696074,-0.01868150378038356,0.5191821513522947
1769797826.3,5.436957971981321,1.600057165026818,0.8961305076187699,0.5165135007854079,5.436957971981321,1.6137222693872217,0.8815953773551753,-0.33710860444682317,1.0,5.436957971981321,0.014166654571983846,-0.023178387674335728,0.5095551397618876
1769797826.32,5.4436290860573715,1.609375301214373,0.8751247778703993,0.5103691295464429,5.4436290860573715,1.6217890262216788,0.8780164883572004,-0.34672765484126206,1.0,5.4436290860573715,0.012082756562909639,-0.028439665892259512,0.4998459591721619
1769797826.34,5.450300200133421,1.617556119031491,0.863081573577693,0.4848811974948219,5.450300200133422,1.6297965535649983,0.8743515297500187,-0.3566170554838891,1.0,5.450300200133422,0.012647635570250369,-0.02150497170407864,0.4900567339699249
1769797826.36,5.456971314209473,1.6277946627353204,0.879459996939076,0.493091549771446,5.456971314209473,1.6377439607481394,0.8705987304992392,-0.3667868141782115,1.0,5.456971314209473,0.010106752394727806,-0.04706314597196358,0.4801898999820951
1769797826.38,5.463642428285523,1.6386185681684948,0.8602568952370323,0.48183755462231015,5.463642428285524,1.645630357102063,0.866756265738864,-0.3772472994869195,1.0,5.463642428285524,0.006862363547338061,-0.05534988185139281,0.4702482186150953
1769797826.4,5.470313542361573,1.648801343001627,0.8766564934324415,0.460961552640937,5.470313542361574,1.653454851957729,0.8628222553608079,-0.38800925235419337,1.0,5.470313542361574,0.004709696825131605,-0.07538660055811361,0.46023479090369923
1769797826.42,5.476984656437625,1.6586445437447952,0.8598614669676228,0.445144519403673,5.476984656437625,1.6612165546460989,0.8587947625823434,-0.39908379774277736,1.0,5.476984656437625,0.0019702267558667293,-0.08296578847174649,0.4501530713578626
1769797826.44,5.483655770513675,1.6652828337337515,0.8610893325517793,0.44053067061329354,5.483655770513676,1.6689145744981309,0.854671792493728,-0.41048245622983587,1.0,5.483655770513676,0.0032351560222058195,-0.0790650631127805,0.44000688148228145
1769797826.46,5.4903268845897255,1.6700139171655486,0.8333291009135166,0.43423147788111605,5.490326884589726,1.6765480208447872,0.8504512905886469,-0.42221715549684996,1.0,5.490326884589726,0.006477625918888615,-0.054907930804859104,0.4298004228288636
1769797826.48,5.496997998665777,1.674547210582752,0.8556714701164275,0.42400676658030584,5.496997998665777,1.6841160030170277,0.8461311412805275,-0.434300241639003,1.0,5.496997998665777,0.009634565301313746,-0.05833185105464264,0.4195382894270946
1769797826.5,5.503669112741828,1.6793175087482701,0.8285651138095417,0.4043455637171024,5.503669112741828,1.6916176303458115,0.8417091664082439,-0.4467444902085893,1.0,5.503669112741828,0.01223018629967845,-0.03988075289249607,0.409225479421503
1769797826.52,5.5103402268178785,1.6843213259939136,0.8410614188532516,0.4093514399934314,5.5103402268178785,1.699052012162101,0.8371831237352397,-0.45956311689482043,1.0,5.5103402268178785,0.015290569971671959,-0.0384779727694777,0.39886740572926255
1769797826.54,5.517011340893928,1.692114083423892,0.8304992778370952,0.39188673916558997,5.517011340893929,1.7064182577968552,0.8325507054466834,-0.4727697877288643,1.0,5.517011340893929,0.014480323474370576,-0.04549995200054082,0.3884699055146094
1769797826.56,5.52368245496998,1.7005073422596926,0.8350800824069798,0.3840218635722063,5.52368245496998,1.7137154765810343,0.8278095366498711,-0.4863786286879976,1.0,5.52368245496998,0.012986606587261711,-0.059780259091356196,0.3780392482603769
1769797826.58,5.530353569046031,1.7083863558509986,0.8188600307232898,0.36308883678024145,5.530353569046031,1.7209427778456,0.822957173883808,-0.5004042345561117,1.0,5.530353569046031,0.013075972842478922,-0.055205565113808315,0.367582142200944
1769797826.6,5.53702468312208,1.7183754191137215,0.8127106135504055,0.36663740907541625,5.537024683122081,1.728099270921511,0.8179911036446459,-0.5148616768794874,1.0,5.537024683122081,0.009409330855777514,-0.07617792161651671,0.3571057388655009
1769797826.62,5.543695797198132,1.7269681201138656,0.7955455413490259,0.3346244762429644,5.543695797198132,1.7351840651397288,0.8129087409344882,-0.5297665108365157,1.0,5.543695797198132,0.008287347206006542,-0.07531617105289423,0.34661763546620883
1769797826.64,5.550366911274182,1.7359448759415035,0.8143924148503341,0.3279587993665567,5.550366911274183,1.7421962698312123,0.8077074278419987,-0.545134780817753,1.0,5.550366911274183,0.006302238543198767,-0.0994782238494463,0.3361258748530376
1769797826.66,5.5570380253502325,1.745139182581685,0.8094277617849844,0.31690687736627193,5.557038025350233,1.7491349943269237,0.8023844321642402,-0.5609830244882585,1.0,5.557038025350233,0.003976087508163095,-0.11273878814609575,0.32563894274627714
1769797826.68,5.563709139426284,1.753401318381991,0.7894563315110625,0.32302854355376365,5.563709139426284,1.7559993479578218,0.7969369460802765,-0.57732827507732,1.0,5.563709139426284,0.0017579051756401358,-0.11778201902588287,0.3151657619496162
1769797826.7,5.570380253502335,1.7579693103871619,0.7958634641462904,0.3051515571044085,5.570380253502335,1.762788440054868,0.7913620848882543,-0.5941880616114165,1.0,5.570380253502335,0.005045566406792391,-0.10876508623527566,0.3047156832418031
1769797826.72,5.5770513675783855,1.7634689862732216,0.7955572618452215,0.29560603540153296,5.5770513675783855,1.7695013799490216,0.7856568858189946,-0.6115804067742708,1.0,5.5770513675783855,0.005907372774284724,-0.11420337719261371,0.3
1769797826.74,5.583722481654435,1.7684723572526386,0.7800855615332923,0.2963640941541438,5.583722481654436,1.7761372769712431,0.779818306940529,-0.6295238220431625,1.0,5.583722481654436,0.007752045685699685,-0.10490057637473271,0.3
1769797826.76,5.590393595730487,1.7732287103080133,0.7671764722642547,0.2980881509034103,5.590393595730487,1.7826952404524943,0.7738432261695599,-0.6480372997130001,1.0,5.590393595730487,0.008812924373993544,-0.10196793183839195,0.3
1769797826.78,5.597064709806537,1.775769198375886,0.7827247364463428,0.2936434316039528,5.597064709806538,1.7891743797237334,0.7677284404074854,-0.6671403013790248,1.0,5.597064709806538,0.014239476622619634,-0.09084407371222898,0.3
1769797826.8,5.603735823882587,1.7825349179602061,0.764952361901461,0.29096792251120085,5.603735823882588,1.7955738041159224,0.7614706648204198,-0.6868527424052759,1.0,5.603735823882588,0.013370739723225323,-0.09909962839310124,0.3
1769797826.82,5.610406937958639,1.7906597252280139,0.7560147735244744,0.2955848739849713,5.610406937958639,1.8018926229600205,0.7550665322845919,-0.7071949718590674,1.0,5.610406937958639,0.011043335433786865,-0.11297365135364917,0.3
1769797826.84,5.617078052034689,1.7977938897851327,0.7417204221977832,0.3026244765775427,5.61707805203469,1.8081299455869893,0.7485125930205729,-0.7281877473417498,1.0,5.61707805203469,0.010230037149525072,-0.11534859995072029,0.3
1769797826.86,5.6237491661107395,1.8053067393050903,0.7427569239638855,0.29501585749289877,5.62374916611074,1.8142848813277865,0.741805314442033,-0.7498522040929666,1.0,5.62374916611074,0.009851580696416456,-0.12494290374661716,0.3
1769797826.88,5.630420280186791,1.815951170156423,0.7407132761597184,0.2946180332002497,5.630420280186791,1.8203565395133756,0.7349410812470967,-0.7722098176896861,1.0,5.630420280186791,0.003460903544299686,-0.16371267295917502,0.3
1769797826.9,5.637091394262842,1.8218268396894723,0.7258596296453904,0.30728445987599984,5.637091394262842,1.8263440294747153,0.7279161957829371,-0.7952823596026276,1.0,5.637091394262842,0.0041559355926714175,-0.15486185347047696,0.3
1769797826.92,5.6437625083388925,1.8264531485283317,0.7231360117680143,0.3087209490238128,5.6437625083388925,1.8322464605427666,0.7207268787169182,-0.8190918448118234,1.0,5.6437625083388925,0.0062298042189134996,-0.15249833524470865,0.3
1769797826.94,5.650433622414942,1.8326472415870154,0.718309901848375,0.3033753249108481,5.650433622414943,1.8380629420484889,0.7133692700504818,-0.8436604706202521,1.0,5.650433622414943,0.004946521060395838,-0.16748449020247647,0.3
1769797826.96,5.657104736490994,1.8367542482490655,0.7053500013290318,0.29846314124317536,5.657104736490994,1.8437925833228435,0.7058394305149553,-0.8690105457406265,1.0,5.657104736490994,0.007140752548839299,-0.15790086781843662,0.3
1769797826.98,5.663775850567045,1.8416632984725068,0.692345083546573,0.30220694618746957,5.663775850567045,1.8494344936967897,0.6981333433916255,-0.8951644086661854,1.0,5.663775850567045,0.008095290568720435,-0.15821801090048987,0.3
1769797827.0,5.670446964643094,1.8482007281337043,0.704318463837458,0.3212663594526333,5.670446964643095,1.854987782501289,0.6902469168016783,-0.922144334272981,1.0,5.670446964643095,0.006902988864631747,-0.1807714499722259,0.3
1769797827.02,5.677118078719146,1.8548662148278625,0.6843963120283805,0.2989873277425976,5.677118078719146,1.8604515590673008,0.6821759865150132,-0.9499724275398783,1.0,5.677118078719146,0.005172373619512481,-0.18817971062498348,0.3
1769797827.04,5.683789192795196,1.859964267531943,0.6731713923804316,0.3054648521525015,5.683789192795197,1.8658249327257859,0.6739163193303954,-0.9786705032151166,1.0,5.683789192795197,0.006220427430084405,-0.18576783849999517,0.3
1769797827.06,5.6904603068712465,1.8665209317535418,0.6609830457550456,0.296703002608383,5.690460306871247,1.871107012807704,0.6654636170829642,-1.0082599502066893,1.0,5.690460306871247,0.004365802135887137,-0.20043407107944633,0.3
1769797827.08,5.697131420947298,1.8722029470846657,0.6674053888021135,0.30703353169556397,5.697131420947298,1.8762969086440164,0.656813521338647,-1.0387615794305685,1.0,5.697131420947298,0.004247280954157667,-0.21309479675288653,0.3
1769797827.1,5.703802535023349,1.8781664175596398,0.6396862925420349,0.3074644560161347,5.703802535023349,1.8813937295656826,0.6479616188385798,-1.0701954538186305,1.0,5.703802535023349,0.002793276640792419,-0.21737496909401474,0.3
1769797827.12,5.7104736490993995,1.8823348379652114,0.6354436605064976,0.30562684897300596,5.7104736490993995,1.8863965849036637,0.6389034477600524,-1.10258069917057,1.0,5.7104736490993995,0.004292195240218707,-0.21757387526871158,0.3
1769797827.14,5.717144763175449,1.8876691819090758,0.643796275592388,0.3054710378674514,5.71714476317545,1.8913045839889189,0.629634504863809,-1.135935294534852,1.0,5.71714476317545,0.0037259002098925494,-0.2376335487603963,0.3
1769797827.16,5.723815877251501,1.893218305595581,0.6201413601592642,0.3152220217526194,5.723815877251501,1.8961168361524101,0.6201502536005684,-1.1702758408274596,1.0,5.723815877251501,0.002690985692570538,-0.24225458962352883,0.3
1769797827.18,5.730486991327551,1.8979709576898265,0.6139065642910276,0.3049334143831568,5.730486991327552,1.9008324507250958,0.6104461332523671,-1.205617306448819,1.0,5.730486991327552,0.003033564142882765,-0.24851943255195916,0.3
1769797827.2,5.737158105403601,1.9036094503468857,0.5903426879755763,0.2975439798124634,5.737158105403602,1.9054505370379378,0.6005175691865905,-1.2419727487446095,1.0,5.737158105403602,0.0019239287516705028,-0.25505011878407974,0.3
1769797827.22,5.743829219479653,1.9096627082392004,0.589202786841268,0.29633207028666947,5.743829219479653,1.9099702044218958,0.5903599843022787,-1.279353010281411,1.0,5.743829219479653,0.00033566513506549445,-0.2740268850084735,0.3
1769797827.24,5.750500333555703,1.9151437310371375,0.5902594256076236,0.3117706559954934,5.750500333555704,1.9143905622079305,0.5799688117492565,-1.3177663890803262,1.0,5.750500333555704,-0.0014568590346464125,-0.2949383827559135,0.3
1769797827.26,5.757171447631754,1.9178659525810333,0.5698592737124026,0.30564019821075006,5.757171447631754,1.918710719727001,0.5693395090007594,-1.3572182821781154,1.0,5.757171447631754,0.0013698535173086207,-0.28211465474171676,0.3
1769797827.28,5.763842561707805,1.9226997781283008,0.5473010815261893,0.30597593410868096,5.763842561707805,1.9229297863100694,0.5584675733592223,-1.3977108021740519,1.0,5.763842561707805,-0.00010879088111789533,-0.29465049792500025,0.3
1769797827.3,5.770513675783855,1.9256490361743948,0.5504472046726321,0.32653307995675296,5.770513675783856,1.9270468712880948,0.5473485589726725,-1.4392423667795187,1.0,5.770513675783856,0.001094329905996853,-0.30261489468007224,0.3
1769797827.32,5.777184789859906,1.9276226524185258,0.5388559337732219,0.29923667712632046,5.7771847898599065,1.9310610839920384,0.5359780954353847,-1.481807261824783,1.0,5.7771847898599065,0.003879147407498412,-0.29827143927418337,0.3
1769797827.34,5.783855903935956,1.9318156014496,0.5025845513814982,0.29459668439248726,5.783855903935957,1.9349715337528592,0.5243519080409751,-1.5253951787010729,1.0,5.783855903935957,0.0033185911982676216,-0.30017993975694524,0.3
1769797827.36,5.790527018012008,1.936186245344373,0.5145044242295748,0.29113710832176026,5.790527018012008,1.9387773299015194,0.512465839748594,-1.569990727833621,1.0,5.790527018012008,0.002009704577472351,-0.3268584987833467,0.3
1769797827.38,5.797198132088059,1.938023278036018,0.49561596719129425,0.28743317049484013,5.797198132088059,1.9424775817689772,0.5003158749131169,-1.6155729304987936,1.0,5.797198132088059,0.00463379910164186,-0.3179912655039898,0.3
1769797827.4,5.803869246164108,1.9413598576244258,0.47417491173278004,0.30600660831456455,5.803869246164109,1.946071398686195,0.4878981648179049,-1.6621146921205985,1.0,5.803869246164109,0.005373442904678624,-0.321466713306007,0.3
1769797827.42,5.81054036024016,1.9470971885122488,0.4925213770170255,0.3009778654868758,5.81054036024016,1.9495578899841317,0.4752090550335919,-1.7095822611109068,1.0,5.81054036024016,0.0017725775043882649,-0.3649085152426242,0.3
1769797827.44,5.81721147431621,1.9501855384214979,0.44061030658403727,0.27825705475274776,5.817211474316211,1.9529361649937491,0.4622451146081222,-1.7579346783530496,1.0,5.817211474316211,0.0033128907753182204,-0.3434189563047615,0.3
1769797827.46,5.823882588392261,1.9560374942028904,0.4421233391031222,0.293160088523714,5.823882588392261,1.9562053330460052,0.44900316707175325,-1.8071232235651014,1.0,5.823882588392261,0.00030754510094598746,-0.3767425508356393,0.3
1769797827.48,5.830553702468312,1.96246986732571,0.4517430084229587,0.30153664647209566,5.830553702468312,1.9593645034718623,0.43548032321563207,-1.8570908660078405,1.0,5.830553702468312,-0.0031769090489670282,-0.4121872619386083,0.3
1769797827.5,5.837224816544362,1.9684391901848672,0.41732331558858876,0.30453197947041133,5.837224816544363,1.9624127856022793,0.4216740155738331,-1.9077717283070763,1.0,5.837224816544363,-0.006155577269028968,-0.4228068916574621,0.3
1769797827.52,5.8438959306204135,1.9730721066069312,0.4110330187400771,0.2900292663171383,5.8438959306204135,1.965349288768218,0.40758203450614405,-1.9590905735188755,1.0,5.8438959306204135,-0.008456418405749589,-0.4447936496507295,0.3
1769797827.54,5.850567044696463,1.9740700997898442,0.38532805120974317,0.29866857727525326,5.850567044696464,1.9681731223006373,0.3932025657425673,-2.0109623269483876,1.0,5.850567044696464,-0.006108431415522449,-0.43467409464758033,0.3
1769797827.56,5.857238158772515,1.9742622968803958,0.3779396467737772,0.3075413726540408,5.857238158772515,1.9708833955304987,0.3785342292104177,-2.0632916455998975,1.0,5.857238158772515,-0.0031979124527878678,-0.43569630545199134,0.3
1769797827.58,5.863909272848565,1.9749302462645866,0.36120291193055254,0.30864072017695693,5.863909272848566,1.9734792177887628,0.36357611892139446,-2.115972549439011,1.0,5.863909272848566,-0.0018198910353625407,-0.44039511604038306,0.3
1769797827.6,5.870580386924615,1.9741876642735745,0.35194402674541403,0.30097596217052053,5.870580386924616,1.9759596984063887,0.34832784364936126,-2.168888129830006,1.0,5.870580386924616,0.002082861368792827,-0.4347793641006519,0.3
1769797827.62,5.877251501000667,1.9751119231669354,0.3257327607346153,0.29099911041024584,5.877251501000667,1.9783239467143363,0.3327895680804205,-2.221910351505449,1.0,5.877251501000667,0.0034283373305399804,-0.43607666835689707,0.3
1769797827.64,5.883922615076717,1.9772348293554776,0.3208262750877717,0.31938362691385824,5.883922615076718,1.980571072043567,0.3169620540659272,-2.2748999651559663,1.0,5.883922615076718,0.0035254256619531377,-0.4517632492827661,0.3
1769797827.66,5.890593729152768,1.9799040619333572,0.2941876201387329,0.2942919934765713,5.890593729152768,1.9827001837250418,0.3008467015573059,-2.3277065481137456,1.0,5.890593729152768,0.002459594302991117,-0.46117498677415786,0.3
1769797827.68,5.897264843228819,1.9810200172126682,0.2892538953283441,0.3079394172422257,5.897264843228819,1.98471039108972,0.2844455887501301,-2.3801686905576003,1.0,5.897264843228819,0.0037075581923856223,-0.4687039508870224,0.3
1769797827.7,5.903935957304869,1.9824490563100847,0.2884449065031121,0.3150780284003682,5.90393595730487,1.9866008034685616,0.2677615109152315,-2.432114344103415,1.0,5.90393595730487,0.0043846375050248226,-0.4834307296490508,0.3
1769797827.72,5.91060707138092,1.9850914098577572,0.2685155688701803,0.2981454226618971,5.9106070713809205,1.9883705301925283,0.25079801734833634,-2.4833613484777692,1.0,5.9106070713809205,0.0034056131678036235,-0.4962438478292724,0.3
1769797827.74,5.91727818545697,1.9882829604682113,0.21948253120350006,0.3106219811847626,5.917278185456971,1.9900186805925792,0.23355944582857327,-2.5337181501303894,1.0,5.917278185456971,0.001694617299662823,-0.4964146317813233,0.3
1769797827.76,5.923949299533022,1.991463267589333,0.21372588299631978,0.29908559299342174,5.923949299533022,1.9915443639996755,0.21605095394219415,-2.582984724063188,1.0,5.923949299533022,0.00026166610296659946,-0.5159754496281742,0.3
1769797827.78,5.9306204136090725,1.9952328682677074,0.19898938945974334,0.30513021423643094,5.9306204136090725,1.9929466897447758,0.19827854660304117,-2.630953706802759,1.0,5.9306204136090725,-0.002539543531259362,-0.5380075486894641,0.3
1769797827.8,5.937291527685122,1.9972954072252147,0.18641228723269015,0.3099481057014197,5.937291527685123,1.9942247671588436,0.18024909908777012,-2.677411744310875,1.0,5.937291527685123,-0.0035953317483747222,-0.5508334161884838,0.3
1769797827.82,5.943962641761174,1.9969836509737484,0.16519134397046947,0.2972442641386717,5.943962641761174,1.9953777055728352,0.16197037490366395,-2.7221410537410655,1.0,5.943962641761174,-0.0015316794272041655,-0.5452625130538535,0.3
1769797827.84,5.950633755837224,1.996463000593907,0.12958827112959284,0.29863670169938733,5.950633755837225,1.996404614317714,0.1434510378219041,-2.7649211923778076,1.0,5.950633755837225,-0.0006138549485445238,-0.5410936574036495,0.3
1769797827.86,5.957304869913275,1.993384735819387,0.12638723636568344,0.29619677381448917,5.957304869913275,1.9973046027244399,0.12470065744116808,-2.8055310209528366,1.0,5.957304869913275,0.003954439648013567,-0.5334400735431257,0.3
1769797827.88,5.963975983989326,1.991282967306554,0.12076338928857118,0.2895524546870644,5.963975983989326,1.9980767801239718,0.1057297076964803,-2.8437508419841673,1.0,5.963975983989326,0.007608969611953396,-0.5324751928175797,0.3
1769797827.9,5.970647098065376,1.9928288527650855,0.11019586973771214,0.29269997225077315,5.970647098065377,1.9987202558472705,0.0865495577973105,-2.879364687037417,1.0,5.970647098065377,0.005734992012383799,-0.555417123409134,0.3
1769797827.92,5.9773182121414274,1.9937879036733681,0.06890340868979282,0.307617340575676,5.9773182121414274,1.9992341392252975,0.06717245516705525,-2.912162720119699,1.0,5.9773182121414274,0.005589319327419679,-0.5484463418137459,0.3
1769797827.94,5.983989326217477,1.9956625890905675,0.041163650157039045,0.313423656498303,5.983989326217478,1.9996175395890123,0.04761150006274722,-2.9419437180716703,1.0,5.983989326217478,0.004202860721739541,-0.5557748912808624,0.3
1769797827.96,5.990660440293529,1.998626798217986,0.028165090779546074,0.30011164248652494,5.990660440293529,1.9998695662693744,0.027880611677810033,-2.968517583134216,1.0,5.990660440293529,0.001175377386231088,-0.5770012912883343,0.3
1769797827.98,5.997331554369579,2.0008750895820024,0.011302869490279501,0.3096063559070764,5.9973315543695795,1.999989328597346,0.007994485669790762,-2.991707838150503,1.0,5.9973315543695795,-0.0012871889773238654,-0.591366714332008,0.3
1769797828.0,6.004002668445629,2.000759049936364,-0.010973875717360535,0.8750287745829526,6.00400266844563,2.0,0.0,0.0,1.0,6.00400266844563,-0.0012500503135710864,0.0005238752681487012,1.0
1769797828.02,6.010673782521681,1.9982192837843633,-0.00797657083113822,0.9762768018949485,6.010673782521681,2.0,0.0,0.0,1.0,6.010673782521681,0.001648324802908749,0.013479959743683942,1.0
1769797828.04,6.017344896597731,1.9955487784238555,0.00931332197010223,0.9798008281267101,6.017344896597732,2.0,0.0,0.0,1.0,6.017344896597732,0.004938308960368211,0.01838655901388119,1.0
1769797828.06,6.024016010673782,1.9944423356693777,-0.004712472551831464,0.9995730542132324,6.024016010673782,2.0,0.0,0.0,1.0,6.024016010673782,0.0048486524769424675,0.021661189700259858,1.0
1769797828.08,6.030687124749833,1.9903803122720254,0.00931717627490159,1.0024659280691792,6.030687124749833,2.0,0.0,0.0,1.0,6.030687124749833,0.009972829068939131,0.040356904730302394,1.0
1769797828.1,6.037358238825883,1.989074591669573,0.0013381902453635933,0.9870809704404396,6.037358238825884,2.0,0.0,0.0,1.0,6.037358238825884,0.012033718200824703,0.04952666681250258,1.0
1769797828.12,6.0440293529019335,1.992904671115544,0.005262389621159162,0.9941676449827291,6.044029352901934,2.0,0.0,0.0,1.0,6.044029352901934,0.0070590162043570135,0.02063016801038078,1.0
1769797828.14,6.050700466977984,1.99547707348411,-0.010391114779653685,0.9941644496469275,6.050700466977985,2.0,0.0,0.0,1.0,6.050700466977985,0.0034347086122782666,0.015310084246861162,1.0
1769797828.16,6.057371581054036,1.9936802915050744,0.012541496131113335,1.01436650513852,6.057371581054036,2.0,0.0,0.0,1.0,6.057371581054036,0.0070288743641780844,0.025438915143055487,1.0
1769797828.18,6.0640426951300865,1.9945650688109942,-0.019111466226138674,1.0031493422879523,6.0640426951300865,2.0,0.0,0.0,1.0,6.0640426951300865,0.0048070497507834795,0.02656210750280865,1.0
1769797828.2,6.070713809206136,1.9921034557725923,-0.003391836471344833,0.99785229533677,6.070713809206137,2.0,0.0,0.0,1.0,6.070713809206137,0.007480267261456232,0.0342902047921701,1.0
1769797828.22,6.077384923282188,1.9879444207895092,-0.009461213387010432,0.9916950818910234,6.077384923282188,2.0,0.0,0.0,1.0,6.077384923282188,0.012300783106915823,0.058754254966628096,1.0
1769797828.24,6.084056037358238,1.9856607148981213,-0.006435537523920062,0.9985665430944693,6.084056037358239,2.0,0.0,0.0,1.0,6.084056037358239,0.015070329343589338,0.0662686323729909,1.0
1769797828.26,6.0907271514342884,1.986566405893218,-0.009156678678783463,0.9955184694314346,6.090727151434289,2.0,0.0,0.0,1.0,6.090727151434289,0.013211451198616548,0.05556526598888513,1.0
1769797828.28,6.09739826551034,1.9870493908564903,0.009923614960124618,1.0129726212798948,6.09739826551034,2.0,0.0,0.0,1.0,6.09739826551034,0.013564570016456895,0.049649591403605614,1.0
1769797828.3,6.10406937958639,1.9899824010217702,0.016757880944018557,0.9896609044686946,6.104069379586391,2.0,0.0,0.0,1.0,6.104069379586391,0.009602473439816158,0.02606885671061461,1.0
1769797828.32,6.110740493662441,1.9905351035306829,0.008630676313875612,1.0128042096328076,6.110740493662441,2.0,0.0,0.0,1.0,6.110740493662441,0.009021841325546303,0.03119139503097755,1.0
1769797828.34,6.117411607738491,1.989177198516007,0.0005485835820988331,1.0141405128888525,6.117411607738492,2.0,0.0,0.0,1.0,6.117411607738492,0.010979784631334338,0.045602790040075974,1.0
1769797828.36,6.124082721814543,1.9881986625787909,-0.00026311512317266143,1.0080001748527976,6.124082721814543,2.0,0.0,0.0,1.0,6.124082721814543,0.011448118477742212,0.046392365318963055,1.0
1769797828.38,6.130753835890593,1.985825893697029,-0.0027083526883682897,1.0057820663971326,6.1307538358905935,2.0,0.0,0.0,1.0,6.1307538358905935,0.01442822842793708,0.06204720000612733,1.0
1769797828.4,6.137424949966643,1.9849641998787162,0.010491464094811677,1.0076335260023646,6.137424949966644,2.0,0.0,0.0,1.0,6.137424949966644,0.015360971934890132,0.057130899199107736,1.0
1769797828.42,6.144096064042695,1.9858531741621799,-0.0018783546724352037,1.0049527424286053,6.144096064042695,2.0,0.0,0.0,1.0,6.144096064042695,0.014380025476098748,0.05747833278182121,1.0
1769797828.44,6.150767178118745,1.9873723782287944,0.0010754686986575847,1.0018838490518742,6.150767178118746,2.0,0.0,0.0,1.0,6.150767178118746,0.012169586575721555,0.045930173053180236,1.0
1769797828.46,6.157438292194796,1.9872781572780254,-0.0008457720247481441,1.003796546626637,6.157438292194796,2.0,0.0,0.0,1.0,6.157438292194796,0.013245915283516608,0.05448287585423556,1.0
1769797828.48,6.164109406270847,1.9891356995191924,-0.000596599233670019,0.9961065874301726,6.164109406270847,2.0,0.0,0.0,1.0,6.164109406270847,0.010370391718879114,0.03890434292771397,1.0
1769797828.5,6.170780520346897,1.988675243903871,-0.00481314000202216,1.0113370990810726,6.170780520346898,2.0,0.0,0.0,1.0,6.170780520346898,0.011311665795306137,0.04859450725866265,1.0
1769797828.52,6.1774516344229475,1.9884397106305198,-0.00833878069701838,0.998594343704938,6.177451634422948,2.0,0.0,0.0,1.0,6.177451634422948,0.01184629978195678,0.05208922346298695,1.0
1769797828.54,6.184122748498998,1.9892903313703507,-0.0066855599065281665,1.0246570697398982,6.184122748498999,2.0,0.0,0.0,1.0,6.184122748498999,0.010461107384604724,0.043802017094330924,1.0
1769797828.56,6.19079386257505,1.9890674824621843,-0.0010963140007466084,1.0041615466742675,6.19079386257505,2.0,0.0,0.0,1.0,6.19079386257505,0.011019000366692955,0.04518205144923336,1.0
1769797828.58,6.1974649766511005,1.9895435204285468,0.02357929403844267,0.9891450856257062,6.1974649766511005,2.0,0.0,0.0,1.0,6.1974649766511005,0.010751779911220255,0.030950252170186987,1.0
1769797828.6,6.20413609072715,1.9909720181988728,0.005374241229650906,1.0033795631903863,6.204136090727151,2.0,0.0,0.0,1.0,6.204136090727151,0.008602373352843286,0.029572966238170722,1.0
1769797828.62,6.210807204803202,1.990049766724582,-0.006098574109309793,1.0031786538069374,6.210807204803202,2.0,0.0,0.0,1.0,6.210807204803202,0.009585656789458934,0.04237519764910628,1.0
1769797828.64,6.217478318879252,1.988168693423838,-0.018073436248961905,0.9972651220712287,6.217478318879253,2.0,0.0,0.0,1.0,6.217478318879253,0.01257384168418325,0.06232026975593827,1.0
1769797828.66,6.224149432955302,1.989368453814987,0.00041985586802672115,0.9879702149100917,6.224149432955303,2.0,0.0,0.0,1.0,6.224149432955303,0.010247216039473074,0.038452310579168765,1.0
1769797828.68,6.230820547031354,1.9887655281755272,0.0023592536463271333,0.9850934356043473,6.230820547031354,2.0,0.0,0.0,1.0,6.230820547031354,0.011225326473051103,0.04469978950261887,1.0
1769797828.7,6.237491661107404,1.9882409012422873,-0.014586893887744017,1.0056021936906276,6.237491661107405,2.0,0.0,0.0,1.0,6.237491661107405,0.011880075770567388,0.05546849932365785,1.0
1769797828.72,6.244162775183455,1.988581099915764,-0.01638916664673578,0.9802558338318301,6.244162775183455,2.0,0.0,0.0,1.0,6.244162775183455,0.011719166297629115,0.05491033904094608,1.0
1769797828.74,6.250833889259505,1.989919824050709,-0.005662276554339778,1.0075007950567545,6.250833889259506,2.0,0.0,0.0,1.0,6.250833889259506,0.009677459081592522,0.03949926738750338,1.0
1769797828.76,6.257505003335557,1.9899751519347473,0.012653819478950359,1.0023766052526877,6.257505003335557,2.0,0.0,0.0,1.0,6.257505003335557,0.010620797196938958,0.037099617163627086,1.0
1769797828.78,6.264176117411607,1.992409269183823,-0.002791845776439203,0.9973878531232045,6.2641761174116075,2.0,0.0,0.0,1.0,6.2641761174116075,0.00718842423334382,0.026717246857999744,1.0
1769797828.8,6.270847231487657,1.993097127508361,0.012087019575963937,1.0196176230572673,6.270847231487658,2.0,0.0,0.0,1.0,6.270847231487658,0.007034044286987678,0.021938287413612603,1.0
1769797828.82,6.277518345563709,1.9940503938685126,-0.011232959161976662,0.9974629290918361,6.277518345563709,2.0,0.0,0.0,1.0,6.277518345563709,0.005602879122139833,0.026596830904699817,1.0
1769797828.84,6.284189459639759,1.9937902789038682,0.0003366262166908518,1.0065210791768662,6.28418945963976,2.0,0.0,0.0,1.0,6.28418945963976,0.006614399148289844,0.02730080351096396,1.0
1769797828.86,6.29086057371581,1.9951926007985388,-0.005264036112754761,0.9839554661093964,6.29086057371581,2.0,0.0,0.0,1.0,6.29086057371581,0.004581338484036079,0.018924311328267933,1.0
1769797828.88,6.297531687791861,1.9957785970814537,-0.016369385989680418,0.9762631660246605,6.297531687791861,2.0,0.0,0.0,1.0,6.297531687791861,0.004460027321442045,0.025903491118014356,1.0
1769797828.9,6.304202801867911,1.9974993831387517,0.010298363018991182,1.0095241555403414,6.304202801867912,2.0,0.0,0.0,1.0,6.304202801867912,0.0025218260887835842,0.0029999216129802855,1.0
1769797828.92,6.3108739159439615,1.9992711953856803,0.011782476405867917,0.9903991287368151,6.310873915943962,2.0,0.0,0.0,1.0,6.310873915943962,0.000680854408784794,-0.005008792247793573,1.0
1769797828.94,6.317545030020012,2.0004766433514534,-0.008535828388387644,0.9934993267720431,6.317545030020013,2.0,0.0,0.0,1.0,6.317545030020013,-0.0008192400067802608,-0.0005091402484922762,1.0
1769797828.96,6.324216144096064,1.9998919667763155,0.012751970537757729,0.9975736744378348,6.324216144096064,2.0,0.0,0.0,1.0,6.324216144096064,-8.330692570365664e-05,-0.005973279890616886,1.0
1769797828.98,6.3308872581721145,1.9984820054597194,-0.014348657232850833,1.0003989915593399,6.3308872581721145,2.0,0.0,0.0,1.0,6.3308872581721145,0.0015856304959653384,0.015185788021955766,1.0
1769797829.0,6.337558372248164,1.9970835590751435,0.010969532057363165,0.9992255028997393,6.337558372248165,2.0,0.0,0.0,1.0,6.337558372248165,0.002612321397014948,0.00599121046042782,1.0
1769797829.02,6.344229486324216,1.9948810895083948,-0.0008178807178021863,1.0082240231957549,6.344229486324216,2.0,0.0,0.0,1.0,6.344229486324216,0.0057341117726925845,0.02646717782534907,1.0
1769797829.04,6.350900600400266,1.9953534483193596,0.0009771708905435988,0.995787499173659,6.350900600400267,2.0,0.0,0.0,1.0,6.350900600400267,0.004450440746611798,0.016029506515094608,1.0
1769797829.06,6.357571714476316,1.994751552925499,0.01008211614532712,0.987262274052919,6.357571714476317,2.0,0.0,0.0,1.0,6.357571714476317,0.005089377228475869,0.015955387323103986,1.0
1769797829.08,6.364242828552368,1.9936573618460685,0.0009374039998784611,1.0075126134762802,6.364242828552368,2.0,0.0,0.0,1.0,6.364242828552368,0.006592668416477885,0.02740526285397432,1.0
1769797829.1,6.370913942628418,1.9941206261678048,-0.015203196424122375,0.9951953157666591,6.370913942628419,2.0,0.0,0.0,1.0,6.370913942628419,0.0062700213414771415,0.03235903650296901,1.0
1769797829.12,6.377585056704469,1.995913965134844,0.00855351430382959,0.9901853326131245,6.377585056704469,2.0,0.0,0.0,1.0,6.377585056704469,0.0035930878004760587,0.007418660508988356,1.0
1769797829.14,6.384256170780519,1.995395422632368,0.012835577665214194,0.998894388748381,6.38425617078052,2.0,0.0,0.0,1.0,6.38425617078052,0.004593115533290001,0.012954701033366848,1.0
1769797829.16,6.390927284856571,1.9952771431939678,-0.004003891584244887,1.0020771587752586,6.390927284856571,2.0,0.0,0.0,1.0,6.390927284856571,0.005176608430369623,0.023291872410680557,1.0
1769797829.18,6.397598398932621,1.997084446247335,-0.0058506633675298614,1.0146313098630506,6.3975983989326215,2.0,0.0,0.0,1.0,6.3975983989326215,0.002723628664191174,0.011366866574351178,1.0
1769797829.2,6.404269513008671,1.998269183150475,-0.010798286040331243,1.0055476947469797,6.404269513008672,2.0,0.0,0.0,1.0,6.404269513008672,0.002003901112175399,0.012695019916851442,1.0
1769797829.22,6.410940627084723,2.000684622373928,-0.0005489039772808683,0.9980714338363096,6.410940627084723,2.0,0.0,0.0,1.0,6.410940627084723,-0.0007283132793187374,-0.005371015520128651,1.0
1769797829.24,6.417611741160773,2.0025720117405745,0.008650086412039333,0.9836733943487108,6.417611741160774,2.0,0.0,0.0,1.0,6.417611741160774,-0.002896170705559202,-0.01807758345449694,1.0
1769797829.26,6.424282855236824,2.002592902691247,0.0130052818510025,0.9930566005084625,6.424282855236824,2.0,0.0,0.0,1.0,6.424282855236824,-0.0029466592706270394,-0.018339766573077246,1.0
1769797829.28,6.430953969312875,2.0011235715650835,-0.01601739779597463,0.9818619546869668,6.430953969312875,2.0,0.0,0.0,1.0,6.430953969312875,-0.0009629296048130963,0.006140710144548873,1.0
1769797829.3,6.437625083388925,2.0004303765923326,-0.0032575235014598333,0.9947861716670842,6.437625083388926,2.0,0.0,0.0,1.0,6.437625083388926,-0.00040390292018227796,0.0005721767546316232,1.0
1769797829.32,6.4442961974649755,1.9998909635152184,0.0021838404640377933,0.9782698490834659,6.444296197464976,2.0,0.0,0.0,1.0,6.444296197464976,0.00013927457704911942,8.355573408978323e-06,1.0
1769797829.34,6.450967311541026,2.000123464857969,-0.010457350615195244,0.9967901016083837,6.450967311541027,2.0,0.0,0.0,1.0,6.450967311541027,0.0005073384646440645,0.007626093053768825,1.0
1769797829.36,6.457638425617078,2.0035657043049127,0.0034816639948777738,0.9958789210243661,6.457638425617078,2.0,0.0,0.0,1.0,6.457638425617078,-0.0032997150395787564,-0.018746745659976735,1.0
1769797829.38,6.4643095396931285,2.0078222413479883,0.010872083174357384,1.0057357703278313,6.4643095396931285,2.0,0.0,0.0,1.0,6.4643095396931285,-0.008249226990081609,-0.04338246149800798,1.0
1769797829.4,6.470980653769178,2.009316991088167,0.015764382708217867,0.995521669560611,6.470980653769179,2.0,0.0,0.0,1.0,6.470980653769179,-0.010086178727964213,-0.05006385800384839,1.0
1769797829.42,6.47765176784523,2.0073516141859353,0.007877272451658255,1.0043025345177552,6.47765176784523,2.0,0.0,0.0,1.0,6.47765176784523,-0.007222198509293368,-0.029963450044331756,1.0
1769797829.44,6.48432288192128,2.005961095801385,-0.001477771328092262,1.0153661095291615,6.484322881921281,2.0,0.0,0.0,1.0,6.484322881921281,-0.005990177108032667,-0.021989801366823835,1.0
1769797829.46,6.49099399599733,2.004111744491311,0.007494424793056892,0.9834427444430809,6.490993995997331,2.0,0.0,0.0,1.0,6.490993995997331,-0.00443486465248077,-0.019931358550899628,1.0
1769797829.48,6.497665110073382,2.0009880429813545,0.01482107686566544,1.010097566757294,6.497665110073382,2.0,0.0,0.0,1.0,6.497665110073382,-0.0007544990957767984,-0.006748169259235942,1.0
1769797829.5,6.504336224149432,1.999502752980512,0.02145063918436506,0.990638031132042,6.504336224149433,2.0,0.0,0.0,1.0,6.504336224149433,0.0010457870625702184,-0.004741885183554639,1.0
1769797829.52,6.511007338225483,2.000584055768864,0.005660000860348648,1.0023703462381022,6.511007338225483,2.0,0.0,0.0,1.0,6.511007338225483,-0.0005773165140532824,-0.006762370063010954,1.0
1769797829.54,6.517678452301533,2.001446626653921,0.004499438024907793,1.0096108250893312,6.517678452301534,2.0,0.0,0.0,1.0,6.517678452301534,-0.001696808412999338,-0.010156444563397303,1.0
1769797829.56,6.524349566377585,2.0012270572277613,0.035611370078467305,0.9986559984323584,6.524349566377585,2.0,0.0,0.0,1.0,6.524349566377585,-0.001141682663279298,-0.021817289942630803,1.0
1769797829.58,6.531020680453635,2.001474706096072,0.0036275089360405218,1.000583824231714,6.5310206804536355,2.0,0.0,0.0,1.0,6.5310206804536355,-0.0014059024358508883,-0.007701583983995404,1.0
1769797829.6,6.537691794529685,2.0017101266050017,-0.00581426606660614,0.987527589045411,6.537691794529686,2.0,0.0,0.0,1.0,6.537691794529686,-0.0020434387120799465,-0.0059041580912457745,1.0
1769797829.62,6.544362908605737,2.0001070777459065,0.0027314176397718447,0.9979260718021475,6.544362908605737,2.0,0.0,0.0,1.0,6.544362908605737,-0.00039009061423415947,-0.0012727231789767732,1.0
1769797829.64,6.551034022681787,1.9977689169721353,-0.009513044256875033,1.0046442441013899,6.551034022681788,2.0,0.0,0.0,1.0,6.551034022681788,0.0028166978320508665,0.019230101902926008,1.0
1769797829.66,6.557705136757838,1.9978830743409528,-4.145422314106696e-05,0.9929338310756306,6.557705136757838,2.0,0.0,0.0,1.0,6.557705136757838,0.001836374715432727,0.006385902856683301,1.0
1769797829.68,6.564376250833889,1.9967041201559055,-0.001314822015255306,1.0095669192108478,6.564376250833889,2.0,0.0,0.0,1.0,6.564376250833889,0.0033120060270971753,0.015381066427680803,1.0
1769797829.7,6.571047364909939,1.9953769755485666,0.01026855705440496,0.9859627988720432,6.57104736490994,2.0,0.0,0.0,1.0,6.57104736490994,0.004399578508460842,0.013551607988004555,1.0
1769797829.72,6.5777184789859895,1.993704681376998,-0.006385642911941519,0.9864787560796996,6.57771847898599,2.0,0.0,0.0,1.0,6.57771847898599,0.006992916792642843,0.03375782691072413,1.0
1769797829.74,6.58438959306204,1.9950115167976765,-0.004975748950416844,0.9912086833035066,6.584389593062041,2.0,0.0,0.0,1.0,6.584389593062041,0.004712154669580105,0.019055731030466108,1.0
1769797829.76,6.591060707138092,1.9951801289986093,-0.005224374706942802,0.9920575915368565,6.591060707138092,2.0,0.0,0.0,1.0,6.591060707138092,0.004971180934446408,0.022755937356123333,1.0
1769797829.78,6.5977318212141425,1.9957910094288625,0.018749570404675304,0.9913948638728056,6.5977318212141425,2.0,0.0,0.0,1.0,6.5977318212141425,0.003945145779529602,0.00537976276086395,1.0
1769797829.8,6.604402935290192,1.9952855740812907,-0.006978021942586925,0.9959323691862204,6.604402935290193,2.0,0.0,0.0,1.0,6.604402935290193,0.0048293858350544625,0.023690794367036173,1.0
1769797829.82,6.611074049366244,1.9952509682532966,0.00264523962028551,1.0079317431757304,6.611074049366244,2.0,0.0,0.0,1.0,6.611074049366244,0.004683381656669337,0.01726490263814947,1.0
1769797829.84,6.617745163442294,1.9944854088785295,0.02531125389153805,1.0013781323789948,6.617745163442295,2.0,0.0,0.0,1.0,6.617745163442295,0.0050900046615220615,0.008111014705171945,1.0
1769797829.86,6.624416277518344,1.9926051610672293,-0.011145417964507598,0.99471105970792,6.624416277518345,2.0,0.0,0.0,1.0,6.624416277518345,0.00826155397599656,0.041790474200714536,1.0
1769797829.88,6.631087391594396,1.9945602693156126,-0.0038931039153851633,1.0093050418358307,6.631087391594396,2.0,0.0,0.0,1.0,6.631087391594396,0.005230416542349895,0.0198370806934455,1.0
1769797829.9,6.637758505670446,1.9956813438961762,0.008793428022231344,0.9943250069359392,6.637758505670447,2.0,0.0,0.0,1.0,6.637758505670447,0.004461421765512316,0.012679978274096013,1.0
1769797829.92,6.644429619746497,1.9973503261287708,0.006423752382148412,1.0139117498139245,6.644429619746497,2.0,0.0,0.0,1.0,6.644429619746497,0.002531341768712569,0.004983410886976325,1.0
1769797829.94,6.651100733822547,1.9982309672628653,0.015423447720942753,1.0074877107502458,6.651100733822548,2.0,0.0,0.0,1.0,6.651100733822548,0.001532908117045679,-0.002578525043955551,1.0
1769797829.96,6.657771847898599,1.997569005741382,-0.015028060607946338,0.990874793256517,6.657771847898599,2.0,0.0,0.0,1.0,6.657771847898599,0.0019903064967878854,0.015932654670866915,1.0
1769797829.98,6.664442961974649,1.9946530298306726,-0.002135173343737193,1.004609126493172,6.6644429619746495,2.0,0.0,0.0,1.0,6.6644429619746495,0.005149498668641344,0.024824773518287435,1.0
1769797830.0,6.671114076050699,1.9917580467080183,-0.0074637376347314755,0.9962215968707215,6.6711140760507,2.0,0.0,0.0,1.0,6.6711140760507,0.009184479749903041,0.0445047688982396,1.0
1769797830.02,6.677785190126751,1.992503711428367,-0.006350134519446579,1.0059858469700198,6.677785190126751,2.0,0.0,0.0,1.0,6.677785190126751,0.006738479611003009,0.02768298556483529,1.0
1769797830.04,6.684456304202802,1.9907541326208569,0.00781445476802552,0.9864536270688932,6.684456304202802,2.0,0.0,0.0,1.0,6.684456304202802,0.010287065667557724,0.04078962134277286,1.0
1769797830.06,6.691127418278852,1.993135543920012,-0.0027785537393162575,1.0037807403918066,6.691127418278852,2.0,0.0,0.0,1.0,6.691127418278852,0.006136520840716928,0.021784815405685044,1.0
1769797830.08,6.697798532354902,1.9926330835088688,-0.011418401811340911,1.0202535929811976,6.697798532354903,2.0,0.0,0.0,1.0,6.697798532354903,0.007880075897430361,0.03897305955210533,1.0
1769797830.1,6.704469646430953,1.993513000174589,0.002632306222439646,1.0032706373283464,6.704469646430954,2.0,0.0,0.0,1.0,6.704469646430954,0.0054746330062123115,0.018176936022411373,1.0
1769797830.12,6.7111407605070035,1.9906085867534302,0.005338273361084017,1.0042666289370765,6.711140760507004,2.0,0.0,0.0,1.0,6.711140760507004,0.010331461649283695,0.04351353855966415,1.0
1769797830.14,6.717811874583054,1.9913821757357406,-0.005399104375239897,0.9963185728579109,6.717811874583055,2.0,0.0,0.0,1.0,6.717811874583055,0.007908934121728921,0.03191276114698086,1.0
1769797830.16,6.724482988659106,1.9896156601059454,-0.0013648309128873244,0.9834307381131038,6.724482988659106,2.0,0.0,0.0,1.0,6.724482988659106,0.011152389280424994,0.04853542773683971,1.0
1769797830.18,6.7311541027351565,1.991442467306857,0.0061493796641512635,0.9958430987838681,6.7311541027351565,2.0,0.0,0.0,1.0,6.7311541027351565,0.008566625054119831,0.028606046158098534,1.0
1769797830.2,6.737825216811206,1.9932989788869029,-0.0019386399407777264,0.9815017709049645,6.737825216811207,2.0,0.0,0.0,1.0,6.737825216811207,0.006688294474339318,0.02584416728796562,1.0
1769797830.22,6.744496330887258,1.9941799990065157,0.0070710471632198,1.0025283056792877,6.744496330887258,2.0,0.0,0.0,1.0,6.744496330887258,0.004903900513919651,0.014295684513649038,1.0
1769797830.24,6.751167444963308,1.9910626466565282,0.00616810431402191,1.0034952941191657,6.751167444963309,2.0,0.0,0.0,1.0,6.751167444963309,0.009214116445172761,0.038082629554933196,1.0
1769797830.26,6.757838559039358,1.9892493862662788,0.0009942014917970448,0.9900498590830857,6.757838559039359,2.0,0.0,0.0,1.0,6.757838559039359,0.010763144552187489,0.044104505569866156,1.0
1769797830.28,6.764509673115409,1.9874313835532902,-0.020487525676138874,0.993530891862749,6.76450967311541,2.0,0.0,0.0,1.0,6.76450967311541,0.012505396971127932,0.06200760314152161,1.0
1769797830.3,6.77118078719146,1.9858912879945283,-0.01179931395976412,0.9977783250354116,6.771180787191461,2.0,0.0,0.0,1.0,6.771180787191461,0.014681643379080251,0.06680247690415538,1.0
1769797830.32,6.777851901267511,1.9877587449156509,-0.008873348089097134,1.0001103450397044,6.777851901267511,2.0,0.0,0.0,1.0,6.777851901267511,0.012975127820727093,0.05463066976910378,1.0
1769797830.34,6.784523015343561,1.992410201149247,-0.006942695967924084,0.9860611536917181,6.784523015343562,2.0,0.0,0.0,1.0,6.784523015343562,0.006949058726795359,0.025241513797211748,1.0
1769797830.36,6.791194129419613,1.9942434396082485,-0.007682116447208089,1.0008394390609623,6.791194129419613,2.0,0.0,0.0,1.0,6.791194129419613,0.005928463195626182,0.026534315474939597,1.0
1769797830.38,6.797865243495663,1.9964165471410174,-0.003045464481989541,1.0010615608542912,6.7978652434956635,2.0,0.0,0.0,1.0,6.7978652434956635,0.003121108848001193,0.011199813285374553,1.0
1769797830.4,6.804536357571713,1.9956114206298379,-0.022952860083787014,0.9916702343641304,6.804536357571714,2.0,0.0,0.0,1.0,6.804536357571714,0.0035679507107937184,0.026195074747860904,1.0
1769797830.42,6.811207471647765,1.9907563872350655,-0.0016137904949513923,1.0173159816295516,6.811207471647765,2.0,0.0,0.0,1.0,6.811207471647765,0.009023306291727727,0.042355475995320614,1.0
1769797830.44,6.8178785857238156,1.9856636872289628,-0.010848984648175717,0.9918848129042044,6.8178785857238156,2.0,0.0,0.0,1.0,6.8178785857238156,0.01512674303466979,0.07203490120570907,1.0
1769797830.46,6.824549699799866,1.9842180876867441,-0.0027125905705584407,0.9970450904531772,6.824549699799866,2.0,0.0,0.0,1.0,6.824549699799866,0.015740338213519937,0.06493124331820913,1.0
1769797830.48,6.831220813875916,1.9829521819051679,0.008268581629905552,1.0058646883980698,6.831220813875917,2.0,0.0,0.0,1.0,6.831220813875917,0.017421524320908016,0.06723299257606737,1.0
1769797830.5,6.837891927951967,1.983904794021274,-0.011634467383437819,0.9849515160099348,6.837891927951968,2.0,0.0,0.0,1.0,6.837891927951968,0.01656976148805423,0.07124451681108204,1.0
1769797830.52,6.8445630420280175,1.9871429284336526,0.00712195195445354,1.0029283015881805,6.844563042028018,2.0,0.0,0.0,1.0,6.844563042028018,0.012928001485754369,0.04450926996349084,1.0
1769797830.54,6.851234156104068,1.9902030937004669,0.0021973167729489565,0.9940461950723831,6.851234156104069,2.0,0.0,0.0,1.0,6.851234156104069,0.009287930863401551,0.03241299444477891,1.0
1769797830.56,6.85790527018012,1.9905092318981283,0.00639896890927975,1.0023876809683292,6.85790527018012,2.0,0.0,0.0,1.0,6.85790527018012,0.009111959734665234,0.03307238335528474,1.0
1769797830.58,6.8645763842561704,1.9886744093161846,0.006797789049097766,0.994757624623769,6.8645763842561704,2.0,0.0,0.0,1.0,6.8645763842561704,0.010952402284506854,0.042251157163320154,1.0
1769797830.6,6.87124749833222,1.98555878450426,0.011820500312178643,0.9930350395283313,6.871247498332221,2.0,0.0,0.0,1.0,6.871247498332221,0.014901959129198733,0.05764714320539748,1.0
1769797830.62,6.877918612408272,1.9848294890675169,-0.0009677448371932764,0.9913957985463845,6.877918612408272,2.0,0.0,0.0,1.0,6.877918612408272,0.015406703351522708,0.06261543004701144,1.0
1769797830.64,6.884589726484322,1.9851831213446745,-0.003465450464240208,0.9908636124118293,6.8845897264843225,2.0,0.0,0.0,1.0,6.8845897264843225,0.014797575080375797,0.06031389728247638,1.0
1769797830.66,6.891260840560372,1.9856713311805005,0.0024480101024075556,0.9767071106162277,6.891260840560373,2.0,0.0,0.0,1.0,6.891260840560373,0.014553329727932081,0.05674506850808083,1.0
1769797830.68,6.897931954636423,1.9875560915568282,0.00494063043937874,1.0062157224816601,6.897931954636424,2.0,0.0,0.0,1.0,6.897931954636424,0.012792041410987732,0.046936562107317205,1.0
1769797830.7,6.904603068712474,1.9905109473902345,0.012899549842549323,0.992213519865898,6.904603068712475,2.0,0.0,0.0,1.0,6.904603068712475,0.008934527550369985,0.025430821419587534,1.0
1769797830.72,6.911274182788525,1.9905520489468933,0.011285781535702803,0.9985262346395338,6.911274182788525,2.0,0.0,0.0,1.0,6.911274182788525,0.009121980386868728,0.031032483616122254,1.0
1769797830.74,6.917945296864575,1.989719660648388,-8.468128541175792e-05,0.997784024103966,6.917945296864576,2.0,0.0,0.0,1.0,6.917945296864576,0.01092804593889142,0.04556058995029425,1.0
1769797830.76,6.924616410940627,1.9913294588274941,0.00926189663801709,1.009048648561459,6.924616410940627,2.0,0.0,0.0,1.0,6.924616410940627,0.00809009690947921,0.02489149028949609,1.0
1769797830.78,6.9312875250166766,1.9905086138427648,-0.0006341403921730462,1.0105658927626755,6.931287525016677,2.0,0.0,0.0,1.0,6.931287525016677,0.00976948288752477,0.041074387724231165,1.0
1769797830.8,6.937958639092727,1.991226538025939,0.013802436668329393,1.0145781031400183,6.937958639092728,2.0,0.0,0.0,1.0,6.937958639092728,0.009014446400613526,0.028401530781378165,1.0
1769797830.82,6.944629753168779,1.9929252984305494,0.0180910074026033,0.9930995746076681,6.944629753168779,2.0,0.0,0.0,1.0,6.944629753168779,0.006930943800308089,0.016594768899625266,1.0
1769797830.84,6.9513008672448295,1.9938556109158825,0.004745945892870612,0.9933684764951303,6.9513008672448295,2.0,0.0,0.0,1.0,6.9513008672448295,0.006046810754171395,0.02093013702411358,1.0
1769797830.86,6.95797198132088,1.9941172681564745,-0.003366316331841952,1.0180063932958998,6.95797198132088,2.0,0.0,0.0,1.0,6.95797198132088,0.005669442138532274,0.023983558104410954,1.0
1769797830.88,6.96464309539693,1.9938354851697588,-0.0014872405623057344,1.0188035264684938,6.964643095396931,2.0,0.0,0.0,1.0,6.964643095396931,0.006616426559566662,0.028156310940453903,1.0
1769797830.9,6.971314209472981,1.9951018448132927,0.0018151923722203383,1.0067297106638031,6.971314209472982,2.0,0.0,0.0,1.0,6.971314209472982,0.004337376413437561,0.014162859321510972,1.0
1769797830.92,6.9779853235490314,1.9940201363335701,0.013744505511906603,0.9907984710624747,6.977985323549032,2.0,0.0,0.0,1.0,6.977985323549032,0.006248763151765606,0.020034186589437168,1.0
1769797830.94,6.984656437625082,1.9937601655063961,-0.015794291694260592,0.9933798044166325,6.984656437625083,2.0,0.0,0.0,1.0,6.984656437625083,0.005806707881250752,0.03068192210161845,1.0
1769797830.96,6.991327551701134,1.9920498632753278,0.005016332072957735,0.9985113766900506,6.991327551701134,2.0,0.0,0.0,1.0,6.991327551701134,0.008521062845092521,0.03429044030773298,1.0
1769797830.98,6.997998665777184,1.9922955417167554,0.011627556871179159,0.9983152926784841,6.997998665777184,2.0,0.0,0.0,1.0,6.997998665777184,0.006996117060444483,0.020645744021540315,1.0
1769797831.0,7.004669779853234,1.9897636506676404,0.007158068001003382,0.9906745269434604,7.004669779853235,2.0,0.0,0.0,1.0,7.004669779853235,0.010764372214882256,0.043246710013465105,1.0
1769797831.02,7.011340893929286,1.9897707847638317,-0.0011252277044334596,0.9987192234549549,7.011340893929286,2.0,0.0,0.0,1.0,7.011340893929286,0.01030413359636782,0.041318909619173574,1.0
1769797831.04,7.018012008005336,1.989880630661845,0.01711353592015077,1.0068604089372242,7.0180120080053365,2.0,0.0,0.0,1.0,7.0180120080053365,0.009872462125710722,0.0305014090721104,1.0
1769797831.06,7.024683122081386,1.9889871433844515,0.006175226733859581,0.9955556778868161,7.024683122081387,2.0,0.0,0.0,1.0,7.024683122081387,0.011161757098214792,0.04284870999843345,1.0
1769797831.08,7.031354236157437,1.9892667576916576,0.0059081510667673065,0.9982810251276637,7.031354236157438,2.0,0.0,0.0,1.0,7.031354236157438,0.011211474973832012,0.04194154223756162,1.0
1769797831.1,7.038025350233488,1.9918307124612367,0.015420346977430742,1.0032762009201728,7.038025350233489,2.0,0.0,0.0,1.0,7.038025350233489,0.008221875562184785,0.022187729348376543,1.0
1769797831.12,7.044696464309539,1.9940165551720674,0.0010506851708460717,1.0086765564428395,7.044696464309539,2.0,0.0,0.0,1.0,7.044696464309539,0.005359921993217024,0.0180523918184773,1.0
1769797831.14,7.051367578385589,1.9936035068574731,-0.002481496803138711,0.9965819330181134,7.05136757838559,2.0,0.0,0.0,1.0,7.05136757838559,0.006707375345773193,0.029417703137218296,1.0
1769797831.16,7.058038692461641,1.994824000876406,0.004589375058077049,1.0079254786904945,7.058038692461641,2.0,0.0,0.0,1.0,7.058038692461641,0.005358757841972319,0.017791726335049877,1.0
1769797831.18,7.0647098065376905,1.9965576927818842,-0.012572468085095434,0.9903505497734032,7.064709806537691,2.0,0.0,0.0,1.0,7.064709806537691,0.003102631085562191,0.016440631628386354,1.0
1769797831.2,7.071380920613741,1.99658524191331,-0.007461591306597168,1.001685191047487,7.071380920613742,2.0,0.0,0.0,1.0,7.071380920613742,0.0032937705978878912,0.01709701755717585,1.0
1769797831.22,7.078052034689793,1.9966621615360363,-0.01207931515296331,0.9836931569824539,7.078052034689793,2.0,0.0,0.0,1.0,7.078052034689793,0.0039518172363384955,0.02250497316028624,1.0
1769797831.24,7.0847231487658435,1.9993532855084957,0.00672625027401895,0.9996476758620485,7.0847231487658435,2.0,0.0,0.0,1.0,7.0847231487658435,0.0003956845701541523,-0.005336519522577209,1.0
1769797831.26,7.091394262841894,2.000611317097317,0.009390058190093782,1.006862683165686,7.091394262841894,2.0,0.0,0.0,1.0,7.091394262841894,-0.000872936514653823,-0.009455396238470158,1.0
1769797831.28,7.098065376917944,2.000703722724077,0.005105703240154794,1.0013130530263596,7.098065376917945,2.0,0.0,0.0,1.0,7.098065376917945,-0.0006484580718977505,-0.004922205464912326,1.0
1769797831.3,7.104736490993995,2.0008490851154153,0.012811249886239186,0.9815877017795037,7.104736490993996,2.0,0.0,0.0,1.0,7.104736490993996,-0.0010540300610082534,-0.01102731717626311,1.0
1769797831.32,7.111407605070045,1.9998039052105998,0.0012214831799612536,1.003780963311336,7.111407605070046,2.0,0.0,0.0,1.0,7.111407605070046,-3.8037760652969094e-05,0.00025309966776278117,1.0
1769797831.34,7.118078719146096,1.998052073008227,-0.006662056785593509,0.9889791136220614,7.118078719146097,2.0,0.0,0.0,1.0,7.118078719146097,0.002333893261128723,0.015038532459093338,1.0
1769797831.36,7.124749833222148,1.9984817613610866,-0.011642750053221336,0.9869217040994462,7.124749833222148,2.0,0.0,0.0,1.0,7.124749833222148,0.0018985832704865398,0.012980398117914644,1.0
1769797831.38,7.131420947298198,2.0005533167801137,0.008870449635341266,0.9951333596686345,7.131420947298198,2.0,0.0,0.0,1.0,7.131420947298198,-0.0006863913279525223,-0.009765764727919783,1.0
1769797831.4,7.138092061374248,2.0019370619600543,0.010371854932222894,1.0076002002300068,7.138092061374249,2.0,0.0,0.0,1.0,7.138092061374249,-0.002003857642558369,-0.014518824350950768,1.0
1769797831.42,7.1447631754503,2.0029918381903604,0.003974071628603887,0.9979650206402398,7.1447631754503,2.0,0.0,0.0,1.0,7.1447631754503,-0.0030090939549769404,-0.015028647946628277,1.0
1769797831.44,7.15143428952635,2.004096329329137,0.0064650454260849755,1.003787910716593,7.1514342895263505,2.0,0.0,0.0,1.0,7.1514342895263505,-0.003966087519123221,-0.020053866353681653,1.0
1769797831.46,7.1581054036024,2.005478028055448,0.007531092125165947,1.0153968153738824,7.158105403602401,2.0,0.0,0.0,1.0,7.158105403602401,-0.00580861558131314,-0.02884253645002545,1.0
1769797831.48,7.164776517678451,2.004971617806089,-0.003701804893220824,0.9929646371694244,7.164776517678452,2.0,0.0,0.0,1.0,7.164776517678452,-0.0053169849943895875,-0.018925406944024385,1.0
1769797831.5,7.171447631754502,2.003090771923984,-0.010500371001147334,0.9916864495040011,7.171447631754503,2.0,0.0,0.0,1.0,7.171447631754503,-0.00285349401132616,-0.0037002995616675447,1.0
1769797831.52,7.178118745830553,2.0021829032096097,-0.003893941596898034,0.9851125126256832,7.178118745830553,2.0,0.0,0.0,1.0,7.178118745830553,-0.002317222967618517,-0.006785650028317407,1.0
1769797831.54,7.184789859906603,2.000970975615586,0.015986580886894846,0.9996471521023965,7.184789859906604,2.0,0.0,0.0,1.0,7.184789859906604,-0.0006482089578605335,-0.008917112265131574,1.0
1769797831.56,7.191460973982655,2.00114971536649,-0.00022709665470295887,0.9980568746894273,7.191460973982655,2.0,0.0,0.0,1.0,7.191460973982655,-0.0012652924242811578,-0.005564704836193777,1.0
1769797831.58,7.1981320880587045,2.001286878344214,0.0013285998459717447,1.0106698144416852,7.198132088058705,2.0,0.0,0.0,1.0,7.198132088058705,-0.0007890955143672093,-0.0033444850705407606,1.0
1769797831.6,7.204803202134755,2.0033304698559653,-0.014552494783326939,1.006653181508443,7.204803202134756,2.0,0.0,0.0,1.0,7.204803202134756,-0.0037470278612249733,-0.01066979640009419,1.0
1769797831.62,7.211474316210807,2.0034523670740843,0.00099137023032272,0.9986295504080014,7.211474316210807,2.0,0.0,0.0,1.0,7.211474316210807,-0.0034301240098375666,-0.01389927730312422,1.0
1769797831.64,7.2181454302868575,2.0036502891127155,0.0033121219102965928,0.9964525296786495,7.2181454302868575,2.0,0.0,0.0,1.0,7.2181454302868575,-0.003678065258687489,-0.016616263238748173,1.0
1769797831.66,7.224816544362908,2.002731636597539,0.012126818290882652,1.0048094165283343,7.224816544362908,2.0,0.0,0.0,1.0,7.224816544362908,-0.0037185891368127126,-0.0209782895708174,1.0
1769797831.68,7.231487658438958,1.9974555789040587,-0.0033365550514419563,1.0016394547706389,7.231487658438959,2.0,0.0,0.0,1.0,7.231487658438959,0.002792794434249301,0.019350838833780193,1.0
1769797831.7,7.238158772515009,1.9940630256013572,0.0036313775427398026,1.0115233937093129,7.23815877251501,2.0,0.0,0.0,1.0,7.23815877251501,0.00666140321064908,0.0286985328476262,1.0
1769797831.72,7.244829886591059,1.9941405352754824,-0.0015561402128036938,1.0065747702258425,7.24482988659106,2.0,0.0,0.0,1.0,7.24482988659106,0.005948859911979357,0.023860966455649554,1.0
1769797831.74,7.25150100066711,1.9941711094053156,-0.008440381721682945,0.9942243370636724,7.251501000667111,2.0,0.0,0.0,1.0,7.251501000667111,0.005364777508902728,0.02509521849337576,1.0
1769797831.76,7.258172114743162,1.99282485407945,-0.010621393923577686,0.998489779946804,7.258172114743162,2.0,0.0,0.0,1.0,7.258172114743162,0.007964177531832976,0.039766807112050995,1.0
1769797831.78,7.264843228819212,1.9951628774459185,-0.013719295132978078,1.0158570047269013,7.264843228819212,2.0,0.0,0.0,1.0,7.264843228819212,0.0048392537270961575,0.02309173867013685,1.0
1769797831.8,7.271514342895262,1.9970066658727956,-0.002447849448973206,1.0172541781785758,7.271514342895263,2.0,0.0,0.0,1.0,7.271514342895263,0.002489153713544091,0.008830439565110901,1.0
1769797831.82,7.278185456971314,1.9965420937870142,-4.9914033120729e-07,1.0180608164195046,7.278185456971314,2.0,0.0,0.0,1.0,7.278185456971314,0.0035023876307427267,0.015023034010335145,1.0
1769797831.84,7.284856571047364,1.996601109128449,0.007597309100815193,1.0103736332649806,7.2848565710473645,2.0,0.0,0.0,1.0,7.2848565710473645,0.003714898349234723,0.011273449565023292,1.0
1769797831.86,7.291527685123414,1.997813465333612,-0.01704302368721415,1.0076727211929357,7.291527685123415,2.0,0.0,0.0,1.0,7.291527685123415,0.0018651739675910359,0.014132483332327531,1.0
1769797831.88,7.298198799199465,1.9973593334445214,0.007011554597616793,1.002975175072777,7.298198799199466,2.0,0.0,0.0,1.0,7.298198799199466,0.0024738617222760774,0.0069983573449809554,1.0
1769797831.9,7.304869913275516,1.996347433993758,-0.010851229576852459,1.015371075230232,7.304869913275517,2.0,0.0,0.0,1.0,7.304869913275517,0.0038732209995132917,0.02231785806371661,1.0
1769797831.92,7.311541027351567,1.9965513886971478,0.0020994294897354643,1.007216181153572,7.311541027351567,2.0,0.0,0.0,1.0,7.311541027351567,0.0036347421550719213,0.013250775030978582,1.0
1769797831.94,7.318212141427617,1.996767035347326,-0.0036138333527821883,0.9889100772021138,7.318212141427618,2.0,0.0,0.0,1.0,7.318212141427618,0.002376045955768804,0.010052404300163194,1.0
1769797831.96,7.324883255503669,1.9942083420926369,0.012423431132054612,0.998964643069993,7.324883255503669,2.0,0.0,0.0,1.0,7.324883255503669,0.007016271921385774,0.026493598085132762,1.0
1769797831.98,7.3315543695797185,1.9968811017842745,0.009645608352432765,0.9970764559776663,7.331554369579719,2.0,0.0,0.0,1.0,7.331554369579719,0.0026354857632795454,0.00133835271879557,1.0
1769797832.0,7.338225483655769,1.9968549992257778,0.008984435522759252,1.0075591265456918,7.33822548365577,2.0,0.0,0.0,1.0,7.33822548365577,0.0027020633021690526,0.006382612986186092,1.0
1769797832.02,7.344896597731821,1.9949655144409344,0.005075967506470969,0.9975968781276968,7.344896597731821,2.0,0.0,0.0,1.0,7.344896597731821,0.005238144868965622,0.020950677289423573,1.0
1769797832.04,7.3515677118078715,1.994798984849658,-0.006860347950926829,1.01239917051945,7.3515677118078715,2.0,0.0,0.0,1.0,7.3515677118078715,0.005973560231042543,0.028059830261710505,1.0
1769797832.06,7.358238825883922,1.997168508957743,0.007470816076266972,0.9866891805421354,7.358238825883922,2.0,0.0,0.0,1.0,7.358238825883922,0.0017623343650155368,-0.0008972964440983446,1.0
1769797832.08,7.364909939959972,1.994383812580605,-0.004442266642909874,0.9880074913526583,7.364909939959973,2.0,0.0,0.0,1.0,7.364909939959973,0.005451364761298028,0.02771562276292954,1.0
1769797832.1,7.371581054036023,1.9915480752655297,-0.017001445593484456,1.0044494218927513,7.371581054036024,2.0,0.0,0.0,1.0,7.371581054036024,0.009170056200985332,0.04889963904037086,1.0
1769797832.12,7.378252168112073,1.9919599070016334,0.005194892480922625,1.0287817582252206,7.378252168112074,2.0,0.0,0.0,1.0,7.378252168112074,0.007936381872474578,0.027914406920926244,1.0
1769797832.14,7.384923282188124,1.9916840102869613,0.002699844773505974,0.9919967819401837,7.384923282188125,2.0,0.0,0.0,1.0,7.384923282188125,0.008112246516424698,0.031274928322895926,1.0
1769797832.16,7.391594396264176,1.9901109323600878,-0.007266883703631221,0.9907825400955816,7.391594396264176,2.0,0.0,0.0,1.0,7.391594396264176,0.009542688011908112,0.04323463539493148,1.0
1769797832.18,7.398265510340226,1.9878216734527963,0.015196047488191224,0.9879594675582635,7.398265510340226,2.0,0.0,0.0,1.0,7.398265510340226,0.013078583830804978,0.04825220739802116,1.0
1769797832.2,7.404936624416276,1.9892844785348753,0.00034284133612736973,0.9821371338183268,7.404936624416277,2.0,0.0,0.0,1.0,7.404936624416277,0.010266384797688446,0.03808191948957357,1.0
1769797832.22,7.411607738492328,1.9885320261259838,0.00784667688285604,0.9879146907688782,7.411607738492328,2.0,0.0,0.0,1.0,7.411607738492328,0.011348687497747137,0.04255371424961922,1.0
1769797832.24,7.418278852568378,1.9874239188794396,-0.0006272983867371336,1.0057013703651532,7.4182788525683785,2.0,0.0,0.0,1.0,7.4182788525683785,0.012777096038828914,0.052850441889765995,1.0
1769797832.26,7.424949966644428,1.987949966682737,-0.001704948798899122,0.9920927988645555,7.424949966644429,2.0,0.0,0.0,1.0,7.424949966644429,0.012746118748517374,0.05180597210320752,1.0
1769797832.28,7.431621080720479,1.9909558303725352,-0.005214634184151293,0.9843469252628535,7.43162108072048,2.0,0.0,0.0,1.0,7.43162108072048,0.008275586834777256,0.031239132517444552,1.0
1769797832.3,7.43829219479653,1.9908368437064414,0.014762958113016238,0.9866475098042032,7.438292194796531,2.0,0.0,0.0,1.0,7.438292194796531,0.009625025636874117,0.03246806229308521,1.0
1769797832.32,7.444963308872581,1.992687724108781,0.0015909875695881391,0.9991580313664554,7.444963308872581,2.0,0.0,0.0,1.0,7.444963308872581,0.007126752690845854,0.02521324403256108,1.0
1769797832.34,7.451634422948631,1.9935066709375082,-0.006972148395365113,0.999352348152709,7.451634422948632,2.0,0.0,0.0,1.0,7.451634422948632,0.0063271704239554125,0.027995173626613766,1.0
1769797832.36,7.458305537024683,1.9934448846885247,-0.0030000726517105543,0.9861690046516368,7.458305537024683,2.0,0.0,0.0,1.0,7.458305537024683,0.006449789213601703,0.02742181196990838,1.0
1769797832.38,7.4649766511007325,1.992822536109145,-0.006643924481227177,1.002890369891625,7.464976651100733,2.0,0.0,0.0,1.0,7.464976651100733,0.007108423350535642,0.032414289779690096,1.0
1769797832.4,7.471647765176783,1.9916475766456372,-0.006616520514619548,0.9946459280826754,7.471647765176784,2.0,0.0,0.0,1.0,7.471647765176784,0.008122001658391415,0.0368098451987312,1.0
1769797832.42,7.478318879252835,1.9895356495600094,0.007650012249799711,0.9802881667551726,7.478318879252835,2.0,0.0,0.0,1.0,7.478318879252835,0.010602684065736678,0.041066412545392124,1.0
1769797832.44,7.4849899933288855,1.9880776565131366,-0.024212694393045325,0.9876815498527975,7.4849899933288855,2.0,0.0,0.0,1.0,7.4849899933288855,0.011930720605471162,0.06115726615814179,1.0
1769797832.46,7.491661107404936,1.9867022669519503,-0.009682388571909768,1.012300632362902,7.491661107404936,2.0,0.0,0.0,1.0,7.491661107404936,0.013341243313565055,0.059616690248309,1.0
1769797832.48,7.498332221480986,1.9858758246603125,0.0008142095718831153,0.9897871508539354,7.498332221480987,2.0,0.0,0.0,1.0,7.498332221480987,0.014470074703496982,0.0586020254179783,1.0
1769797832.5,7.505003335557037,1.98644681307778,0.01122041177415279,0.999646949711056,7.505003335557038,2.0,0.0,0.0,1.0,7.505003335557038,0.013336420600213561,0.04660182241049443,1.0
1769797832.52,7.511674449633087,1.9862272675239203,-0.004557835916183315,1.0253594014095018,7.511674449633088,2.0,0.0,0.0,1.0,7.511674449633088,0.013993774674115349,0.05891137072845484,1.0
1769797832.54,7.518345563709138,1.9867955278616138,-0.002575164523947548,1.0134867122662814,7.518345563709139,2.0,0.0,0.0,1.0,7.518345563709139,0.012960747772438892,0.052097546450052885,1.0
1769797832.56,7.52501667778519,1.98635781609856,-0.011987883462588212,1.0122366125471336,7.52501667778519,2.0,0.0,0.0,1.0,7.52501667778519,0.013773592175113501,0.06190115483442272,1.0
1769797832.58,7.53168779186124,1.9864674605396984,-0.0022602303309367518,1.00618211638929,7.53168779186124,2.0,0.0,0.0,1.0,7.53168779186124,0.013466657054017634,0.05468980826044305,1.0
1769797832.6,7.53835890593729,1.986636591213259,0.00930246259267991,0.9996830845317811,7.538358905937291,2.0,0.0,0.0,1.0,7.538358905937291,0.013730346248487674,0.05053384289208078,1.0
1769797832.62,7.545030020013342,1.988471477904901,-0.016951165640632104,1.0241586647742427,7.545030020013342,2.0,0.0,0.0,1.0,7.545030020013342,0.01148190329169373,0.05215475303029703,1.0
1769797832.64,7.551701134089392,1.9902218402723695,-0.010919320568713168,1.001005754104376,7.5517011340893925,2.0,0.0,0.0,1.0,7.5517011340893925,0.009911189819348172,0.04353370608940371,1.0
1769797832.66,7.558372248165442,1.9917147212387711,-0.0033212698810023682,0.9810711464972383,7.558372248165443,2.0,0.0,0.0,1.0,7.558372248165443,0.007406990265479311,0.02878439644854957,1.0
1769797832.68,7.565043362241493,1.9897026997777572,-0.013321850846560313,0.9884694915610771,7.565043362241494,2.0,0.0,0.0,1.0,7.565043362241494,0.010891077441658067,0.05370932236609118,1.0
1769797832.7,7.571714476317544,1.9902898762551704,0.00035755426266200564,0.9998636399428239,7.571714476317545,2.0,0.0,0.0,1.0,7.571714476317545,0.009538361325984634,0.0366219520569341,1.0
1769797832.72,7.578385590393595,1.9895911484221773,0.011694336070001136,1.0045662213672886,7.578385590393595,2.0,0.0,0.0,1.0,7.578385590393595,0.009924505222025344,0.03423699674914152,1.0
1769797832.74,7.585056704469645,1.9871014990157563,-0.002126638379789712,1.0120771191015827,7.585056704469646,2.0,0.0,0.0,1.0,7.585056704469646,0.013367862404534876,0.05797812599054389,1.0
1769797832.76,7.591727818545697,1.9872358648384565,-0.005677822431818781,1.015170075442764,7.591727818545697,2.0,0.0,0.0,1.0,7.591727818545697,0.013197797095972385,0.05546003429123644,1.0
1769797832.78,7.5983989326217465,1.989184138748029,0.0010522903297484193,1.0027534353466807,7.598398932621747,2.0,0.0,0.0,1.0,7.598398932621747,0.01060601364484008,0.039306125963353804,1.0
1769797832.8,7.605070046697797,1.9901638102000272,-0.010144720894206812,1.001451573932768,7.605070046697798,2.0,0.0,0.0,1.0,7.605070046697798,0.009846876175675368,0.043700727680640164,1.0
1769797832.82,7.611741160773849,1.99093460953777,0.018838807699703954,0.9997449641874152,7.611741160773849,2.0,0.0,0.0,1.0,7.611741160773849,0.008806648594695274,0.024766962947949025,1.0
1769797832.84,7.6184122748498995,1.9900397843026816,-0.01507337435805239,0.9986985285780465,7.6184122748498995,2.0,0.0,0.0,1.0,7.6184122748498995,0.009502053172980512,0.04624030444923348,1.0
1769797832.86,7.62508338892595,1.9877811017133098,-0.00014319097200199754,1.013882600214901,7.62508338892595,2.0,0.0,0.0,1.0,7.62508338892595,0.012993132712649454,0.05553520587626776,1.0
1769797832.88,7.631754503002,1.9893763893836618,0.0006127240841934166,1.0187636415290255,7.631754503002001,2.0,0.0,0.0,1.0,7.631754503002001,0.010864486888253188,0.04102293968651978,1.0
1769797832.9,7.638425617078051,1.9918280158982196,0.0040895672711445015,1.0054443090784235,7.638425617078052,2.0,0.0,0.0,1.0,7.638425617078052,0.00790423367704816,0.026611897861415365,1.0
1769797832.92,7.645096731154101,1.9930098981561915,0.0024970936198921464,0.9889288194851908,7.645096731154102,2.0,0.0,0.0,1.0,7.645096731154102,0.006969859569305832,0.025696517359534925,1.0
1769797832.94,7.651767845230152,1.9943734120017464,-0.0014017621459821586,0.9708756020019333,7.651767845230153,2.0,0.0,0.0,1.0,7.651767845230153,0.005902683533515007,0.023244439171260282,1.0
1769797832.96,7.658438959306204,1.9966965156243377,0.002118295593998362,0.9852278891660781,7.658438959306204,2.0,0.0,0.0,1.0,7.658438959306204,0.0029746283214768603,0.007911310276870115,1.0
1769797832.98,7.665110073382254,1.997493717769845,-0.011307997769615028,0.9911850049139309,7.665110073382254,2.0,0.0,0.0,1.0,7.665110073382254,0.002515042339270064,0.015254582259680976,1.0
1769797833.0,7.671781187458304,1.9981688663706862,-0.002883746369554266,0.9927065527570663,7.671781187458305,2.0,0.0,0.0,1.0,7.671781187458305,0.0016681995754413486,0.007267828722713811,1.0
1769797833.02,7.678452301534356,1.998134753221795,-0.019244251894084474,0.9977797414109629,7.678452301534356,2.0,0.0,0.0,1.0,7.678452301534356,0.0019163439465429057,0.01753564610431542,1.0
1769797833.04,7.685123415610406,1.9981584595441546,0.0014901617620414471,0.9925044458377513,7.6851234156104065,2.0,0.0,0.0,1.0,7.6851234156104065,0.001660906474850885,0.005643107546690795,1.0
1769797833.06,7.691794529686456,1.9974726097002358,-0.00943006227627168,0.9879133395066949,7.691794529686457,2.0,0.0,0.0,1.0,7.691794529686457,0.0026607927114596854,0.01635808822058338,1.0
1769797833.08,7.698465643762507,1.9973178325606893,-0.006415424148947397,0.986397610443468,7.698465643762508,2.0,0.0,0.0,1.0,7.698465643762508,0.002590695555770711,0.01350039714186757,1.0
1769797833.1,7.705136757838558,1.9966165237408984,-0.006514257727252344,0.9986868789007395,7.705136757838559,2.0,0.0,0.0,1.0,7.705136757838559,0.0032638133687110382,0.016985500151410652,1.0
1769797833.12,7.711807871914609,1.995933973368745,-0.013388391048447433,1.0064047238748044,7.711807871914609,2.0,0.0,0.0,1.0,7.711807871914609,0.004643211900713728,0.026646441659081317,1.0
1769797833.14,7.718478985990659,1.9978947819192086,0.0007859721561441173,1.0013850224034135,7.71847898599066,2.0,0.0,0.0,1.0,7.71847898599066,0.002055045745934517,0.005239030750886798,1.0
1769797833.16,7.725150100066711,1.9992808836514646,-0.0012683935154389717,0.9934493863639771,7.725150100066711,2.0,0.0,0.0,1.0,7.725150100066711,0.000378547092993002,0.00047188647674997893,1.0
1769797833.18,7.7318212141427605,1.9985673949495526,0.01754613746288655,1.0091426892438053,7.731821214142761,2.0,0.0,0.0,1.0,7.731821214142761,0.0009223378088115234,-0.004539926780378659,1.0
1769797833.2,7.738492328218811,1.9962624111431526,-0.012188711324011397,0.9895110452151181,7.738492328218812,2.0,0.0,0.0,1.0,7.738492328218812,0.004527340879993028,0.027808722253159314,1.0
1769797833.22,7.745163442294863,1.997007234886898,0.008307251082857233,0.9769222023313106,7.745163442294863,2.0,0.0,0.0,1.0,7.745163442294863,0.002357063221899368,0.003104349688075197,1.0
1769797833.24,7.7518345563709135,1.994847098663329,-0.005527036901482158,0.9900589619346049,7.7518345563709135,2.0,0.0,0.0,1.0,7.7518345563709135,0.005214550194967792,0.02647920620368067,1.0
1769797833.26,7.758505670446964,1.993471746466798,-0.005391534245712515,1.0006460560406398,7.758505670446964,2.0,0.0,0.0,1.0,7.758505670446964,0.0070253428881878275,0.0326079313688276,1.0
1769797833.28,7.765176784523014,1.994462606827408,0.00520705235378354,0.9891274423293566,7.765176784523015,2.0,0.0,0.0,1.0,7.765176784523015,0.005583855406465988,0.01829040796725034,1.0
1769797833.3,7.771847898599065,1.995589905405244,0.016692335608468865,1.015915422409689,7.7718478985990656,2.0,0.0,0.0,1.0,7.7718478985990656,0.00432970905390154,0.007718522058807279,1.0
1769797833.32,7.778519012675115,1.9969574465772637,-0.004320946478911131,1.0044696079130624,7.778519012675116,2.0,0.0,0.0,1.0,7.778519012675116,0.0036579285409081763,0.016120406890094908,1.0
1769797833.34,7.785190126751166,2.0010543145252946,-0.006403029528084296,0.9909489854834399,7.785190126751167,2.0,0.0,0.0,1.0,7.785190126751167,-0.0011967383007516976,-0.0064401052806245165,1.0
1769797833.36,7.791861240827218,2.0035911575796552,0.0030559882342986976,0.9883619267330451,7.791861240827218,2.0,0.0,0.0,1.0,7.791861240827218,-0.0044865381878584154,-0.022763946755689726,1.0
1769797833.38,7.798532354903268,2.0019937898495628,-0.013030563417159698,1.010495996058112,7.798532354903268,2.0,0.0,0.0,1.0,7.798532354903268,-0.0019495577957359305,0.0012540309177586119,1.0
1769797833.4,7.805203468979318,2.00071661335309,-0.01779651861452393,1.0173683443318837,7.805203468979319,2.0,0.0,0.0,1.0,7.805203468979319,-0.00060283837066322,0.007833625249681795,1.0
1769797833.42,7.81187458305537,1.9998550003948579,-0.0032721047928851482,1.0145586358401806,7.81187458305537,2.0,0.0,0.0,1.0,7.81187458305537,2.9613225393952365e-05,0.0023869568940755558,1.0
1769797833.44,7.81854569713142,1.9982715978894852,0.0027985442792907967,0.9979361987762926,7.8185456971314204,2.0,0.0,0.0,1.0,7.8185456971314204,0.0015450823355322172,0.006296526312621735,1.0
1769797833.46,7.82521681120747,1.996469170117462,0.02106602511739943,0.9912439588650753,7.825216811207471,2.0,0.0,0.0,1.0,7.825216811207471,0.004167296899138758,0.00875838960146186,1.0
1769797833.48,7.831887925283521,1.9975673161570984,-0.011532083733218847,1.0115490543487011,7.831887925283522,2.0,0.0,0.0,1.0,7.831887925283522,0.0023630782437560477,0.013414136186250904,1.0
1769797833.5,7.838559039359572,1.9979832201792422,0.00046761006473719225,1.000568599849955,7.8385590393595725,2.0,0.0,0.0,1.0,7.8385590393595725,0.0016593639326109365,0.005699936386930039,1.0
1769797833.52,7.845230153435623,1.9972453222197482,0.006281603368315142,1.0103136126102195,7.845230153435623,2.0,0.0,0.0,1.0,7.845230153435623,0.0032688166099663755,0.011543917433063369,1.0
1769797833.54,7.851901267511673,1.9988649109969818,-0.0029651172972514025,0.995553814576882,7.851901267511674,2.0,0.0,0.0,1.0,7.851901267511674,0.0010932612010780569,0.0036800480440496103,1.0
1769797833.56,7.858572381587725,2.0004819905643783,-0.002003430525132279,1.0029227192519148,7.858572381587725,2.0,0.0,0.0,1.0,7.858572381587725,-0.0002893033651636993,-0.0015380627643304136,1.0
1769797833.58,7.8652434956637745,2.0025681700440714,-0.004002750316390846,0.9994139453008686,7.865243495663775,2.0,0.0,0.0,1.0,7.865243495663775,-0.002998277061442496,-0.012700706783853358,1.0
1769797833.6,7.871914609739825,2.002687205911169,-0.004512844181206194,1.0029288103164253,7.871914609739826,2.0,0.0,0.0,1.0,7.871914609739826,-0.0026471834427013756,-0.007981218061461284,1.0
1769797833.62,7.878585723815877,2.0024847277639033,-0.012271832204815439,1.012570827952691,7.878585723815877,2.0,0.0,0.0,1.0,7.878585723815877,-0.0029930132977836377,-0.006181966943809094,1.0
1769797833.64,7.885256837891927,2.0002567749209006,-0.0038874364448547,1.012082685390051,7.885256837891927,2.0,0.0,0.0,1.0,7.885256837891927,8.974954147103313e-05,0.005385479227566154,1.0
1769797833.66,7.891927951967978,1.999818961965131,0.018340814239848974,0.9891195922426534,7.891927951967978,2.0,0.0,0.0,1.0,7.891927951967978,0.0003540637643684889,-0.0074898378395530756,1.0
1769797833.68,7.898599066044028,2.0005660899217417,-0.002358769092283702,1.0013967960928427,7.898599066044029,2.0,0.0,0.0,1.0,7.898599066044029,-0.0001886024136920142,-0.00011769128668670894,1.0
1769797833.7,7.905270180120079,2.002955432680017,0.011695207037297735,1.0140434667353382,7.9052701801200795,2.0,0.0,0.0,1.0,7.9052701801200795,-0.0030748262492517157,-0.02103313235121543,1.0
1769797833.72,7.911941294196129,2.0043210453329037,-0.009271033833157097,1.0102918802190435,7.91194129419613,2.0,0.0,0.0,1.0,7.91194129419613,-0.004787605448531877,-0.01622768407682912,1.0
1769797833.74,7.91861240827218,2.003461615026849,-0.009426833137864297,1.0018201277371062,7.918612408272181,2.0,0.0,0.0,1.0,7.918612408272181,-0.003509377446193386,-0.008045865213502906,1.0
1769797833.76,7.925283522348232,2.002104952771922,0.01132985689233705,1.0008376147909572,7.925283522348232,2.0,0.0,0.0,1.0,7.925283522348232,-0.002379293430521961,-0.014052018152584944,1.0
1769797833.78,7.931954636424282,1.9996146360935791,0.01643191374160308,0.9938808422912614,7.931954636424282,2.0,0.0,0.0,1.0,7.931954636424282,0.0005319658898037953,-0.003176833991260602,1.0
1769797833.8,7.938625750500332,1.998171801242528,0.01246651251620089,0.9924009026276446,7.938625750500333,2.0,0.0,0.0,1.0,7.938625750500333,0.002191537995643057,0.004192467830311046,1.0
1769797833.82,7.945296864576384,1.998278967198141,-0.015772652634824098,0.9924550799357293,7.945296864576384,2.0,0.0,0.0,1.0,7.945296864576384,0.0015754504970585032,0.013572040807061508,1.0
1769797833.84,7.9519679786524335,1.9980061048203388,0.013333321725334206,1.0130961298277772,7.951967978652434,2.0,0.0,0.0,1.0,7.951967978652434,0.002293250935314646,0.003224143316847624,1.0
1769797833.86,7.958639092728484,1.9990210323900472,0.0033751568309868356,1.009329444659063,7.958639092728485,2.0,0.0,0.0,1.0,7.958639092728485,0.0008697640310801547,0.00036799080459270963,1.0
1769797833.88,7.965310206804535,1.9994831915868718,-0.0003138467034224618,1.0045080835809626,7.965310206804536,2.0,0.0,0.0,1.0,7.965310206804536,0.00047365674164937704,0.0016554430288779614,1.0
1769797833.9,7.971981320880586,1.9992201682088913,0.006184982743791871,1.0063370821922366,7.9719813208805865,2.0,0.0,0.0,1.0,7.9719813208805865,0.0002560236832024005,-0.00228602969753331,1.0
1769797833.92,7.978652434956637,1.9968927669017615,0.001973098906616765,1.0143648937109755,7.978652434956637,2.0,0.0,0.0,1.0,7.978652434956637,0.0034872930059846054,0.016193891893412242,1.0
1769797833.94,7.985323549032687,1.9961359716019977,-0.014081433325323958,1.0329627376684203,7.985323549032688,2.0,0.0,0.0,1.0,7.985323549032688,0.0036610215025519,0.02185853116943687,1.0
1769797833.96,7.991994663108739,1.994593193494945,-0.015635829212712473,1.0105148748360087,7.991994663108739,2.0,0.0,0.0,1.0,7.991994663108739,0.005568189209867324,0.03199783915314096,1.0
1769797833.98,7.998665777184788,1.9933471021088685,-0.007846697056241558,1.014305430324835,7.998665777184789,2.0,0.0,0.0,1.0,7.998665777184789,0.006196465322983151,0.02933748593316921,1.0
1769797834.0,8.005336891260841,1.9908103910188009,0.009874374893248062,0.9985868533432476,8.005336891260841,2.0,0.0,0.0,1.0,8.005336891260841,0.010029007928566406,0.03901138687322484,1.0
1769797834.02,8.01200800533689,1.9924790369873389,-0.005166198138516649,1.0001372646454896,8.012008005336892,2.0,0.0,0.0,1.0,8.012008005336892,0.007809124983552812,0.031599716058455976,1.0
1769797834.04,8.018679119412942,1.9951271773677393,-0.01558062546549827,1.0170215878159752,8.018679119412942,2.0,0.0,0.0,1.0,8.018679119412942,0.004507561179960219,0.02251899364899742,1.0
1769797834.06,8.025350233488993,1.9957693519276007,0.0036542949019663586,1.008248215551729,8.025350233488993,2.0,0.0,0.0,1.0,8.025350233488993,0.003929235695927099,0.013311469848692095,1.0
1769797834.08,8.032021347565044,1.9951776511003492,-0.015195284491234749,1.0015267595799808,8.032021347565044,2.0,0.0,0.0,1.0,8.032021347565044,0.004995064602740032,0.028643729563390438,1.0
1769797834.1,8.038692461641094,1.9948691533336882,0.015310353454461174,1.0029219760512058,8.038692461641094,2.0,0.0,0.0,1.0,8.038692461641094,0.0046080431124862434,0.010389974232460596,1.0
1769797834.12,8.045363575717145,1.992028303747033,0.010679993676162592,0.9786725171682965,8.045363575717145,2.0,0.0,0.0,1.0,8.045363575717145,0.007879094350825386,0.029447431803559392,1.0
1769797834.14,8.052034689793196,1.9895944722564374,-0.007984822440387389,0.9973285925473246,8.052034689793196,2.0,0.0,0.0,1.0,8.052034689793196,0.011244688049614815,0.05233675711744239,1.0
1769797834.16,8.058705803869245,1.9908282031745548,0.006967797087905668,1.009040933626989,8.058705803869247,2.0,0.0,0.0,1.0,8.058705803869247,0.008923277805915003,0.029887802436007367,1.0
1769797834.18,8.065376917945297,1.9913324792550429,-0.01185073369733126,0.984925415961929,8.065376917945297,2.0,0.0,0.0,1.0,8.065376917945297,0.009097821331801818,0.042491195701759715,1.0
1769797834.2,8.072048032021348,1.993479269425795,-0.007536693377975601,1.0036618626656908,8.072048032021348,2.0,0.0,0.0,1.0,8.072048032021348,0.0061551752591939716,0.02544640165315584,1.0
1769797834.22,8.078719146097397,1.994129852410738,-0.007969464165790249,0.9936836294731579,8.078719146097399,2.0,0.0,0.0,1.0,8.078719146097399,0.0060798652068367424,0.028228882857884864,1.0
1769797834.24,8.08539026017345,1.9952346809292805,0.007750769123660216,0.9958848568542716,8.08539026017345,2.0,0.0,0.0,1.0,8.08539026017345,0.0042408823889688654,0.011249162176177477,1.0
1769797834.26,8.0920613742495,1.994380032872127,-0.0007661100829147732,1.0045030534516588,8.0920613742495,2.0,0.0,0.0,1.0,8.0920613742495,0.006107861733679848,0.02668148132088776,1.0
1769797834.28,8.09873248832555,1.995417130974876,0.008950057129054929,1.0043305167614587,8.09873248832555,2.0,0.0,0.0,1.0,8.09873248832555,0.004197773691260728,0.010405978158096324,1.0
1769797834.3,8.105403602401601,1.9947720252435759,-0.011068557596727488,1.0044095369834056,8.105403602401601,2.0,0.0,0.0,1.0,8.105403602401601,0.005342882480403315,0.028050917509119592,1.0
1769797834.32,8.112074716477652,1.9944732061588868,-0.012486070809192848,0.9992293222903685,8.112074716477652,2.0,0.0,0.0,1.0,8.112074716477652,0.005336844442486664,0.027584375136626427,1.0
1769797834.34,8.118745830553703,1.9931135150989792,-0.005950522197512016,1.004610229987738,8.118745830553703,2.0,0.0,0.0,1.0,8.118745830553703,0.006712043452725915,0.031198633919898917,1.0
1769797834.36,8.125416944629752,1.9912151721451774,0.0034231883255690884,0.9914886291284407,8.125416944629754,2.0,0.0,0.0,1.0,8.125416944629754,0.00906023605297059,0.036877542649342496,1.0
1769797834.38,8.132088058705804,1.9906608147536047,0.012676749175931286,0.9883713645361222,8.132088058705804,2.0,0.0,0.0,1.0,8.132088058705804,0.009397932550599397,0.03159105211206075,1.0
1769797834.4,8.138759172781855,1.9901897785989355,0.002194126624536917,0.9753949102841475,8.138759172781855,2.0,0.0,0.0,1.0,8.138759172781855,0.009619388551682179,0.03760194689554304,1.0
1769797834.42,8.145430286857904,1.9890996615596386,0.012593640635513489,0.9955601413609533,8.145430286857906,2.0,0.0,0.0,1.0,8.145430286857906,0.011171810852848236,0.03994284539480225,1.0
1769797834.44,8.152101400933956,1.9894902228010571,0.0007444663642446159,0.9800942760028866,8.152101400933956,2.0,0.0,0.0,1.0,8.152101400933956,0.010723584221384166,0.04207387707195028,1.0
1769797834.46,8.158772515010007,1.9901945261009877,-0.00018857579040568292,0.9869558486802568,8.158772515010007,2.0,0.0,0.0,1.0,8.158772515010007,0.009121449852798029,0.034977952937808816,1.0
1769797834.48,8.165443629086058,1.98825153897032,-0.0026609406955263844,0.9981691287480128,8.165443629086058,2.0,0.0,0.0,1.0,8.165443629086058,0.012293282814747184,0.05367543456870108,1.0
1769797834.5,8.172114743162108,1.9892811820254659,0.005761608884152597,1.0046762186639726,8.172114743162108,2.0,0.0,0.0,1.0,8.172114743162108,0.011148946496699189,0.04057064522667246,1.0
1769797834.52,8.178785857238159,1.992034063164432,0.00740976840104554,0.9858198797532005,8.178785857238159,2.0,0.0,0.0,1.0,8.178785857238159,0.007681908482615851,0.023555711715857297,1.0
1769797834.54,8.18545697131421,1.993278125257109,-0.003551629391318244,0.9939354570768917,8.18545697131421,2.0,0.0,0.0,1.0,8.18545697131421,0.006538521343711768,0.026786512931602106,1.0
1769797834.56,8.192128085390259,1.993275203156033,-2.672809383545443e-06,1.0010888008258056,8.19212808539026,2.0,0.0,0.0,1.0,8.19212808539026,0.00633346184638249,0.025130124292892454,1.0
1769797834.58,8.198799199466311,1.991648399513532,0.0140329070273058,0.9938296597531507,8.198799199466311,2.0,0.0,0.0,1.0,8.198799199466311,0.008553948933768924,0.029419829308809226,1.0
1769797834.6,8.205470313542362,1.9911752011567891,0.008547299874492821,1.0105935270820678,8.205470313542362,2.0,0.0,0.0,1.0,8.205470313542362,0.009034111374897779,0.03234295800347356,1.0
1769797834.62,8.21214142761841,1.9912914290746278,-0.0033482799820270305,1.0041066844084148,8.212141427618413,2.0,0.0,0.0,1.0,8.212141427618413,0.008321205385413663,0.03424605554318405,1.0
1769797834.64,8.218812541694463,1.9891123315306538,0.000901334391341092,1.0050836892735313,8.218812541694463,2.0,0.0,0.0,1.0,8.218812541694463,0.010400048860674034,0.04322837172228596,1.0
1769797834.66,8.225483655770514,1.9860692082830513,-0.0018665170072668614,1.004888634680656,8.225483655770514,2.0,0.0,0.0,1.0,8.225483655770514,0.015342324187121144,0.06724483057856512,1.0
1769797834.68,8.232154769846565,1.9890018642645364,-0.0037449619539987895,0.9994734621646151,8.232154769846565,2.0,0.0,0.0,1.0,8.232154769846565,0.010386763437080117,0.038463973975278835,1.0
1769797834.7,8.238825883922615,1.9888125790904434,0.010417515647572196,0.9922418268938189,8.238825883922615,2.0,0.0,0.0,1.0,8.238825883922615,0.010918550479767045,0.03899723113796901,1.0
1769797834.72,8.245496997998666,1.9875972599921787,-0.00010039361450910838,0.9930823102053974,8.245496997998666,2.0,0.0,0.0,1.0,8.245496997998666,0.012631434755999853,0.05228882010748678,1.0
1769797834.74,8.252168112074717,1.988480940472588,0.00676800277738958,0.9939116261627619,8.252168112074717,2.0,0.0,0.0,1.0,8.252168112074717,0.012550816947917565,0.046738648594893184,1.0
1769797834.76,8.258839226150766,1.9932749175278854,-0.010457620638171065,1.0010052083012504,8.258839226150767,2.0,0.0,0.0,1.0,8.258839226150767,0.0058205110846416604,0.02178054879437627,1.0
1769797834.78,8.265510340226818,1.9933860797524878,-0.003417681584790226,0.9945285001709695,8.265510340226818,2.0,0.0,0.0,1.0,8.265510340226818,0.00615243855835651,0.026650522499536002,1.0
1769797834.8,8.272181454302869,1.991390035182187,0.01619643466196454,1.0018703425034625,8.272181454302869,2.0,0.0,0.0,1.0,8.272181454302869,0.008656339238968112,0.029031040305501774,1.0
1769797834.82,8.278852568378918,1.9901096784416537,-0.0018186514960514678,1.011495853179229,8.27885256837892,2.0,0.0,0.0,1.0,8.27885256837892,0.010389595422723455,0.0442009636226749,1.0
1769797834.84,8.28552368245497,1.9905839970202168,-0.010184713761005453,1.0068240506774553,8.28552368245497,2.0,0.0,0.0,1.0,8.28552368245497,0.008840733598450832,0.03890642945003343,1.0
1769797834.86,8.292194796531021,1.9885227762789195,-0.010495713798963677,1.0045657165838977,8.292194796531021,2.0,0.0,0.0,1.0,8.292194796531021,0.011626274847436667,0.05453849753821434,1.0
1769797834.88,8.298865910607072,1.987785350149949,0.0009236355259763061,1.0067479998933742,8.298865910607072,2.0,0.0,0.0,1.0,8.298865910607072,0.012842872539381399,0.05212627008648217,1.0
1769797834.9,8.305537024683122,1.9900633758302235,-0.023325647132696782,1.0008932089321096,8.305537024683122,2.0,0.0,0.0,1.0,8.305537024683122,0.010020370095479667,0.04892180150436533,1.0
1769797834.92,8.312208138759173,1.9922238134112547,0.0032878980687675915,0.9998524812870669,8.312208138759173,2.0,0.0,0.0,1.0,8.312208138759173,0.007267784169551712,0.0246746017178951,1.0
1769797834.94,8.318879252835224,1.992040510155704,0.0010674155884187028,1.0035445035568267,8.318879252835224,2.0,0.0,0.0,1.0,8.318879252835224,0.00798829363061761,0.03213997618932699,1.0
1769797834.96,8.325550366911273,1.9917037028879425,0.004146783363762433,0.9973936683193553,8.325550366911274,2.0,0.0,0.0,1.0,8.325550366911274,0.008008375430345094,0.029980191839226646,1.0
1769797834.98,8.332221480987325,1.9898696972763825,-0.007558412997249313,1.010606417867903,8.332221480987325,2.0,0.0,0.0,1.0,8.332221480987325,0.009976738894476946,0.04565452554066429,1.0
1769797835.0,8.338892595063376,1.9874928398591079,0.0021375127301632565,0.9986778748517183,8.338892595063376,2.0,0.0,0.0,1.0,8.338892595063376,0.012680939537833145,0.05235920242960715,1.0
1769797835.02,8.345563709139425,1.986169787181986,-0.0009468883303074553,1.001894502063113,8.345563709139427,2.0,0.0,0.0,1.0,8.345563709139427,0.01407304703910878,0.058157739822864485,1.0
1769797835.04,8.352234823215477,1.986025277179045,0.00507705408055092,1.025520672027943,8.352234823215477,2.0,0.0,0.0,1.0,8.352234823215477,0.014020039130026127,0.053488621570746395,1.0
1769797835.06,8.358905937291528,1.9862386919795094,-4.7286412675777056e-05,1.0212474813173251,8.358905937291528,2.0,0.0,0.0,1.0,8.358905937291528,0.01390775671489798,0.05554238765080166,1.0
1769797835.08,8.365577051367579,1.9878007810762155,-0.004188546865353949,0.9904330697574177,8.365577051367579,2.0,0.0,0.0,1.0,8.365577051367579,0.012864465979457914,0.05250884661506856,1.0
1769797835.1,8.37224816544363,1.9918776520347354,0.010413181664799343,0.9968534818937435,8.37224816544363,2.0,0.0,0.0,1.0,8.37224816544363,0.007532643567267933,0.019592161024482076,1.0
1769797835.12,8.37891927951968,1.9932769398442132,0.002623594497487367,1.0145305827545095,8.37891927951968,2.0,0.0,0.0,1.0,8.37891927951968,0.006797430864061331,0.02514271350429504,1.0
1769797835.14,8.38559039359573,1.995155948817253,0.005815788349833824,1.0130580207787276,8.38559039359573,2.0,0.0,0.0,1.0,8.38559039359573,0.004976709041028002,0.015178220166161768,1.0
1769797835.16,8.39226150767178,1.9976005903218554,0.005612839423374829,1.0040815259720488,8.392261507671781,2.0,0.0,0.0,1.0,8.392261507671781,0.0023459722043952915,0.00394673226926104,1.0
1769797835.18,8.398932621747832,1.9993771704046797,0.00019947782625984997,0.996908006477347,8.398932621747832,2.0,0.0,0.0,1.0,8.398932621747832,0.00020414305103746923,-0.0014249958623378702,1.0
1769797835.2,8.405603735823883,1.999181786245557,-0.0016194926155904893,0.9867830573031536,8.405603735823883,2.0,0.0,0.0,1.0,8.405603735823883,0.00080012005248179,0.004606203519166726,1.0
1769797835.22,8.412274849899932,1.9991097566617404,0.004750974662805192,0.9993374119403079,8.412274849899934,2.0,0.0,0.0,1.0,8.412274849899934,0.0010980351893850316,0.002314568563040772,1.0
1769797835.24,8.418945963975984,1.9998874639394009,-0.007962684888213205,1.0107987948766897,8.418945963975984,2.0,0.0,0.0,1.0,8.418945963975984,-7.4223831771275985e-06,0.0028461953388359334,1.0
1769797835.26,8.425617078052035,1.9999520141708047,0.017075473670565458,0.9970377710937093,8.425617078052035,2.0,0.0,0.0,1.0,8.425617078052035,-0.00010536514610672958,-0.00905714018263925,1.0
1769797835.28,8.432288192128086,1.9987386418750173,4.255326814366347e-05,1.0111295588406768,8.432288192128086,2.0,0.0,0.0,1.0,8.432288192128086,0.0006990734825340641,0.0035794559247052183,1.0
1769797835.3,8.438959306204136,1.995522361631851,-0.012685373452875667,1.0040864335321467,8.438959306204136,2.0,0.0,0.0,1.0,8.438959306204136,0.005098725418863968,0.03113724033822361,1.0
1769797835.32,8.445630420280187,1.9951523571068517,-0.007523145643040441,0.9812717612369302,8.445630420280187,2.0,0.0,0.0,1.0,8.445630420280187,0.0047955123746448395,0.02264040927588045,1.0
1769797835.34,8.452301534356238,1.9944261415085738,0.004162064955487152,0.9961694343939359,8.452301534356238,2.0,0.0,0.0,1.0,8.452301534356238,0.005460923171162573,0.020428071003424447,1.0
1769797835.36,8.458972648432287,1.9933842741851224,-0.013858050733863937,0.9979108967456736,8.458972648432288,2.0,0.0,0.0,1.0,8.458972648432288,0.006827105584265948,0.03560363011709913,1.0
1769797835.38,8.46564376250834,1.9940560572789838,-0.002498565904370233,0.9986367447419011,8.46564376250834,2.0,0.0,0.0,1.0,8.46564376250834,0.006671154214516159,0.027777948440499963,1.0
1769797835.4,8.47231487658439,1.9980704489167225,0.005946308135359218,1.0099571272141012,8.47231487658439,2.0,0.0,0.0,1.0,8.47231487658439,0.0018785059908209803,-0.00025177832809086635,1.0
1769797835.42,8.478985990660439,2.001017503189263,0.0023771993752515113,1.0164889887585766,8.47898599066044,2.0,0.0,0.0,1.0,8.47898599066044,-0.0018466301229974873,-0.012300256293434172,1.0
1769797835.44,8.485657104736491,2.000247054910773,0.007922674867676775,1.0056189310198997,8.485657104736491,2.0,0.0,0.0,1.0,8.485657104736491,-9.529843771122638e-05,-0.002591199499397032,1.0
1769797835.46,8.492328218812542,2.0005841744723134,-0.004752030942964182,0.9980105831279865,8.492328218812542,2.0,0.0,0.0,1.0,8.492328218812542,-0.00018480350657329035,0.0015472963763268658,1.0
1769797835.48,8.498999332888593,2.0024673471181895,0.00997060555646891,0.9964291280191399,8.498999332888593,2.0,0.0,0.0,1.0,8.498999332888593,-0.002785025207307372,-0.018725625308198025,1.0
1769797835.5,8.505670446964643,2.0029674188822204,0.0033853441343088876,0.9911423649275064,8.505670446964643,2.0,0.0,0.0,1.0,8.505670446964643,-0.0028680220148523325,-0.013247756934108734,1.0
1769797835.52,8.512341561040694,2.004325977521698,-0.00849736225768591,0.9704388939516161,8.512341561040694,2.0,0.0,0.0,1.0,8.512341561040694,-0.003931342693966959,-0.012540010326139509,1.0
1769797835.54,8.519012675116745,2.0071832615045384,0.027333230329082053,1.0040495176674131,8.519012675116745,2.0,0.0,0.0,1.0,8.519012675116745,-0.0075261653572530965,-0.04736609925683955,1.0
1769797835.56,8.525683789192794,2.0083740185394596,-0.005317362545114994,1.0077951104497396,8.525683789192795,2.0,0.0,0.0,1.0,8.525683789192795,-0.008440327508045353,-0.032016790910416176,1.0
1769797835.58,8.532354903268846,2.008450704446554,0.0030464147142220373,1.01923117878389,8.532354903268846,2.0,0.0,0.0,1.0,8.532354903268846,-0.009255333720982037,-0.03935954845397585,1.0
1769797835.6,8.539026017344897,2.0046132067006965,-0.007812724511038746,1.0011443594199227,8.539026017344897,2.0,0.0,0.0,1.0,8.539026017344897,-0.004772453739651017,-0.010700572721753674,1.0
1769797835.62,8.545697131420946,2.000481630418867,-0.007229562217211353,0.9883031247163355,8.545697131420948,2.0,0.0,0.0,1.0,8.545697131420948,-3.2556106385919705e-05,0.008224454316327096,1.0
1769797835.64,8.552368245496998,1.998553083659086,0.009082692307087175,1.0002111553298956,8.552368245496998,2.0,0.0,0.0,1.0,8.552368245496998,0.0015542657380512419,0.003262538643098542,1.0
1769797835.66,8.559039359573049,1.9966683198853554,-0.02221577418012559,0.9941244544872289,8.559039359573049,2.0,0.0,0.0,1.0,8.559039359573049,0.0028744992473889747,0.023926117588956426,1.0
1769797835.68,8.5657104736491,1.9935702644454927,-4.3541293603867e-05,0.985555504615315,8.5657104736491,2.0,0.0,0.0,1.0,8.5657104736491,0.007349954602233023,0.03389704441057807,1.0
1769797835.7,8.57238158772515,1.9946583188329292,0.003365820639549026,1.0035364092866064,8.57238158772515,2.0,0.0,0.0,1.0,8.57238158772515,0.005233435438316442,0.017134312269574677,1.0
1769797835.72,8.579052701801201,1.9948250633671274,0.0013797266117418856,1.0068383125402092,8.579052701801201,2.0,0.0,0.0,1.0,8.579052701801201,0.004758773513820637,0.017870568824915802,1.0
1769797835.74,8.585723815877252,1.9932187049988919,-0.008314051284263472,0.9918111795584359,8.585723815877252,2.0,0.0,0.0,1.0,8.585723815877252,0.00695028665425016,0.0341496853995619,1.0
1769797835.76,8.5923949299533,1.9928436803350436,-0.006812394886803221,1.0002624805949691,8.592394929953302,2.0,0.0,0.0,1.0,8.592394929953302,0.007599025654679908,0.034451039062550995,1.0
1769797835.78,8.599066044029353,1.9944556143969772,-0.0027058199095976506,1.0178674827773135,8.599066044029353,2.0,0.0,0.0,1.0,8.599066044029353,0.005465383043429003,0.021080799517263934,1.0
1769797835.8,8.605737158105404,1.9952081299214297,0.007821029961351908,0.9995954992059815,8.605737158105404,2.0,0.0,0.0,1.0,8.605737158105404,0.004301130152526929,0.012129752738529686,1.0
1769797835.82,8.612408272181453,1.9940183046851059,-0.007392561867082521,1.0027579940548281,8.612408272181455,2.0,0.0,0.0,1.0,8.612408272181455,0.006329474208986471,0.03104252182594669,1.0
1769797835.84,8.619079386257505,1.9948632694575672,0.009474106046117668,0.9909251381753461,8.619079386257505,2.0,0.0,0.0,1.0,8.619079386257505,0.0055485523787858326,0.01667623466188386,1.0
1769797835.86,8.625750500333556,1.9968761378275983,0.006898849268243781,1.0168360989396763,8.625750500333556,2.0,0.0,0.0,1.0,8.625750500333556,0.0023699305336556354,0.002851675655370454,1.0
1769797835.88,8.632421614409607,1.995467277144193,0.004441233244809937,1.0015698094134882,8.632421614409607,2.0,0.0,0.0,1.0,8.632421614409607,0.00462934144985253,0.018556160093202045,1.0
1769797835.9,8.639092728485657,1.9949701451442392,0.012696794704734646,1.0038523467596252,8.639092728485657,2.0,0.0,0.0,1.0,8.639092728485657,0.005490696766997804,0.016475745032769162,1.0
1769797835.92,8.645763842561708,1.9964152186563748,0.029058272530476596,0.9937940446392052,8.645763842561708,2.0,0.0,0.0,1.0,8.645763842561708,0.0033763912699409006,-0.0031378766825315985,1.0
1769797835.94,8.652434956637759,1.9966407194611153,0.0016325006942381945,0.9924866338238899,8.652434956637759,2.0,0.0,0.0,1.0,8.652434956637759,0.003112194842015513,0.011368332593017567,1.0
1769797835.96,8.659106070713808,1.9961885208594663,-0.008647906682215503,1.0142040651350526,8.65910607071381,2.0,0.0,0.0,1.0,8.65910607071381,0.004286846319533309,0.022645990096758783,1.0
1769797835.98,8.66577718478986,1.9972449859568324,-0.020126978850979468,0.9744149585253106,8.66577718478986,2.0,0.0,0.0,1.0,8.66577718478986,0.0020452975735187487,0.01600313097355017,1.0
1769797836.0,8.67244829886591,1.994743794602961,-0.0007415879414760378,0.9772802544010061,8.67244829886591,2.0,0.0,0.0,1.0,8.67244829886591,0.005010559137495469,0.023378292084696616,1.0
1769797836.02,8.67911941294196,1.9914293674136865,0.013128648146140778,1.0025344948710173,8.679119412941962,2.0,0.0,0.0,1.0,8.679119412941962,0.00890374596211356,0.03294384660000194,1.0
1769797836.04,8.685790527018012,1.990067919034874,-0.009331658594312611,1.010459859406516,8.685790527018012,2.0,0.0,0.0,1.0,8.685790527018012,0.010330530688520034,0.047414736777642914,1.0
1769797836.06,8.692461641094063,1.9900580862169388,2.9672331114635252e-05,1.00236438068682,8.692461641094063,2.0,0.0,0.0,1.0,8.692461641094063,0.009434097301431795,0.03682511965308163,1.0
1769797836.08,8.699132755170114,1.9881361010836605,0.00455524683694394,0.9988660986329188,8.699132755170114,2.0,0.0,0.0,1.0,8.699132755170114,0.012321556848599192,0.04989606352309219,1.0
1769797836.1,8.705803869246164,1.988598914731039,0.0026536538729119547,1.0052957034818673,8.705803869246164,2.0,0.0,0.0,1.0,8.705803869246164,0.011650147032405795,0.044602351376973805,1.0
1769797836.12,8.712474983322215,1.9896601421016071,0.005923129727852175,1.0048712380050475,8.712474983322215,2.0,0.0,0.0,1.0,8.712474983322215,0.009775983392172392,0.03426820506453008,1.0
1769797836.14,8.719146097398266,1.988247149440021,-0.006209958175465443,1.0069128140368153,8.719146097398266,2.0,0.0,0.0,1.0,8.719146097398266,0.011910044890186268,0.05287922014649168,1.0
1769797836.16,8.725817211474315,1.9879528015911552,-0.0033532102740036424,1.0050356636380826,8.725817211474316,2.0,0.0,0.0,1.0,8.725817211474316,0.012432269680598178,0.05192790864980645,1.0
1769797836.18,8.732488325550367,1.9892232999858623,-0.014744281073856134,0.9957052753506069,8.732488325550367,2.0,0.0,0.0,1.0,8.732488325550367,0.01054454698952748,0.04766260580396729,1.0
1769797836.2,8.739159439626418,1.98914965959427,0.009825844266880292,0.9992968633917555,8.739159439626418,2.0,0.0,0.0,1.0,8.739159439626418,0.010589582400944328,0.037490442881754016,1.0
1769797836.22,8.745830553702467,1.9888189268033978,-0.0067061928819602224,1.0028595653310277,8.745830553702469,2.0,0.0,0.0,1.0,8.745830553702469,0.012140851486323472,0.053467771471653144,1.0
1769797836.24,8.75250166777852,1.9920772180118527,-0.015305803039421358,0.9925652090930435,8.75250166777852,2.0,0.0,0.0,1.0,8.75250166777852,0.007032840635440891,0.030676253210591663,1.0
1769797836.26,8.75917278185457,1.991201411463851,0.0007035444027864965,1.0058282377155794,8.75917278185457,2.0,0.0,0.0,1.0,8.75917278185457,0.008817550425654276,0.03670313929143724,1.0
1769797836.28,8.76584389593062,1.9902233383381087,-0.002037179281629659,0.9975275688950098,8.76584389593062,2.0,0.0,0.0,1.0,8.76584389593062,0.009585906266459193,0.04013057054745652,1.0
1769797836.3,8.772515010006671,1.9893628169470359,-0.003623156205996947,0.9990642628186109,8.772515010006671,2.0,0.0,0.0,1.0,8.772515010006671,0.011644926632983178,0.05045030500145517,1.0
1769797836.32,8.779186124082722,1.9925948015098494,0.017396644409800995,0.9861473102420105,8.779186124082722,2.0,0.0,0.0,1.0,8.779186124082722,0.0067949010706139165,0.013631256515185906,1.0
1769797836.34,8.785857238158773,1.9924613713519748,0.005352992913993648,0.9929432900716417,8.785857238158773,2.0,0.0,0.0,1.0,8.785857238158773,0.007021268551842423,0.025634945231601376,1.0
1769797836.36,8.792528352234822,1.990380971848501,0.006576645145032878,1.0152889599826214,8.792528352234823,2.0,0.0,0.0,1.0,8.792528352234823,0.010086405921418906,0.04012243848273567,1.0
1769797836.38,8.799199466310874,1.9906395251220037,0.0031709976641178077,0.9924469801002453,8.799199466310874,2.0,0.0,0.0,1.0,8.799199466310874,0.009518331395345305,0.03591975222324871,1.0
1769797836.4,8.805870580386925,1.991233285261858,-0.010812205968645863,1.002383152140176,8.805870580386925,2.0,0.0,0.0,1.0,8.805870580386925,0.008365257856864726,0.03771406087330126,1.0
1769797836.42,8.812541694462974,1.9892612164474586,-0.020098975291342275,0.9967935715696644,8.812541694462976,2.0,0.0,0.0,1.0,8.812541694462976,0.010046420044247504,0.05191633001004393,1.0
1769797836.44,8.819212808539026,1.9856175826971036,0.011704012110919804,0.9982481258270401,8.819212808539026,2.0,0.0,0.0,1.0,8.819212808539026,0.01594188207231055,0.06381098426184534,1.0
1769797836.46,8.825883922615077,1.9891223563293066,-0.005574497346059752,0.998154825136102,8.825883922615077,2.0,0.0,0.0,1.0,8.825883922615077,0.010748548795985085,0.04058811058064475,1.0
1769797836.48,8.832555036691128,1.9916751961598544,0.006586339713532971,0.9961216844958847,8.832555036691128,2.0,0.0,0.0,1.0,8.832555036691128,0.00797531278712959,0.025834845282896382,1.0
1769797836.5,8.839226150767178,1.9924999917749624,0.010225459487394615,0.9893390744388311,8.839226150767178,2.0,0.0,0.0,1.0,8.839226150767178,0.00740292225700399,0.02392656875419305,1.0
1769797836.52,8.845897264843229,1.9935476239500245,-0.010312636281582957,1.0075556508934107,8.845897264843229,2.0,0.0,0.0,1.0,8.845897264843229,0.007128280460753077,0.03339479818755287,1.0
1769797836.54,8.85256837891928,1.9967590171036804,0.004278295530373597,0.9927338425220382,8.85256837891928,2.0,0.0,0.0,1.0,8.85256837891928,0.0022505232912838945,0.001985188230479597,1.0
1769797836.56,8.859239492995329,1.99525698501238,0.023335164723815038,1.0045375168007282,8.85923949299533,2.0,0.0,0.0,1.0,8.85923949299533,0.004651734566163034,0.009340567177623759,1.0
1769797836.58,8.865910607071381,1.9940364779916697,-0.016884384867235844,1.0017347534069376,8.865910607071381,2.0,0.0,0.0,1.0,8.865910607071381,0.006671022379051305,0.03714556976271141,1.0
1769797836.6,8.872581721147432,1.9951895324716515,-0.002426400413817828,1.0160499221908608,8.872581721147432,2.0,0.0,0.0,1.0,8.872581721147432,0.0038823606323412033,0.013953980989563627,1.0
1769797836.62,8.87925283522348,1.9923092900625754,-0.0017734495098276142,0.9918220426243411,8.879252835223483,2.0,0.0,0.0,1.0,8.879252835223483,0.007988578563066649,0.03694725693790585,1.0
1769797836.64,8.885923949299533,1.990793380540556,-0.0015545244421037838,0.9943384372086317,8.885923949299533,2.0,0.0,0.0,1.0,8.885923949299533,0.009180898760170992,0.038693177458840204,1.0
1769797836.66,8.892595063375584,1.9897756048592758,-0.004370790300373482,1.010894315627665,8.892595063375584,2.0,0.0,0.0,1.0,8.892595063375584,0.010842558911405143,0.04721729094704147,1.0
1769797836.68,8.899266177451635,1.9913625905387815,-0.0014991286608925644,1.0051324761168494,8.899266177451635,2.0,0.0,0.0,1.0,8.899266177451635,0.008357406558824899,0.03169403821316563,1.0
1769797836.7,8.905937291527685,1.9920248588067384,0.0029479964644211322,1.0095061377879933,8.905937291527685,2.0,0.0,0.0,1.0,8.905937291527685,0.008357103992881787,0.03195411517337347,1.0
1769797836.72,8.912608405603736,1.9942725979313578,-0.005068022365952678,1.013266676514642,8.912608405603736,2.0,0.0,0.0,1.0,8.912608405603736,0.005530379860409745,0.021828806492143277,1.0
1769797836.74,8.919279519679787,1.995744326587812,-0.014690822102453392,0.9959357710267049,8.919279519679787,2.0,0.0,0.0,1.0,8.919279519679787,0.0043990999157731345,0.023810530769682623,1.0
1769797836.76,8.925950633755836,1.9972276220054406,-0.009037228665798747,1.0035476087823398,8.925950633755837,2.0,0.0,0.0,1.0,8.925950633755837,0.0021146210723345894,0.010692619778799185,1.0
1769797836.78,8.932621747831888,1.9951966777652206,0.02421646429233009,1.0085685739969656,8.932621747831888,2.0,0.0,0.0,1.0,8.932621747831888,0.0043586148806472515,0.007570221184736624,1.0
1769797836.8,8.939292861907939,1.9914966932985827,-0.011593288339315522,0.995349468107968,8.939292861907939,2.0,0.0,0.0,1.0,8.939292861907939,0.008909567460948196,0.04598586659375149,1.0
1769797836.82,8.945963975983988,1.990045816722187,0.0025106001371477415,1.001166177463728,8.94596397598399,2.0,0.0,0.0,1.0,8.94596397598399,0.010307407623576768,0.041372170588361776,1.0
1769797836.84,8.95263509006004,1.9901699973025155,-0.005634831894741169,0.9831270238146437,8.95263509006004,2.0,0.0,0.0,1.0,8.95263509006004,0.009756679573977751,0.04129340619368257,1.0
1769797836.86,8.959306204136091,1.9897776190277519,-0.018651264491851286,0.9773250226898264,8.959306204136091,2.0,0.0,0.0,1.0,8.959306204136091,0.01004799669351948,0.04980893613954529,1.0
1769797836.88,8.965977318212142,1.989448042551996,-0.0137044378246902,1.0096805303490857,8.965977318212142,2.0,0.0,0.0,1.0,8.965977318212142,0.011428552547744669,0.05394698495754897,1.0
1769797836.9,8.972648432288192,1.9926451525956126,-0.014216379261678083,1.0352354495378349,8.972648432288192,2.0,0.0,0.0,1.0,8.972648432288192,0.006790756791634611,0.02963342104126743,1.0
1769797836.92,8.979319546364243,1.9936190088131196,0.003018048894142839,1.009466460282825,8.979319546364243,2.0,0.0,0.0,1.0,8.979319546364243,0.006790160220284761,0.025651019862717773,1.0
1769797836.94,8.985990660440294,1.996259257083766,0.0036848015334683486,0.9833642896032222,8.985990660440294,2.0,0.0,0.0,1.0,8.985990660440294,0.0034976794801531703,0.008855836413746918,1.0
1769797836.96,8.992661774516343,1.9975201038363262,0.007676331865066516,0.9963619622075972,8.992661774516344,2.0,0.0,0.0,1.0,8.992661774516344,0.0022347906806313676,0.0038381079904704096,1.0
1769797836.98,8.999332888592395,1.9976484028865766,0.008078843412624461,0.9995829238782035,8.999332888592395,2.0,0.0,0.0,1.0,8.999332888592395,0.002362874998646482,0.005540162606288812,1.0
1769797837.0,9.006004002668446,1.9984130326118192,0.006654208679396635,0.9871316992228498,9.006004002668446,2.0,0.0,0.0,1.0,9.006004002668446,0.0021706679321311746,0.005163360322311074,1.0
1769797837.02,9.012675116744495,2.0004080759808964,-0.016234591379321792,1.0019337686369485,9.012675116744497,2.0,0.0,0.0,1.0,9.012675116744497,-0.0019015982088319368,-0.0035613632866299625,1.0
1769797837.04,9.019346230820547,1.9958681058387417,0.01393433979288947,1.0083135923174302,9.019346230820547,2.0,0.0,0.0,1.0,9.019346230820547,0.0045666510470602755,0.01776768354768858,1.0
1769797837.06,9.026017344896598,1.993942465618457,-0.007638873408692824,0.9961724983332859,9.026017344896598,2.0,0.0,0.0,1.0,9.026017344896598,0.006642998836335799,0.03246777983896513,1.0
1769797837.08,9.032688458972649,1.9945495613761544,-0.011667165950403067,0.9931482000624157,9.032688458972649,2.0,0.0,0.0,1.0,9.032688458972649,0.00525100714612663,0.025445619869498885,1.0
1769797837.1,9.0393595730487,1.9940746795770963,-0.01342304383021548,0.9880507186446259,9.0393595730487,2.0,0.0,0.0,1.0,9.0393595730487,0.005774023095501683,0.030330630246489524,1.0
1769797837.12,9.04603068712475,1.9936879474945493,0.002467769837464791,0.9960413673764525,9.04603068712475,2.0,0.0,0.0,1.0,9.04603068712475,0.007106256416503725,0.028523374068284545,1.0
1769797837.14,9.0527018012008,1.9971304777536916,-0.00536130428727713,0.9844529042343735,9.0527018012008,2.0,0.0,0.0,1.0,9.0527018012008,0.002992499669751185,0.010536894075890766,1.0
1769797837.16,9.05937291527685,2.0003494506082826,0.015600442105373001,0.9875012639412272,9.059372915276851,2.0,0.0,0.0,1.0,9.059372915276851,-0.0011469026555684934,-0.016527234000280153,1.0
1769797837.18,9.066044029352902,2.0002786308328315,-0.011246082110519787,0.994990734059132,9.066044029352902,2.0,0.0,0.0,1.0,9.066044029352902,0.0001530194244603899,0.007535040833130336,1.0
1769797837.2,9.072715143428953,2.001884255134839,0.005064398859109922,1.0015105274593088,9.072715143428953,2.0,0.0,0.0,1.0,9.072715143428953,-0.002222178924742413,-0.013796113477727415,1.0
1769797837.22,9.079386257505002,2.0013123374594977,0.012386041646067426,1.0100359461220043,9.079386257505003,2.0,0.0,0.0,1.0,9.079386257505003,-0.0019129017506305346,-0.013535350651443973,1.0
1769797837.24,9.086057371581054,1.9979880009788937,0.003075036991596782,1.0109496827311648,9.086057371581054,2.0,0.0,0.0,1.0,9.086057371581054,0.0020622135744646415,0.010686451127155352,1.0
1769797837.26,9.092728485657105,1.9959596112065383,0.0010758749453974481,1.0282528966442497,9.092728485657105,2.0,0.0,0.0,1.0,9.092728485657105,0.0051020009193715726,0.0229098535496945,1.0
1769797837.28,9.099399599733156,1.9975310505209753,0.010265020674179351,0.9937572250216727,9.099399599733156,2.0,0.0,0.0,1.0,9.099399599733156,0.0011145886449029632,-0.004661568031946432,1.0
1769797837.3,9.106070713809206,1.9932859647629209,0.00012083656691065722,0.9942239029525929,9.106070713809206,2.0,0.0,0.0,1.0,9.106070713809206,0.00721786072382204,0.03491429669075191,1.0
1769797837.32,9.112741827885257,1.991642388924614,-0.00311855645970681,0.9897612639046186,9.112741827885257,2.0,0.0,0.0,1.0,9.112741827885257,0.008607935390333549,0.03738109445769911,1.0
1769797837.34,9.119412941961308,1.9915470895436431,-0.002350310869225162,1.0011844508647594,9.119412941961308,2.0,0.0,0.0,1.0,9.119412941961308,0.008833006777272476,0.03673225393064141,1.0
1769797837.36,9.126084056037357,1.9927792277372847,-0.014607976504507111,1.0179182522320316,9.126084056037358,2.0,0.0,0.0,1.0,9.126084056037358,0.006774427006388565,0.03234311650692391,1.0
1769797837.38,9.132755170113409,1.992729320269765,0.004193621539765771,1.0032027922636797,9.132755170113409,2.0,0.0,0.0,1.0,9.132755170113409,0.008071578598598679,0.03148665521672194,1.0
1769797837.4,9.13942628418946,1.996355513846141,-0.00474528147172478,0.990839974178462,9.13942628418946,2.0,0.0,0.0,1.0,9.13942628418946,0.003583059145390183,0.012216357864214628,1.0
1769797837.42,9.146097398265509,1.9994826257473313,0.0026641539403775595,1.011906501423809,9.14609739826551,2.0,0.0,0.0,1.0,9.14609739826551,0.00030495195033579045,-0.0033903763639000105,1.0
1769797837.44,9.152768512341561,2.000998553062273,0.00846501300754392,1.0138151764659797,9.152768512341561,2.0,0.0,0.0,1.0,9.152768512341561,-0.0016184335709686906,-0.012629626308951205,1.0
1769797837.46,9.159439626417612,1.9997910492097812,-0.005317347101556569,0.9958174150753824,9.159439626417612,2.0,0.0,0.0,1.0,9.159439626417612,0.0003782953300316171,0.006168583771905061,1.0
1769797837.48,9.166110740493663,1.9990245048128752,-0.0054422473390839865,1.0134398431207026,9.166110740493663,2.0,0.0,0.0,1.0,9.166110740493663,0.0006261801235841827,0.005473728957431289,1.0
1769797837.5,9.172781854569713,1.9963983044882918,-0.007966668814565698,0.9945561193922866,9.172781854569713,2.0,0.0,0.0,1.0,9.172781854569713,0.003372176547218428,0.020218037019790806,1.0
1769797837.52,9.179452968645764,1.9931722955970288,-0.002088801432555151,0.9810556055835119,9.179452968645764,2.0,0.0,0.0,1.0,9.179452968645764,0.0072989843372429,0.034167145855273647,1.0
1769797837.54,9.186124082721815,1.9923642188698025,-0.01308860276014387,0.9948408892935016,9.186124082721815,2.0,0.0,0.0,1.0,9.186124082721815,0.007854406934298865,0.03851735171432336,1.0
1769797837.56,9.192795196797864,1.9920466111578388,-0.011650674692780454,1.0098229001395118,9.192795196797865,2.0,0.0,0.0,1.0,9.192795196797865,0.0074236041049501565,0.035088950936842146,1.0
1769797837.58,9.199466310873916,1.990035497820021,-0.005172164027177716,0.9982299232908208,9.199466310873916,2.0,0.0,0.0,1.0,9.199466310873916,0.010743325327776138,0.048879104547519384,1.0
1769797837.6,9.206137424949967,1.991416490671047,-0.005216959463286164,1.0073761648210122,9.206137424949967,2.0,0.0,0.0,1.0,9.206137424949967,0.008341107494742128,0.03357069187757759,1.0
1769797837.62,9.212808539026016,1.9917583704991084,-0.013633662286578363,0.9992526565463449,9.212808539026017,2.0,0.0,0.0,1.0,9.212808539026017,0.0083337250375764,0.040144348836429054,1.0
1769797837.64,9.219479653102068,1.9927787692906205,0.02080783356217511,0.9919698018475525,9.219479653102068,2.0,0.0,0.0,1.0,9.219479653102068,0.007469970501633652,0.018612210689504305,1.0
1769797837.66,9.226150767178119,1.994981716203975,-0.000610366312555577,0.9900724576048898,9.226150767178119,2.0,0.0,0.0,1.0,9.226150767178119,0.005040046220681577,0.018035443758052022,1.0
1769797837.68,9.23282188125417,1.9972606624862341,0.014734712213842852,0.9949157171569432,9.23282188125417,2.0,0.0,0.0,1.0,9.23282188125417,0.002713778900940696,0.0011614921771004793,1.0
1769797837.7,9.23949299533022,1.9994136791846404,-0.0039671238175806745,0.9846303553173364,9.23949299533022,2.0,0.0,0.0,1.0,9.23949299533022,0.0005796647580245673,0.0021681067979724775,1.0
1769797837.72,9.246164109406271,2.001102946639768,-0.007460425647907764,1.02420044297551,9.246164109406271,2.0,0.0,0.0,1.0,9.246164109406271,-0.0015356342821504316,-0.0045276233448228445,1.0
1769797837.74,9.252835223482322,2.000283498011794,-0.01300554965099079,0.9989732817855095,9.252835223482322,2.0,0.0,0.0,1.0,9.252835223482322,-0.0007730050971099431,0.004173383622096112,1.0
1769797837.76,9.25950633755837,1.997685579384515,0.0029498178366487034,0.9973657544810709,9.259506337558372,2.0,0.0,0.0,1.0,9.259506337558372,0.0028203170143196194,0.01339968125038369,1.0
1769797837.78,9.266177451634423,1.9970418598529354,-0.00906004961897282,1.008436395026762,9.266177451634423,2.0,0.0,0.0,1.0,9.266177451634423,0.002551489381534679,0.014467154702840185,1.0
1769797837.8,9.272848565710474,1.9946442666557602,-0.011830587553954408,1.0023767152397776,9.272848565710474,2.0,0.0,0.0,1.0,9.272848565710474,0.005499563251117919,0.03086162065103212,1.0
1769797837.82,9.279519679786523,1.993438403598888,0.000630867780761142,1.0180730552135346,9.279519679786524,2.0,0.0,0.0,1.0,9.279519679786524,0.007082120309316194,0.02959560440508248,1.0
1769797837.84,9.286190793862575,1.9945553769541235,0.008114561495672936,1.011199257484587,9.286190793862575,2.0,0.0,0.0,1.0,9.286190793862575,0.005338347886365692,0.015552338374675798,1.0
1769797837.86,9.292861907938626,1.9948336752163518,0.02135666078710577,1.0102254538306252,9.292861907938626,2.0,0.0,0.0,1.0,9.292861907938626,0.004823600435022014,0.008101323895191494,1.0
1769797837.88,9.299533022014677,1.9937917304438142,0.00736929564205917,0.9988828330406119,9.299533022014677,2.0,0.0,0.0,1.0,9.299533022014677,0.006487406815009101,0.02392878581899391,1.0
1769797837.9,9.306204136090727,1.9943768025121447,-0.006415886691553449,0.9905935699932832,9.306204136090727,2.0,0.0,0.0,1.0,9.306204136090727,0.005947573787547901,0.02645840546850713,1.0
1769797837.92,9.312875250166778,1.9962251054731845,-0.007262720028517011,0.9832573415387696,9.312875250166778,2.0,0.0,0.0,1.0,9.312875250166778,0.0035243693542938714,0.015305632998179962,1.0
1769797837.94,9.319546364242829,1.9972223071098636,0.009485163215422084,0.9883118732754301,9.319546364242829,2.0,0.0,0.0,1.0,9.319546364242829,0.003095709037541049,0.007211594225700332,1.0
1769797837.96,9.326217478318878,1.9995539833885456,-0.019069188765196286,0.999773446117953,9.32621747831888,2.0,0.0,0.0,1.0,9.32621747831888,0.00029641589890246436,0.007920964839569417,1.0
1769797837.98,9.33288859239493,2.000745279689192,0.006909681764297834,1.0069124199884345,9.33288859239493,2.0,0.0,0.0,1.0,9.33288859239493,-0.0011875230086538032,-0.009688871824320398,1.0
1769797838.0,9.33955970647098,1.999931790369776,-0.01706295555973089,1.0191207313781006,9.33955970647098,2.0,0.0,0.0,1.0,9.33955970647098,0.00012722616765184405,0.01035513162677847,1.0
1769797838.02,9.34623082054703,1.999306818528748,-0.001617534152226095,1.0137881911003819,9.346230820547031,2.0,0.0,0.0,1.0,9.346230820547031,0.0006062884416419998,0.0037129831166712026,1.0
1769797838.04,9.352901934623082,1.9980393171321986,-0.015900370991871075,1.0160300919599625,9.352901934623082,2.0,0.0,0.0,1.0,9.352901934623082,0.0017236541171263507,0.015962167639925293,1.0
1769797838.06,9.359573048699133,1.995738539538391,0.00831602599150592,0.988914424845814,9.359573048699133,2.0,0.0,0.0,1.0,9.359573048699133,0.004334318434166891,0.015789925057955144,1.0
1769797838.08,9.366244162775184,1.9942019503815138,0.011598891434732401,1.003631717050116,9.366244162775184,2.0,0.0,0.0,1.0,9.366244162775184,0.006222234183477494,0.020977406765854377,1.0
1769797838.1,9.372915276851234,1.9943859739397483,0.0015951569087750781,0.9953139737869873,9.372915276851234,2.0,0.0,0.0,1.0,9.372915276851234,0.005355110805402294,0.019755741389146438,1.0
1769797838.12,9.379586390927285,1.993130371129259,0.005902184380401991,0.9885560708474911,9.379586390927285,2.0,0.0,0.0,1.0,9.379586390927285,0.006638273691314154,0.024885165460967477,1.0
1769797838.14,9.386257505003336,1.9910514385173297,-0.0049711581012132754,1.0108715877708419,9.386257505003336,2.0,0.0,0.0,1.0,9.386257505003336,0.00920488918522196,0.041871751285402284,1.0
1769797838.16,9.392928619079385,1.9903809657119202,-0.005771139314003564,1.0029740294591662,9.392928619079386,2.0,0.0,0.0,1.0,9.392928619079386,0.009831298149357825,0.04283717121856895,1.0
1769797838.18,9.399599733155437,1.9905590809841458,0.021187079465620765,0.9914169966038916,9.399599733155437,2.0,0.0,0.0,1.0,9.399599733155437,0.009298942407523571,0.026069874155449653,1.0
1769797838.2,9.406270847231488,1.9903172910991827,-0.01217461667942799,0.9947132827021411,9.406270847231488,2.0,0.0,0.0,1.0,9.406270847231488,0.009925361249171791,0.04641517217804938,1.0
1769797838.22,9.412941961307537,1.991442820883295,0.0012864441826991933,1.0059331319972873,9.412941961307538,2.0,0.0,0.0,1.0,9.412941961307538,0.008792121160124868,0.033392022460102956,1.0
1769797838.24,9.41961307538359,1.9933873498354389,0.019441708601765462,0.9943914720008654,9.41961307538359,2.0,0.0,0.0,1.0,9.41961307538359,0.006335253129965386,0.013163290188819328,1.0
1769797838.26,9.426284189459638,1.993879546388335,0.00352708073763883,0.9913385949694017,9.42628418945964,2.0,0.0,0.0,1.0,9.42628418945964,0.0059626407071972495,0.021714410037201447,1.0
1769797838.28,9.432955303535689,1.993684926794352,-0.017788537893200077,0.9793507629331178,9.43295530353569,2.0,0.0,0.0,1.0,9.43295530353569,0.006364717279615857,0.034755214637482074,1.0
1769797838.3,9.439626417611741,1.9932183513820685,-0.010644751058817022,0.996615009545327,9.439626417611741,2.0,0.0,0.0,1.0,9.439626417611741,0.006278020454447773,0.03034776052203152,1.0
1769797838.32,9.446297531687792,1.9909517377306107,-0.00030198296397594075,1.0121845833535323,9.446297531687792,2.0,0.0,0.0,1.0,9.446297531687792,0.009598488793139393,0.04186541499323717,1.0
1769797838.34,9.452968645763843,1.9908596907708414,-0.015970494465874223,0.9933025774524961,9.452968645763843,2.0,0.0,0.0,1.0,9.452968645763843,0.008747152143346757,0.04212251915653151,1.0
1769797838.36,9.459639759839893,1.989412310403292,-0.0005033719279656931,1.0058734578290907,9.459639759839893,2.0,0.0,0.0,1.0,9.459639759839893,0.011067089256051486,0.04683998010089352,1.0
1769797838.38,9.466310873915944,1.9900358817127572,-0.011310234079612565,0.9904378143657235,9.466310873915944,2.0,0.0,0.0,1.0,9.466310873915944,0.009797871553988091,0.04357738555369525,1.0
1769797838.4,9.472981987991993,1.9900520287569565,-0.010651648464036377,0.9983944692468791,9.472981987991995,2.0,0.0,0.0,1.0,9.472981987991995,0.010116365066298118,0.046109778009520694,1.0
1769797838.42,9.479653102068044,1.9901779637283654,-0.00214923457344815,1.0077958213105953,9.479653102068045,2.0,0.0,0.0,1.0,9.479653102068045,0.009145986356987965,0.03668818400536578,1.0
1769797838.44,9.486324216144096,1.987709914738189,0.00044927557669881393,1.0087071742886278,9.486324216144096,2.0,0.0,0.0,1.0,9.486324216144096,0.012851000901908084,0.054884380364203046,1.0
1769797838.46,9.492995330220147,1.98746694834589,0.003899967115779593,1.0120344133322399,9.492995330220147,2.0,0.0,0.0,1.0,9.492995330220147,0.012140527931533734,0.04590165519787078,1.0
1769797838.48,9.499666444296198,1.9854733256653443,-0.00274955082321069,0.9990291760263925,9.499666444296198,2.0,0.0,0.0,1.0,9.499666444296198,0.01460779541843141,0.06227322457222866,1.0
1769797838.5,9.506337558372248,1.9844518062796126,-0.001109871984686486,0.995457458469836,9.506337558372248,2.0,0.0,0.0,1.0,9.506337558372248,0.016141731957580837,0.06665580036181601,1.0
1769797838.52,9.513008672448297,1.986356049184996,0.013501708527363685,0.9866609801253031,9.513008672448299,2.0,0.0,0.0,1.0,9.513008672448299,0.013799867999217333,0.04610675377482398,1.0
1769797838.54,9.519679786524348,1.9889946770113471,-0.010485188738148068,0.994256040954536,9.51967978652435,2.0,0.0,0.0,1.0,9.51967978652435,0.011012094383290977,0.04650319828631159,1.0
1769797838.56,9.526350900600399,1.991658858725703,0.01244951645031631,0.9801391771694338,9.5263509006004,2.0,0.0,0.0,1.0,9.5263509006004,0.008335095320656112,0.024438623994831425,1.0
1769797838.58,9.533022014676451,1.9938313062453508,-0.0012975277349612855,0.9958104072910966,9.533022014676451,2.0,0.0,0.0,1.0,9.533022014676451,0.005705174010265622,0.02083953859815264,1.0
1769797838.6,9.539693128752502,1.9937467924619028,0.010374342895318968,0.991014867165496,9.539693128752502,2.0,0.0,0.0,1.0,9.539693128752502,0.006159338375456907,0.019904346419359432,1.0
1769797838.62,9.546364242828552,1.9931150992848372,-0.006104147395709646,1.001007227142542,9.546364242828552,2.0,0.0,0.0,1.0,9.546364242828552,0.006775777413864253,0.030771622391719183,1.0
1769797838.64,9.553035356904603,1.991643968818896,-0.015156148116139403,1.0007002858525236,9.553035356904603,2.0,0.0,0.0,1.0,9.553035356904603,0.008025835964954046,0.04093147646897567,1.0
1769797838.66,9.559706470980652,1.9890270950235913,0.0013339489124803707,0.9894958556078483,9.559706470980654,2.0,0.0,0.0,1.0,9.559706470980654,0.011368072655743664,0.04814755285752409,1.0
1769797838.68,9.566377585056703,1.9887918548373757,-0.002484650985184122,1.0009526539993432,9.566377585056705,2.0,0.0,0.0,1.0,9.566377585056705,0.011745662934815295,0.04860256751092487,1.0
1769797838.7,9.573048699132755,1.9907199180400363,0.001633981080412559,1.0026357531972092,9.573048699132755,2.0,0.0,0.0,1.0,9.573048699132755,0.00893496907861335,0.03211219191804517,1.0
1769797838.72,9.579719813208806,1.9910953931775266,0.007252012720901785,1.0032024192923685,9.579719813208806,2.0,0.0,0.0,1.0,9.579719813208806,0.00896254553693863,0.03225175224562891,1.0
1769797838.74,9.586390927284857,1.9919640354205674,0.000618639819551076,0.998228599174369,9.586390927284857,2.0,0.0,0.0,1.0,9.586390927284857,0.008258751017478116,0.03202188964067641,1.0
1769797838.76,9.593062041360907,1.9935104132694383,0.02421415707587775,1.011431876341099,9.593062041360907,2.0,0.0,0.0,1.0,9.593062041360907,0.006127652292178708,0.01027243190547655,1.0
1769797838.78,9.599733155436958,1.9938339957987332,0.0016117520808239425,1.0017780504889238,9.599733155436958,2.0,0.0,0.0,1.0,9.599733155436958,0.006632236260809504,0.02622765297145684,1.0
1769797838.8,9.606404269513009,1.9954234423512556,-0.011626160684303735,0.9984837366819179,9.606404269513009,2.0,0.0,0.0,1.0,9.606404269513009,0.0036666720607734663,0.017514204385209696,1.0
1769797838.82,9.613075383589058,1.9930758656750827,-0.007465812179324064,1.0013160281457862,9.61307538358906,2.0,0.0,0.0,1.0,9.61307538358906,0.007233243840085667,0.0362324532293169,1.0
1769797838.84,9.61974649766511,1.9924233098399777,0.01170706942426336,0.9955863801020786,9.61974649766511,2.0,0.0,0.0,1.0,9.61974649766511,0.007829199930303874,0.026059221099302025,1.0
1769797838.86,9.62641761174116,1.9925837527300752,-0.005908439971020422,1.0226053370553179,9.62641761174116,2.0,0.0,0.0,1.0,9.62641761174116,0.007050867067144535,0.030379355390929015,1.0
1769797838.88,9.633088725817212,1.991020942877444,-0.0062023799934656865,1.0263932309916968,9.633088725817212,2.0,0.0,0.0,1.0,9.633088725817212,0.008960911992800667,0.04085488289359165,1.0
1769797838.9,9.639759839893262,1.990072698506034,0.005987328079853729,1.0093169838793423,9.639759839893262,2.0,0.0,0.0,1.0,9.639759839893262,0.010626544247378224,0.04117814520416358,1.0
1769797838.92,9.646430953969311,1.9920701615009364,0.0007996054516324017,1.0036497240718727,9.646430953969313,2.0,0.0,0.0,1.0,9.646430953969313,0.007612413016117088,0.027035718107391016,1.0
1769797838.94,9.653102068045362,1.9926407276564309,0.0022079478038631735,0.9874220809809302,9.653102068045364,2.0,0.0,0.0,1.0,9.653102068045364,0.007413694424578843,0.02835208520484554,1.0
1769797838.96,9.659773182121413,1.9938254527023234,0.018023473272736505,1.0177864462759216,9.659773182121414,2.0,0.0,0.0,1.0,9.659773182121414,0.006534736476696275,0.01624825132253428,1.0
1769797838.98,9.666444296197465,1.995638767750446,0.0031457022514325707,1.0163588383331421,9.666444296197465,2.0,0.0,0.0,1.0,9.666444296197465,0.0033089394163580014,0.008437109479377447,1.0
1769797839.0,9.673115410273516,1.9937293503346252,-0.005632396090493149,0.9952041501757766,9.673115410273516,2.0,0.0,0.0,1.0,9.673115410273516,0.007458617089679955,0.03680034407728835,1.0
1769797839.02,9.679786524349566,1.9968239617381405,-0.006986016258410422,1.0008831508174922,9.679786524349566,2.0,0.0,0.0,1.0,9.679786524349566,0.0026362191011034173,0.009215486545042343,1.0
1769797839.04,9.686457638425617,1.9969648070514947,-0.009345767700990597,0.9962075602791451,9.686457638425617,2.0,0.0,0.0,1.0,9.686457638425617,0.0026005829418728867,0.015039579458756315,1.0
1769797839.06,9.693128752501666,1.995074230342348,0.004535988482038323,1.0007684572179583,9.693128752501668,2.0,0.0,0.0,1.0,9.693128752501668,0.004922527666102636,0.01974406114762113,1.0
1769797839.08,9.699799866577717,1.9938709046737237,0.019842198034764415,1.0113812877356845,9.699799866577719,2.0,0.0,0.0,1.0,9.699799866577719,0.006831475660693935,0.01931375161998483,1.0
1769797839.1,9.70647098065377,1.9950718654115127,-0.021115130810587544,1.0149842644180065,9.70647098065377,2.0,0.0,0.0,1.0,9.70647098065377,0.004054646100952243,0.023999320249361054,1.0
1769797839.12,9.71314209472982,1.9927350307377683,-0.005943147347925742,1.013403613960147,9.71314209472982,2.0,0.0,0.0,1.0,9.71314209472982,0.007803453459193125,0.03793419486897625,1.0
1769797839.14,9.71981320880587,1.9933189259363577,-0.0122056830407096,0.9898569870029877,9.71981320880587,2.0,0.0,0.0,1.0,9.71981320880587,0.007088877683489066,0.033743776478607004,1.0
1769797839.16,9.726484322881921,1.995648746990475,-0.006980466968147877,0.9849823130709479,9.726484322881921,2.0,0.0,0.0,1.0,9.726484322881921,0.004194095305767774,0.017371832329423742,1.0
1769797839.18,9.733155436957972,1.9966313473553423,0.002079400063510651,0.9859805652899398,9.733155436957972,2.0,0.0,0.0,1.0,9.733155436957972,0.002754834572941985,0.008540377527186825,1.0
1769797839.2,9.739826551034021,1.99521230608803,0.010309066019556777,1.0006841895900667,9.739826551034023,2.0,0.0,0.0,1.0,9.739826551034023,0.005250536614463672,0.018343315489597986,1.0
1769797839.22,9.746497665110072,1.995448653461605,0.0017834273205408113,1.0005108169472836,9.746497665110073,2.0,0.0,0.0,1.0,9.746497665110073,0.004046802567643628,0.014091762563484062,1.0
1769797839.24,9.753168779186124,1.9933749225939827,0.00025917209526757313,1.0003946662343528,9.753168779186124,2.0,0.0,0.0,1.0,9.753168779186124,0.0066695376949923,0.029171299859684086,1.0
1769797839.26,9.759839893262175,1.9918352971970839,-0.005566556801414387,0.9919221619143452,9.759839893262175,2.0,0.0,0.0,1.0,9.759839893262175,0.008491326925086985,0.03857037533114982,1.0
1769797839.28,9.766511007338226,1.992020952279936,-0.015363578293568674,1.0128328527763177,9.766511007338226,2.0,0.0,0.0,1.0,9.766511007338226,0.008180082296350949,0.040090873703452094,1.0
1769797839.3,9.773182121414276,1.9925975933346485,-0.01754417739627031,0.9982788239596219,9.773182121414276,2.0,0.0,0.0,1.0,9.773182121414276,0.006855231281206339,0.034868162807815906,1.0
1769797839.32,9.779853235490325,1.991395502370686,-0.0037036302840872037,1.0012392920312745,9.779853235490327,2.0,0.0,0.0,1.0,9.779853235490327,0.009379250736650883,0.04189283754409168,1.0
1769797839.34,9.786524349566376,1.9932758336576528,0.0011787246822393068,0.9968486693014691,9.786524349566378,2.0,0.0,0.0,1.0,9.786524349566378,0.006191074092370546,0.02098675738408219,1.0
1769797839.36,9.793195463642427,1.9926722648928554,0.022273741689817654,0.997390905444101,9.793195463642428,2.0,0.0,0.0,1.0,9.793195463642428,0.00733159888860418,0.019330049505741527,1.0
1769797839.38,9.799866577718479,1.992578320309696,-0.009140515441860174,0.9944834335066953,9.799866577718479,2.0,0.0,0.0,1.0,9.799866577718479,0.007913272891795659,0.0368050232913042,1.0
1769797839.4,9.80653769179453,1.9949740151311008,-0.012304659233030707,0.9994358048543798,9.80653769179453,2.0,0.0,0.0,1.0,9.80653769179453,0.005221522666502503,0.02434667005723221,1.0
1769797839.42,9.81320880587058,1.9978117262712731,0.00362909106467333,1.0039887671159213,9.81320880587058,2.0,0.0,0.0,1.0,9.81320880587058,0.0017177803253440717,0.0015528334278811905,1.0
1769797839.44,9.819879919946631,1.9988390994835654,-0.006127791740850001,0.9857630638575385,9.819879919946631,2.0,0.0,0.0,1.0,9.819879919946631,0.0015461984710065115,0.009077107900113486,1.0
1769797839.46,9.82655103402268,2.0014113097373727,0.016798902483603627,0.9938428327259826,9.826551034022682,2.0,0.0,0.0,1.0,9.826551034022682,-0.0016645298171940927,-0.01826829879877879,1.0
1769797839.48,9.83322214809873,2.0025695959674943,0.0076685323694665585,0.9971225864151491,9.833222148098733,2.0,0.0,0.0,1.0,9.833222148098733,-0.002801826285349044,-0.01617886779428441,1.0
1769797839.5,9.839893262174783,2.0020604071648225,-0.0068351068188476005,1.0029493086280727,9.839893262174783,2.0,0.0,0.0,1.0,9.839893262174783,-0.002644140714296943,-0.00700132387671187,1.0
1769797839.52,9.846564376250834,1.9987552990390371,0.011120493184488506,0.9941698825228767,9.846564376250834,2.0,0.0,0.0,1.0,9.846564376250834,0.0011728715353943359,0.002948251799024368,1.0
1769797839.54,9.853235490326885,1.9956523128025894,-0.0012880413828717202,0.9958542911611175,9.853235490326885,2.0,0.0,0.0,1.0,9.853235490326885,0.00488501307273561,0.023896214519719572,1.0
1769797839.56,9.859906604402935,1.9953501312671593,0.0017202929435045288,1.0116076744547133,9.859906604402935,2.0,0.0,0.0,1.0,9.859906604402935,0.004943152682341655,0.0189706038672204,1.0
1769797839.58,9.866577718478986,1.9964156858736297,0.0035272885152278217,1.000742980220146,9.866577718478986,2.0,0.0,0.0,1.0,9.866577718478986,0.003583391837267404,0.011210162246381453,1.0
1769797839.6,9.873248832555037,1.9973630075077249,-0.0006178649498309381,1.0179431280552318,9.873248832555037,2.0,0.0,0.0,1.0,9.873248832555037,0.002523063535712082,0.009340858316208477,1.0
1769797839.62,9.879919946631086,1.9985473562828506,-0.01117528438458435,0.9947486496137266,9.879919946631087,2.0,0.0,0.0,1.0,9.879919946631087,0.002221339322141326,0.014171275267286721,1.0
1769797839.64,9.886591060707138,2.0026128654580555,0.0022430910553880817,0.9979411598007041,9.886591060707138,2.0,0.0,0.0,1.0,9.886591060707138,-0.0033189512146040564,-0.01993764092285565,1.0
1769797839.66,9.893262174783189,2.003151868669427,-0.0013739132349618976,1.0017594271136259,9.893262174783189,2.0,0.0,0.0,1.0,9.893262174783189,-0.0033833077693686047,-0.012910631014758018,1.0
1769797839.68,9.89993328885924,2.002436364901768,-0.020466580311190412,0.9986905527251726,9.89993328885924,2.0,0.0,0.0,1.0,9.89993328885924,-0.002610822747738935,0.0005624841862691358,1.0
1769797839.7,9.90660440293529,2.001667039734174,0.01104795535954274,0.9893378852559391,9.90660440293529,2.0,0.0,0.0,1.0,9.90660440293529,-0.0009067245195757642,-0.007446777529911255,1.0
1769797839.72,9.91327551701134,2.0041715305654177,-0.011250407720424292,1.0067923858199428,9.913275517011341,2.0,0.0,0.0,1.0,9.913275517011341,-0.004445852234704548,-0.015697332793734826,1.0
1769797839.74,9.91994663108739,2.0047963948930336,-0.004506600480266392,0.9888797444837731,9.919946631087392,2.0,0.0,0.0,1.0,9.919946631087392,-0.00539585360665778,-0.020280115558451155,1.0
1769797839.76,9.92661774516344,2.0030787929772935,-0.011504734612794497,0.9744989237557231,9.926617745163442,2.0,0.0,0.0,1.0,9.926617745163442,-0.002623785223735551,-0.001970705205622726,1.0
1769797839.78,9.933288859239493,2.0035187769837624,-0.0035935248810148286,0.9996982884182566,9.933288859239493,2.0,0.0,0.0,1.0,9.933288859239493,-0.0034845605781585053,-0.013002255226549561,1.0
1769797839.8,9.939959973315544,2.004008764916277,0.012398889190373073,0.9901226746209281,9.939959973315544,2.0,0.0,0.0,1.0,9.939959973315544,-0.004118437549716031,-0.02330707176560819,1.0
1769797839.82,9.946631087391594,2.0032101457734335,-0.0010811727857141084,0.9953431568106733,9.946631087391594,2.0,0.0,0.0,1.0,9.946631087391594,-0.003986947226078878,-0.015275712187821304,1.0
1769797839.84,9.953302201467645,1.9998047352687114,0.005617202596535389,0.9867077999341574,9.953302201467645,2.0,0.0,0.0,1.0,9.953302201467645,0.0012135468150867193,0.00724608000324478,1.0
1769797839.86,9.959973315543694,2.0006488485286544,-0.01866610959139228,0.9913917275705811,9.959973315543696,2.0,0.0,0.0,1.0,9.959973315543696,-0.0011513078217141506,0.002362968872038667,1.0
1769797839.88,9.966644429619745,1.9991109670618865,-0.012824701069084662,1.0083717141155928,9.966644429619747,2.0,0.0,0.0,1.0,9.966644429619747,0.0008518482456787825,0.011822899584650395,1.0
1769797839.9,9.973315543695797,1.9974444801037423,0.009572294578740276,1.0090265321233676,9.973315543695797,2.0,0.0,0.0,1.0,9.973315543695797,0.002600442969576032,0.00736421931283124,1.0
1769797839.92,9.979986657771848,1.9965985297215072,0.019895686350312688,0.9867730163961608,9.979986657771848,2.0,0.0,0.0,1.0,9.979986657771848,0.004012365845581121,0.0075135430831732315,1.0
1769797839.94,9.986657771847899,1.9982104370283762,0.006153820334623203,1.0107235749627144,9.986657771847899,2.0,0.0,0.0,1.0,9.986657771847899,0.0013965746809818536,-0.00010640260798345461,1.0
1769797839.96,9.99332888592395,1.9981358506242226,-0.020444820666721854,0.9999179174813175,9.99332888592395,2.0,0.0,0.0,1.0,9.99332888592395,0.002011601021084148,0.018883840757799815,1.0
1769797839.98,10.0,1.998749371898167,-0.007754159604723439,0.9873099963241297,10.0,2.0,0.0,0.0,1.0,10.0,0.0012506281018329134,0.008118619290442138,1.0
