timestamp,x,y,theta,v,x_ref,y_ref,theta_ref,kappa_ref,v_ref,s_ref,cte,steering_cmd,velocity_cmd
1769797810.0,0.0,-0.006319391015337773,0.0036191545881608797,1.0,0.0,0.0,0.0,0.0,1.0,0.0,0.006319391015337773,0.04631435745159624,1.0
1769797810.02,0.006671114076050699,-0.00865654685076298,-0.005776497679782333,0.9902142977511381,0.0066711140760507,0.0,0.0,0.0,1.0,0.0066711140760507,0.008888173114351845,0.0904299972271777,1.0
1769797810.04,0.0133422281521014,-0.008960327482010663,-0.0015543620286153246,0.992879334581699,0.0133422281521014,0.0,0.0,0.0,1.0,0.0133422281521014,0.009912780122773494,0.08946868257141274,1.0
1769797810.06,0.020013342228152098,-0.006038293909430343,0.0069494374278514974,0.9947327699380525,0.0200133422281521,0.0,0.0,0.0,1.0,0.0200133422281521,0.004819329123031802,0.025549681649961378,1.0
1769797810.08,0.026684456304202797,-0.008786797008266322,-0.010224549625609104,1.000236394885898,0.0266844563042028,0.0,0.0,0.0,1.0,0.0266844563042028,0.00880476267337655,0.10004455102015511,1.0
1769797810.1,0.033355570380253496,-0.011126074184931662,0.025716409485871682,1.0072195809346862,0.0333555703802535,0.0,0.0,0.0,1.0,0.0333555703802535,0.01145146033658791,0.039209148137007474,1.0
1769797810.12,0.0400266844563042,-0.01243748234959734,0.04194891101476261,1.0118985355439498,0.0400266844563042,0.0,0.0,0.0,1.0,0.0400266844563042,0.011946882653867851,0.005651553888192447,1.0
1769797810.14,0.0466977985323549,-0.016067666657508934,-0.020819222398487276,1.0090472911936874,0.0466977985323549,0.0,0.0,0.0,1.0,0.0466977985323549,0.01603835576100063,0.18676757722489234,1.0
1769797810.16,0.0533689126084056,-0.018380962756391478,-0.0014696322502949588,1.0004688692050323,0.0533689126084056,0.0,0.0,0.0,1.0,0.0533689126084056,0.01983463514912595,0.17482221596578376,1.0
1769797810.18,0.060040026684456294,-0.013946178870472597,0.013428621312160272,0.9878797768496419,0.0600400266844563,0.0,0.0,0.0,1.0,0.0600400266844563,0.013910454355846504,0.08915179683459183,1.0
1769797810.2,0.06671114076050699,-0.011194566907032879,-0.03255005857094236,0.9847821191626803,0.066711140760507,0.0,0.0,0.0,1.0,0.066711140760507,0.00967810938614215,0.15912532115489367,1.0
1769797810.22,0.07338225483655769,-0.013994717218685733,-0.006223243845198181,1.0172647080036192,0.0733822548365577,0.0,0.0,0.0,1.0,0.0733822548365577,0.015519756707749896,0.14869195916607453,1.0
1769797810.24,0.0800533689126084,-0.010540040077163328,-0.008718021768940052,0.9936025151724377,0.0800533689126084,0.0,0.0,0.0,1.0,0.0800533689126084,0.009678016581372509,0.104089987642291,1.0
1769797810.26,0.0867244829886591,-0.011586547980187465,0.003427479071001511,0.9879988715090903,0.0867244829886591,0.0,0.0,0.0,1.0,0.0867244829886591,0.011108139249331421,0.08821117995396116,1.0
1769797810.28,0.0933955970647098,-0.014490897978767677,-0.0306676527979336,0.9912322733077403,0.0933955970647098,0.0,0.0,0.0,1.0,0.0933955970647098,0.014865629960539814,0.19925265520619792,1.0
1769797810.3,0.10006671114076049,-0.014706263043766873,0.0019014803897231345,0.991552501469403,0.1000667111407605,0.0,0.0,0.0,1.0,0.1000667111407605,0.01564649872907791,0.1309597721976281,1.0
1769797810.32,0.10673782521681119,-0.011473223596041733,-0.011392157337129193,1.0106598167375862,0.1067378252168112,0.0,0.0,0.0,1.0,0.1067378252168112,0.01053386157731456,0.11768215088309689,1.0
1769797810.34,0.1134089392928619,-0.012786545620810955,-0.0029820963801620295,1.0101921485781284,0.1134089392928619,0.0,0.0,0.0,1.0,0.1134089392928619,0.012623873569043407,0.11621157255670034,1.0
1769797810.36,0.1200800533689126,-0.014466365249408404,0.004565983832946914,1.0034746781986694,0.1200800533689126,0.0,0.0,0.0,1.0,0.1200800533689126,0.014859003887162065,0.1179758743090169,1.0
1769797810.38,0.12675116744496331,-0.014583070777989341,-0.0009108835966035308,1.0003814581951544,0.12675116744496331,0.0,0.0,0.0,1.0,0.12675116744496331,0.01431387123515544,0.12598971957124855,1.0
1769797810.4,0.133422281521014,-0.015913155266752552,0.0014677538656661024,0.9887502963081455,0.133422281521014,0.0,0.0,0.0,1.0,0.133422281521014,0.015956040839795148,0.1346357021259679,1.0
1769797810.42,0.1400933955970647,-0.01721653823603075,0.019609363968402495,1.004452112523966,0.1400933955970647,0.0,0.0,0.0,1.0,0.1400933955970647,0.01704310708131699,0.10183145996151909,1.0
1769797810.44,0.1467645096731154,-0.01845730812559211,-0.021061403357536354,1.0053247954414908,0.1467645096731154,0.0,0.0,0.0,1.0,0.1467645096731154,0.01932926659397318,0.21547467922954436,1.0
1769797810.46,0.15343562374916608,-0.015900543879940974,-0.012637102733182519,1.0096293307578965,0.1534356237491661,0.0,0.0,0.0,1.0,0.1534356237491661,0.015628938496041786,0.16444201109326698,1.0
1769797810.48,0.16010673782521678,-0.015059098861358214,0.027714737188600364,0.9951064559685494,0.1601067378252168,0.0,0.0,0.0,1.0,0.1601067378252168,0.014611271425819387,0.061896871922268795,1.0
1769797810.5,0.1667778519012675,-0.015695534058494266,0.0016963379958469453,0.9934226232359318,0.1667778519012675,0.0,0.0,0.0,1.0,0.1667778519012675,0.016307515208623325,0.13713605083810515,1.0
1769797810.52,0.17344896597731818,-0.014051443528576877,-0.005985119298796043,0.9871208073159976,0.1734489659773182,0.0,0.0,0.0,1.0,0.1734489659773182,0.013476057221694716,0.13053004659957101,1.0
1769797810.54,0.1801200800533689,-0.014826497536950747,0.0023844838863922376,0.989247334418285,0.1801200800533689,0.0,0.0,0.0,1.0,0.1801200800533689,0.01509248909744291,0.12505885534262978,1.0
1769797810.56,0.18679119412941958,-0.015051240489679844,0.02223050766808579,0.9937818476672738,0.1867911941294196,0.0,0.0,0.0,1.0,0.1867911941294196,0.014360257596361184,0.07251998135029435,1.0
1769797810.58,0.1934623082054703,-0.018189869528419365,-0.017703508738988606,0.9803332406312419,0.1934623082054703,0.0,0.0,0.0,1.0,0.1934623082054703,0.018500570277896027,0.20071398779093946,1.0
1769797810.6,0.20013342228152098,-0.01963479773535719,0.020139137279541752,0.9870576776010008,0.200133422281521,0.0,0.0,0.0,1.0,0.200133422281521,0.019878561736267814,0.12508538253852441,1.0
1769797810.62,0.20680453635757168,-0.020045997471185805,-0.010403571647677612,1.0011211173788221,0.2068045363575717,0.0,0.0,0.0,1.0,0.2068045363575717,0.01994216060471211,0.19631748276627695,1.0
1769797810.64,0.2134756504336224,-0.021365201463888414,0.0029454301409763874,0.9946604131958336,0.2134756504336224,0.0,0.0,0.0,1.0,0.2134756504336224,0.020941769250558344,0.17413796524777087,1.0
1769797810.66,0.22014676450967308,-0.02458820411444082,0.0058117903612696,0.9972679267873386,0.2201467645096731,0.0,0.0,0.0,1.0,0.2201467645096731,0.024660422452131375,0.1994413940846757,1.0
1769797810.68,0.2268178785857238,-0.026796288803910558,-0.018319788467815505,1.0009308901530831,0.2268178785857238,0.0,0.0,0.0,1.0,0.2268178785857238,0.027474187855770663,0.2785194896167502,1.0
1769797810.7,0.23348899266177447,-0.026371446928340852,-0.024721739297924008,1.0107706946607435,0.2334889926617745,0.0,0.0,0.0,1.0,0.2334889926617745,0.025840844584699794,0.2791254682132196,1.0
1769797810.72,0.24016010673782517,-0.02768154995899496,0.011570264189344067,1.002069144664268,0.2401601067378252,0.0,0.0,0.0,1.0,0.2401601067378252,0.02842274932309611,0.2183929617462073,1.0
1769797810.74,0.2468312208138759,-0.02584639120366258,0.02807878337980359,0.9891500811726872,0.2468312208138759,0.0,0.0,0.0,1.0,0.2468312208138759,0.02553272262384372,0.15535370230345624,1.0
1769797810.76,0.2535023348899266,-0.024235283375594437,-0.01900930378439583,1.0014302752260347,0.25350233488992663,0.0,0.0,0.0,1.0,0.25350233488992663,0.02547501915415155,0.26313313651910303,1.0
1769797810.78,0.2601734489659773,-0.018216156862913054,0.0390730885160437,0.9787704892931142,0.2601734489659773,0.0,0.0,0.0,1.0,0.2601734489659773,0.016838741914259762,0.05466441910730542,1.0
1769797810.8,0.266844563042028,-0.018605731546084112,-0.009708083886321805,0.9856871049686862,0.266844563042028,0.0,0.0,0.0,1.0,0.266844563042028,0.01862496677728038,0.18342482968846718,1.0
1769797810.82,0.2735156771180787,-0.018724144004951822,0.007864739374420237,0.9991764592364276,0.2735156771180787,0.0,0.0,0.0,1.0,0.2735156771180787,0.01890554181700592,0.14522121660576867,1.0
1769797810.84,0.2801867911941294,-0.017433822029899914,-0.005399130499514443,0.9801787692777565,0.2801867911941294,0.0,0.0,0.0,1.0,0.2801867911941294,0.017996033340900427,0.16809210474967706,1.0
1769797810.86,0.28685790527018007,-0.01544988614285172,-0.010421210402123795,1.0007327423877461,0.2868579052701801,0.0,0.0,0.0,1.0,0.2868579052701801,0.013519847270178948,0.14117754570595747,1.0
1769797810.88,0.2935290193462308,-0.021641308887331734,-0.018632268696462295,0.9909076177006395,0.2935290193462308,0.0,0.0,0.0,1.0,0.2935290193462308,0.022472798328276464,0.2367518943704854,1.0
1769797810.9,0.3002001334222815,-0.023306730554705675,0.03413192971753762,0.9941360677035672,0.3002001334222815,0.0,0.0,0.0,1.0,0.3002001334222815,0.023952447574069655,0.1276422601370943,1.0
1769797810.92,0.3068712474983322,-0.02241944632465353,0.03531109750466521,1.011521264038509,0.3068712474983322,0.0,0.0,0.0,1.0,0.3068712474983322,0.021958806131714387,0.10768910136405563,1.0
1769797810.94,0.31354236157438287,-0.023350482625963422,-0.0093057695232417,1.0046071304509405,0.3135423615743829,0.0,0.0,0.0,1.0,0.3135423615743829,0.02368181632831738,0.22578798088305824,1.0
1769797810.96,0.32021347565043357,-0.021134915977521988,-0.0044274077662076914,1.0156119303506634,0.3202134756504336,0.0,0.0,0.0,1.0,0.3202134756504336,0.022735294982954842,0.2065135745481137,1.0
1769797810.98,0.32688458972648426,-0.012669559120753968,0.00193852724792412,1.0106198282213013,0.3268845897264843,0.0,0.0,0.0,1.0,0.3268845897264843,0.011450913970393908,0.09464062748379487,1.0
1769797811.0,0.333555703802535,-0.010416640901899983,0.009760494297754661,0.9944627156770085,0.333555703802535,0.0,0.0,0.0,1.0,0.333555703802535,0.00989121296566622,0.0629237651167516,1.0
1769797811.02,0.3402268178785857,-0.010123787010156027,-0.009054172470552384,0.9810537007815037,0.3402268178785857,0.0,0.0,0.0,1.0,0.3402268178785857,0.010615719718803554,0.11296719173536846,1.0
1769797811.04,0.34689793195463636,-0.007684146261392961,0.004433795260429332,0.9848264657521166,0.3468979319546364,0.0,0.0,0.0,1.0,0.3468979319546364,0.007535247144723613,0.054944890590628626,1.0
1769797811.06,0.35356904603068706,-0.007647671160135424,0.003693451228803434,0.9870378633527187,0.3535690460306871,0.0,0.0,0.0,1.0,0.3535690460306871,0.005939368057086855,0.042849294729733645,1.0
1769797811.08,0.36024016010673776,-0.014079016347696007,0.026119883155601507,0.9781216766105695,0.3602401601067378,0.0,0.0,0.0,1.0,0.3602401601067378,0.01558327720643788,0.07402749808531395,1.0
1769797811.1,0.36691127418278846,-0.013486004644570926,-0.012253187133930902,0.9778581645203718,0.3669112741827885,0.0,0.0,0.0,1.0,0.3669112741827885,0.01349047752779453,0.1451597414844581,1.0
1769797811.12,0.3735823882588392,-0.012990055679304767,-0.034579022826631826,1.009736148942229,0.3735823882588392,0.0,0.0,0.0,1.0,0.3735823882588392,0.012872119486402359,0.19113057673939016,1.0
1769797811.14,0.38025350233488986,-0.013407538510081217,-0.01406988529897924,1.0122866219796436,0.3802535023348899,0.0,0.0,0.0,1.0,0.3802535023348899,0.013044475614249857,0.14551702609177739,1.0
1769797811.16,0.3869246164109406,-0.014748684536369495,0.005861879380538231,0.984631259749251,0.3869246164109406,0.0,0.0,0.0,1.0,0.3869246164109406,0.01551931485473735,0.12066486674880494,1.0
1769797811.18,0.39359573048699126,-0.012558131789348283,0.02829412204168935,1.0112857437381844,0.3935957304869913,0.0,0.0,0.0,1.0,0.3935957304869913,0.01249355574360779,0.04221650357616945,1.0
1769797811.2,0.40026684456304196,-0.01083090146053446,-0.008449678155502478,1.0005481273621077,0.400266844563042,0.0,0.0,0.0,1.0,0.400266844563042,0.010668933922449381,0.11202412272664486,1.0
1769797811.22,0.4069379586390927,-0.010200437772472747,0.001957731564536317,1.022290981860889,0.4069379586390927,0.0,0.0,0.0,1.0,0.4069379586390927,0.009859519642784345,0.08083307148653995,1.0
1769797811.24,0.41360907271514336,-0.011417667173016652,-0.015587808770523801,1.0297559558019902,0.4136090727151434,0.0,0.0,0.0,1.0,0.4136090727151434,0.011160925356290253,0.13280261239798907,1.0
1769797811.26,0.4202801867911941,-0.013143264274529514,-0.013088964816937063,1.0098757890564296,0.4202801867911941,0.0,0.0,0.0,1.0,0.4202801867911941,0.013833025051617098,0.15003893298143028,1.0
1769797811.28,0.42695130086724475,-0.011353373844148494,-0.006494751364690477,0.9914811623273866,0.4269513008672448,0.0,0.0,0.0,1.0,0.4269513008672448,0.011649977749633654,0.11595710469448162,1.0
1769797811.3,0.43362241494329545,-0.008456141797500701,0.017232209166519432,0.985906021359467,0.4336224149432955,0.0,0.0,0.0,1.0,0.4336224149432955,0.008179331854836734,0.030667391671442192,1.0
1769797811.32,0.4402935290193462,-0.006675107871115985,-0.015776924494837297,0.9963068561463696,0.4402935290193462,0.0,0.0,0.0,1.0,0.4402935290193462,0.006850689483284756,0.09605259908829389,1.0
1769797811.34,0.44696464309539685,-0.004341280505777832,0.012387859533995694,0.993745228123914,0.4469646430953969,0.0,0.0,0.0,1.0,0.4469646430953969,0.00407469308794368,0.006407934140068693,1.0
1769797811.36,0.4536357571714476,-0.0044594360302323294,-0.009122861807370304,1.0156102057040384,0.4536357571714476,0.0,0.0,0.0,1.0,0.4536357571714476,0.0032515277569990578,0.04944703058057974,1.0
1769797811.38,0.46030687124749825,-0.0103517325695736,-0.023785420875249447,1.0104062020097937,0.4603068712474983,0.0,0.0,0.0,1.0,0.4603068712474983,0.010214496829775425,0.1435790763661306,1.0
1769797811.4,0.46697798532354895,-0.016538274244727848,-0.0075987500408358066,0.9948111056192754,0.466977985323549,0.0,0.0,0.0,1.0,0.466977985323549,0.016884462561306362,0.16361306669628978,1.0
1769797811.42,0.4736490993995997,-0.02061642628940507,0.002726894384002898,0.9939514406009078,0.4736490993995997,0.0,0.0,0.0,1.0,0.4736490993995997,0.021109270442515708,0.1760823844162393,1.0
1769797811.44,0.48032021347565035,-0.022108502084840838,0.004676157351879875,0.9877231073186464,0.4803202134756504,0.0,0.0,0.0,1.0,0.4803202134756504,0.022394638952899313,0.18262090655384955,1.0
1769797811.46,0.4869913275517011,-0.02220756045071975,-0.012613326227284855,1.0038426483123768,0.4869913275517011,0.0,0.0,0.0,1.0,0.4869913275517011,0.02226527249600375,0.22125413392853113,1.0
1769797811.48,0.49366244162775175,-0.021728896857622745,-0.027415267515272707,1.0064536835901534,0.4936624416277518,0.0,0.0,0.0,1.0,0.4936624416277518,0.022037295938606656,0.2529673647271611,1.0
1769797811.5,0.5003335557038024,-0.019843910765909894,0.012414589898326856,1.0133791713164446,0.5003335557038026,0.0,0.0,0.0,1.0,0.5003335557038026,0.01981103755326749,0.14246389779278124,1.0
1769797811.52,0.5070046697798531,-0.018196965701904082,0.012694497143555266,1.0156336740166085,0.5070046697798533,0.0,0.0,0.0,1.0,0.5070046697798533,0.01811233299986158,0.127162519651884,1.0
1769797811.54,0.513675783855904,-0.016349561502163556,-0.01972368352334136,1.0154795037302682,0.513675783855904,0.0,0.0,0.0,1.0,0.513675783855904,0.016944973247429947,0.1920234222792831,1.0
1769797811.56,0.5203468979319547,-0.011656047710765671,0.021919198352731244,0.9902174827548732,0.5203468979319547,0.0,0.0,0.0,1.0,0.5203468979319547,0.011723569157846548,0.050425122898634836,1.0
1769797811.58,0.5270180120080054,-0.007579570138228876,0.0006216767062151165,0.9983511971629273,0.5270180120080054,0.0,0.0,0.0,1.0,0.5270180120080054,0.006647433832990371,0.056144206079212194,1.0
1769797811.6,0.5336891260840559,-0.008615702705653034,-0.04892705654163392,1.00071163079722,0.533689126084056,0.0,0.0,0.0,1.0,0.533689126084056,0.007853061990138441,0.18090363374553214,1.0
1769797811.62,0.5403602401601066,-0.013722749431729062,-0.0367973615606448,1.0050775485683863,0.5403602401601068,0.0,0.0,0.0,1.0,0.5403602401601068,0.013210825278811959,0.19907927390350316,1.0
1769797811.64,0.5470313542361575,-0.020865088709284375,0.004944491293748085,1.0183826074375149,0.5470313542361575,0.0,0.0,0.0,1.0,0.5470313542361575,0.021218775538084912,0.17189732121951995,1.0
1769797811.66,0.5537024683122082,-0.025525649980926685,0.021728523071653637,0.9967985663730472,0.5537024683122082,0.0,0.0,0.0,1.0,0.5537024683122082,0.026356889452437186,0.17719218242066964,1.0
1769797811.68,0.5603735823882589,-0.02641645524745138,0.004755203648223426,1.0130774270053078,0.5603735823882589,0.0,0.0,0.0,1.0,0.5603735823882589,0.026307093718853352,0.2159776193899853,1.0
1769797811.7,0.5670446964643094,-0.027014126172555462,-0.0012617062835003285,1.014148329975449,0.5670446964643095,0.0,0.0,0.0,1.0,0.5670446964643095,0.02781761431410022,0.2426774537861104,1.0
1769797811.72,0.5737158105403601,-0.0235611569362263,-0.005319660923383908,0.9983355967196542,0.5737158105403602,0.0,0.0,0.0,1.0,0.5737158105403602,0.023862185770450687,0.21820193818864114,1.0
1769797811.74,0.580386924616411,-0.01901804067684008,0.027670627253378353,0.9943419091198655,0.580386924616411,0.0,0.0,0.0,1.0,0.580386924616411,0.018703386473516694,0.09738755157137609,1.0
1769797811.76,0.5870580386924616,-0.01640796257299273,-0.005412874303054973,0.9999229164582909,0.5870580386924616,0.0,0.0,0.0,1.0,0.5870580386924616,0.015943310699629676,0.15046446688800647,1.0
1769797811.78,0.5937291527685123,-0.016120975431798655,-0.01869860294226071,0.9892972620189646,0.5937291527685123,0.0,0.0,0.0,1.0,0.5937291527685123,0.015966259878172993,0.18128397224455883,1.0
1769797811.8,0.6004002668445629,-0.01574840057929115,0.023956376836439964,0.9974474194074205,0.600400266844563,0.0,0.0,0.0,1.0,0.600400266844563,0.016555994207524335,0.08748672493611637,1.0
1769797811.82,0.6070713809206137,-0.01217117031242903,-0.02698219798532576,1.016845656933878,0.6070713809206137,0.0,0.0,0.0,1.0,0.6070713809206137,0.01160705546169544,0.1629019586109905,1.0
1769797811.84,0.6137424949966644,-0.011313630491319157,-0.007474911631479949,1.0172354175968497,0.6137424949966644,0.0,0.0,0.0,1.0,0.6137424949966644,0.011226476015657,0.11457558856892283,1.0
1769797811.86,0.6204136090727151,-0.01067834597508191,-0.0161650973016707,1.0147354858007311,0.6204136090727151,0.0,0.0,0.0,1.0,0.6204136090727151,0.010862811556632688,0.13156867405794082,1.0
1769797811.88,0.6270847231487657,-0.008626262395462705,-0.006745716517928537,0.9965905835363995,0.6270847231487658,0.0,0.0,0.0,1.0,0.6270847231487658,0.009182222078274373,0.0952247941590368,1.0
1769797811.9,0.6337558372248164,-0.0053773415879916665,0.0024815224692749586,0.9954237943851334,0.6337558372248165,0.0,0.0,0.0,1.0,0.6337558372248165,0.003979700296055709,0.028698360734195304,1.0
1769797811.92,0.6404269513008672,-0.00827175816616955,0.0033612553126059646,0.9934490350234251,0.6404269513008672,0.0,0.0,0.0,1.0,0.6404269513008672,0.008650746809555097,0.0671030427625249,1.0
1769797811.94,0.6470980653769179,-0.009221129508312529,0.006738679563731741,0.9844728818353444,0.6470980653769179,0.0,0.0,0.0,1.0,0.6470980653769179,0.009397561075214875,0.06569560460476057,1.0
1769797811.96,0.6537691794529686,-0.01021701759269977,0.016554299821207957,0.9946313284731537,0.6537691794529686,0.0,0.0,0.0,1.0,0.6537691794529686,0.009347153538244566,0.04236450866358893,1.0
1769797811.98,0.6604402935290192,-0.01508133315809176,-0.019889881801726454,1.0016605619372416,0.6604402935290193,0.0,0.0,0.0,1.0,0.6604402935290193,0.015272271264544623,0.17806715284706914,1.0
1769797812.0,0.6671114076050699,-0.01810979128344114,0.027892005653463885,1.0013484248329179,0.66711140760507,0.0,0.0,0.0,1.0,0.66711140760507,0.01905460422670373,0.09990621389300797,1.0
1769797812.02,0.6737825216811207,-0.017114921847257845,0.032007955386153523,1.0079375991196864,0.6737825216811207,0.0,0.0,0.0,1.0,0.6737825216811207,0.016729122340231765,0.07020087022043328,1.0
1769797812.04,0.6804536357571714,-0.018357999513667723,0.002844519994821576,0.9883946550709659,0.6804536357571714,0.0,0.0,0.0,1.0,0.6804536357571714,0.017920450110529607,0.14837440370498522,1.0
1769797812.06,0.6871247498332221,-0.020941719646251213,-0.020575265210315337,0.9883803640552044,0.6871247498332221,0.0,0.0,0.0,1.0,0.6871247498332221,0.021642974394722146,0.23410284497040884,1.0
1769797812.08,0.6937958639092727,-0.019652585436924566,-0.010652263171865897,0.9922647341127336,0.6937958639092728,0.0,0.0,0.0,1.0,0.6937958639092728,0.020252917619303687,0.19955046136911886,1.0
1769797812.1,0.7004669779853234,-0.016140022954855317,-0.03578465070269764,1.0041835649746693,0.7004669779853235,0.0,0.0,0.0,1.0,0.7004669779853235,0.01556190104316202,0.21683679566574998,1.0
1769797812.12,0.7071380920613742,-0.01579511026057459,0.030908528320973763,0.9973420620306279,0.7071380920613742,0.0,0.0,0.0,1.0,0.7071380920613742,0.015325362727354795,0.06062329605940561,1.0
1769797812.14,0.7138092061374249,-0.01744159047657379,0.0018051526341127495,0.9942887568777928,0.7138092061374249,0.0,0.0,0.0,1.0,0.7138092061374249,0.01764235272131959,0.14838717216167485,1.0
1769797812.16,0.7204803202134756,-0.01744843044735997,0.008017880215478645,1.0184339622627512,0.7204803202134756,0.0,0.0,0.0,1.0,0.7204803202134756,0.018151180217092586,0.13836331918104067,1.0
1769797812.18,0.7271514342895262,-0.015357184109383831,-0.023752239891408813,1.0053079853447,0.7271514342895263,0.0,0.0,0.0,1.0,0.7271514342895263,0.014175771492727267,0.17752772532748873,1.0
1769797812.2,0.7338225483655769,-0.01799390934328849,0.004985426477010103,0.9987630717821578,0.733822548365577,0.0,0.0,0.0,1.0,0.733822548365577,0.01877919664913834,0.15080970429040363,1.0
1769797812.22,0.7404936624416277,-0.016515911052968072,-0.01723297065746078,0.9981585220232172,0.7404936624416277,0.0,0.0,0.0,1.0,0.7404936624416277,0.01696596048322721,0.1864908588435019,1.0
1769797812.24,0.7471647765176784,-0.013408265214111283,-0.013205041582900486,0.9984240862336653,0.7471647765176784,0.0,0.0,0.0,1.0,0.7471647765176784,0.012937682088105012,0.1425994555526437,1.0
1769797812.26,0.7538358905937291,-0.01269632271499202,-0.0032938357596069023,0.978718730294466,0.7538358905937291,0.0,0.0,0.0,1.0,0.7538358905937291,0.012496673963283769,0.1158371745707845,1.0
1769797812.28,0.7605070046697797,-0.012488601841754947,0.02277328407198199,0.9918505739838971,0.7605070046697798,0.0,0.0,0.0,1.0,0.7605070046697798,0.012916074390511269,0.05875561325488419,1.0
1769797812.3,0.7671781187458304,-0.010436853405651038,-0.010976388733129233,1.0040770934908754,0.7671781187458305,0.0,0.0,0.0,1.0,0.7671781187458305,0.010286009074321718,0.11457941279526765,1.0
1769797812.32,0.7738492328218812,-0.009209918392520383,0.0214801077292927,1.0004684794524228,0.7738492328218812,0.0,0.0,0.0,1.0,0.7738492328218812,0.009089045182417292,0.028635645828691037,1.0
1769797812.34,0.7805203468979319,-0.008211687974373964,-0.02933819778804224,0.988957012492298,0.7805203468979319,0.0,0.0,0.0,1.0,0.7805203468979319,0.008547058359870824,0.1420273296015837,1.0
1769797812.36,0.7871914609739826,-0.006328280475045093,-0.029126568935753973,1.013929953603379,0.7871914609739826,0.0,0.0,0.0,1.0,0.7871914609739826,0.0056483957572421965,0.1165870746208677,1.0
1769797812.38,0.7938625750500332,-0.007554354994923705,-0.03741250635430957,1.017569156806093,0.7938625750500333,0.0,0.0,0.0,1.0,0.7938625750500333,0.007617668325463074,0.15259434629897983,1.0
1769797812.4,0.8005336891260839,-0.009110766458079293,-0.0026206602398912964,1.0066408423767577,0.800533689126084,0.0,0.0,0.0,1.0,0.800533689126084,0.008484967305618603,0.07960116809461343,1.0
1769797812.42,0.8072048032021347,-0.013383024735278505,0.013539766042048804,1.0076896428491222,0.8072048032021347,0.0,0.0,0.0,1.0,0.8072048032021347,0.013587573966051442,0.08610025661586845,1.0
1769797812.44,0.8138759172781854,-0.016448964770655935,-0.034329691528646504,1.0138306852632195,0.8138759172781854,0.0,0.0,0.0,1.0,0.8138759172781854,0.016700719935537345,0.22323932711549757,1.0
1769797812.46,0.8205470313542361,-0.017755852101028497,-0.009874080747673916,1.014964295587755,0.8205470313542361,0.0,0.0,0.0,1.0,0.8205470313542361,0.018340047369920124,0.1813619199459252,1.0
1769797812.48,0.8272181454302867,-0.016330033947813058,-0.008328784174326025,1.023560302503139,0.8272181454302868,0.0,0.0,0.0,1.0,0.8272181454302868,0.016336494843240144,0.16058614086743872,1.0
1769797812.5,0.8338892595063374,-0.014361609973353898,-0.009771343872151205,1.0000509008609837,0.8338892595063375,0.0,0.0,0.0,1.0,0.8338892595063375,0.014874064949271204,0.1513356177670013,1.0
1769797812.52,0.8405603735823882,-0.01010961619844248,0.000584699381249328,0.9896177624050634,0.8405603735823882,0.0,0.0,0.0,1.0,0.8405603735823882,0.01000172944461398,0.08525993228630299,1.0
1769797812.54,0.8472314876584389,-0.007161612394164649,0.0003704325071399791,0.9948620486399623,0.8472314876584389,0.0,0.0,0.0,1.0,0.8472314876584389,0.006361093941397399,0.05425034975587062,1.0
1769797812.56,0.8539026017344896,-0.008238120636577284,0.007473280268148619,0.9964850737675417,0.8539026017344896,0.0,0.0,0.0,1.0,0.8539026017344896,0.007949361369467323,0.05144314850027852,1.0
1769797812.58,0.8605737158105402,-0.00965985892988821,0.020497895817087934,0.9873376108192958,0.8605737158105403,0.0,0.0,0.0,1.0,0.8605737158105403,0.010662172125503074,0.04455123552612313,1.0
1769797812.6,0.8672448298865909,-0.007075306988824239,0.02146857640284882,1.0065003099982779,0.867244829886591,0.0,0.0,0.0,1.0,0.867244829886591,0.006404135643663111,0.005406769412598728,1.0
1769797812.62,0.8739159439626417,-0.007466365251891222,0.02950347032299112,0.9976024890088264,0.8739159439626417,0.0,0.0,0.0,1.0,0.8739159439626417,0.007622887991845533,-0.0027715460845445412,1.0
1769797812.64,0.8805870580386924,-0.007178901764564538,-0.002564904253441661,0.9978816512515957,0.8805870580386924,0.0,0.0,0.0,1.0,0.8805870580386924,0.007126984061838092,0.06772078776771362,1.0
1769797812.66,0.8872581721147431,-0.006372867803854505,0.021656015145984153,0.990006110763858,0.8872581721147431,0.0,0.0,0.0,1.0,0.8872581721147431,0.007133720889961275,0.011289129443974925,1.0
1769797812.68,0.8939292861907937,-0.0034224407178097176,-0.001499946592430985,1.0049111476939974,0.8939292861907938,0.0,0.0,0.0,1.0,0.8939292861907938,0.0020161861079795434,0.020972477420950354,1.0
1769797812.7,0.9006004002668444,-0.006362935969784239,-0.002874201568306433,0.997846282970694,0.9006004002668445,0.0,0.0,0.0,1.0,0.9006004002668445,0.007034535144305744,0.06764102988114666,1.0
1769797812.72,0.9072715143428952,-0.0064733165261430525,0.010684566502849333,1.005232356979971,0.9072715143428952,0.0,0.0,0.0,1.0,0.9072715143428952,0.006169301740658408,0.028531596880867788,1.0
1769797812.74,0.9139426284189459,-0.007790887290916378,-0.009534766330523647,0.9990656689176052,0.9139426284189459,0.0,0.0,0.0,1.0,0.9139426284189459,0.008002432748096875,0.09150925141301144,1.0
1769797812.76,0.9206137424949966,-0.008822860114723224,-0.03037391152827075,0.9983976579059582,0.9206137424949966,0.0,0.0,0.0,1.0,0.9206137424949966,0.008121245922180725,0.1407497019221523,1.0
1769797812.78,0.9272848565710472,-0.013288673779618176,0.03568111134779864,1.0050328855117625,0.9272848565710473,0.0,0.0,0.0,1.0,0.9272848565710473,0.013129032503728405,0.030484953035568908,1.0
1769797812.8,0.9339559706470979,-0.018319389999373978,0.003910390839573475,0.9870349736609735,0.933955970647098,0.0,0.0,0.0,1.0,0.933955970647098,0.018499480065332058,0.15089192751178593,1.0
1769797812.82,0.9406270847231487,-0.02196434016309742,0.018574480157402914,0.9859551440901454,0.9406270847231487,0.0,0.0,0.0,1.0,0.9406270847231487,0.022509685911325416,0.15141030934405983,1.0
1769797812.84,0.9472981987991994,-0.022374531571864816,-0.002307667831865642,0.9870557368530344,0.9472981987991994,0.0,0.0,0.0,1.0,0.9472981987991994,0.023064343501756894,0.2044597435246878,1.0
1769797812.86,0.9539693128752501,-0.01988528334172778,0.011645394835276206,0.9885384872964794,0.9539693128752501,0.0,0.0,0.0,1.0,0.9539693128752501,0.019565600641135845,0.14213455121683743,1.0
1769797812.88,0.9606404269513007,-0.01842346772855328,0.009345698127631448,0.9966996216515129,0.9606404269513008,0.0,0.0,0.0,1.0,0.9606404269513008,0.01888788771435314,0.14163206671198514,1.0
1769797812.9,0.9673115410273514,-0.015591743128177111,0.014523802641451816,1.0080926010286007,0.9673115410273515,0.0,0.0,0.0,1.0,0.9673115410273515,0.014794358848312756,0.0942431024875709,1.0
1769797812.92,0.9739826551034022,-0.016913945144733305,-0.01586208279840984,1.0036527365263412,0.9739826551034022,0.0,0.0,0.0,1.0,0.9739826551034022,0.01648114516716795,0.1791841292583589,1.0
1769797812.94,0.9806537691794529,-0.02009604242374098,-0.0036306498443513554,0.9998108066067234,0.9806537691794529,0.0,0.0,0.0,1.0,0.9806537691794529,0.02025588038992783,0.18342476047516293,1.0
1769797812.96,0.9873248832555036,-0.021766193053222457,0.007626332586311505,0.999831609177495,0.9873248832555036,0.0,0.0,0.0,1.0,0.9873248832555036,0.022532229193876714,0.1769841548901164,1.0
1769797812.98,0.9939959973315542,-0.020385750620861336,-0.031832490278006956,0.9943861490314396,0.9939959973315543,0.0,0.0,0.0,1.0,0.9939959973315543,0.019861508359650733,0.24447334003906823,1.0
1769797813.0,1.000667111407605,-0.021350273332406106,0.046324604643290516,1.0005832353214335,1.0006671114076051,0.0,0.0,0.0,1.0,1.0006671114076051,0.02145177207414971,0.07761514191504301,1.0
1769797813.02,1.0073382254836556,-0.020388079662111303,-0.011534279575732966,1.0002396474609594,1.0073382254836558,0.0,0.0,0.0,1.0,1.0073382254836558,0.02184113524914738,0.2151616634055492,1.0
1769797813.04,1.0140093395597063,-0.013491097222054665,0.029131898878422043,1.000125660436496,1.0140093395597065,0.0,0.0,0.0,1.0,1.0140093395597065,0.012644959918981498,0.041572434896042385,1.0
1769797813.06,1.0206804536357572,-0.010950761148393972,-0.01606869587544331,0.9973710811766736,1.0206804536357572,0.0,0.0,0.0,1.0,1.0206804536357572,0.010542755529672824,0.12858746483716427,1.0
1769797813.08,1.027351567711808,-0.010534929233390082,0.04487209528822486,1.022844888314392,1.027351567711808,0.0,0.0,0.0,1.0,1.027351567711808,0.010314451295431981,-0.015262850636632568,1.0
1769797813.1,1.0340226817878586,-0.010704424582718915,-0.026386286662300754,1.0035183993885266,1.0340226817878586,0.0,0.0,0.0,1.0,1.0340226817878586,0.01114799436219066,0.1575906161132927,1.0
1769797813.12,1.040693795863909,-0.01030623668955442,-0.0009783588063014912,1.0048959037565026,1.0406937958639093,0.0,0.0,0.0,1.0,1.0406937958639093,0.008803927627846283,0.07853733874384117,1.0
1769797813.14,1.0473649099399598,-0.016034487282473305,0.0012949526383862278,1.0072621251868672,1.04736490993996,0.0,0.0,0.0,1.0,1.04736490993996,0.016918824417694565,0.14333582870166733,1.0
1769797813.16,1.0540360240160107,-0.01750831337841256,0.002369812610863706,0.9853032684373745,1.0540360240160107,0.0,0.0,0.0,1.0,1.0540360240160107,0.01763583124435965,0.14702259409256607,1.0
1769797813.18,1.0607071380920614,-0.017358008483228916,0.005284935300141216,1.0179506841125925,1.0607071380920614,0.0,0.0,0.0,1.0,1.0607071380920614,0.018387056099932048,0.14673726898833958,1.0
1769797813.2,1.067378252168112,-0.01313696704809964,-0.0045562274156540974,1.0059565430338429,1.067378252168112,0.0,0.0,0.0,1.0,1.067378252168112,0.012405481376763986,0.11798010565284259,1.0
1769797813.22,1.0740493662441626,-0.012396415559749008,-0.012520951107745771,1.0047641379342955,1.0740493662441628,0.0,0.0,0.0,1.0,1.0740493662441628,0.012329525412536754,0.1357792556149183,1.0
1769797813.24,1.0807204803202133,-0.011521325611110257,0.003967439469172589,0.9929963179680292,1.0807204803202135,0.0,0.0,0.0,1.0,1.0807204803202135,0.011968018091722245,0.09438969405121242,1.0
1769797813.26,1.0873915943962642,-0.010534728762505115,0.006487035306626326,1.008980584292592,1.0873915943962642,0.0,0.0,0.0,1.0,1.0873915943962642,0.008561670752948898,0.059045412434370066,1.0
1769797813.28,1.094062708472315,-0.018098175421516007,0.0004912129783528,0.9863120792757993,1.094062708472315,0.0,0.0,0.0,1.0,1.094062708472315,0.018755735958495647,0.16101423475564497,1.0
1769797813.3,1.1007338225483656,-0.022545596336463955,-0.02512352637287788,0.9838174185451476,1.1007338225483656,0.0,0.0,0.0,1.0,1.1007338225483656,0.02259300624128859,0.252503281937839,1.0
1769797813.32,1.107404936624416,-0.02585890517297775,-0.011868965596537192,0.9880709154321311,1.1074049366244163,0.0,0.0,0.0,1.0,1.1074049366244163,0.026771771028896985,0.2579533479045392,1.0
1769797813.34,1.1140760507004668,-0.025857220999496923,-0.018019933585816533,0.9957277121099734,1.114076050700467,0.0,0.0,0.0,1.0,1.114076050700467,0.024912173348535134,0.25611293235233096,1.0
1769797813.36,1.1207471647765177,-0.02859957350026581,0.0026685844757061957,0.9900921781508345,1.1207471647765177,0.0,0.0,0.0,1.0,1.1207471647765177,0.03026575919717111,0.25454757653372684,1.0
1769797813.38,1.1274182788525684,-0.024370318594905026,-0.008213903721431609,1.0032243057911268,1.1274182788525684,0.0,0.0,0.0,1.0,1.1274182788525684,0.023566392748809978,0.22230411435035546,1.0
1769797813.4,1.134089392928619,-0.02282062360622698,0.009814011273578992,0.9996987210986925,1.134089392928619,0.0,0.0,0.0,1.0,1.134089392928619,0.023892717637987813,0.18361282875545537,1.0
1769797813.42,1.1407605070046696,-0.01675911182072745,0.011693235348791011,0.9927832650244585,1.1407605070046698,0.0,0.0,0.0,1.0,1.1407605070046698,0.016267823135998394,0.11356734881766542,1.0
1769797813.44,1.1474316210807203,-0.01290683766465912,0.02295529348173123,0.9980873542831089,1.1474316210807205,0.0,0.0,0.0,1.0,1.1474316210807205,0.01299028056396353,0.058973254696418204,1.0
1769797813.46,1.1541027351567712,-0.008767325611244648,0.043265206010682164,0.9848762311757295,1.1541027351567712,0.0,0.0,0.0,1.0,1.1541027351567712,0.008665163311836876,-0.02578204753231532,1.0
1769797813.48,1.160773849232822,-0.005502247822521276,-0.026285383682791298,0.9932886511229568,1.160773849232822,0.0,0.0,0.0,1.0,1.160773849232822,0.00510457095506644,0.10533072649222894,1.0
1769797813.5,1.1674449633088726,-0.00481759954185379,-0.025129919982567746,0.9932534007394241,1.1674449633088726,0.0,0.0,0.0,1.0,1.1674449633088726,0.004092995415253808,0.0939259283994799,1.0
1769797813.52,1.174116077384923,-0.006762824015691598,0.009933140403468174,0.99091881827122,1.1741160773849233,0.0,0.0,0.0,1.0,1.1741160773849233,0.007514437185319553,0.04193809414569474,1.0
1769797813.54,1.180787191460974,-0.006265418310031375,-0.02382570296700854,0.9813385243354863,1.180787191460974,0.0,0.0,0.0,1.0,1.180787191460974,0.005200520364598955,0.1004645061860531,1.0
1769797813.56,1.1874583055370247,-0.010872587287544222,0.0023306026930041456,0.9903454237689927,1.1874583055370247,0.0,0.0,0.0,1.0,1.1874583055370247,0.010737536349722448,0.0875596005562967,1.0
1769797813.58,1.1941294196130754,-0.0150294581483086,-0.0019141312874503278,0.9822919853046665,1.1941294196130754,0.0,0.0,0.0,1.0,1.1941294196130754,0.016109993974892017,0.14380189172067032,1.0
1769797813.6,1.2008005336891259,-0.014269574969293054,-0.01655598616156718,1.004507252388462,1.200800533689126,0.0,0.0,0.0,1.0,1.200800533689126,0.014143828485017038,0.16070885433476792,1.0
1769797813.62,1.2074716477651766,-0.014976930749198519,0.015260606603898264,0.998087166895788,1.2074716477651768,0.0,0.0,0.0,1.0,1.2074716477651768,0.014096508716898926,0.08649134313388147,1.0
1769797813.64,1.2141427618412275,-0.01871332866517329,-0.013846752824788375,1.0056654681641815,1.2141427618412275,0.0,0.0,0.0,1.0,1.2141427618412275,0.019792922679835425,0.20293904549255962,1.0
1769797813.66,1.2208138759172782,-0.016811999456426877,0.0008539875129758881,1.0022786632607252,1.2208138759172782,0.0,0.0,0.0,1.0,1.2208138759172782,0.017411621179391417,0.14860321594344572,1.0
1769797813.68,1.227484989993329,-0.013388853350716575,-0.044015575337831604,0.9904608001398495,1.227484989993329,0.0,0.0,0.0,1.0,1.227484989993329,0.012112435540512627,0.2061021261253421,1.0
1769797813.7,1.2341561040693794,-0.015481605530838893,-0.022769793964665268,1.0021917546728762,1.2341561040693796,0.0,0.0,0.0,1.0,1.2341561040693796,0.015922323692624703,0.19024316142033465,1.0
1769797813.72,1.24082721814543,-0.015454654851025248,-0.010157144137932483,1.005942245764532,1.2408272181454303,0.0,0.0,0.0,1.0,1.2408272181454303,0.015517672955960762,0.15776438745572913,1.0
1769797813.74,1.247498332221481,-0.014562846777469197,-0.006650438289334579,1.0108607968016055,1.247498332221481,0.0,0.0,0.0,1.0,1.247498332221481,0.015133619681512542,0.14635497097695568,1.0
1769797813.76,1.2541694462975317,-0.0116132468592703,0.02652432501246752,1.004746980997368,1.2541694462975317,0.0,0.0,0.0,1.0,1.2541694462975317,0.011007431818377541,0.0334796843251397,1.0
1769797813.78,1.2608405603735824,-0.010641193729992022,0.01575546887683523,0.9938793243510953,1.2608405603735824,0.0,0.0,0.0,1.0,1.2608405603735824,0.011490783798570943,0.0627898429001839,1.0
1769797813.8,1.2675116744496329,-0.006163395916061436,-0.01629899281436241,1.014756183759807,1.267511674449633,0.0,0.0,0.0,1.0,1.267511674449633,0.0057043869473454465,0.08736035595573269,1.0
1769797813.82,1.2741827885256836,-0.004435293469359599,0.0328412026032368,0.9971125108890878,1.2741827885256838,0.0,0.0,0.0,1.0,1.2741827885256838,0.0038276399561388078,-0.04337911624213586,1.0
1769797813.84,1.2808539026017345,-0.0054090555440769565,0.03203577275399692,0.9993820713908929,1.2808539026017345,0.0,0.0,0.0,1.0,1.2808539026017345,0.005542907417688119,-0.026669918683042415,1.0
1769797813.86,1.2875250166777852,-0.005925273102098007,-0.029760899840560663,1.0059288844412715,1.2875250166777852,0.0,0.0,0.0,1.0,1.2875250166777852,0.005758175541942224,0.11899752391951215,1.0
1769797813.88,1.2941961307538359,-0.007448662852909751,0.009742649239117633,0.9983177754043745,1.2941961307538359,0.0,0.0,0.0,1.0,1.2941961307538359,0.0072212792741793794,0.03984303011228335,1.0
1769797813.9,1.3008672448298864,-0.010085187023615157,-0.047846715651759804,1.000650344674852,1.3008672448298866,0.0,0.0,0.0,1.0,1.3008672448298866,0.010033175971129894,0.19705926265082258,1.0
1769797813.92,1.307538358905937,-0.011840035400674362,-0.010475548474213798,0.9824027183320144,1.3075383589059373,0.0,0.0,0.0,1.0,1.3075383589059373,0.01296442943925181,0.1365180669732498,1.0
1769797813.94,1.314209472981988,-0.00972094988257129,-0.01878405524141564,1.0076755560042459,1.314209472981988,0.0,0.0,0.0,1.0,1.314209472981988,0.008347711597705483,0.11594457183688686,1.0
1769797813.96,1.3208805870580387,-0.01346595361563551,0.023226629840446072,1.0067450636219943,1.3208805870580387,0.0,0.0,0.0,1.0,1.3208805870580387,0.014010309693841986,0.06716811257521749,1.0
1769797813.98,1.3275517011340894,-0.014622866841350562,-8.908379650731047e-05,1.0004239400627897,1.3275517011340894,0.0,0.0,0.0,1.0,1.3275517011340894,0.014670628983736186,0.12716069328024693,1.0
1769797814.0,1.3342228152101399,-0.01571878958384737,0.012869954025772005,1.010313323148553,1.33422281521014,0.0,0.0,0.0,1.0,1.33422281521014,0.015556890069266041,0.10468641135099813,1.0
1769797814.02,1.3408939292861906,-0.01715940448328033,-0.017436199717887044,1.0018972531511592,1.3408939292861908,0.0,0.0,0.0,1.0,1.3408939292861908,0.017570243394390367,0.19213552507178006,1.0
1769797814.04,1.3475650433622415,-0.016574696827187332,-0.013845042676512589,1.0083267859855907,1.3475650433622415,0.0,0.0,0.0,1.0,1.3475650433622415,0.016682771130866452,0.17627579549479244,1.0
1769797814.06,1.3542361574382922,-0.015376356080834081,-0.014752245227305845,1.0055263045660632,1.3542361574382922,0.0,0.0,0.0,1.0,1.3542361574382922,0.015485642420591791,0.16808405488325562,1.0
1769797814.08,1.3609072715143429,-0.014165982723888582,-0.0164057472029818,1.0082375265520906,1.3609072715143429,0.0,0.0,0.0,1.0,1.3609072715143429,0.013668012415611526,0.15627199555840574,1.0
1769797814.1,1.3675783855903934,-0.014475795757900119,-0.026097831383050798,0.9909802922556318,1.3675783855903936,0.0,0.0,0.0,1.0,1.3675783855903936,0.015279470805569347,0.19235560921862196,1.0
1769797814.12,1.374249499666444,-0.012381784053049127,0.02159835382577221,0.99736362292579,1.3742494996664443,0.0,0.0,0.0,1.0,1.3742494996664443,0.011035125236121924,0.04521295852130794,1.0
1769797814.14,1.380920613742495,-0.015656360754708533,0.04648217768197228,1.0002579302699446,1.380920613742495,0.0,0.0,0.0,1.0,1.380920613742495,0.016572180160525092,0.035082014904855366,1.0
1769797814.16,1.3875917278185457,-0.015232359589534561,0.01755095315979023,0.9963106919382333,1.3875917278185457,0.0,0.0,0.0,1.0,1.3875917278185457,0.014657113562557347,0.08600102398453223,1.0
1769797814.18,1.3942628418945964,-0.01663538665650101,0.004192977256129227,0.9978204849051977,1.3942628418945964,0.0,0.0,0.0,1.0,1.3942628418945964,0.017492839883587588,0.14156356055890063,1.0
1769797814.2,1.4009339559706468,-0.014680467924762942,0.009565733861830352,1.0113354341836875,1.400933955970647,0.0,0.0,0.0,1.0,1.400933955970647,0.014036965330396755,0.0992435003547878,1.0
1769797814.22,1.4076050700466975,-0.015171929589904844,-0.014081286114088949,0.9995971327068618,1.4076050700466978,0.0,0.0,0.0,1.0,1.4076050700466978,0.015728561300067095,0.16862563183017426,1.0
1769797814.24,1.4142761841227485,-0.013652735555674322,0.019460861251382574,1.0027538674378922,1.4142761841227485,0.0,0.0,0.0,1.0,1.4142761841227485,0.013065776607622911,0.06777908224581194,1.0
1769797814.26,1.4209472981987992,-0.01412338738116313,0.015156364419564182,0.9920313502071244,1.4209472981987992,0.0,0.0,0.0,1.0,1.4209472981987992,0.014872683279017047,0.09344638522741361,1.0
1769797814.28,1.4276184122748499,-0.011805252281709012,-0.011614214910884508,1.0068326179433609,1.4276184122748499,0.0,0.0,0.0,1.0,1.4276184122748499,0.011097325016666998,0.1230576566903353,1.0
1769797814.3,1.4342895263509003,-0.012652884243552018,0.0027974276115029424,1.0038364358071548,1.4342895263509006,0.0,0.0,0.0,1.0,1.4342895263509006,0.012790777752450968,0.10422322993121015,1.0
1769797814.32,1.440960640426951,-0.01326995222767264,0.002408481626397831,1.0046176901168569,1.4409606404269513,0.0,0.0,0.0,1.0,1.4409606404269513,0.012857013163866608,0.10570002910185644,1.0
1769797814.34,1.447631754503002,-0.015700723468065572,0.017028453444182415,1.0074051242626487,1.447631754503002,0.0,0.0,0.0,1.0,1.447631754503002,0.015814069176221413,0.09722268679871775,1.0
1769797814.36,1.4543028685790527,-0.017900608044102293,0.015473847397081204,1.0063901399537962,1.4543028685790527,0.0,0.0,0.0,1.0,1.4543028685790527,0.01760254807039792,0.11629589313812609,1.0
1769797814.38,1.4609739826551034,-0.021329857788958833,-0.0004215703005402874,0.9996837856359394,1.4609739826551034,0.0,0.0,0.0,1.0,1.4609739826551034,0.021491439164092754,0.18663151415508075,1.0
1769797814.4,1.4676450967311538,-0.023649084482162512,-0.012210382695634807,1.0098545771723442,1.467645096731154,0.0,0.0,0.0,1.0,1.467645096731154,0.024005061116523743,0.2351799125801871,1.0
1769797814.42,1.4743162108072045,-0.02331701113675284,0.028115741552495268,1.006642276995255,1.4743162108072048,0.0,0.0,0.0,1.0,1.4743162108072048,0.02430708688168048,0.14471091611398423,1.0
1769797814.44,1.4809873248832555,-0.018617204681865045,-0.020528869973709667,1.0025435060266603,1.4809873248832555,0.0,0.0,0.0,1.0,1.4809873248832555,0.01836458431501419,0.20601502463555849,1.0
1769797814.46,1.4876584389593062,-0.015151817432198988,-0.009541152952169125,0.9969401218072728,1.4876584389593062,0.0,0.0,0.0,1.0,1.4876584389593062,0.015096293272281259,0.15271637491498422,1.0
1769797814.48,1.4943295530353569,-0.01241448041462367,-0.009669419036287444,0.9940851155150473,1.4943295530353569,0.0,0.0,0.0,1.0,1.4943295530353569,0.011945542928815677,0.1258679675583012,1.0
1769797814.5,1.5010006671114073,-0.011741272452389845,0.029586549090261333,1.0002685113185992,1.5010006671114076,0.0,0.0,0.0,1.0,1.5010006671114076,0.011865518330819003,0.03376461192279609,1.0
1769797814.52,1.507671781187458,-0.011619206680919859,0.0018366821892115504,0.994392127270806,1.5076717811874583,0.0,0.0,0.0,1.0,1.5076717811874583,0.010488250390819954,0.08655342244103978,1.0
1769797814.54,1.514342895263509,-0.01633098493585036,0.011878363821825375,0.9760622671557319,1.514342895263509,0.0,0.0,0.0,1.0,1.514342895263509,0.016774936929916096,0.11751601525490442,1.0
1769797814.56,1.5210140093395597,-0.018480245476221558,0.011362616048274845,1.0073525079105832,1.5210140093395597,0.0,0.0,0.0,1.0,1.5210140093395597,0.0189709872184741,0.1376648596680533,1.0
1769797814.58,1.5276851234156104,-0.017869061930399447,-0.012166874803687564,1.0178999594190359,1.5276851234156104,0.0,0.0,0.0,1.0,1.5276851234156104,0.018339377886080886,0.1866300148174706,1.0
1769797814.6,1.5343562374916608,-0.015201993102006463,0.005134521191689142,1.011198864068626,1.534356237491661,0.0,0.0,0.0,1.0,1.534356237491661,0.015063070591397276,0.11841643915990235,1.0
1769797814.62,1.5410273515677115,-0.013230531512556936,-0.012451923352233303,1.006863743247833,1.5410273515677118,0.0,0.0,0.0,1.0,1.5410273515677118,0.01318322932312303,0.14297340576479844,1.0
1769797814.64,1.5476984656437625,-0.011428869314005528,0.021394814649954973,0.9959258125915932,1.5476984656437625,0.0,0.0,0.0,1.0,1.5476984656437625,0.011479813473798988,0.04953822966474383,1.0
1769797814.66,1.5543695797198132,-0.010404852488776541,0.03548476984301836,1.0176623319603817,1.5543695797198132,0.0,0.0,0.0,1.0,1.5543695797198132,0.009389467703084636,-0.0014170588311894633,1.0
1769797814.68,1.5610406937958639,-0.013588216738213314,-0.03287409559505231,1.0003339791780745,1.5610406937958639,0.0,0.0,0.0,1.0,1.5610406937958639,0.014119297996776449,0.19790482145698568,1.0
1769797814.7,1.5677118078719143,-0.014052897825989032,-0.003593939323046037,0.9774811790863565,1.5677118078719146,0.0,0.0,0.0,1.0,1.5677118078719146,0.01429320178102212,0.13203428691549327,1.0
1769797814.72,1.574382921947965,-0.013821453275129009,0.013416730017079838,0.9981979446548765,1.5743829219479653,0.0,0.0,0.0,1.0,1.5743829219479653,0.013396160456943675,0.08473134819404983,1.0
1769797814.74,1.581054036024016,-0.015445245375013598,-0.02984727125171518,0.9947336641334689,1.581054036024016,0.0,0.0,0.0,1.0,1.581054036024016,0.01557470854246723,0.2034415463224482,1.0
1769797814.76,1.5877251501000667,-0.016102707369239196,-0.04143991015505021,0.9856808082079439,1.5877251501000667,0.0,0.0,0.0,1.0,1.5877251501000667,0.016464876026781237,0.23731121557546747,1.0
1769797814.78,1.5943962641761174,-0.015596870973056794,-0.008024299050591903,1.0053228432538626,1.5943962641761174,0.0,0.0,0.0,1.0,1.5943962641761174,0.01507004896160195,0.14898486127222788,1.0
1769797814.8,1.6010673782521678,-0.018612849631385518,0.03238098793836765,1.0034100990069554,1.601067378252168,0.0,0.0,0.0,1.0,1.601067378252168,0.017549537296996997,0.07642528493502027,1.0
1769797814.82,1.6077384923282185,-0.025583072830290998,-0.0006664294698337663,1.027354888043484,1.6077384923282187,0.0,0.0,0.0,1.0,1.6077384923282187,0.026590952516860684,0.23085026026368455,1.0
1769797814.84,1.6144096064042694,-0.027718930592254075,-0.0036167385076258415,1.0049608648290311,1.6144096064042694,0.0,0.0,0.0,1.0,1.6144096064042694,0.027849857491871303,0.2483323138440635,1.0
1769797814.86,1.6210807204803201,-0.02921844430070836,0.01138000933838401,1.0103085332043458,1.6210807204803201,0.0,0.0,0.0,1.0,1.6210807204803201,0.029243796156003407,0.22585249094960647,1.0
1769797814.88,1.6277518345563708,-0.02987731747965279,-0.011087233124597157,1.00740246383332,1.6277518345563708,0.0,0.0,0.0,1.0,1.6277518345563708,0.030599649351119116,0.28863840420738124,1.0
1769797814.9,1.6344229486324213,-0.027370341473507365,0.004406196247920771,0.985591262418288,1.6344229486324215,0.0,0.0,0.0,1.0,1.6344229486324215,0.027165308591754388,0.22411913295190405,1.0
1769797814.92,1.641094062708472,-0.024913342959877363,-0.010389095416979648,0.994592504518946,1.6410940627084722,0.0,0.0,0.0,1.0,1.6410940627084722,0.025820185582209207,0.2464924729627731,1.0
1769797814.94,1.647765176784523,-0.018303334720294346,0.028081495612697446,0.9973849830920434,1.647765176784523,0.0,0.0,0.0,1.0,1.647765176784523,0.018224412208698776,0.09228980652312173,1.0
1769797814.96,1.6544362908605736,-0.012612945270168537,-0.000631118431345557,0.9866549900977397,1.6544362908605736,0.0,0.0,0.0,1.0,1.6544362908605736,0.012061631534823982,0.10589466185019733,1.0
1769797814.98,1.6611074049366243,-0.01048413246096289,-0.00038983562691910143,0.9904436179650198,1.6611074049366243,0.0,0.0,0.0,1.0,1.6611074049366243,0.00949535325165065,0.08314854200282537,1.0
1769797815.0,1.6677785190126748,-0.011525686778769657,0.005041357277643254,0.9942133318629139,1.667778519012675,0.0,0.0,0.0,1.0,1.667778519012675,0.012969622628547704,0.10054878047393329,1.0
1769797815.02,1.6744496330887255,-0.007628939114540508,-0.012759759980080615,1.007114967835451,1.6744496330887257,0.0,0.0,0.0,1.0,1.6744496330887257,0.005828873797612215,0.08021375430405644,1.0
1769797815.04,1.6811207471647764,-0.011588259056603305,-0.026760240643108724,0.9858048271106532,1.6811207471647764,0.0,0.0,0.0,1.0,1.6811207471647764,0.012132496262643396,0.16690228157074732,1.0
1769797815.06,1.6877918612408271,-0.012373498622079641,0.01877175684812688,0.9911731351619015,1.6877918612408271,0.0,0.0,0.0,1.0,1.6877918612408271,0.013007805370479018,0.06888479289943841,1.0
1769797815.08,1.6944629753168778,-0.01045030741025319,-0.007039232701188143,0.9933827479152989,1.6944629753168778,0.0,0.0,0.0,1.0,1.6944629753168778,0.010198640028358885,0.10468883150663089,1.0
1769797815.1,1.7011340893929283,-0.009915774616118686,-0.043412651851176216,1.0018835685665002,1.7011340893929285,0.0,0.0,0.0,1.0,1.7011340893929285,0.009701563980600163,0.1841540381224009,1.0
1769797815.12,1.707805203468979,-0.010434225141709387,0.013568839483502064,1.0191193729315395,1.7078052034689792,0.0,0.0,0.0,1.0,1.7078052034689792,0.010380891454403955,0.0582814227043038,1.0
1769797815.14,1.71447631754503,-0.011346257968872132,-0.020761498465103417,1.0048799626718015,1.71447631754503,0.0,0.0,0.0,1.0,1.71447631754503,0.011201566208058768,0.14509989590147288,1.0
1769797815.16,1.7211474316210806,-0.01291849991015492,0.033381534156092255,0.996899826644918,1.7211474316210806,0.0,0.0,0.0,1.0,1.7211474316210806,0.012933519013163915,0.034156266689866634,1.0
1769797815.18,1.7278185456971313,-0.01415279204233982,-0.0006771042266233171,1.0060565734772593,1.7278185456971313,0.0,0.0,0.0,1.0,1.7278185456971313,0.014420652704062403,0.12636852721306296,1.0
1769797815.2,1.7344896597731818,-0.014554898425418095,0.0038338216311155178,1.0097481916648796,1.734489659773182,0.0,0.0,0.0,1.0,1.734489659773182,0.01413706775315267,0.1134436080162729,1.0
1769797815.22,1.7411607738492325,-0.016145945442277907,0.021389920828400376,1.0006547549842497,1.7411607738492327,0.0,0.0,0.0,1.0,1.7411607738492327,0.016906881279068347,0.09650421003166426,1.0
1769797815.24,1.7478318879252834,-0.014775603366058513,-0.019241405486807073,0.9933625215053518,1.7478318879252834,0.0,0.0,0.0,1.0,1.7478318879252834,0.01418595855411567,0.1672530776353047,1.0
1769797815.26,1.7545030020013341,-0.01588150727705622,-0.00818217462496576,1.005204769633265,1.7545030020013341,0.0,0.0,0.0,1.0,1.7545030020013341,0.016156937078905725,0.15870319455701706,1.0
1769797815.28,1.7611741160773848,-0.016183465288040592,0.007033039640485809,1.0026972663726181,1.7611741160773848,0.0,0.0,0.0,1.0,1.7611741160773848,0.01570207211275624,0.11952050922693513,1.0
1769797815.3,1.7678452301534353,-0.01847673087499789,-0.022732865016490522,0.9988223052631041,1.7678452301534355,0.0,0.0,0.0,1.0,1.7678452301534355,0.01873192478368529,0.21418682912150458,1.0
1769797815.32,1.774516344229486,-0.01899768572184884,0.0004292498997953174,0.9947470248922938,1.7745163442294862,0.0,0.0,0.0,1.0,1.7745163442294862,0.019579091554747314,0.16823937902173758,1.0
1769797815.34,1.781187458305537,-0.0168903950113087,0.01103845555209557,0.9805295328663779,1.781187458305537,0.0,0.0,0.0,1.0,1.781187458305537,0.016805413348506913,0.11973287419205858,1.0
1769797815.36,1.7878585723815876,-0.015892143419039505,-0.010125552924935981,0.9846509125567237,1.7878585723815876,0.0,0.0,0.0,1.0,1.7878585723815876,0.015179685393843559,0.15478379539739714,1.0
1769797815.38,1.7945296864576383,-0.018203386931997575,-0.018427545382154457,0.9836111705427164,1.7945296864576383,0.0,0.0,0.0,1.0,1.7945296864576383,0.01821869594435139,0.19995957240418183,1.0
1769797815.4,1.8012008005336888,-0.01988675407519238,-0.010469705861367824,1.0031833243566175,1.801200800533689,0.0,0.0,0.0,1.0,1.801200800533689,0.02044318838730451,0.20076094025707186,1.0
1769797815.42,1.8078719146097395,-0.018943400309805306,0.032519187435191166,1.0150368528992173,1.8078719146097397,0.0,0.0,0.0,1.0,1.8078719146097397,0.01897342776186391,0.08841226964999002,1.0
1769797815.44,1.8145430286857904,-0.018343397218547407,0.035591030947494676,0.9961793277806072,1.8145430286857904,0.0,0.0,0.0,1.0,1.8145430286857904,0.01785991843481143,0.07161905787142124,1.0
1769797815.46,1.8212141427618411,-0.01888047524510454,-0.003664341549284266,0.9965519504567766,1.8212141427618411,0.0,0.0,0.0,1.0,1.8212141427618411,0.019999628451390743,0.1813026055582916,1.0
1769797815.48,1.8278852568378918,-0.014204380636704218,0.025455532034502865,1.0128557614387161,1.8278852568378918,0.0,0.0,0.0,1.0,1.8278852568378918,0.01419483830899275,0.06356466672423758,1.0
1769797815.5,1.8345563709139423,-0.010188178647464342,-0.031283830398331734,1.0029234695641562,1.8345563709139425,0.0,0.0,0.0,1.0,1.8345563709139425,0.00957281689095742,0.15531506965616168,1.0
1769797815.52,1.841227484989993,-0.009597319492521843,0.005486889301058956,1.0148483047530796,1.8412274849899932,0.0,0.0,0.0,1.0,1.8412274849899932,0.009043664855256766,0.0655500474929403,1.0
1769797815.54,1.847898599066044,-0.011155053619025926,-0.02845406471107111,1.0103716730694814,1.847898599066044,0.0,0.0,0.0,1.0,1.847898599066044,0.011590181978149707,0.16613603091103202,1.0
1769797815.56,1.8545697131420946,-0.01104955480400227,-0.024874055989572954,1.0040724855560197,1.8545697131420946,0.0,0.0,0.0,1.0,1.8545697131420946,0.010682188736285698,0.15010886729896644,1.0
1769797815.58,1.8612408272181453,-0.012383553304020401,0.028569105948428875,0.9938348791565123,1.8612408272181453,0.0,0.0,0.0,1.0,1.8612408272181453,0.012658430971655968,0.043002119705646574,1.0
1769797815.6,1.8679119412941958,-0.01266984807223966,-0.012636648056618665,0.991544835696597,1.867911941294196,0.0,0.0,0.0,1.0,1.867911941294196,0.01243478935507257,0.13695380166842125,1.0
1769797815.62,1.8745830553702465,-0.013303410570557155,0.007999078995491871,1.0004741095841285,1.8745830553702467,0.0,0.0,0.0,1.0,1.8745830553702467,0.014053083520572007,0.10302970560904604,1.0
1769797815.64,1.8812541694462974,-0.012049334422732393,-0.014919607477903742,0.9983707007840062,1.8812541694462974,0.0,0.0,0.0,1.0,1.8812541694462974,0.010438499302138679,0.12502993794781014,1.0
1769797815.66,1.8879252835223481,-0.01800195275924857,-0.0007844102840670856,1.0200178942784126,1.8879252835223481,0.0,0.0,0.0,1.0,1.8879252835223481,0.01831248883767831,0.16015100300018142,1.0
1769797815.68,1.8945963975983988,-0.021532975330697063,0.017500929427119862,0.9941455907121458,1.8945963975983988,0.0,0.0,0.0,1.0,1.8945963975983988,0.022505402729759295,0.1538668554982574,1.0
1769797815.7,1.9012675116744493,-0.020316954983684243,-0.031155660223810343,0.9845212913595649,1.9012675116744495,0.0,0.0,0.0,1.0,1.9012675116744495,0.020526003373188485,0.2485877241204435,1.0
1769797815.72,1.9079386257505,-0.018669909344267238,-0.024799487616413454,1.0015139256333363,1.9079386257505002,0.0,0.0,0.0,1.0,1.9079386257505002,0.018125375485651633,0.2137200650031285,1.0
1769797815.74,1.914609739826551,-0.018577996906754757,-0.006478527402346396,0.9927645906097469,1.914609739826551,0.0,0.0,0.0,1.0,1.914609739826551,0.019564021711723056,0.18404810281219558,1.0
1769797815.76,1.9212808539026016,-0.014504338328960302,0.014527735159329631,1.0135143118760739,1.9212808539026016,0.0,0.0,0.0,1.0,1.9212808539026016,0.01388463537939021,0.0863670034474708,1.0
1769797815.78,1.9279519679786523,-0.014185701232358468,-0.005044536862806275,1.0111562763040336,1.9279519679786523,0.0,0.0,0.0,1.0,1.9279519679786523,0.013322626849159615,0.1270265331585887,1.0
1769797815.8,1.9346230820547028,-0.01735317847233351,0.014825083494954636,1.002011380397515,1.934623082054703,0.0,0.0,0.0,1.0,1.934623082054703,0.017894744590684616,0.12032864076065285,1.0
1769797815.82,1.9412941961307535,-0.018027230817907396,0.014026179392653304,0.9928563452078738,1.9412941961307537,0.0,0.0,0.0,1.0,1.9412941961307537,0.01799334716000341,0.12303850864083285,1.0
1769797815.84,1.9479653102068044,-0.018995628655911725,-0.005528387242915052,1.0018897940688274,1.9479653102068044,0.0,0.0,0.0,1.0,1.9479653102068044,0.018859406900366565,0.17580900396700927,1.0
1769797815.86,1.9546364242828551,-0.019941877840024415,-0.0006774129601173235,0.9790935528214518,1.9546364242828551,0.0,0.0,0.0,1.0,1.9546364242828551,0.020599728019793456,0.17956602395878665,1.0
1769797815.88,1.9613075383589058,-0.017454956919073228,-0.025752507628047767,0.9946179745817236,1.9613075383589058,0.0,0.0,0.0,1.0,1.9613075383589058,0.017818159518548267,0.21326926818963843,1.0
1769797815.9,1.9679786524349563,-0.014437969876924887,0.003538484497958163,0.9929034671307286,1.9679786524349565,0.0,0.0,0.0,1.0,1.9679786524349565,0.0132730905339052,0.10666718297728493,1.0
1769797815.92,1.974649766511007,-0.0163508141305577,0.0050084820478409255,1.0024612498611356,1.9746497665110072,0.0,0.0,0.0,1.0,1.9746497665110072,0.016857086435535087,0.13418999585798927,1.0
1769797815.94,1.981320880587058,-0.015198399901949577,0.015100005123834555,1.0020815935483924,1.981320880587058,0.0,0.0,0.0,1.0,1.981320880587058,0.01590105429429603,0.10246724928845682,1.0
1769797815.96,1.9879919946631086,-0.011285809972085278,-0.0187122502664451,0.9994671784287906,1.9879919946631086,0.0,0.0,0.0,1.0,1.9879919946631086,0.010766931842391345,0.13662910996252367,1.0
1769797815.98,1.9946631087391593,-0.0100192227803096,-0.026198046195033433,0.9876784774368378,1.9946631087391593,0.0,0.0,0.0,1.0,1.9946631087391593,0.00979465131412601,0.1455260645621633,1.0
1769797816.0,2.0013342228152102,-0.009328644322978051,-0.006898896561819455,1.0020191513946004,2.0013342228152102,0.0,0.0,0.0,1.0,2.0013342228152102,0.009800635764057345,0.10092458922945798,1.0
1769797816.02,2.008005336891261,-0.007252537796424344,-0.000738188360368281,1.0108301055898385,2.008005336891261,0.0,0.0,0.0,1.0,2.008005336891261,0.0064354391406098044,0.05747812520158427,1.0
1769797816.04,2.0146764509673116,-0.00913271397282101,-0.01212392560794078,1.009087916322527,2.0146764509673116,0.0,0.0,0.0,1.0,2.0146764509673116,0.00898955833033849,0.10604900775941811,1.0
1769797816.06,2.0213475650433623,-0.011193264209372559,0.01669912322437522,1.0169834847394381,2.0213475650433623,0.0,0.0,0.0,1.0,2.0213475650433623,0.011680949814136105,0.06223486053880163,1.0
1769797816.08,2.028018679119413,-0.011529491824672273,-0.0070061202166361945,1.0046026604647298,2.028018679119413,0.0,0.0,0.0,1.0,2.028018679119413,0.010977948290360893,0.11134211939572738,1.0
1769797816.1,2.0346897931954637,-0.013456821827518145,-0.022942947389495507,0.9880919741563811,2.0346897931954637,0.0,0.0,0.0,1.0,2.0346897931954637,0.014439589266758434,0.17793339700911573,1.0
1769797816.12,2.0413609072715144,-0.010992232799068396,-0.016412312805616364,0.9917793437214202,2.0413609072715144,0.0,0.0,0.0,1.0,2.0413609072715144,0.010797903780576004,0.13158098419580935,1.0
1769797816.14,2.048032021347565,-0.009358059378313823,0.016079034720596436,0.9862190017858272,2.048032021347565,0.0,0.0,0.0,1.0,2.048032021347565,0.009434512523583152,0.04423002056049109,1.0
1769797816.16,2.054703135423616,-0.007912809688082173,-0.021235035049979173,0.9854299265116336,2.054703135423616,0.0,0.0,0.0,1.0,2.054703135423616,0.00736710461296905,0.11315963333932663,1.0
1769797816.18,2.0613742494996665,-0.009019897070578995,0.006799710380987906,0.9949763968687434,2.0613742494996665,0.0,0.0,0.0,1.0,2.0613742494996665,0.009014183681711758,0.06223433349367463,1.0
1769797816.2,2.068045363575717,-0.01052008900256465,-0.039716475440801084,1.0000611902569876,2.068045363575717,0.0,0.0,0.0,1.0,2.068045363575717,0.010153646934456256,0.17959663264883263,1.0
1769797816.22,2.074716477651768,-0.012669857046004887,0.01793578275746544,0.9763220682537634,2.074716477651768,0.0,0.0,0.0,1.0,2.074716477651768,0.013730343919056148,0.07708676747074727,1.0
1769797816.24,2.0813875917278186,-0.009808114964682611,-0.030016964843631363,0.9806522282711075,2.0813875917278186,0.0,0.0,0.0,1.0,2.0813875917278186,0.009870686348539253,0.1549632799301957,1.0
1769797816.26,2.0880587058038693,-0.007062956920301804,-0.016692320835022017,0.9968601851912716,2.0880587058038693,0.0,0.0,0.0,1.0,2.0880587058038693,0.006654373092029344,0.09648088238329981,1.0
1769797816.28,2.09472981987992,-0.005599999326274515,0.014812673047936096,0.9791290008289018,2.09472981987992,0.0,0.0,0.0,1.0,2.09472981987992,0.006224523407859149,0.01937788797588978,1.0
1769797816.3,2.1014009339559707,-0.0019337248148606448,-0.021394551346380578,0.9942711781024292,2.1014009339559707,0.0,0.0,0.0,1.0,2.1014009339559707,0.0012225960181855993,0.06044967330026041,1.0
1769797816.32,2.1080720480320214,-0.0022197109257597923,0.010767375033856727,0.9795193950026702,2.1080720480320214,0.0,0.0,0.0,1.0,2.1080720480320214,0.0015860513545969891,-0.01137601860116768,1.0
1769797816.34,2.114743162108072,-0.005600893591404783,-0.026796915979157537,1.005756639184422,2.114743162108072,0.0,0.0,0.0,1.0,2.114743162108072,0.00546277503541869,0.10960329770781821,1.0
1769797816.36,2.121414276184123,-0.00930171896520283,0.012947316200806016,1.0176259773692646,2.121414276184123,0.0,0.0,0.0,1.0,2.121414276184123,0.009626629518318205,0.05320013165376587,1.0
1769797816.38,2.1280853902601735,-0.011446734642595434,-0.031572801495371304,0.9994706225635387,2.1280853902601735,0.0,0.0,0.0,1.0,2.1280853902601735,0.011486295091129122,0.1723945297524256,1.0
1769797816.4,2.134756504336224,-0.012173498252119545,-0.012972958782081781,1.0006452525817227,2.134756504336224,0.0,0.0,0.0,1.0,2.134756504336224,0.013407134893497489,0.14610522267473308,1.0
1769797816.42,2.141427618412275,-0.007890788124675616,-0.000372686503654458,0.9760232984556179,2.141427618412275,0.0,0.0,0.0,1.0,2.141427618412275,0.0071432908685466,0.06275480889981443,1.0
1769797816.44,2.1480987324883256,-0.007688339590070435,0.007495681930795887,1.0058949184076686,2.1480987324883256,0.0,0.0,0.0,1.0,2.1480987324883256,0.007096398525833762,0.04400309287824525,1.0
1769797816.46,2.1547698465643763,-0.010000353853989074,-0.020597921394543268,1.0286597495014551,2.1547698465643763,0.0,0.0,0.0,1.0,2.1547698465643763,0.010248282688569726,0.1365171712869577,1.0
1769797816.48,2.161440960640427,-0.010741575143497504,0.006629406876833712,0.9930842993276273,2.161440960640427,0.0,0.0,0.0,1.0,2.161440960640427,0.011155366889864666,0.08116262907380042,1.0
1769797816.5,2.1681120747164777,-0.0112654001509008,0.03255953935506245,0.9917316024653384,2.1681120747164777,0.0,0.0,0.0,1.0,2.1681120747164777,0.00955176828329251,0.006803180167292075,1.0
1769797816.52,2.1747831887925284,-0.017993015127440178,0.01781148677317952,1.0089688396667524,2.1747831887925284,0.0,0.0,0.0,1.0,2.1747831887925284,0.01978617387380945,0.12970462533483623,1.0
1769797816.54,2.181454302868579,-0.016370793876323435,0.0032375363129251294,1.0070797357887153,2.181454302868579,0.0,0.0,0.0,1.0,2.181454302868579,0.01635255595425631,0.13394897930232968,1.0
1769797816.56,2.18812541694463,-0.015353232187461104,-0.02345080723507697,0.988487760734845,2.18812541694463,0.0,0.0,0.0,1.0,2.18812541694463,0.014833682928186622,0.18247669202176278,1.0
1769797816.58,2.1947965310206805,-0.016914649569252073,0.002151174433544099,1.0042682946393828,2.1947965310206805,0.0,0.0,0.0,1.0,2.1947965310206805,0.016760233708546346,0.13998401075017886,1.0
1769797816.6,2.201467645096731,-0.018228097953770835,-0.0057108178959873945,1.0088210304939198,2.201467645096731,0.0,0.0,0.0,1.0,2.201467645096731,0.01919667430100311,0.17912600858944633,1.0
1769797816.62,2.208138759172782,-0.01659526264668562,-0.006860518686577149,0.9993278762358604,2.208138759172782,0.0,0.0,0.0,1.0,2.208138759172782,0.015021523384538974,0.1458755643369951,1.0
1769797816.64,2.2148098732488326,-0.02131986120156389,0.004938268911555179,0.9947881273428193,2.2148098732488326,0.0,0.0,0.0,1.0,2.2148098732488326,0.02230654389628476,0.18125883043310553,1.0
1769797816.66,2.2214809873248833,-0.02046732698117373,0.003055543790344811,0.9984355451088239,2.2214809873248833,0.0,0.0,0.0,1.0,2.2214809873248833,0.02143994051441144,0.17816417091842446,1.0
1769797816.68,2.228152101400934,-0.01616492257708719,0.010890599352908197,1.0082404781398222,2.228152101400934,0.0,0.0,0.0,1.0,2.228152101400934,0.01507592960567426,0.10513848817145413,1.0
1769797816.7,2.2348232154769847,-0.01694258018045765,-0.0018213543467900488,1.0000425915723121,2.2348232154769847,0.0,0.0,0.0,1.0,2.2348232154769847,0.01694448537292765,0.15077491571219395,1.0
1769797816.72,2.2414943295530354,-0.016370792912888985,-0.0001518936685115101,0.9969177039089772,2.2414943295530354,0.0,0.0,0.0,1.0,2.2414943295530354,0.017711346885634794,0.1535135031604868,1.0
1769797816.74,2.248165443629086,-0.011146304825924214,-0.002867748882710301,1.0143520430875126,2.248165443629086,0.0,0.0,0.0,1.0,2.248165443629086,0.009543087105839891,0.08932750317207319,1.0
1769797816.76,2.254836557705137,-0.013335863377629601,0.011992000181467318,1.0032042534368617,2.254836557705137,0.0,0.0,0.0,1.0,2.254836557705137,0.013403499432686284,0.08811500404346206,1.0
1769797816.78,2.2615076717811875,-0.014232389180362098,0.012226987127718468,1.0126110134542654,2.2615076717811875,0.0,0.0,0.0,1.0,2.2615076717811875,0.01520978700573714,0.10318392963340597,1.0
1769797816.8,2.268178785857238,-0.011373709972293679,-0.018445640570622573,0.9868568316772874,2.268178785857238,0.0,0.0,0.0,1.0,2.268178785857238,0.010567725131344395,0.1342975231230343,1.0
1769797816.82,2.274849899933289,-0.013486013911440161,-0.022070755030418047,0.9975993168676695,2.274849899933289,0.0,0.0,0.0,1.0,2.274849899933289,0.012276293355321918,0.1573578685564016,1.0
1769797816.84,2.2815210140093396,-0.01962149265634875,-0.008919694357526823,1.0068795842070326,2.2815210140093396,0.0,0.0,0.0,1.0,2.2815210140093396,0.02124368044580511,0.20405778285872841,1.0
1769797816.86,2.2881921280853903,-0.01846335124569659,0.023408038280474372,0.9814480511355924,2.2881921280853903,0.0,0.0,0.0,1.0,2.2881921280853903,0.018186761717127672,0.10286116733395856,1.0
1769797816.88,2.294863242161441,-0.0186970764954309,0.021148232204065226,0.9808870720884066,2.294863242161441,0.0,0.0,0.0,1.0,2.294863242161441,0.018595960968366042,0.11166201603047683,1.0
1769797816.9,2.3015343562374917,-0.01871463592978584,-0.01583214824822242,0.9927287548490215,2.3015343562374917,0.0,0.0,0.0,1.0,2.3015343562374917,0.019402674204801226,0.2041480014331044,1.0
1769797816.92,2.3082054703135424,-0.015226864906750646,0.00850645011568953,1.007541047895038,2.3082054703135424,0.0,0.0,0.0,1.0,2.3082054703135424,0.015521350080735668,0.1145340013316822,1.0
1769797816.94,2.314876584389593,-0.011078013100179656,0.02220976320912571,1.002963203317911,2.314876584389593,0.0,0.0,0.0,1.0,2.314876584389593,0.010364829738452019,0.0379820295951607,1.0
1769797816.96,2.321547698465644,-0.010739376995148485,0.023047091157910295,1.006801759295029,2.321547698465644,0.0,0.0,0.0,1.0,2.321547698465644,0.010257350315004304,0.03509757032548262,1.0
1769797816.98,2.3282188125416945,-0.012457501573655027,0.0056590117800544015,1.0100462112787367,2.3282188125416945,0.0,0.0,0.0,1.0,2.3282188125416945,0.012650198730790159,0.09635021941698364,1.0
1769797817.0,2.334889926617745,-0.013216273523441822,0.021064736512837863,1.0292812141399836,2.334889926617745,0.0,0.0,0.0,1.0,2.334889926617745,0.013276372752197636,0.06586019091266726,1.0
1769797817.02,2.341561040693796,-0.01383082007162013,0.012688596765037436,1.0108862112094064,2.341561040693796,0.0,0.0,0.0,1.0,2.341561040693796,0.013694582405701488,0.0890092897204561,1.0
1769797817.04,2.3482321547698466,-0.014570392051413377,0.033556460645318864,1.010574139997829,2.3482321547698466,0.0,0.0,0.0,1.0,2.3482321547698466,0.01508114239408544,0.05233200357332639,1.0
1769797817.06,2.354903268845897,-0.012999467318029017,-0.005284177011329446,0.9866872400803239,2.3549032688458973,0.0,0.0,0.0,1.0,2.3549032688458973,0.012926462432070338,0.12416464572864011,1.0
1769797817.08,2.3615743829219475,-0.012179519958028035,-0.02001691444701169,0.9912115158293641,2.361574382921948,0.0,0.0,0.0,1.0,2.361574382921948,0.011769232052451827,0.1482667866048636,1.0
1769797817.1,2.3682454969979987,-0.012951994599164348,-0.02058108834089094,1.0071783151328293,2.3682454969979987,0.0,0.0,0.0,1.0,2.3682454969979987,0.013274249490716032,0.16250431484782926,1.0
1769797817.12,2.3749166110740494,-0.01236514524937892,-0.0009535054452736168,1.0021246820861276,2.3749166110740494,0.0,0.0,0.0,1.0,2.3749166110740494,0.012220613079726142,0.10801730471074825,1.0
1769797817.14,2.3815877251501,-0.01245463182696458,-0.030601067052829795,0.9847616132117476,2.3815877251501,0.0,0.0,0.0,1.0,2.3815877251501,0.012452779357973119,0.17845232966021124,1.0
1769797817.16,2.3882588392261503,-0.012652313871266288,-0.012340557990300356,0.9954811646110131,2.388258839226151,0.0,0.0,0.0,1.0,2.388258839226151,0.01255276325984372,0.13728542818468062,1.0
1769797817.18,2.394929953302201,-0.01303985795574605,0.014932351132533947,0.99306632361812,2.3949299533022015,0.0,0.0,0.0,1.0,2.3949299533022015,0.01331456543554,0.08049258078897079,1.0
1769797817.2,2.401601067378252,-0.013400427250412556,0.024051732917446313,0.992921836276837,2.401601067378252,0.0,0.0,0.0,1.0,2.401601067378252,0.012145433801187388,0.049101549474795364,1.0
1769797817.22,2.408272181454303,-0.018635980889863672,-0.005162822918848792,0.9789251002311494,2.408272181454303,0.0,0.0,0.0,1.0,2.408272181454303,0.01961763264146318,0.18147716806735203,1.0
1769797817.24,2.4149432955303536,-0.019565878801697963,-0.0014327652377888176,1.004132152720822,2.4149432955303536,0.0,0.0,0.0,1.0,2.4149432955303536,0.019290493021850437,0.17006065626416883,1.0
1769797817.26,2.421614409606404,-0.021225986707820967,-0.0009574222852722599,1.0038383966872602,2.4216144096064043,0.0,0.0,0.0,1.0,2.4216144096064043,0.02178091035282072,0.19035050891548855,1.0
1769797817.28,2.4282855236824545,-0.02095937590190164,0.030677093354871024,1.0135878976119144,2.428285523682455,0.0,0.0,0.0,1.0,2.428285523682455,0.020296450937278453,0.10414021103839291,1.0
1769797817.3,2.4349566377585057,-0.0227631068465635,0.017962701697574003,0.9923161294619921,2.4349566377585057,0.0,0.0,0.0,1.0,2.4349566377585057,0.023786414930890523,0.1638226952600877,1.0
1769797817.32,2.4416277518345564,-0.020432390412147235,0.03997075890071992,0.9917128415193595,2.4416277518345564,0.0,0.0,0.0,1.0,2.4416277518345564,0.019791400064365944,0.0780956005167742,1.0
1769797817.34,2.448298865910607,-0.020827346321938365,-0.00227145373707888,1.0027410658324307,2.448298865910607,0.0,0.0,0.0,1.0,2.448298865910607,0.021092962267376995,0.1874762402874216,1.0
1769797817.36,2.4549699799866573,-0.019446554019471988,0.011402555707977163,0.9906686603976739,2.454969979986658,0.0,0.0,0.0,1.0,2.454969979986658,0.019982761153015907,0.1462937302157976,1.0
1769797817.38,2.461641094062708,-0.015435722574141462,-0.008573313063160363,0.9929013015527719,2.4616410940627085,0.0,0.0,0.0,1.0,2.4616410940627085,0.015563461760467323,0.15450064871300537,1.0
1769797817.4,2.468312208138759,-0.011721593844774534,-0.02485441331547275,0.9985977218564721,2.468312208138759,0.0,0.0,0.0,1.0,2.468312208138759,0.01082877492595692,0.15132378662800444,1.0
1769797817.42,2.47498332221481,-0.012314215179552048,0.004101304765193507,1.0001738190457228,2.47498332221481,0.0,0.0,0.0,1.0,2.47498332221481,0.012173953403223154,0.09585853812957258,1.0
1769797817.44,2.4816544362908606,-0.01274830487944782,0.02055919721454409,0.98656772007575,2.4816544362908606,0.0,0.0,0.0,1.0,2.4816544362908606,0.013561391470531075,0.06950608955966263,1.0
1769797817.46,2.488325550366911,-0.01091383107718122,-0.007866464595386263,0.9752997346550635,2.4883255503669113,0.0,0.0,0.0,1.0,2.4883255503669113,0.009387990487621744,0.09960693626215643,1.0
1769797817.48,2.4949966644429615,-0.01590584642535479,0.0021200089445495567,0.9957318905102349,2.494996664442962,0.0,0.0,0.0,1.0,2.494996664442962,0.016199946692858846,0.13522583625828605,1.0
1769797817.5,2.5016677785190127,-0.01830398898193977,0.0052719612992880235,0.9812773171143983,2.5016677785190127,0.0,0.0,0.0,1.0,2.5016677785190127,0.019525393858509443,0.15657124262585467,1.0
1769797817.52,2.508338892595063,-0.015295783168629727,-0.00746665264457886,0.9911320598087339,2.5083388925950634,0.0,0.0,0.0,1.0,2.5083388925950634,0.015002242114532938,0.1471115394709721,1.0
1769797817.54,2.515010006671114,-0.014993232975726913,-0.034404103763460724,0.9941096855947501,2.515010006671114,0.0,0.0,0.0,1.0,2.515010006671114,0.013657435607771365,0.19744476289175672,1.0
1769797817.56,2.5216811207471643,-0.01973617766618802,-0.0191421420114458,1.0013425468845036,2.5216811207471648,0.0,0.0,0.0,1.0,2.5216811207471648,0.02092440383328333,0.22471303015897995,1.0
1769797817.58,2.528352234823215,-0.019092286978152406,-0.020379356733665227,1.0042373619795704,2.5283522348232155,0.0,0.0,0.0,1.0,2.5283522348232155,0.018934066910204335,0.21054135948158537,1.0
1769797817.6,2.535023348899266,-0.019970884249868856,0.022149543946922638,0.9969668277263971,2.535023348899266,0.0,0.0,0.0,1.0,2.535023348899266,0.0191867566072078,0.11443173841394494,1.0
1769797817.62,2.5416944629753164,-0.023208949225564338,0.03539204290016322,1.0064783434276903,2.541694462975317,0.0,0.0,0.0,1.0,2.541694462975317,0.02450874385400356,0.12950293044722777,1.0
1769797817.64,2.5483655770513676,-0.021079174998518545,-0.058443046452801524,1.028481491197935,2.5483655770513676,0.0,0.0,0.0,1.0,2.5483655770513676,0.02038130593521014,0.3082056313487846,1.0
1769797817.66,2.555036691127418,-0.022218889427997553,-0.017682984780829213,1.0026741912893224,2.5550366911274183,0.0,0.0,0.0,1.0,2.5550366911274183,0.022206123066911977,0.23231841858420985,1.0
1769797817.68,2.5617078052034685,-0.023332934188493425,-0.0039724230429749865,1.0023580857892513,2.561707805203469,0.0,0.0,0.0,1.0,2.561707805203469,0.023418180209209244,0.2113136231478177,1.0
1769797817.7,2.5683789192795197,-0.02505747877050101,0.022116470264842612,0.9883245113770313,2.5683789192795197,0.0,0.0,0.0,1.0,2.5683789192795197,0.02404916418564881,0.15643954650055075,1.0
1769797817.72,2.57505003335557,-0.03131033508150341,-0.006791741943856895,1.0062689794481252,2.5750500333555704,0.0,0.0,0.0,1.0,2.5750500333555704,0.03148749141515223,0.2864378108651265,1.0
1769797817.74,2.581721147431621,-0.035951604346137686,0.002481939803130421,1.0016148224272237,2.581721147431621,0.0,0.0,0.0,1.0,2.581721147431621,0.036736461835477977,0.30981920861711354,1.0
1769797817.76,2.5883922615076713,-0.036852531142555524,0.008821292048390331,0.9850143409084141,2.5883922615076718,0.0,0.0,0.0,1.0,2.5883922615076718,0.03693020532718391,0.29708456651141296,1.0
1769797817.78,2.595063375583722,-0.03672679410448096,0.03136360488056254,1.0073297028898824,2.5950633755837225,0.0,0.0,0.0,1.0,2.5950633755837225,0.03739097841070755,0.24937207721957216,1.0
1769797817.8,2.601734489659773,-0.033543131567436574,0.020608831535654702,1.001768876545514,2.601734489659773,0.0,0.0,0.0,1.0,2.601734489659773,0.03350153030401564,0.24097724734462217,1.0
1769797817.82,2.6084056037358234,-0.031215467828606326,-0.006980405076797733,0.9997392627620649,2.608405603735824,0.0,0.0,0.0,1.0,2.608405603735824,0.030553608259689884,0.27895516596233927,1.0
1769797817.84,2.6150767178118746,-0.031570290265386276,-0.01733298360210087,1.003561214746696,2.6150767178118746,0.0,0.0,0.0,1.0,2.6150767178118746,0.03197648207805283,0.3143057448238413,1.0
1769797817.86,2.621747831887925,-0.030263103215108098,0.0007204863458983999,1.0053877208011837,2.6217478318879253,0.0,0.0,0.0,1.0,2.6217478318879253,0.030029550909722324,0.25698633411586613,1.0
1769797817.88,2.6284189459639755,-0.03099379684479797,0.042713312104890114,1.000122549939029,2.628418945963976,0.0,0.0,0.0,1.0,2.628418945963976,0.030045826923296853,0.16013320852689084,1.0
1769797817.9,2.6350900600400267,-0.034814817231994415,0.0015250267636534008,1.0029063501804332,2.6350900600400267,0.0,0.0,0.0,1.0,2.6350900600400267,0.03614835010815974,0.3070197198404483,1.0
1769797817.92,2.641761174116077,-0.03283184941795074,0.010648676910335029,1.0086211108109728,2.6417611741160774,0.0,0.0,0.0,1.0,2.6417611741160774,0.03241268419708604,0.25456866221849395,1.0
1769797817.94,2.648432288192128,-0.03349583809041856,0.011709586006552987,0.9984204220261286,2.648432288192128,0.0,0.0,0.0,1.0,2.648432288192128,0.032804985967942325,0.2554786047323039,1.0
1769797817.96,2.6551034022681783,-0.037755021802686084,0.00959237868780924,1.0132396229435137,2.6551034022681788,0.0,0.0,0.0,1.0,2.6551034022681788,0.037383803334442176,0.2991690462979762,1.0
1769797817.98,2.661774516344229,-0.04252510067544996,-0.014280646785722528,0.9950152230853431,2.6617745163442295,0.0,0.0,0.0,1.0,2.6617745163442295,0.043746558366758524,0.40572766452705955,1.0
1769797818.0,2.66844563042028,-0.041847138922479155,0.03644711980072215,1.0006624875986532,2.66844563042028,0.0,0.0,0.0,1.0,2.66844563042028,0.04159504365544058,0.2734373490187022,1.0
1769797818.02,2.6751167444963304,-0.04339502846072674,0.007804579356925114,0.9867312109237181,2.675116744496331,0.0,0.0,0.0,1.0,2.675116744496331,0.04234562174902175,0.34500504567489404,1.0
1769797818.04,2.6817878585723816,-0.04887970656962244,-0.017775278476454263,0.9843629671454749,2.6817878585723816,0.0,0.0,0.0,1.0,2.6817878585723816,0.04984014932026427,0.4633037123230481,1.0
1769797818.06,2.688458972648432,-0.04939485111905812,0.013091355501779194,0.9930641008440041,2.6884589726484323,0.0,0.0,0.0,1.0,2.6884589726484323,0.04988231850885629,0.396069032391458,1.0
1769797818.08,2.6951300867244825,-0.04900159915532407,0.004072825142679843,0.979167030613083,2.695130086724483,0.0,0.0,0.0,1.0,2.695130086724483,0.04763514784943571,0.39746559428082384,1.0
1769797818.1,2.7018012008005337,-0.05411453548228644,-0.0170619439780884,0.9884612609775322,2.7018012008005337,0.0,0.0,0.0,1.0,2.7018012008005337,0.054985119952402385,0.5034557153158925,1.0
1769797818.12,2.708472314876584,-0.05450372329791776,-0.0061834680221734386,0.9759909271017758,2.7084723148765844,0.0,0.0,0.0,1.0,2.7084723148765844,0.05516474428204109,0.48167564885240444,1.0
1769797818.14,2.715143428952635,-0.052746502696275455,-0.0051953768530544585,0.9894054514190062,2.715143428952635,0.0,0.0,0.0,1.0,2.715143428952635,0.05180814652097354,0.4521898449306535,1.0
1769797818.16,2.7218145430286853,-0.055464388065726816,-0.01563223141992413,0.9925944646338435,2.7218145430286858,0.0,0.0,0.0,1.0,2.7218145430286858,0.0553682775793754,0.503509974116131,1.0
1769797818.18,2.728485657104736,-0.058228270097837924,0.04706229062629227,0.9948427190923625,2.7284856571047365,0.0,0.0,0.0,1.0,2.7284856571047365,0.058630789038151485,0.3924866309741598,1.0
1769797818.2,2.735156771180787,-0.05931681084217311,0.003359087657576112,1.0011902051448318,2.735156771180787,0.0,0.0,0.0,1.0,2.735156771180787,0.05911373040848577,0.4931461048056223,1.0
1769797818.22,2.7418278852568374,-0.06122610365562224,0.0030808572004623843,1.0136748983722113,2.741827885256838,0.0,0.0,0.0,1.0,2.741827885256838,0.0613530602770492,0.5118332597792087,1.0
1769797818.24,2.7484989993328885,-0.061948450798162906,-0.03653699014938079,1.0203704847316095,2.7484989993328885,0.0,0.0,0.0,1.0,2.7484989993328885,0.06254293223574563,0.6035774425422308,1.0
1769797818.26,2.755170113408939,-0.059944148152188924,-0.0009828098469053408,1.029569467726246,2.7551701134089392,0.0,0.0,0.0,1.0,2.7551701134089392,0.05989655123198419,0.5087935125285331,1.0
1769797818.28,2.7618412274849895,-0.058180629137907516,0.027302140603216864,1.0103459129657284,2.76184122748499,0.0,0.0,0.0,1.0,2.76184122748499,0.05816196446717044,0.43293385845957694,1.0
1769797818.3,2.7685123415610406,-0.057316153465447356,-0.021700983108284864,1.023683797757452,2.7685123415610406,0.0,0.0,0.0,1.0,2.7685123415610406,0.05650421192039917,0.5254324700665913,1.0
1769797818.32,2.775183455637091,-0.06036961691101858,-0.025229553775471054,1.013371693440712,2.7751834556370913,0.0,0.0,0.0,1.0,2.7751834556370913,0.06024073833654542,0.5624861824153397,1.0
1769797818.34,2.781854569713142,-0.06367547858682779,0.01695349434434467,0.9955631506075122,2.781854569713142,0.0,0.0,0.0,1.0,2.781854569713142,0.0640245137041313,0.5035133440970118,1.0
1769797818.36,2.7885256837891923,-0.06608999926561918,-0.01214459250042026,0.9932198432639334,2.7885256837891927,0.0,0.0,0.0,1.0,2.7885256837891927,0.06535250971522068,0.5758049067068498,1.0
1769797818.38,2.795196797865243,-0.07139984299412458,-0.014327632859926066,1.0033376612570866,2.7951967978652434,0.0,0.0,0.0,1.0,2.7951967978652434,0.07194613784627026,0.6109,1.0
1769797818.4,2.801867911941294,-0.07360244637000564,-0.00960911622805245,1.0096853670218149,2.801867911941294,0.0,0.0,0.0,1.0,2.801867911941294,0.07416031074595011,0.6109,1.0
1769797818.42,2.8085390260173444,-0.07384138916938167,0.007923688436103726,1.0016243193175798,2.808539026017345,0.0,0.0,0.0,1.0,2.808539026017345,0.07320168265814579,0.5958787391844196,1.0
1769797818.44,2.8152101400933955,-0.07753179380904199,-0.028469112019057757,1.0003600606683458,2.8152101400933955,0.0,0.0,0.0,1.0,2.8152101400933955,0.07706562902119177,0.6109,1.0
1769797818.46,2.821881254169446,-0.08159499242649679,0.015572691880106777,1.0117529533326337,2.8218812541694462,0.0,0.0,0.0,1.0,2.8218812541694462,0.08339763412533671,0.6109,1.0
1769797818.48,2.8285523682454965,-0.0777934283559413,0.019278836134892324,1.0144570016275967,2.828552368245497,0.0,0.0,0.0,1.0,2.828552368245497,0.0772458631160319,0.6038837315576214,1.0
1769797818.5,2.8352234823215476,-0.07720360090588686,-0.007375384758858001,1.0028719753879942,2.8352234823215476,0.0,0.0,0.0,1.0,2.8352234823215476,0.07654716873829633,0.6109,1.0
1769797818.52,2.841894596397598,-0.07864205393685345,0.00662803922830222,0.9991027924499614,2.8418945963975983,0.0,0.0,0.0,1.0,2.8418945963975983,0.07967712357125495,0.6109,1.0
1769797818.54,2.848565710473649,-0.07557781908419227,0.004263049754802102,0.9959340567791384,2.848565710473649,0.0,0.0,0.0,1.0,2.848565710473649,0.0752501820072797,0.6109,1.0
1769797818.56,2.8552368245496993,-0.07394918821088972,-0.012406228581053511,0.9976601080760608,2.8552368245496997,0.0,0.0,0.0,1.0,2.8552368245496997,0.07404255725712303,0.6109,1.0
1769797818.58,2.8619079386257504,-0.07226817583100964,-0.009263643504956811,0.9955995522475907,2.8619079386257504,0.0,0.0,0.0,1.0,2.8619079386257504,0.07188483512183184,0.6109,1.0
1769797818.6,2.868579052701801,-0.07263624201389891,-0.014953771190794572,0.9815645971170299,2.868579052701801,0.0,0.0,0.0,1.0,2.868579052701801,0.07237608676062599,0.6109,1.0
1769797818.62,2.8752501667778514,-0.07418553328018375,-0.0021959367499847825,0.9986941480268794,2.875250166777852,0.0,0.0,0.0,1.0,2.875250166777852,0.07421836604539524,0.6109,1.0
1769797818.64,2.8819212808539025,-0.07506622292811407,-0.007193890058008754,1.0105270517309464,2.8819212808539025,0.0,0.0,0.0,1.0,2.8819212808539025,0.07558160497548166,0.6109,1.0
1769797818.66,2.888592394929953,-0.0749402575500891,-0.024086600138617957,0.9948208861825416,2.8885923949299532,0.0,0.0,0.0,1.0,2.8885923949299532,0.07354179635499572,0.6109,1.0
1769797818.68,2.895263509006004,-0.08060866860340357,-0.020383926293460333,1.00003219394988,2.895263509006004,0.0,0.0,0.0,1.0,2.895263509006004,0.08134044441583327,0.6109,1.0
1769797818.7,2.901934623082054,-0.08291582513414239,0.04126572436637823,1.0106988095332723,2.9019346230820546,0.0,0.0,0.0,1.0,2.9019346230820546,0.08286212586537947,0.6015489491756982,1.0
1769797818.72,2.908605737158105,-0.08507477403267835,-0.013339895578570623,0.9995309383173262,2.9086057371581053,0.0,0.0,0.0,1.0,2.9086057371581053,0.08547357825244158,0.6109,1.0
1769797818.74,2.915276851234156,-0.08607180265333793,0.018105103513498408,0.9883644307284531,2.915276851234156,0.0,0.0,0.0,1.0,2.915276851234156,0.08537263657231929,0.6109,1.0
1769797818.76,2.9219479653102063,-0.09001962814762539,-0.015445941968805717,1.0034892371976176,2.9219479653102067,0.0,0.0,0.0,1.0,2.9219479653102067,0.0903316063187512,0.6109,1.0
1769797818.78,2.9286190793862574,-0.09248332779555797,0.012624848225527554,1.0016363122797007,2.9286190793862574,0.0,0.0,0.0,1.0,2.9286190793862574,0.09251155550999236,0.6109,1.0
1769797818.8,2.935290193462308,-0.09464315964833714,-0.01825655692499478,0.9918543403369625,2.935290193462308,0.0,0.0,0.0,1.0,2.935290193462308,0.09481529810946346,0.6109,1.0
1769797818.82,2.9419613075383584,-0.09598029049200844,0.001793610975426795,0.9982208228696398,2.941961307538359,0.0,0.0,0.0,1.0,2.941961307538359,0.09599967868252685,0.6109,1.0
1769797818.84,2.9486324216144095,-0.09719469446272115,0.010872698056448075,1.0050069596088402,2.9486324216144095,0.0,0.0,0.0,1.0,2.9486324216144095,0.09722694311326063,0.6109,1.0
1769797818.86,2.95530353569046,-0.09863152205961616,-0.04263208603308059,0.9977590813059843,2.9553035356904602,0.0,0.0,0.0,1.0,2.9553035356904602,0.09825860473091633,0.6109,1.0
1769797818.88,2.961974649766511,-0.10172832642318515,0.0001817415338532161,0.9958691186785983,2.961974649766511,0.0,0.0,0.0,1.0,2.961974649766511,0.10180863052377716,0.6109,1.0
1769797818.9,2.968645763842561,-0.10411669974226624,0.00022288398732114634,1.0167859445908871,2.9686457638425616,0.0,0.0,0.0,1.0,2.9686457638425616,0.10445037831732476,0.6109,1.0
1769797818.92,2.975316877918612,-0.10536593804991097,0.021890895730851633,0.9979554139032426,2.9753168779186123,0.0,0.0,0.0,1.0,2.9753168779186123,0.10494790637774098,0.6109,1.0
1769797818.94,2.981987991994663,-0.10810081529676817,-0.032601545522159756,1.0154514099606158,2.981987991994663,0.0,0.0,0.0,1.0,2.981987991994663,0.10856599082768228,0.6109,1.0
1769797818.96,2.9886591060707133,-0.10818951946455205,-0.005458744083903685,0.9955381394188558,2.9886591060707137,0.0,0.0,0.0,1.0,2.9886591060707137,0.1086648733993596,0.6109,1.0
1769797818.98,2.9953302201467644,-0.10645860306124802,0.021180643265836387,0.9989310935711746,2.9953302201467644,0.0,0.0,0.0,1.0,2.9953302201467644,0.10605990526990074,0.6109,1.0
1769797819.0,3.002001334222815,-0.10661506833209723,0.016620763986519037,1.0045726264701418,3.002001334222815,0.0,0.0,0.0,1.0,3.002001334222815,0.10658827635089801,0.6109,1.0
1769797819.02,3.0086724482988654,-0.10668266710566592,0.021615741542664053,1.0079960803466426,3.008672448298866,0.0,0.0,0.0,1.0,3.008672448298866,0.10689656284854292,0.6109,1.0
1769797819.04,3.015343562374916,-0.10604160983385225,-0.024826488744753093,0.9970608126938175,3.0153435623749165,0.0,0.0,0.0,1.0,3.0153435623749165,0.10575208574580866,0.6109,1.0
1769797819.06,3.0220146764509668,-0.10699814818641518,-0.017004309880487792,1.000705067517356,3.022014676450967,0.0,0.0,0.0,1.0,3.022014676450967,0.10675166497290871,0.6109,1.0
1769797819.08,3.028685790527018,-0.10907487984571722,-0.009099875679477041,1.00491656617861,3.028685790527018,0.0,0.0,0.0,1.0,3.028685790527018,0.10910494153534159,0.6109,1.0
1769797819.1,3.035356904603068,-0.11010238545877715,0.014028713709183056,0.996812140098438,3.0353569046030686,0.0,0.0,0.0,1.0,3.0353569046030686,0.11101132362010555,0.6109,1.0
1769797819.12,3.042028018679119,-0.1070188538733061,-0.010474901020608437,1.0126463838964679,3.0420280186791193,0.0,0.0,0.0,1.0,3.0420280186791193,0.10688817965230456,0.6109,1.0
1769797819.14,3.04869913275517,-0.10455123050750331,0.007884879110150898,1.027884302886833,3.04869913275517,0.0,0.0,0.0,1.0,3.04869913275517,0.10454513531917574,0.6109,1.0
1769797819.16,3.0553702468312203,-0.10194841692234516,0.02565617996385484,1.0252816571624614,3.0553702468312207,0.0,0.0,0.0,1.0,3.0553702468312207,0.1021120513538959,0.6109,1.0
1769797819.18,3.0620413609072714,-0.09918441547303951,-0.04763242165337231,1.0059818631810427,3.0620413609072714,0.0,0.0,0.0,1.0,3.0620413609072714,0.09858197598995026,0.6109,1.0
1769797819.2,3.068712474983322,-0.10042950822299353,-0.011476377679867813,1.0076226192848747,3.068712474983322,0.0,0.0,0.0,1.0,3.068712474983322,0.09923179827815035,0.6109,1.0
1769797819.22,3.0753835890593724,-0.10701792973251338,0.00470720115339861,1.0065922257251299,3.075383589059373,0.0,0.0,0.0,1.0,3.075383589059373,0.10726391404888246,0.6109,1.0
1769797819.24,3.082054703135423,-0.11195106014145834,-0.050218011603523495,1.0043066615142169,3.0820547031354235,0.0,0.0,0.0,1.0,3.0820547031354235,0.1124584244323109,0.6109,1.0
1769797819.26,3.0887258172114738,-0.11539985850525125,-0.019361443007977718,1.0151251371085845,3.088725817211474,0.0,0.0,0.0,1.0,3.088725817211474,0.11451649052642476,0.6109,1.0
1769797819.28,3.095396931287525,-0.12223143216269029,-0.024316440080077554,1.002717768009018,3.095396931287525,0.0,0.0,0.0,1.0,3.095396931287525,0.12297104077023449,0.6109,1.0
1769797819.3,3.102068045363575,-0.12501472187617194,-0.0048438884443631255,1.0061645079522863,3.1020680453635756,0.0,0.0,0.0,1.0,3.1020680453635756,0.1256114989849231,0.6109,1.0
1769797819.32,3.108739159439626,-0.12487399286606882,-0.013084072452498166,0.9872205008160669,3.1087391594396263,0.0,0.0,0.0,1.0,3.1087391594396263,0.12501305174881486,0.6109,1.0
1769797819.34,3.115410273515677,-0.12412371195961369,-0.005793872794465324,0.9991310205871116,3.115410273515677,0.0,0.0,0.0,1.0,3.115410273515677,0.12408432240315093,0.6109,1.0
1769797819.36,3.1220813875917273,-0.123437737833308,-0.010326266641250073,0.9947898282144746,3.1220813875917277,0.0,0.0,0.0,1.0,3.1220813875917277,0.1235572489833182,0.6109,1.0
1769797819.38,3.1287525016677784,-0.12184529630217868,-0.040342838179688006,0.9797087760434506,3.1287525016677784,0.0,0.0,0.0,1.0,3.1287525016677784,0.1221940450069548,0.6109,1.0
1769797819.4,3.135423615743829,-0.11852567339472135,0.04879167855825256,0.9955952171604914,3.135423615743829,0.0,0.0,0.0,1.0,3.135423615743829,0.11862536081542752,0.6109,1.0
1769797819.42,3.1420947298198794,-0.11553584187440535,-0.02535873954587293,1.0027290517143053,3.14209472981988,0.0,0.0,0.0,1.0,3.14209472981988,0.11474084252396857,0.6109,1.0
1769797819.44,3.14876584389593,-0.1158764387472366,0.0118714973028241,1.0143738004839669,3.1487658438959305,0.0,0.0,0.0,1.0,3.1487658438959305,0.1162560073227944,0.6109,1.0
1769797819.46,3.1554369579719808,-0.11495456650541436,0.006260574807153114,1.0104147618013641,3.155436957971981,0.0,0.0,0.0,1.0,3.155436957971981,0.11444571560079822,0.6109,1.0
1769797819.48,3.162108072048032,-0.11610981412885811,0.007826442339992572,0.9971020679731745,3.162108072048032,0.0,0.0,0.0,1.0,3.162108072048032,0.11640733181846744,0.6109,1.0
1769797819.5,3.168779186124082,-0.11696154977740623,-0.04219647484279399,1.0005209105143789,3.1687791861240826,0.0,0.0,0.0,1.0,3.1687791861240826,0.11587664586745842,0.6109,1.0
1769797819.52,3.175450300200133,-0.12209285409167914,0.03045103593071625,0.9810541548811625,3.1754503002001333,0.0,0.0,0.0,1.0,3.1754503002001333,0.1228761703390442,0.6109,1.0
1769797819.54,3.182121414276184,-0.12462603928535897,-0.0009999987983452879,0.9934110783685435,3.182121414276184,0.0,0.0,0.0,1.0,3.182121414276184,0.12356868258491506,0.6109,1.0
1769797819.56,3.1887925283522343,-0.13083314010968597,-0.018285913525492886,1.0048634302659458,3.1887925283522347,0.0,0.0,0.0,1.0,3.1887925283522347,0.13209355574777715,0.6109,1.0
1769797819.58,3.1954636424282854,-0.1319200103370124,-0.039554652654113336,1.0050127978971786,3.1954636424282854,0.0,0.0,0.0,1.0,3.1954636424282854,0.13115830128958764,0.6109,1.0
1769797819.6,3.202134756504336,-0.13547117245205154,-0.01555142855629067,0.9769951886893883,3.202134756504336,0.0,0.0,0.0,1.0,3.202134756504336,0.13656152278565442,0.6109,1.0
1769797819.62,3.2088058705803864,-0.1348832200363415,-0.029043094055780712,0.9954395201008568,3.208805870580387,0.0,0.0,0.0,1.0,3.208805870580387,0.13393403301027734,0.6109,1.0
1769797819.64,3.215476984656437,-0.13763635779992786,-0.0018465087521495564,1.0109485161615859,3.2154769846564375,0.0,0.0,0.0,1.0,3.2154769846564375,0.13872480707559778,0.6109,1.0
1769797819.66,3.2221480987324878,-0.13501138710026103,-0.009341052458292488,0.9948916644307277,3.222148098732488,0.0,0.0,0.0,1.0,3.222148098732488,0.135310065610388,0.6109,1.0
1769797819.68,3.228819212808539,-0.13121517488774903,0.006804473388775973,1.0109834560750666,3.228819212808539,0.0,0.0,0.0,1.0,3.228819212808539,0.13099258335333508,0.6109,1.0
1769797819.7,3.235490326884589,-0.1288648651748495,0.01578810231319345,1.001239152047616,3.2354903268845896,0.0,0.0,0.0,1.0,3.2354903268845896,0.1284577231691687,0.6109,1.0
1769797819.72,3.24216144096064,-0.1290112337503073,0.002556319249801948,0.9849451598072174,3.2421614409606403,0.0,0.0,0.0,1.0,3.2421614409606403,0.12841455148846043,0.6109,1.0
1769797819.74,3.248832555036691,-0.13173322131976414,-0.005578424778322103,0.9793309839544196,3.248832555036691,0.0,0.0,0.0,1.0,3.248832555036691,0.13194211954771712,0.6109,1.0
1769797819.76,3.2555036691127412,-0.134541477353415,-0.004434283601484006,0.9860390398202188,3.2555036691127417,0.0,0.0,0.0,1.0,3.2555036691127417,0.13348035049210702,0.6109,1.0
1769797819.78,3.2621747831887924,-0.14168151537423324,0.020861437343552194,0.9970695527581511,3.2621747831887924,0.0,0.0,0.0,1.0,3.2621747831887924,0.1423016587398366,0.6109,1.0
1769797819.8,3.268845897264843,-0.14562669747024343,0.021505483322682793,0.9967618443938441,3.268845897264843,0.0,0.0,0.0,1.0,3.268845897264843,0.14592755102223573,0.6109,1.0
1769797819.82,3.2755170113408933,-0.1464749164209226,0.00030443363567004335,0.987939040964628,3.275517011340894,0.0,0.0,0.0,1.0,3.275517011340894,0.14816789632362287,0.6109,1.0
1769797819.84,3.282188125416944,-0.14048514360869485,0.011173942893911283,1.0003313448392892,3.2821881254169445,0.0,0.0,0.0,1.0,3.2821881254169445,0.13942256249233392,0.6109,1.0
1769797819.86,3.2888592394929947,-0.13914569073768313,0.03180496672580117,1.0083327158585795,3.288859239492995,0.0,0.0,0.0,1.0,3.288859239492995,0.13945408267281806,0.6109,1.0
1769797819.88,3.295530353569046,-0.1358936803583626,-0.013411514606500132,0.9908058431073895,3.295530353569046,0.0,0.0,0.0,1.0,3.295530353569046,0.13636707550270846,0.6109,1.0
1769797819.9,3.302201467645096,-0.13201495230882884,0.004346136758395143,1.0079185896252676,3.3022014676450966,0.0,0.0,0.0,1.0,3.3022014676450966,0.13043249263876155,0.6109,1.0
1769797819.92,3.308872581721147,-0.13608736661762916,0.006389533040871619,0.9962955676691626,3.3088725817211473,0.0,0.0,0.0,1.0,3.3088725817211473,0.13552103605294255,0.6109,1.0
1769797819.94,3.315543695797198,-0.14211711483688155,-0.028096552296036945,0.989026638767989,3.315543695797198,0.0,0.0,0.0,1.0,3.315543695797198,0.14280265689496702,0.6109,1.0
1769797819.96,3.3222148098732482,-0.14472945752802116,0.007639532275149193,1.0017908865893004,3.3222148098732487,0.0,0.0,0.0,1.0,3.3222148098732487,0.1449476667850686,0.6109,1.0
1769797819.98,3.3288859239492994,-0.14699005111793778,0.03510365126333598,0.98854548889191,3.3288859239492994,0.0,0.0,0.0,1.0,3.3288859239492994,0.1463234903529395,0.6109,1.0
1769797820.0,3.33555703802535,-0.15142632439704481,-0.01827269057146902,0.9907205761233018,3.33555703802535,0.0,0.0,0.0,1.0,3.33555703802535,0.15236126161117963,0.6109,1.0
1769797820.02,3.3422281521014003,-0.15177045263403374,-0.020196716760524525,1.000401445015472,3.342228152101401,0.0,0.0,0.0,1.0,3.342228152101401,0.1514995573435227,0.6109,1.0
1769797820.04,3.348899266177451,-0.15307361820014656,0.027910959594311037,0.9841046740924826,3.3488992661774515,0.0,0.0,0.0,1.0,3.3488992661774515,0.15337875889340774,0.6109,1.0
1769797820.06,3.3555703802535017,-0.1537906309128356,-0.022894159777156014,1.0069955565919255,3.355570380253502,0.0,0.0,0.0,1.0,3.355570380253502,0.1529527938643739,0.6109,1.0
1769797820.08,3.362241494329553,-0.15804658856878853,0.011478295393522778,0.9937717858596774,3.362241494329553,0.0,0.0,0.0,1.0,3.362241494329553,0.1584175498516792,0.6109,1.0
1769797820.1,3.368912608405603,-0.15970034185789997,-0.03181016297172392,0.9909652771485677,3.3689126084056036,0.0,0.0,0.0,1.0,3.3689126084056036,0.1605713935712518,0.6109,1.0
1769797820.12,3.375583722481654,-0.15703976589767787,0.0016285679586232028,0.9741948635657753,3.3755837224816543,0.0,0.0,0.0,1.0,3.3755837224816543,0.1572891871513696,0.6109,1.0
1769797820.14,3.382254836557705,-0.1541465037834125,-0.008170896354303082,1.0065369215845554,3.382254836557705,0.0,0.0,0.0,1.0,3.382254836557705,0.15321522408689447,0.6109,1.0
1769797820.16,3.3889259506337552,-0.15391327474450586,0.0064581236060004465,1.001605563413661,3.3889259506337557,0.0,0.0,0.0,1.0,3.3889259506337557,0.15559921358623124,0.6109,1.0
1769797820.18,3.3955970647098064,-0.14700493937967057,0.01646892274844964,0.9721220821537548,3.3955970647098064,0.0,0.0,0.0,1.0,3.3955970647098064,0.1458123311108807,0.6109,1.0
1769797820.2,3.402268178785857,-0.1459565693183724,0.003227605198822836,0.9906830634504393,3.402268178785857,0.0,0.0,0.0,1.0,3.402268178785857,0.14566210926918813,0.6109,1.0
1769797820.22,3.4089392928619073,-0.14648361729486825,-0.009715498434363184,0.9987319918888778,3.4089392928619078,0.0,0.0,0.0,1.0,3.4089392928619078,0.14628234615326757,0.6109,1.0
1769797820.24,3.415610406937958,-0.14747867728143832,0.02946123591608375,1.0178771089015952,3.4156104069379585,0.0,0.0,0.0,1.0,3.4156104069379585,0.14794993059883407,0.6109,1.0
1769797820.26,3.4222815210140087,-0.14661506562909596,0.018363931245485292,0.9966020455272473,3.422281521014009,0.0,0.0,0.0,1.0,3.422281521014009,0.14627455512016166,0.6109,1.0
1769797820.28,3.42895263509006,-0.14749792077052923,0.023735153146167073,1.0032966709189253,3.42895263509006,0.0,0.0,0.0,1.0,3.42895263509006,0.147340503018447,0.6109,1.0
1769797820.3,3.43562374916611,-0.14923201973146044,-0.004312127623373071,1.0041399914040388,3.4356237491661106,0.0,0.0,0.0,1.0,3.4356237491661106,0.1491153920883462,0.6109,1.0
1769797820.32,3.442294863242161,-0.15112103066067356,0.001933439592741956,0.9915728283006904,3.4422948632421613,0.0,0.0,0.0,1.0,3.4422948632421613,0.15151038102692466,0.6109,1.0
1769797820.34,3.448965977318212,-0.1512711529377958,0.013456021225544497,0.9948669480229514,3.448965977318212,0.0,0.0,0.0,1.0,3.448965977318212,0.15119307321404826,0.6109,1.0
1769797820.36,3.4556370913942622,-0.1529235169829848,-0.020069416219286384,1.001044194499367,3.4556370913942627,0.0,0.0,0.0,1.0,3.4556370913942627,0.15178564725907315,0.6109,1.0
1769797820.38,3.4623082054703134,-0.15872505205950765,-0.03806110218022173,1.002049149027267,3.4623082054703134,0.0,0.0,0.0,1.0,3.4623082054703134,0.15988593973976162,0.6109,1.0
1769797820.4,3.468979319546364,-0.15940987106255736,0.008855496669084667,0.9976709790829286,3.468979319546364,0.0,0.0,0.0,1.0,3.468979319546364,0.15910911129484537,0.6109,1.0
1769797820.42,3.4756504336224143,-0.16088477193322825,-0.00421029913470007,0.9904270308950363,3.4756504336224148,0.0,0.0,0.0,1.0,3.4756504336224148,0.1614982356482631,0.6109,1.0
1769797820.44,3.482321547698465,-0.16071052624900622,0.014281601886425901,1.006027269050148,3.4823215476984655,0.0,0.0,0.0,1.0,3.4823215476984655,0.15949684213373652,0.6109,1.0
1769797820.46,3.4889926617745157,-0.1649186396473179,-0.0008205185405940213,0.9862193262766059,3.488992661774516,0.0,0.0,0.0,1.0,3.488992661774516,0.16620013976937612,0.6109,1.0
1769797820.48,3.495663775850567,-0.16341121018627291,0.00728051187057792,0.9878849639996695,3.495663775850567,0.0,0.0,0.0,1.0,3.495663775850567,0.16314641914269118,0.6109,1.0
1769797820.5,3.502334889926617,-0.16272293717298628,0.03123053700778596,1.0024057294751507,3.5023348899266176,0.0,0.0,0.0,1.0,3.5023348899266176,0.16313947226194286,0.6109,1.0
1769797820.52,3.509006004002668,-0.16097099650553412,-0.010907140905419062,1.0063461029716387,3.5090060040026683,0.0,0.0,0.0,1.0,3.5090060040026683,0.16009083374456898,0.6109,1.0
1769797820.54,3.515677118078719,-0.16279367097510955,-0.05955026380645907,0.9934113019571095,3.515677118078719,0.0,0.0,0.0,1.0,3.515677118078719,0.1633264820559194,0.6109,1.0
1769797820.56,3.522348232154769,-0.162336757667256,0.009166229261342446,0.9924497827899809,3.5223482321547697,0.0,0.0,0.0,1.0,3.5223482321547697,0.16212989373423897,0.6109,1.0
1769797820.58,3.5290193462308204,-0.16272563356321101,0.01100565083319611,0.9988211221852488,3.5290193462308204,0.0,0.0,0.0,1.0,3.5290193462308204,0.16284520938014851,0.6109,1.0
1769797820.6,3.535690460306871,-0.16234746173260742,0.008564250780087362,1.0047138493356749,3.535690460306871,0.0,0.0,0.0,1.0,3.535690460306871,0.16255648898012431,0.6109,1.0
1769797820.62,3.5423615743829213,-0.1610771367897312,-0.00812764805037845,0.9932661858905636,3.5423615743829218,0.0,0.0,0.0,1.0,3.5423615743829218,0.16099382941359167,0.6109,1.0
1769797820.64,3.549032688458972,-0.16001609168425043,-0.0013829035846682609,0.9897107237266576,3.5490326884589725,0.0,0.0,0.0,1.0,3.5490326884589725,0.16019557960217296,0.6109,1.0
1769797820.66,3.5557038025350227,-0.1583043659954992,-0.019397999866806882,1.0019195626610455,3.555703802535023,0.0,0.0,0.0,1.0,3.555703802535023,0.1581174362951313,0.6109,1.0
1769797820.68,3.562374916611074,-0.1573472624655779,0.01368742355001654,0.9935237021008874,3.562374916611074,0.0,0.0,0.0,1.0,3.562374916611074,0.1574649789084649,0.6109,1.0
1769797820.7,3.569046030687124,-0.15604131129052976,-0.005549648975179221,0.9906114228767073,3.5690460306871246,0.0,0.0,0.0,1.0,3.5690460306871246,0.15584081553551724,0.6109,1.0
1769797820.72,3.575717144763175,-0.15536516423115862,0.025788146596942646,1.0273289071480443,3.5757171447631753,0.0,0.0,0.0,1.0,3.5757171447631753,0.1556710069722068,0.6109,1.0
1769797820.74,3.582388258839226,-0.15326273993852044,-0.004924855749954985,1.0013533639770928,3.582388258839226,0.0,0.0,0.0,1.0,3.582388258839226,0.15326175104689607,0.6109,1.0
1769797820.76,3.589059372915276,-0.1520413268039281,0.0312714997111531,0.9857538611023144,3.5890593729152767,0.0,0.0,0.0,1.0,3.5890593729152767,0.15116493047346258,0.6109,1.0
1769797820.78,3.5957304869913274,-0.1544070348459219,-0.0062613668550028905,1.0000784136810104,3.5957304869913274,0.0,0.0,0.0,1.0,3.5957304869913274,0.15490976321150826,0.6109,1.0
1769797820.8,3.602401601067378,-0.15505209353159036,0.024114828506343146,0.9926497541968656,3.602401601067378,0.0,0.0,0.0,1.0,3.602401601067378,0.15442667718184588,0.6109,1.0
1769797820.82,3.6090727151434283,-0.15886986131384642,-0.012131951207570301,0.9962719276289849,3.6090727151434288,0.0,0.0,0.0,1.0,3.6090727151434288,0.15861576184939974,0.6109,1.0
1769797820.84,3.615743829219479,-0.1635280731912237,-0.004115720549628969,0.9877774318442706,3.6157438292194795,0.0,0.0,0.0,1.0,3.6157438292194795,0.16387342659685372,0.6109,1.0
1769797820.86,3.6224149432955297,-0.16585913399941088,-0.011994846878824158,1.0046501279661664,3.62241494329553,0.0,0.0,0.0,1.0,3.62241494329553,0.16657463584232765,0.6109,1.0
1769797820.88,3.629086057371581,-0.16567438089714281,0.01522454543667067,0.9969435969608108,3.629086057371581,0.0,0.0,0.0,1.0,3.629086057371581,0.16485118620731987,0.6109,1.0
1769797820.9,3.635757171447631,-0.16878397716501098,0.004212261118091127,1.0075034514315235,3.6357571714476316,0.0,0.0,0.0,1.0,3.6357571714476316,0.1693312030140486,0.6109,1.0
1769797820.92,3.642428285523682,-0.16897750732414452,0.0419347478197209,0.9996167087436544,3.6424282855236823,0.0,0.0,0.0,1.0,3.6424282855236823,0.16933985280403688,0.6109,1.0
1769797820.94,3.649099399599733,-0.16800304094213817,0.009760230930355248,1.0069773031951974,3.649099399599733,0.0,0.0,0.0,1.0,3.649099399599733,0.16748009191044713,0.6109,1.0
1769797820.96,3.655770513675783,-0.1696473655753561,-0.0056641496353412694,0.9948617287737899,3.6557705136757837,0.0,0.0,0.0,1.0,3.6557705136757837,0.16946900337468998,0.6109,1.0
1769797820.98,3.6624416277518343,-0.17129569895552982,-0.03305140470628132,1.0222079355151117,3.6624416277518343,0.0,0.0,0.0,1.0,3.6624416277518343,0.172124047145016,0.6109,1.0
1769797821.0,3.669112741827885,-0.16958512788022745,0.01844961278740191,1.0007338864157065,3.669112741827885,0.0,0.0,0.0,1.0,3.669112741827885,0.16907840745143474,0.6109,1.0
1769797821.02,3.6757838559039353,-0.17058922105936505,-0.009719911188638485,0.9920164202007862,3.6757838559039357,0.0,0.0,0.0,1.0,3.6757838559039357,0.1702392521392912,0.6109,1.0
1769797821.04,3.682454969979986,-0.1721545515666942,-0.013977250477269514,1.01061881548364,3.6824549699799864,0.0,0.0,0.0,1.0,3.6824549699799864,0.17322650253218072,0.6109,1.0
1769797821.06,3.6891260840560367,-0.16792744628004913,0.0009910752997040612,1.007258812263767,3.689126084056037,0.0,0.0,0.0,1.0,3.689126084056037,0.16871744423508633,0.6109,1.0
1769797821.08,3.695797198132088,-0.16091562904714718,-0.0009357647623611524,1.0052627676763464,3.695797198132088,0.0,0.0,0.0,1.0,3.695797198132088,0.1600136838698971,0.6109,1.0
1769797821.1,3.702468312208138,-0.1583615351835506,0.02060937412449467,0.9921105891860804,3.7024683122081385,0.0,0.0,0.0,1.0,3.7024683122081385,0.15811288930807915,0.6109,1.0
1769797821.12,3.709139426284189,-0.15680620813149154,-0.016133790799591187,0.9874316307397775,3.7091394262841892,0.0,0.0,0.0,1.0,3.7091394262841892,0.1569677887388209,0.6109,1.0
1769797821.14,3.71581054036024,-0.15531746494649357,-0.034071673422654734,0.9763977237713296,3.71581054036024,0.0,0.0,0.0,1.0,3.71581054036024,0.1544968382452289,0.6109,1.0
1769797821.16,3.72248165443629,-0.1584786339398505,0.004210843599936888,1.0005869716141333,3.7224816544362906,0.0,0.0,0.0,1.0,3.7224816544362906,0.15765831303406416,0.6109,1.0
1769797821.18,3.7291527685123413,-0.16482580586883508,0.0023204377691584477,0.9846238750697737,3.7291527685123413,0.0,0.0,0.0,1.0,3.7291527685123413,0.16546796716021045,0.6109,1.0
1769797821.2,3.735823882588392,-0.16816198019997597,0.020229035136922386,1.0034032830830197,3.735823882588392,0.0,0.0,0.0,1.0,3.735823882588392,0.16817622510473462,0.6109,1.0
1769797821.22,3.7424949966644423,-0.17178348949058717,-0.019872372490246214,1.0053619663073523,3.7424949966644427,0.0,0.0,0.0,1.0,3.7424949966644427,0.17143167830890985,0.6109,1.0
1769797821.24,3.749166110740493,-0.17582627969780995,0.0028483293045733905,1.0197296069731028,3.7491661107404934,0.0,0.0,0.0,1.0,3.7491661107404934,0.17704678429569262,0.6109,1.0
1769797821.26,3.7558372248165437,-0.173635627969814,-0.012074168745055828,1.0009315031115325,3.755837224816544,0.0,0.0,0.0,1.0,3.755837224816544,0.17417338178158037,0.6109,1.0
1769797821.28,3.762508338892595,-0.16978729054190306,-0.024721548057848687,0.9988827343386787,3.762508338892595,0.0,0.0,0.0,1.0,3.762508338892595,0.168935458453575,0.6109,1.0
1769797821.3,3.769179452968645,-0.169159084065785,0.0036786502084287373,0.9792215309763052,3.7691794529686455,0.0,0.0,0.0,1.0,3.7691794529686455,0.16991416952618985,0.6109,1.0
1769797821.32,3.775850567044696,-0.1646177907986039,-0.0335315548850749,1.005513082415464,3.7758505670446962,0.0,0.0,0.0,1.0,3.7758505670446962,0.16500714544111114,0.6109,1.0
1769797821.34,3.782521681120747,-0.15963501868469035,0.001082338734407265,0.9876028008486075,3.782521681120747,0.0,0.0,0.0,1.0,3.782521681120747,0.15825950919972231,0.6109,1.0
1769797821.36,3.789192795196797,-0.16174319020425418,0.030409170937319718,0.9960969513018862,3.7891927951967976,0.0,0.0,0.0,1.0,3.7891927951967976,0.16107129083396096,0.6109,1.0
1769797821.38,3.7958639092728483,-0.16657499250346144,0.020120927621476742,0.9928866532591563,3.7958639092728483,0.0,0.0,0.0,1.0,3.7958639092728483,0.16698689211851975,0.6109,1.0
1769797821.4,3.802535023348899,-0.1687625952271512,0.00970120786195215,1.0030779224714819,3.802535023348899,0.0,0.0,0.0,1.0,3.802535023348899,0.16948459659906348,0.6109,1.0
1769797821.42,3.8092061374249493,-0.16751403241347115,0.01177796969130597,1.0112114550136158,3.8092061374249497,0.0,0.0,0.0,1.0,3.8092061374249497,0.16758085821525046,0.6109,1.0
1769797821.44,3.815877251501,-0.16640652091792113,0.002355808871547716,0.9825746500329425,3.8158772515010004,0.0,0.0,0.0,1.0,3.8158772515010004,0.16595361585815444,0.6109,1.0
1769797821.46,3.8225483655770507,-0.16729116590308687,-0.006805384366326637,1.014658804389645,3.822548365577051,0.0,0.0,0.0,1.0,3.822548365577051,0.16741256636794907,0.6109,1.0
1769797821.48,3.829219479653102,-0.1675087549742728,0.0028944345099404783,1.0194228518058244,3.829219479653102,0.0,0.0,0.0,1.0,3.829219479653102,0.1676092753855623,0.6109,1.0
1769797821.5,3.835890593729152,-0.16777779573079035,0.01336198770420745,1.0001495675687575,3.8358905937291525,0.0,0.0,0.0,1.0,3.8358905937291525,0.16725724879277448,0.6109,1.0
1769797821.52,3.842561707805203,-0.17057312914369363,-0.002162242196944194,0.9799692319593596,3.8425617078052032,0.0,0.0,0.0,1.0,3.8425617078052032,0.170476055531382,0.6109,1.0
1769797821.54,3.849232821881254,-0.17235937001089077,-0.00033521849723028264,0.9848953132788876,3.849232821881254,0.0,0.0,0.0,1.0,3.849232821881254,0.17382147274738444,0.6109,1.0
1769797821.56,3.855903935957304,-0.1683423673094452,-0.00655420694367922,1.015921127069001,3.8559039359573046,0.0,0.0,0.0,1.0,3.8559039359573046,0.16732246477445084,0.6109,1.0
1769797821.58,3.8625750500333553,-0.16859508984939067,-0.005921494949164512,1.0034744691411446,3.8625750500333553,0.0,0.0,0.0,1.0,3.8625750500333553,0.16908490977130677,0.6109,1.0
1769797821.6,3.869246164109406,-0.16652521819657168,-0.01023300541545969,0.9950330447846779,3.869246164109406,0.0,0.0,0.0,1.0,3.869246164109406,0.16656198608706096,0.6109,1.0
1769797821.62,3.8759172781854563,-0.16403696340106763,-0.006745646119538126,1.0001663170221398,3.8759172781854567,0.0,0.0,0.0,1.0,3.8759172781854567,0.16428376305480283,0.6109,1.0
1769797821.64,3.882588392261507,-0.16151426643034253,0.021828713708877404,0.9924207013695501,3.8825883922615074,0.0,0.0,0.0,1.0,3.8825883922615074,0.1603969768881326,0.6109,1.0
1769797821.66,3.8892595063375577,-0.16332697508814387,-0.025872233092519924,1.014053056956283,3.889259506337558,0.0,0.0,0.0,1.0,3.889259506337558,0.16420558732326382,0.6109,1.0
1769797821.68,3.895930620413609,-0.1612345529891367,0.011359224350353844,0.9934867956877661,3.895930620413609,0.0,0.0,0.0,1.0,3.895930620413609,0.16103949331538542,0.6109,1.0
1769797821.7,3.902601734489659,-0.16024430469563966,0.02900226780645412,0.9954866100641652,3.9026017344896595,0.0,0.0,0.0,1.0,3.9026017344896595,0.16005240936763548,0.6109,1.0
1769797821.72,3.90927284856571,-0.16045152758691014,-0.030407217881980815,0.9966040949265926,3.9092728485657102,0.0,0.0,0.0,1.0,3.9092728485657102,0.1601495679328288,0.6109,1.0
1769797821.74,3.915943962641761,-0.16158558291143557,0.009937712464828384,1.0030032170442498,3.915943962641761,0.0,0.0,0.0,1.0,3.915943962641761,0.1620678955305602,0.6109,1.0
1769797821.76,3.922615076717811,-0.1604020892023902,-0.0013002382099649267,1.0057880935670642,3.9226150767178116,0.0,0.0,0.0,1.0,3.9226150767178116,0.1604688460133795,0.6109,1.0
1769797821.78,3.9292861907938623,-0.1592143990864888,-0.028527797520085794,1.0011047699363773,3.9292861907938623,0.0,0.0,0.0,1.0,3.9292861907938623,0.15890706370872834,0.6109,1.0
1769797821.8,3.935957304869913,-0.15970854400827394,0.009495882685515265,1.014292961599179,3.935957304869913,0.0,0.0,0.0,1.0,3.935957304869913,0.15946094073346956,0.6109,1.0
1769797821.82,3.9426284189459633,-0.1615229318307637,0.02201506915793993,0.986191778778134,3.9426284189459637,0.0,0.0,0.0,1.0,3.9426284189459637,0.16135817087914636,0.6109,1.0
1769797821.84,3.949299533022014,-0.1638285901517566,-0.002961526895429944,1.002511363140125,3.9492995330220144,0.0,0.0,0.0,1.0,3.9492995330220144,0.1641062040941343,0.6109,1.0
1769797821.86,3.9559706470980647,-0.16428278407807329,0.030162815436042864,0.9901373753801052,3.955970647098065,0.0,0.0,0.0,1.0,3.955970647098065,0.16483871674165365,0.6109,1.0
1769797821.88,3.962641761174116,-0.1615957749392656,0.00018680436302230487,0.9975318585351314,3.962641761174116,0.0,0.0,0.0,1.0,3.962641761174116,0.1621426255743483,0.6109,1.0
1769797821.9,3.969312875250166,-0.15682389785676726,0.006464589802146644,1.0122208945288764,3.9693128752501665,0.0,0.0,0.0,1.0,3.9693128752501665,0.156356796170072,0.6109,1.0
1769797821.92,3.9759839893262168,-0.15410758534604085,0.0072232734294106985,1.0000393588055687,3.975983989326217,0.0,0.0,0.0,1.0,3.975983989326217,0.1542318286455136,0.6109,1.0
1769797821.94,3.982655103402268,-0.15006699388050165,0.017255533798514213,1.0157040760347218,3.982655103402268,0.0,0.0,0.0,1.0,3.982655103402268,0.15081147077110832,0.6109,1.0
1769797821.96,3.989326217478318,-0.1437706033826541,-0.02314649625074607,0.9966168407044363,3.9893262174783186,0.0,0.0,0.0,1.0,3.9893262174783186,0.1425521769254648,0.6109,1.0
1769797821.98,3.9959973315543693,-0.14420376857751344,0.04845708709607793,0.9995143632851629,3.9959973315543693,0.0,0.0,0.0,1.0,3.9959973315543693,0.14316020301835664,0.6109,1.0
1769797822.0,4.00266844563042,-0.14806050796621933,0.016823904342950207,0.4477857265739818,4.0026684456304205,1.0671402654008531e-05,0.007994485669790724,2.991707838150503,1.0,4.0026684456304205,0.14951757778442512,0.6109,0.3
1769797822.02,4.009339559706471,-0.1455851458848444,0.012883646039269458,0.3258098503343912,4.009339559706471,0.00013043373062529874,0.027880611677809586,2.968517583134216,1.0,4.009339559706471,0.1452978218129755,0.6109,0.3
1769797822.04,4.016010673782522,-0.14600514323548452,0.04319115480510184,0.2938100079455538,4.016010673782522,0.0003824604109880915,0.04761150006274769,2.9419437180716703,1.0,4.016010673782522,0.14544178062609722,0.6109,0.3
1769797822.06,4.022681787858572,-0.15062166042025035,0.0331286639734679,0.30938662059856875,4.0226817878585726,0.0007658607747027134,0.0671724551670553,2.912162720119699,1.0,4.0226817878585726,0.1516048421225793,0.6109,0.3
1769797822.08,4.029352901934623,-0.15329694508630992,0.0715470295808397,0.2999986247836358,4.029352901934623,0.001279744152729491,0.08654955779731056,2.879364687037417,1.0,4.029352901934623,0.15550375742882344,0.6109,0.3
1769797822.1,4.036024016010674,-0.15255388901193764,0.09637420864272313,0.2908439241670872,4.036024016010674,0.0019232198760287503,0.10572970769648082,2.8437508419841664,1.0,4.036024016010674,0.15356913140940617,0.6109,0.3
1769797822.12,4.042695130086725,-0.15488632376125339,0.15889496738002393,0.29890231480321566,4.042695130086725,0.0026953972755608194,0.12470065744116861,2.8055310209528366,1.0,4.042695130086725,0.15874345844640725,0.6109,0.3
1769797822.14,4.049366244162775,-0.15170287033887694,0.13451319848925827,0.289747158419564,4.049366244162775,0.003595385682286023,0.1434510378219042,2.7649211923778076,1.0,4.049366244162775,0.1553927029480876,0.6109,0.3
1769797822.16,4.056037358238826,-0.14906046344568727,0.17630823673325302,0.29667963086501176,4.056037358238826,0.004622294427164689,0.16197037490366403,2.7221410537410655,1.0,4.056037358238826,0.15270095901801686,0.6109,0.3
1769797822.18,4.062708472314877,-0.15054986762773828,0.18797637385342045,0.3077485103619477,4.062708472314877,0.005775232841157145,0.1802490990877706,2.6774117443108736,1.0,4.062708472314877,0.15677501738288524,0.6109,0.3
1769797822.2,4.0693795863909275,-0.1493234288662566,0.20263810377253944,0.289474900866546,4.0693795863909275,0.007053310255223714,0.19827854660304078,2.63095370680276,1.0,4.0693795863909275,0.15699296979972727,0.6109,0.3
1769797822.22,4.076050700466978,-0.14522215868309576,0.20000744437442003,0.29080837603751375,4.076050700466978,0.008455636000324727,0.21605095394219415,2.582984724063188,1.0,4.076050700466978,0.1536768829399473,0.6109,0.3
1769797822.24,4.082721814543029,-0.14151018923423406,0.2421606398606927,0.3070876253850891,4.082721814543029,0.009981319407420504,0.23355944582857324,2.5337181501303894,1.0,4.082721814543029,0.15110646271023048,0.6109,0.3
1769797822.26,4.089392928619079,-0.13781785496755947,0.250777943960317,0.29029733869947644,4.0893929286190795,0.01162946980747138,0.2507980173483359,2.4833613484777697,1.0,4.0893929286190795,0.1512245706061561,0.6109,0.3
1769797822.28,4.09606404269513,-0.12762122322562097,0.2603334885878392,0.2937400680458165,4.09606404269513,0.013399196531437677,0.2677615109152309,2.4321143441034168,1.0,4.09606404269513,0.13923090335373806,0.6109,0.3
1769797822.3,4.102735156771181,-0.12564057185412164,0.27479338463717407,0.3043642330785637,4.102735156771181,0.015289608910279721,0.28444558875012993,2.3801686905576003,1.0,4.102735156771181,0.14106527694279167,0.6109,0.3
1769797822.32,4.109406270847232,-0.12395942874156231,0.30665179479026833,0.2856043708368114,4.109406270847232,0.01729981627495784,0.30084670155730575,2.3277065481137456,1.0,4.109406270847232,0.1403292879250922,0.6109,0.3
1769797822.34,4.116077384923282,-0.12661888027689405,0.29903268248520803,0.3126195573239814,4.116077384923282,0.01942892795643236,0.3169620540659266,2.2748999651559676,1.0,4.116077384923282,0.1460470133454325,0.6109,0.3
1769797822.36,4.122748498999333,-0.12959761920350718,0.31512922580909564,0.2863534593541039,4.122748498999333,0.021676053285663608,0.3327895680804206,2.221910351505449,1.0,4.122748498999333,0.1509580945747278,0.6109,0.3
1769797822.38,4.129419613075384,-0.1330161513316537,0.3412722534627364,0.30602732749040745,4.129419613075384,0.024040301593611913,0.34832784364936165,2.1688881298300045,1.0,4.129419613075384,0.15808935665779938,0.6109,0.3
1769797822.4,4.136090727151434,-0.1324834009191537,0.35307298205819404,0.28928577849105014,4.136090727151434,0.026520782211237597,0.3635761189213948,2.11597254943901,1.0,4.136090727151434,0.15813524825254704,0.6109,0.3
1769797822.42,4.142761841227485,-0.13478004482800054,0.36711547120583926,0.30091745602667835,4.142761841227485,0.029116604469500984,0.3785342292104175,2.0632916455998975,1.0,4.142761841227485,0.16512228440609467,0.6109,0.3
1769797822.44,4.149432955303536,-0.13088484400811695,0.38273527135322255,0.292364478499579,4.149432955303536,0.03182687769936241,0.39320256574256707,2.010962326948388,1.0,4.149432955303536,0.16318393592944194,0.6109,0.3
1769797822.46,4.156104069379586,-0.12425043501720771,0.4102539554591601,0.30056715756933333,4.1561040693795865,0.0346507112317822,0.40758203450614416,1.9590905735188755,1.0,4.1561040693795865,0.1594366880508568,0.6109,0.3
1769797822.48,4.162775183455637,-0.11552545502896569,0.39436299043823586,0.27800251851060764,4.162775183455637,0.03758721439772067,0.4216740155738331,1.9077717283070763,1.0,4.162775183455637,0.15270404534864046,0.6109,0.3
1769797822.5,4.169446297531688,-0.10850970659871907,0.4569587702664857,0.29321402230009824,4.169446297531688,0.04063549652813816,0.43548032321563235,1.8570908660078402,1.0,4.169446297531688,0.14934288393307604,0.6109,0.3
1769797822.52,4.176117411607739,-0.10158169847454618,0.4463340204950117,0.3073794015540129,4.176117411607739,0.04379466695399499,0.4490031670717534,1.8071232235651007,1.0,4.176117411607739,0.14436611469344635,0.6109,0.3
1769797822.54,4.182788525683789,-0.09866033602756757,0.47245404515041717,0.3094838103717367,4.182788525683789,0.047063835006251484,0.46224511460812256,1.7579346783530483,1.0,4.182788525683789,0.1464320287870674,0.6109,0.3
1769797822.56,4.18945963975984,-0.09304616951590784,0.4816662391939,0.30937959014489114,4.18945963975984,0.050442110015867965,0.47520905503359157,1.7095822611109077,1.0,4.18945963975984,0.1428777474146313,0.6109,0.3
1769797822.58,4.196130753835891,-0.09034328729732144,0.4579759613184394,0.2808057869575184,4.196130753835891,0.05392860131380477,0.4878981648179047,1.662114692120599,1.0,4.196130753835891,0.14420975419806062,0.6109,0.3
1769797822.6,4.202801867911941,-0.08691771612457547,0.5125554808791254,0.2939426385346224,4.202801867911941,0.057522418231022235,0.5003158749131167,1.6155729304987942,1.0,4.202801867911941,0.14545278390406344,0.6109,0.3
1769797822.62,4.209472981987992,-0.07834182506272656,0.5547212127979747,0.3111475486725987,4.209472981987992,0.06122267009848067,0.512465839748594,1.569990727833621,1.0,4.209472981987992,0.13998911715747006,0.6109,0.3
1769797822.64,4.216144096064043,-0.06931205155538339,0.49955975956233817,0.2948604490382411,4.216144096064043,0.06502846624714038,0.5243519080409749,1.525395178701073,1.0,4.216144096064043,0.13281283093212487,0.6109,0.3
1769797822.66,4.222815210140093,-0.06664934959532083,0.5466544726905895,0.30551153994931535,4.2228152101400935,0.06893891600796176,0.5359780954353848,1.4818072618247826,1.0,4.2228152101400935,0.13635039945119687,0.6109,0.3
1769797822.68,4.229486324216144,-0.06035952535999845,0.5300802031984727,0.3175708879414832,4.229486324216144,0.07295312871190505,0.5473485589726724,1.4392423667795187,1.0,4.229486324216144,0.13338315172356338,0.6109,0.3
1769797822.7,4.236157438292195,-0.05503681779574042,0.59739823948832,0.291223528517329,4.236157438292195,0.07707021368993064,0.5584675733592224,1.3977108021740514,1.0,4.236157438292195,0.13081092577352732,0.6109,0.3
1769797822.72,4.242828552368246,-0.05517884103426357,0.5850742550283763,0.30090034770927326,4.242828552368246,0.08128928027299884,0.5693395090007594,1.3572182821781154,1.0,4.242828552368246,0.1370518838278187,0.6109,0.3
1769797822.74,4.249499666444296,-0.051812845666803144,0.5636468843641663,0.30006460823193687,4.249499666444296,0.08560943779206996,0.5799688117492567,1.3177663890803257,1.0,4.249499666444296,0.1382060769689274,0.6109,0.3
1769797822.76,4.256170780520347,-0.04555607951203522,0.6089697961306726,0.29162478179280016,4.256170780520347,0.09002979557810435,0.5903599843022787,1.279353010281411,1.0,4.256170780520347,0.1348189428305271,0.6109,0.3
1769797822.78,4.262841894596398,-0.042159213596907996,0.5957737091743525,0.29353040560805743,4.262841894596398,0.09454946296206233,0.6005175691865907,1.241972748744609,1.0,4.262841894596398,0.13742779353085455,0.6109,0.3
1769797822.8,4.269513008672448,-0.03498925515125645,0.5888906574791044,0.2950252248327298,4.269513008672448,0.09916754927490422,0.6104461332523671,1.2056173064488187,1.0,4.269513008672448,0.1345740177545587,0.6109,0.3
1769797822.82,4.276184122748499,-0.026678949908170577,0.6235717169449102,0.2864809528946525,4.276184122748499,0.10388316384759033,0.6201502536005686,1.1702758408274592,1.0,4.276184122748499,0.129755465020671,0.6109,0.3
1769797822.84,4.28285523682455,-0.021521194484657058,0.6253714047293463,0.3200486036259862,4.28285523682455,0.10869541601108103,0.6296345048638091,1.1359352945348518,1.0,4.28285523682455,0.13082842143991863,0.6109,0.3
1769797822.86,4.2895263509006,-0.014256372170152402,0.6345997689431484,0.3072365536992998,4.2895263509006005,0.1136034150963366,0.6389034477600526,1.1025806991705693,1.0,4.2895263509006005,0.12711173641797094,0.6109,0.3
1769797822.88,4.296197464976651,-0.010811285451942581,0.6435758133530324,0.29657538667918676,4.296197464976651,0.11860627043431743,0.6479616188385798,1.0701954538186302,1.0,4.296197464976651,0.12908872424971618,0.6109,0.3
1769797822.9,4.302868579052702,-0.009029722350447284,0.696021141502206,0.30502826749903156,4.302868579052702,0.12370309135598379,0.6568135213386471,1.0387615794305682,1.0,4.302868579052702,0.13260383772692108,0.6109,0.3
1769797822.92,4.309539693128753,-0.006965602430888347,0.6480149167263857,0.3026487154285627,4.309539693128753,0.12889298719229597,0.6654636170829642,1.0082599502066893,1.0,4.309539693128753,0.1367430343456279,0.6109,0.3
1769797822.94,4.316210807204803,-0.0014000493005689113,0.6505041512026012,0.2924906643286906,4.316210807204803,0.1341750672742144,0.6739163193303956,0.9786705032151162,1.0,4.316210807204803,0.1349491410808071,0.6109,0.3
1769797822.96,4.322881921280854,0.002108696098709665,0.6525105727130524,0.30444366159952724,4.322881921280854,0.13954844093269933,0.6821759865150132,0.9499724275398783,1.0,4.322881921280854,0.13830415607483781,0.6109,0.3
1769797822.98,4.329553035356905,0.009778219162203276,0.7061720488233645,0.29196407154791676,4.329553035356905,0.14501221749871115,0.6902469168016784,0.9221443342729807,1.0,4.329553035356905,0.13536085687676488,0.6109,0.3
1769797823.0,4.336224149432955,0.018573948370995734,0.6662565422970783,0.29724512985526286,4.336224149432955,0.15056550630321014,0.6981333433916254,0.8951644086661856,1.0,4.336224149432955,0.13252575755631388,0.6109,0.3
1769797823.02,4.342895263509006,0.029569701542106547,0.6940000954880052,0.29111781514133156,4.342895263509006,0.1562074166771566,0.7058394305149553,0.8690105457406265,1.0,4.342895263509006,0.12634480751823754,0.6109,0.3
1769797823.04,4.349566377585057,0.038951903485888534,0.7068553103792494,0.29414918174556176,4.349566377585057,0.1619370579515109,0.7133692700504817,0.8436604706202524,1.0,4.349566377585057,0.12273850545008523,0.6109,0.3
1769797823.06,4.356237491661107,0.04754583127447886,0.7166838102922084,0.2970972659744682,4.3562374916611075,0.1677535394572334,0.7207268787169182,0.8190918448118234,1.0,4.3562374916611075,0.1205704627667361,0.6109,0.3
1769797823.08,4.362908605737158,0.057430113561496514,0.7277756753633352,0.2980548148005176,4.362908605737158,0.1736559705252843,0.7279161957829369,0.7952823596026279,1.0,4.362908605737158,0.11582335673696786,0.6109,0.3
1769797823.1,4.369579719813209,0.06461741640435069,0.7270074300819662,0.30197446137062434,4.369579719813209,0.17964346048662413,0.7349410812470965,0.7722098176896863,1.0,4.369579719813209,0.11420739902993633,0.6109,0.3
1769797823.12,4.37625083388926,0.06829458538887206,0.7551212896246077,0.295634916892398,4.37625083388926,0.185715118672213,0.7418053144420327,0.7498522040929672,1.0,4.37625083388926,0.11773074300258131,0.6109,0.3
1769797823.14,4.38292194796531,0.0738461638612467,0.7533027791429039,0.3020450740647113,4.38292194796531,0.1918700544130114,0.7485125930205732,0.7281877473417495,1.0,4.38292194796531,0.1184506546831628,0.6109,0.3
1769797823.16,4.389593062041361,0.0816628345311897,0.7543111887702102,0.28877134870063226,4.389593062041361,0.1981073770399795,0.755066532284592,0.7071949718590672,1.0,4.389593062041361,0.11671806875983357,0.6109,0.3
1769797823.18,4.396264176117412,0.09022724305166224,0.7493982436219311,0.30538814165257705,4.396264176117412,0.20442619588407782,0.76147066482042,0.6868527424052756,1.0,4.396264176117412,0.11367023484474074,0.6109,0.3
1769797823.2,4.402935290193462,0.09749727638314303,0.7832637509444543,0.2796498000377262,4.402935290193462,0.2108256202762665,0.7677284404074854,0.6671403013790248,1.0,4.402935290193462,0.11450131931328092,0.6109,0.3
1769797823.22,4.409606404269513,0.1093701093245758,0.7993060151258228,0.30458769657102547,4.409606404269513,0.217304759547506,0.7738432261695599,0.648037299713,1.0,4.409606404269513,0.1070635645388141,0.6109,0.3
1769797823.24,4.416277518345564,0.11670045816879496,0.792248223821644,0.29498503700212797,4.416277518345564,0.2238627230287566,0.7798183069405289,0.6295238220431627,1.0,4.416277518345564,0.10668484728862308,0.6109,0.3
1769797823.26,4.422948632421614,0.12147988935204065,0.8260838031112033,0.28180890202886627,4.4229486324216145,0.23049862005097865,0.7856568858189947,0.6115804067742706,1.0,4.4229486324216145,0.10869576170421111,0.6109,0.3
1769797823.28,4.429619746497665,0.12565811231990173,0.818970438267589,0.3039865100670695,4.429619746497665,0.23721155994513238,0.7913620848882545,0.5941880616114161,1.0,4.429619746497665,0.11245942805190487,0.6109,0.3047156832418033
1769797823.3,4.436290860573716,0.1336331015443495,0.7882002087256723,0.3130315142958404,4.436290860573716,0.2440006520421782,0.7969369460802765,0.57732827507732,1.0,4.436290860573716,0.10993640809660236,0.6109,0.3151657619496162
1769797823.32,4.442961974649767,0.1398931403141005,0.8032807265311593,0.3343731876572029,4.442961974649767,0.25086500567307646,0.8023844321642402,0.5609830244882585,1.0,4.442961974649767,0.11126891277666877,0.6109,0.32563894274627714
1769797823.34,4.449633088725817,0.14734941158041737,0.8246313242855323,0.3328085099353551,4.449633088725817,0.25780373016878744,0.8077074278419987,0.5451347808177532,1.0,4.449633088725817,0.11026432980236933,0.6109,0.3361258748530374
1769797823.36,4.456304202801868,0.15436474697455763,0.8280515052813022,0.3634202094348083,4.456304202801868,0.2648159348602715,0.8129087409344882,0.5297665108365155,1.0,4.456304202801868,0.1108968663482074,0.6109,0.346617635466209
1769797823.38,4.462975316877919,0.16340615407414238,0.7597092439439913,0.3678909419798865,4.462975316877919,0.27190072907848883,0.8179911036446459,0.5148616768794874,1.0,4.462975316877919,0.10844081388482109,0.6109,0.3571057388655009
1769797823.4,4.469646430953969,0.17234938789496385,0.8007819425414159,0.37587463017892864,4.469646430953969,0.27905722215440004,0.822957173883808,0.5004042345561117,1.0,4.469646430953969,0.10686054620512456,0.6109,0.367582142200944
1769797823.42,4.47631754503002,0.18161916763952568,0.8538647211430977,0.3803029997441799,4.47631754503002,0.28628452341896515,0.827809536649871,0.48637862868799786,1.0,4.47631754503002,0.1042792459566342,0.6109,0.3780392482603767
1769797823.44,4.482988659106071,0.1894924573320267,0.8408638706812361,0.39990986804528134,4.482988659106071,0.2935817422031447,0.8325507054466834,0.4727697877288643,1.0,4.482988659106071,0.10449464065881531,0.6109,0.3884699055146094
1769797823.46,4.489659773182121,0.19904919319053016,0.8383076423192244,0.3939753140219643,4.4896597731821215,0.30094798783789894,0.8371831237352397,0.45956311689482043,1.0,4.4896597731821215,0.10169058047078385,0.6109,0.39886740572926255
1769797823.48,4.496330887258172,0.20680028807405063,0.8643852818670393,0.4013521744040648,4.496330887258172,0.30838236965418814,0.8417091664082437,0.4467444902085896,1.0,4.496330887258172,0.1007481067625509,0.6109,0.4092254794215028
1769797823.5,4.503002001334223,0.21079572993261209,0.8351409371508526,0.41797699794905924,4.503002001334223,0.3158839969829728,0.8461311412805276,0.43430024163900277,1.0,4.503002001334223,0.10522449650747243,0.6109,0.41953828942709476
1769797823.52,4.509673115410274,0.21515253899304532,0.8366597059726918,0.4261636860490343,4.509673115410274,0.32345197915521295,0.8504512905886469,0.42221715549684996,1.0,4.509673115410274,0.10802506989751832,0.6109,0.4298004228288636
1769797823.54,4.516344229486324,0.21900874566776957,0.8281553191324832,0.422561229086024,4.516344229486324,0.33108542550186926,0.854671792493728,0.41048245622983587,1.0,4.516344229486324,0.11285647201675418,0.6109,0.44000688148228145
1769797823.56,4.523015343562375,0.22590575089008974,0.8683919919485898,0.4553998541068111,4.523015343562375,0.33878344535390176,0.8587947625823437,0.39908379774277714,1.0,4.523015343562375,0.112279462825687,0.6109,0.4501530713578628
1769797823.58,4.529686457638426,0.23134407534508955,0.8619703902256566,0.45169439360573227,4.529686457638426,0.346545148042271,0.8628222553608079,0.38800925235419337,1.0,4.529686457638426,0.11653413957444433,0.6109,0.46023479090369923
1769797823.6,4.536357571714476,0.24327056666018912,0.8865058430589687,0.4661808840483518,4.536357571714476,0.3543696428979372,0.866756265738864,0.3772472994869195,1.0,4.536357571714476,0.11136626433728744,0.6109,0.4702482186150953
1769797823.62,4.543028685790527,0.2565562322458883,0.8951968200678679,0.4783773571582037,4.543028685790527,0.36225603925186073,0.8705987304992392,0.3667868141782115,1.0,4.543028685790527,0.10581210347872162,0.6109,0.4801898999820951
1769797823.64,4.549699799866578,0.26981156251996413,0.8512854438308777,0.5033931026911124,4.549699799866578,0.3702034464350018,0.8743515297500187,0.3566170554838891,1.0,4.549699799866578,0.09983749839725138,0.6109,0.4900567339699249
1769797823.66,4.556370913942628,0.28045489424669695,0.8714646667588728,0.49616752595873814,4.5563709139426285,0.3782109737783209,0.8780164883572001,0.3467276548412622,1.0,4.5563709139426285,0.0977312134006171,0.6109,0.49984595917216174
1769797823.68,4.563042028018679,0.2902701422121462,0.882147704334535,0.5019524824892863,4.563042028018679,0.38627773061277826,0.8815953773551753,0.33710860444682317,1.0,4.563042028018679,0.09529554658404712,0.6109,0.5095551397618876
1769797823.7,4.56971314209473,0.29677797257552646,0.8782132125780258,0.5154140839648791,4.56971314209473,0.39440282626933426,0.8850899153332222,0.32775024569684647,1.0,4.56971314209473,0.09764029790246831,0.6109,0.5191821513522947
1769797823.72,4.576384256170781,0.30391147151304543,0.8914228008789133,0.5429205677886504,4.576384256170781,0.4025853700789491,0.8885017697963972,0.31864325773205454,1.0,4.576384256170781,0.09922749416629344,0.6109,0.528725166865221
1769797823.74,4.583055370246831,0.3127302705470695,0.9284098425256185,0.5434318543989857,4.583055370246831,0.4108244713725832,0.8918325584994894,0.3097786461212822,1.0,4.583055370246831,0.09719605478686658,0.6109,0.5381826424939549
1769797823.76,4.589726484322882,0.31887402704386403,0.8962706411625564,0.5326775336099966,4.589726484322882,0.419119239481197,0.8950838507529483,0.301147731713548,1.0,4.589726484322882,0.10176151808045672,0.6109,0.547553303835376
1769797823.78,4.596397598398933,0.3321741937391533,0.8867579242586987,0.5437905757625434,4.596397598398933,0.4274687837357506,0.898257168699908,0.2927421396830341,1.0,4.596397598398933,0.09537490719384746,0.6109,0.5568361322560834
1769797823.8,4.603068712474983,0.34551820814645184,0.9002422583768661,0.5464965405779175,4.603068712474983,0.43587221346720467,0.9013539885636312,0.2845537887871423,1.0,4.603068712474983,0.09002303944559466,0.6109,0.5660303515476093
1769797823.82,4.609739826551034,0.35726867059476314,0.8842869060016109,0.5728571039908843,4.609739826551034,0.4443286380065191,0.9043757418648681,0.276574880853956,1.0,4.609739826551034,0.08701092287017363,0.6109,0.575135414917091
1769797823.84,4.616410940627085,0.36900210265129796,0.9023963970640083,0.5775610330115558,4.616410940627085,0.45283716668465446,0.907323816608776,0.26879789051206904,1.0,4.616410940627085,0.08404690816896414,0.6109,0.5841509923518496
1769797823.86,4.623082054703135,0.38062524368888256,0.9636784711040207,0.6036905875611883,4.6230820547031355,0.4613969088325711,0.9101995584411855,0.2612155551727719,1.0,4.6230820547031355,0.0796727681585695,0.6073600345137253,0.5930769583891718
1769797823.88,4.629753168779186,0.38780711567378834,0.9099355456617755,0.6142330603896167,4.629753168779186,0.47000697378122924,0.9130042717741149,0.2538208652719873,1.0,4.629753168779186,0.08288677498531749,0.6109,0.6019133803161637
1769797823.9,4.636424282855237,0.3982341646630858,0.9365456582903822,0.6216868790413446,4.636424282855237,0.4786664708615893,0.915739220880541,0.24660705477707845,1.0,4.636424282855237,0.08047187110613732,0.6109,0.6106605068188043
1769797823.92,4.643095396931288,0.40913267816669724,0.8953291434477222,0.6235336664870105,4.643095396931288,0.48737450940461147,0.9184056309585253,0.2395675919616727,1.0,4.643095396931288,0.07852865951660386,0.6109,0.6193187570942287
1769797823.94,4.649766511007338,0.42189250808176504,0.9602745288633118,0.6230670957369446,4.649766511007338,0.49613019874125625,0.9210046891648754,0.2326961704499286,1.0,4.649766511007338,0.07476047510372891,0.5926997089024868,0.6278887104357692
1769797823.96,4.656437625083389,0.43584316024912145,0.9150487485414458,0.6128260827289833,4.656437625083389,0.5049326482024838,0.923537545618591,0.22598670053019163,1.0,4.656437625083389,0.06784064946587468,0.6109,0.6363710962963358
1769797823.98,4.66310873915944,0.4442132648714596,0.9327021582979172,0.6481324143552311,4.66310873915944,0.5137809671192546,0.9260053143743998,0.21943330073671058,1.0,4.66310873915944,0.06981506764438612,0.6109,0.6447667848322737
1769797824.0,4.66977985323549,0.453121222838504,0.9446351800144973,0.6598138157454922,4.66977985323549,0.5226742648225289,0.928409074366745,0.2130302896969939,1.0,4.66977985323549,0.06893652347797212,0.5913936232605421,0.6530767779268659
1769797824.02,4.676450967311541,0.4585091368922967,0.9226254976738574,0.6519164374954258,4.676450967311541,0.531611650643267,0.9307498703246233,0.20677217824145847,1.0,4.676450967311541,0.07245955619929773,0.6109,0.6613022006901041
1769797824.04,4.683122081387592,0.4615047280429928,0.919791281595508,0.6765873420901481,4.683122081387592,0.5405922339124294,0.9330287136577138,0.20065366177124344,1.0,4.683122081387592,0.07969565154081149,0.6109,0.6694442934291847
1769797824.06,4.689793195463642,0.46834277796371876,0.9318844228151821,0.6780893457315061,4.6897931954636425,0.5496151239609759,0.9352465833142624,0.19466961287940612,1.0,4.6897931954636425,0.08227679163420357,0.6109,0.6775044040823794
1769797824.08,4.696464309539693,0.4795228490612484,0.941312548716491,0.6820720205351152,4.696464309539693,0.5586794301198676,0.9374044266112156,0.18881507422017552,1.0,4.696464309539693,0.07881118926300629,0.6109,0.6854839811074395
1769797824.1,4.703135423615744,0.4892839985917093,0.9422619913724884,0.6941633321153416,4.703135423615744,0.5677842617200644,0.939503160037114,0.18308525162049877,1.0,4.703135423615744,0.07869316994081327,0.6109,0.6933845668144689
1769797824.12,4.709806537691795,0.5007181013493063,0.9634356413142102,0.7000222948709759,4.709806537691795,0.5769287280925265,0.9415436700282697,0.1774755074277602,1.0,4.709806537691795,0.07698334817888462,0.6109,0.7012077911322554
1769797824.14,4.716477651767844,0.5151029129063938,0.929652032646192,0.7090402748735956,4.716477651767845,0.5861119385682146,0.9435268137187656,0.17198135408727544,1.0,4.716477651767845,0.07035370109487735,0.6109,0.7089553657963042
1769797824.16,4.723148765843896,0.527002764013371,0.9443635883333694,0.7134447811901969,4.723148765843896,0.5953330024780885,0.9454534196648203,0.1665984479429511,1.0,4.723148765843896,0.06890345932700981,0.6109,0.7166290789462904
1769797824.18,4.729819879919947,0.5411305705895504,0.9552223916683997,0.7136786771058189,4.729819879919947,0.6045910291531092,0.9473242885440643,0.16132258325434906,1.0,4.729819879919947,0.06301338334206376,0.5503548296168799,0.7242307901202811
1769797824.2,4.7364909939959965,0.5532527189020848,0.983903990060593,0.730591283895183,4.736490993995997,0.6138851279242366,0.9491401938302791,0.15614968642328894,1.0,4.736490993995997,0.060713101792150254,0.47168162059058155,0.7317624256328847
1769797824.22,4.743162108072048,0.5649539728969764,0.9559885667081202,0.7359138475906661,4.743162108072048,0.623214408122431,0.9509018824441462,0.15107581042306706,1.0,4.743162108072048,0.057462974647818396,0.5092325601192841,0.7392259743244021
1769797824.24,4.749833222148099,0.5738612028845858,0.9432445162076933,0.7431501710623116,4.749833222148099,0.6325779790786529,0.9526100753805508,0.14609712942334435,1.0,4.749833222148099,0.05964423488242089,0.5567261592338183,0.7466234836681185
1769797824.26,4.756504336224149,0.5862888468913829,0.9397400360184108,0.7432874558537664,4.7565043362241495,0.6419749501238625,0.9542654683129805,0.14120993360377054,1.0,4.7565043362241495,0.05487837670601621,0.5282628500244038,0.753957056223016
1769797824.28,4.7631754503002,0.5951447456713332,0.9715936385290448,0.7425434982555302,4.7631754503002,0.6514044305890201,0.9558687321755537,0.13641062414944627,1.0,4.7631754503002,0.056457330147668384,0.47453012663449856,0.7612288464194314
1769797824.3,4.769846564376251,0.6048068047743842,0.9600575071904586,0.7704844993396787,4.769846564376251,0.6608655298050863,0.9574205137231994,0.13169570842138728,1.0,4.769846564376251,0.055942540947221585,0.4979059035184481,0.7684410576654993
1769797824.32,4.776517678452302,0.6142638090986396,0.9528355960928646,0.7682018737828101,4.776517678452302,0.670357357103021,0.958921436070509,0.12706179529523481,1.0,4.776517678452302,0.056430685615161624,0.5196726913808786,0.7755959397625988
1769797824.34,4.783188792528351,0.6244738493948908,0.9595655205673834,0.7778814611135318,4.783188792528352,0.6798790218137849,0.9603720992097616,0.12250559066155114,1.0,4.783188792528352,0.05458489954058215,0.49228853412877455,0.78269578661846
1769797824.36,4.789859906604403,0.6317360151643138,0.9638942596054701,0.7782094346714795,4.789859906604403,0.6894296332683382,0.9617730805086201,0.11802389308115009,1.0,4.789859906604403,0.058573683675984464,0.5173988704221736,0.7897429342470612
1769797824.38,4.796531020680453,0.6426668083156681,0.9773876003721971,0.7935949007078047,4.796531020680454,0.6990083007976411,0.9631249351879781,0.11361358958902938,1.0,4.796531020680454,0.05590314719475706,0.46818771201670084,0.7967397590449756
1769797824.4,4.8032021347565035,0.6517855634257177,0.9065976616894573,0.8057547306591551,4.803202134756504,0.7086141337326541,0.9644281967804298,0.10927165164060107,1.0,4.803202134756504,0.05706214360597212,0.6109,0.8036886763343668
1769797824.42,4.809873248832555,0.661885350062279,0.9664839766813238,0.8151234254654425,4.809873248832555,0.7182462414043376,0.9656833775698158,0.10499513119404853,1.0,4.809873248832555,0.056251914139736514,0.49853592782367234,0.8105921391634193
1769797824.44,4.816544362908606,0.6716548536953897,0.9847974961966928,0.8179221811970081,4.816544362908606,0.7279037331436518,0.9668909690122919,0.100781156922777,1.0,4.816544362908606,0.05642715672231376,0.46163766842673903,0.8174526373555833
1769797824.46,4.823215476984656,0.6824120895444077,0.9671016036479537,0.8230395525174174,4.8232154769846565,0.7375857182815568,0.9680514421393445,0.0966269305520658,1.0,4.8232154769846565,0.05532940034081473,0.49297609502402373,0.8242726967996288
1769797824.48,4.829886591060707,0.6940331473752228,0.9663263661951065,0.8291383016241844,4.829886591060707,0.7472913061490132,0.9691652479431716,0.09252972331417113,1.0,4.829886591060707,0.05339504660514863,0.4803965282102302,0.8310548789731411
1769797824.5,4.836557705136758,0.706339922879462,0.9248034086379582,0.861360660759326,4.836557705136758,0.7570196060769812,0.9702328177448258,0.08848687251627328,1.0,4.836557705136758,0.05072659099127152,0.5480981197401739,0.8378017806927227
1769797824.52,4.843228819212809,0.718808030442964,0.982430540935032,0.862361148763312,4.843228819212809,0.7667697273964215,0.9712545635455061,0.08449577821580184,1.0,4.843228819212809,0.047904125975208975,0.40248269788616453,0.8445160340848256
1769797824.54,4.849899933288858,0.7313316455097242,1.0014741457772656,0.8717155615746994,4.849899933288859,0.7765407794382939,0.9722308783613673,0.0805538999978143,1.0,4.849899933288859,0.04553330599698693,0.34098550799585653,0.8512003067717935
1769797824.56,4.85657104736491,0.7441707984683591,0.983995477222044,0.875689580963103,4.85657104736491,0.786331871533559,0.9731621365422033,0.07665875384924142,1.0,4.85657104736491,0.040963807971127655,0.34342642089514963,0.8578573022683614
1769797824.58,4.863242161440961,0.7527183886412506,0.9658264612372783,0.8689347133782401,4.863242161440961,0.796142113013177,0.974048694074344,0.0728079091249476,1.0,4.863242161440961,0.04471939869185347,0.41648481823873074,0.8644897605845311
1769797824.6,4.8699132755170105,0.7661928277757335,0.9613607186778779,0.8790638289480903,4.869913275517011,0.8059706132081086,0.9748908888680904,0.06899898560068675,1.0,4.869913275517011,0.038658154234306845,0.37699965864632773,0.8711004590314204
1769797824.62,4.876584389593062,0.7754315832526912,0.9906613662130598,0.8755552941136208,4.876584389593062,0.8158164814493134,0.975689041029999,0.06522965060816167,1.0,4.876584389593062,0.04137416013008178,0.3349968820590803,0.8776922132273685
1769797824.64,4.883255503669113,0.7885864776986662,0.9737000358119762,0.8735070855902296,4.883255503669113,0.8256788270677525,0.97644345312031,0.06149761624751927,1.0,4.883255503669113,0.03639193264862571,0.33223640066556037,0.8842678783022686
1769797824.66,4.889926617745163,0.8003804762584917,0.9825810645228626,0.8949973641462591,4.8899266177451635,0.8355567593943857,0.9771544103958003,0.05780063667273164,1.0,4.8899266177451635,0.03708399861189372,0.318802980861357,0.8908303502988015
1769797824.68,4.896597731821214,0.8193392980481053,0.9559157789282637,0.8892492954262984,4.896597731821214,0.8454493877601734,0.977822181038326,0.05413650544542832,1.0,4.896597731821214,0.024372240720523575,0.27223966324446575,0.8973825677699443
1769797824.7,4.903268845897265,0.83078873146639,0.977161419237123,0.9150721926676296,4.903268845897265,0.8553558214960764,0.978447016369305,0.05050305295285294,1.0,4.903268845897265,0.02516766361889775,0.23122032486482988,0.9039275135728511
1769797824.72,4.909939959973316,0.8442317237786129,0.985649939711899,0.9028880535241702,4.909939959973316,0.8652751699330543,0.979029151050378,0.04689814388572129,1.0,4.909939959973316,0.02023432829872581,0.16986632271321486,0.910468216859926
1769797824.74,4.916611074049365,0.8543859186596906,0.9767725099891044,0.9214805291554282,4.916611074049366,0.875206542402068,0.9795688032704656,0.043319674771855846,1.0,4.916611074049366,0.021307709637903835,0.20005779033809157,0.9170077552686516
1769797824.76,4.923282188125417,0.8653925090882151,1.0092810043619842,0.9395289756483582,4.923282188125417,0.8851490482340776,0.980066174919432,0.03976557156156392,1.0,4.923282188125417,0.018335867180852436,0.09935798051375128,0.9235492573124942
1769797824.78,4.929953302201467,0.8699178047786534,0.9785219768886592,0.9236469248698328,4.929953302201468,0.8951017967600435,0.9805214517485462,0.03623378726081314,1.0,4.929953302201468,0.02533249974668361,0.23112780853082515,0.9300959049759792
1769797824.8,4.9366244162775175,0.8762267842045784,1.000904716445786,0.9314436864867013,4.936624416277518,0.905063897310926,0.9809348035179194,0.032722299608339014,1.0,4.936624416277518,0.02992776060379736,0.21909811565153925,0.9366509365178303
1769797824.82,4.943295530353569,0.8876344383203643,0.947865255031354,0.9498313392830459,4.943295530353569,0.9150344592176851,0.9813063841310834,0.029229108792893883,1.0,4.943295530353569,0.0274090072657493,0.3182866613236162,0.9432176494868807
1769797824.84,4.94996664442962,0.8993398978011122,0.9845862190527046,0.9502969026842137,4.94996664442962,0.9250125918112817,0.981636331756859,0.0257522352069156,1.0,4.94996664442962,0.025928562989131525,0.22255546912481897,0.9497994039563166
1769797824.86,4.95663775850567,0.9115333761596164,1.00734027875922,0.9552760638872538,4.9566377585056705,0.9349974044226758,0.9819247689386528,0.02228971723295738,1.0,4.9566377585056705,0.02275799190565953,0.14254652715557306,0.9563996259826882
1769797824.88,4.963308872581721,0.9209309553441075,0.9793468255867893,0.9586451326578407,4.963308872581721,0.9449880063828278,0.9821718026913016,0.018839609059277198,1.0,4.963308872581721,0.024555988199239754,0.2225571543883775,0.963021811297037
1769797824.9,4.969979986657772,0.932230194631336,0.9630103394657682,0.9650859619028371,4.969979986657772,0.9549835070226977,0.9823775245855756,0.015399978521036134,1.0,4.969979986657772,0.022326599078341114,0.24056637882052875,0.969669529236438
1769797824.92,4.9766511007338226,0.9413218363717588,0.980791943588266,0.9789959475459392,4.9766511007338226,0.9649830156732464,0.9825420108204346,0.011968904963600122,1.0,4.9766511007338226,0.023444910548777363,0.20907003580555783,0.9763464269252555
1769797824.94,4.983322214809872,0.9489960128807005,0.9960893537792801,0.9733224537878294,4.983322214809873,0.9749856416654339,0.9826653222831169,0.008544477124478533,1.0,4.983322214809873,0.025581417732566586,0.19164400072978047,0.9830562337164491
1769797824.96,4.989993328885924,0.9559099373965096,0.9953049511457608,0.9819192055244955,4.989993328885924,0.9849904943302207,0.9827475045971301,0.005124791030466106,1.0,4.989993328885924,0.030225289850690097,0.23265827581543286,0.9898027659043688
1769797824.98,4.996664442961975,0.9687840978988462,0.991453202404494,0.9895816715376147,4.996664442961975,0.9949966829985669,0.982788588158197,0.001707947906581696,1.0,4.996664442961975,0.02683073414034576,0.2118362192526682,0.9965899317216341
1769797825.0,5.0033355570380245,0.9841673563902869,1.0225992564638637,1.0030906839117923,5.003335557038025,1.0050033170014332,0.9827885881581969,-0.0017079479065816967,1.0,5.003335557038025,0.020460363077332656,0.08387383753918283,0.9965899317216341
1769797825.02,5.010006671114076,0.9973203168256641,1.0236938473462769,0.9942546874652978,5.010006671114076,1.0150095056697794,0.98274750459713,-0.005124791030466107,1.0,5.010006671114076,0.01721167927918211,0.052391870937128146,0.9898027659043688
1769797825.04,5.016677785190126,1.0085215322653913,0.9728169261354502,0.9737366407590127,5.016677785190127,1.0250143583345661,0.9826653222831169,-0.008544477124478535,1.0,5.016677785190127,0.01676945904321347,0.16593480014240014,0.9830562337164491
1769797825.06,5.023348899266177,1.0211871486901674,0.9518582414922085,0.9796525361982165,5.0233488992661774,1.0350169843267536,0.9825420108204346,-0.011968904963600124,1.0,5.0233488992661774,0.014003282742786895,0.18928234174050984,0.9763464269252555
1769797825.08,5.030020013342228,1.034347812761716,0.97903101012892,0.9791471077349518,5.030020013342228,1.0450164929773023,0.9823775245855756,-0.015399978521036136,1.0,5.030020013342228,0.010354308033422022,0.0940656679843589,0.969669529236438
1769797825.1,5.036691127418279,1.045719396354518,0.977635754274571,0.9556667185012456,5.036691127418279,1.0550119936171725,0.9821718026913016,-0.018839609059277198,1.0,5.036691127418279,0.008970586967339331,0.08411316792545542,0.963021811297037
1769797825.12,5.0433622414943295,1.0556172785973479,0.9805621263077247,0.958372636916156,5.0433622414943295,1.0650025955773244,0.9819247689386528,-0.02228971723295738,1.0,5.0433622414943295,0.009414330341475216,0.07980830161030619,0.9563996259826882
1769797825.14,5.050033355570379,1.0660919895421397,1.0095790346738482,0.9478504209648928,5.05003335557038,1.0749874081887183,0.981636331756859,-0.0257522352069156,1.0,5.05003335557038,0.009336851661545967,0.01004089094489135,0.9497994039563166
1769797825.16,5.056704469646431,1.0780329812673153,0.9741514539877166,0.9361105924908211,5.056704469646431,1.0849655407823149,0.9813063841310834,-0.029229108792893883,1.0,5.056704469646431,0.006338819558869323,0.06515707136592477,0.9432176494868807
1769797825.18,5.063375583722481,1.0864627607959076,0.9464631357527432,0.9408853366489207,5.063375583722482,1.094936102689074,0.9809348035179195,-0.032722299608339,1.0,5.063375583722482,0.007732916158523374,0.1396356257777446,0.9366509365178304
1769797825.2,5.0700466977985315,1.091516640724535,0.988983986336505,0.941858703247037,5.070046697798532,1.1048982032399566,0.9805214517485462,-0.03623378726081314,1.0,5.070046697798532,0.013460983010457703,0.08886171539935074,0.9300959049759792
1769797825.22,5.076717811874583,1.097534285282154,1.002302089452099,0.9219178849018604,5.076717811874583,1.1148509517659222,0.980066174919432,-0.03976557156156392,1.0,5.076717811874583,0.01790980213592487,0.09445173580345131,0.9235492573124942
1769797825.24,5.083388925950633,1.106159082370586,0.9932858196187135,0.9134963298381853,5.083388925950634,1.124793457597932,0.9795688032704656,-0.043319674771855846,1.0,5.083388925950634,0.01847356138142669,0.11837197248596609,0.9170077552686516
1769797825.26,5.0900600400266836,1.1141753932154672,0.9596297361756345,0.9093851836895037,5.090060040026684,1.1347248300669452,0.979029151050378,-0.04689814388572129,1.0,5.090060040026684,0.020691415222217274,0.21299443980305652,0.910468216859926
1769797825.28,5.096731154102735,1.1227038662227102,1.0077638963654856,0.9000751663161084,5.096731154102735,1.1446441785039234,0.9784470163693051,-0.050503052952852935,1.0,5.096731154102735,0.021789908713458612,0.10909558120561727,0.9039275135728511
1769797825.3,5.103402268178786,1.1315280704322042,1.0229348360706418,0.889009463709397,5.103402268178786,1.1545506122398266,0.9778221810383259,-0.054136505445428335,1.0,5.103402268178786,0.024020156326061783,0.09070820561539313,0.8973825677699443
1769797825.32,5.1100733822548365,1.1453238279883224,0.9985024743343671,0.9011158777477474,5.1100733822548365,1.1644432406056144,0.9771544103958003,-0.05780063667273164,1.0,5.1100733822548365,0.019435431544532547,0.1057302170176854,0.8908303502988015
1769797825.34,5.116744496330886,1.1592086089256906,0.971568034337941,0.885892817256274,5.116744496330887,1.1743211729322476,0.9764434531203101,-0.06149761624751926,1.0,5.116744496330887,0.013726832394017088,0.11659203922729082,0.8842678783022686
1769797825.36,5.123415610406938,1.1672447184213053,0.9811122333930609,0.8817719582488617,5.123415610406938,1.1841835185506868,0.975689041029999,-0.06522965060816169,1.0,5.123415610406938,0.017556876212814446,0.12491208339513311,0.8776922132273685
1769797825.38,5.130086724482989,1.1788304522119788,0.9952332511726688,0.8697625415021512,5.130086724482989,1.1940293867918916,0.9748908888680904,-0.06899898560068675,1.0,5.130086724482989,0.01586420381895116,0.07475338801567095,0.8711004590314204
1769797825.4,5.1367578385590384,1.1925124871926418,0.9779064324308203,0.8648182904909956,5.136757838559039,1.2038578869868228,0.974048694074344,-0.0728079091249476,1.0,5.136757838559039,0.010337111201990929,0.06452354201539955,0.8644897605845311
1769797825.42,5.14342895263509,1.2013090559682744,0.9590246361840943,0.8549421990200057,5.14342895263509,1.2136681284664412,0.9731621365422033,-0.07665875384924142,1.0,5.14342895263509,0.012178953056689687,0.12135675046015382,0.8578573022683614
1769797825.44,5.15010006671114,1.2100883214611928,0.9742835369353596,0.8401321926710962,5.150100066711141,1.2234592205617059,0.9722308783613673,-0.0805538999978143,1.0,5.150100066711141,0.014194153211358664,0.10035564150048827,0.8512003067717935
1769797825.46,5.1567711807871905,1.2226787507453496,0.9783971739125724,0.8401558195757448,5.156771180787191,1.2332302726035786,0.9712545635455061,-0.08449577821580184,1.0,5.156771180787191,0.010520833132187709,0.05588946731348761,0.8445160340848256
1769797825.48,5.163442294863242,1.2347455274064467,0.9614309295307428,0.8308515999793494,5.163442294863242,1.2429803939230184,0.9702328177448258,-0.08848687251627328,1.0,5.163442294863242,0.007854427948371039,0.06906193882923242,0.8378017806927227
1769797825.5,5.170113408939293,1.2446642919920023,0.9480294988834777,0.8379863435491033,5.170113408939293,1.252708693850987,0.9691652479431715,-0.09252972331417117,1.0,5.170113408939293,0.007671769768379056,0.09520374793567155,0.8310548789731411
1769797825.52,5.1767845230153435,1.253433441951961,0.9518144771584185,0.83314500642346,5.1767845230153435,1.2624142817184432,0.9680514421393445,-0.0966269305520658,1.0,5.1767845230153435,0.00957017489704498,0.09933692076136871,0.8242726967996288
1769797825.54,5.183455637091393,1.2648679186177958,0.9840227885897506,0.8073830553996303,5.183455637091394,1.2720962668563485,0.9668909690122919,-0.10078115692277706,1.0,5.183455637091394,0.0071434443351344225,-0.00024027615307440145,0.8174526373555832
1769797825.56,5.190126751167445,1.2754086448372044,0.9560521255641958,0.8080984213235886,5.190126751167445,1.2817537585956624,0.9656833775698158,-0.10499513119404853,1.0,5.190126751167445,0.005847581527983043,0.05000507242497186,0.8105921391634193
1769797825.58,5.196797865243495,1.2834180649872942,0.9422688082647563,0.8147433967349564,5.196797865243496,1.2913858662673459,0.9644281967804298,-0.10927165164060107,1.0,5.196797865243496,0.00775831228628155,0.09463641050749125,0.8036886763343668
1769797825.6,5.203468979319545,1.2908674019933235,0.9552791106780242,0.7801400229035882,5.203468979319546,1.3009916992023585,0.9631249351879783,-0.11361358958902934,1.0,5.203468979319546,0.010541829369233226,0.08453557291050154,0.7967397590449756
1769797825.62,5.210140093395597,1.2996570403005063,0.952463581777232,0.7876259727627178,5.210140093395597,1.3105703667316617,0.9617730805086201,-0.11802389308115009,1.0,5.210140093395597,0.010305144318051285,0.08491892559684283,0.7897429342470612
1769797825.64,5.216811207471647,1.3054068114649335,0.9449795363714377,0.7838488489257666,5.216811207471648,1.3201209781862149,0.9603720992097617,-0.1225055906615511,1.0,5.216811207471648,0.014512482773010739,0.1342520596086596,0.78269578661846
1769797825.66,5.2234823215476975,1.3106116317447312,0.9625134376891304,0.7610602181909001,5.223482321547698,1.329642642896979,0.958921436070509,-0.12706179529523481,1.0,5.223482321547698,0.019427252026213072,0.13167066901790836,0.7755959397625988
1769797825.68,5.230153435623749,1.3179332527469045,0.972245441253999,0.7785517733383855,5.230153435623749,1.3391344701949142,0.9574205137231993,-0.13169570842138734,1.0,5.230153435623749,0.021468894091880235,0.12218779068939939,0.7684410576654992
1769797825.7,5.2368245496998,1.3265677597258392,0.9668595581218168,0.7559181836380011,5.2368245496998,1.34859556941098,0.9558687321755537,-0.13641062414944627,1.0,5.2368245496998,0.022091537990506213,0.1354047629948524,0.7612288464194314
1769797825.72,5.2434956637758505,1.3356307707031452,0.9657800732042882,0.7514053727747132,5.2434956637758505,1.3580250498761375,0.9542654683129805,-0.14120993360377052,1.0,5.2434956637758505,0.0225253844129921,0.13686841541447003,0.753957056223016
1769797825.74,5.2501667778519,1.3458181288353417,0.9355852605549024,0.7494599186978714,5.250166777851901,1.3674220209213472,0.9526100753805508,-0.14609712942334435,1.0,5.250166777851901,0.02211641478756411,0.1979236115530875,0.7466234836681185
1769797825.76,5.256837891927952,1.3574258110134916,0.9213306690696712,0.7320431141053142,5.256837891927952,1.3767855918775689,0.9509018824441463,-0.15107581042306703,1.0,5.256837891927952,0.018388332302757444,0.19359375087772845,0.7392259743244021
1769797825.78,5.263509006004003,1.3651481544205606,0.9577010702954282,0.7294201562216353,5.263509006004003,1.3861148720757634,0.9491401938302791,-0.15614968642328894,1.0,5.263509006004003,0.021614805503614724,0.13259435685980783,0.7317624256328847
1769797825.8,5.270180120080052,1.3753785582471034,0.9401542377224376,0.7264759533734133,5.270180120080053,1.395408970846891,0.9473242885440643,-0.16132258325434906,1.0,5.270180120080053,0.01951406306000555,0.1497356348408701,0.7242307901202811
1769797825.82,5.276851234156104,1.3839271862567888,0.976843110346478,0.7025002055556364,5.276851234156104,1.4046669975219113,0.9454534196648203,-0.1665984479429511,1.0,5.276851234156104,0.021467666633914195,0.07595750898468565,0.7166290789462904
1769797825.84,5.283522348232154,1.395742293045877,0.9268671584641249,0.7092718898693048,5.283522348232155,1.4138880614317852,0.9435268137187657,-0.1719813540872753,1.0,5.283522348232155,0.018015588777616446,0.15635182064068115,0.7089553657963045
1769797825.86,5.2901934623082045,1.4069127113519075,0.9564939355667795,0.6998711225186178,5.290193462308205,1.4230712719074734,0.9415436700282697,-0.1774755074277602,1.0,5.290193462308205,0.016121376911202388,0.06569519361554943,0.7012077911322554
1769797825.88,5.296864576384256,1.4176574275211653,0.9077996897367805,0.6893298237033544,5.296864576384256,1.4322157382799356,0.939503160037114,-0.18308525162049877,1.0,5.296864576384256,0.014306132295692666,0.15657555271644913,0.6933845668144689
1769797825.9,5.303535690460307,1.4282350451364128,0.9149789475203245,0.6943003441450233,5.303535690460307,1.4413205698801326,0.9374044266112156,-0.1888150742201756,1.0,5.303535690460307,0.014095259017405395,0.13227678030324355,0.6854839811074394
1769797825.92,5.3102068045363575,1.4421462658630202,0.9524811132820821,0.6797523253359316,5.3102068045363575,1.4503848760390243,0.9352465833142622,-0.1946696128794062,1.0,5.3102068045363575,0.0068601200101637136,-0.02356735907611525,0.6775044040823793
1769797825.94,5.316877918612407,1.4495657302478568,0.9535929774768875,0.655348003445364,5.316877918612408,1.4594077660875704,0.9330287136577139,-0.20065366177124336,1.0,5.316877918612408,0.009783233605198234,-0.007330375393130792,0.6694442934291848
1769797825.96,5.323549032688459,1.4570080928731677,0.9395846207747913,0.6596775575609094,5.323549032688459,1.4683883493567327,0.9307498703246234,-0.20677217824145844,1.0,5.323549032688459,0.011677565151777675,0.035083575141349424,0.6613022006901043
1769797825.98,5.330220146764509,1.4657147384195937,0.9425185018110459,0.637104214508021,5.33022014676451,1.4773257351774711,0.928409074366745,-0.2130302896969939,1.0,5.33022014676451,0.011487839227332087,0.01977113873833839,0.6530767779268659
1769797826.0,5.336891260840559,1.473916611566997,0.9639076096415835,0.6519323734681548,5.33689126084056,1.4862190328807454,0.9260053143743998,-0.21943330073671058,1.0,5.33689126084056,0.012372384057270085,-0.02947834126438987,0.6447667848322737
1769797826.02,5.343562374916611,1.4827408196152452,0.9051101693558575,0.6282668987945025,5.343562374916611,1.4950673517975164,0.923537545618591,-0.22598670053019163,1.0,5.343562374916611,0.01262237428001347,0.10226424272278242,0.6363710962963358
1769797826.04,5.350233488992661,1.49244070837722,0.9141986786107826,0.6141764425967888,5.350233488992662,1.5038698012587437,0.9210046891648755,-0.23269617044992855,1.0,5.350233488992662,0.0109241771391194,0.0592648452218154,0.6278887104357692
1769797826.06,5.3569046030687115,1.500648985650585,0.91891994939493,0.6173585807379504,5.356904603068712,1.5126254905953884,0.9184056309585253,-0.2395675919616727,1.0,5.356904603068712,0.012841166920747108,0.057310280218212446,0.6193187570942287
1769797826.08,5.363575717144763,1.5118667799839187,0.9287075842686444,0.6011606804373676,5.363575717144763,1.521333529138411,0.915739220880541,-0.24660705477707845,1.0,5.363575717144763,0.008441176993390122,-0.011316180845401223,0.6106605068188043
1769797826.1,5.370246831220814,1.5181071491619451,0.9138957750312015,0.598057648569573,5.370246831220814,1.5299930262187704,0.913004271774115,-0.25382086527198716,1.0,5.370246831220814,0.011694455319994176,0.04339893449326419,0.6019133803161639
1769797826.12,5.3769179452968645,1.5236602994393222,0.9194495899979194,0.5888551309689093,5.3769179452968645,1.5386030911674287,0.9101995584411855,-0.2612155551727718,1.0,5.3769179452968645,0.015148874266000369,0.05218259413307503,0.593076958389172
1769797826.14,5.383589059372914,1.530640930460292,0.9190477356623343,0.586965389637983,5.383589059372915,1.5471628333153455,0.907323816608776,-0.26879789051206904,1.0,5.383589059372915,0.016987665088473193,0.06064529145338466,0.5841509923518496
1769797826.16,5.390260173448966,1.53887435142114,0.8605517887689278,0.5851262310205504,5.390260173448966,1.555671361993481,0.9043757418648681,-0.276574880853956,1.0,5.390260173448966,0.01587624342292834,0.17691430764606864,0.575135414917091
1769797826.18,5.396931287525017,1.5442867700452028,0.8812655519733648,0.5903246695887655,5.396931287525017,1.5641277865327954,0.9013539885636312,-0.2845537887871423,1.0,5.396931287525017,0.021316927514733318,0.16769611835185183,0.5660303515476093
1769797826.2,5.403602401601066,1.555644923000272,0.875342203282242,0.5649037484907383,5.403602401601067,1.5725312162642495,0.8982571686999079,-0.2927421396830341,1.0,5.403602401601067,0.01594444280165949,0.12645057164024892,0.5568361322560834
1769797826.22,5.410273515677118,1.5629470977688888,0.8742758790163945,0.5452537389656983,5.410273515677118,1.580880760518803,0.8950838507529482,-0.301147731713548,1.0,5.410273515677118,0.018272986720944805,0.1397139988393214,0.547553303835376
1769797826.24,5.416944629753168,1.5715240301731277,0.8696928400139751,0.5558955991739304,5.416944629753169,1.589175528627417,0.8918325584994892,-0.3097786461212824,1.0,5.416944629753169,0.017342744225100643,0.13291275725484558,0.5381826424939546
1769797826.26,5.4236157438292185,1.5790780295905062,0.8446094229065162,0.5276247874204686,5.423615743829219,1.5974146299210512,0.888501769796397,-0.31864325773205476,1.0,5.423615743829219,0.01875452041322993,0.19223994100575342,0.5287251668652208
1769797826.28,5.43028685790527,1.5884283600386802,0.8521010042416937,0.5347767698767127,5.43028685790527,1.6055971737306658,0.8850899153332222,-0.32775024569684647,1.0,5.43028685790527,0.01701485100358463,0.1508934908578254,0.5191821513522947
1769797826.3,5.436957971981321,1.5979361936395904,0.8828187005004909,0.5127562398123832,5.436957971981321,1.6137222693872217,0.8815953773551753,-0.33710860444682317,1.0,5.436957971981321,0.016662071446238415,0.06726080421108846,0.5095551397618876
1769797826.32,5.4436290860573715,1.6104086409950624,0.8960212089970948,0.4996956179660939,5.4436290860573715,1.6217890262216788,0.8780164883572004,-0.34672765484126206,1.0,5.4436290860573715,0.01025701905434463,-0.029272574763597764,0.4998459591721619
1769797826.34,5.450300200133421,1.6177238444794058,0.8559735875252428,0.5082102068084593,5.450300200133422,1.6297965535649983,0.8743515297500187,-0.3566170554838891,1.0,5.450300200133422,0.012157840685064918,0.06953495666902497,0.4900567339699249
1769797826.36,5.456971314209473,1.6255053755938003,0.8996068707352786,0.4779108848925464,5.456971314209473,1.6377439607481394,0.8705987304992392,-0.3667868141782115,1.0,5.456971314209473,0.012307631986852039,-0.041577451936608875,0.4801898999820951
1769797826.38,5.463642428285523,1.6336148928010366,0.8637486835232597,0.47130676167373187,5.463642428285524,1.645630357102063,0.866756265738864,-0.3772472994869195,1.0,5.463642428285524,0.012021231842141097,0.028262635316880377,0.4702482186150953
1769797826.4,5.470313542361573,1.6410721555695162,0.8519330322595643,0.45920129191327863,5.470313542361574,1.653454851957729,0.8628222553608079,-0.38800925235419337,1.0,5.470313542361574,0.011703526757586588,0.041450820377035305,0.46023479090369923
1769797826.42,5.476984656437625,1.6459334529783372,0.9016851948738871,0.45118356639962875,5.476984656437625,1.6612165546460989,0.8587947625823434,-0.39908379774277736,1.0,5.476984656437625,0.015856594584356468,-0.05030568503189789,0.4501530713578626
1769797826.44,5.483655770513675,1.6533406533757549,0.8302700361329354,0.4469951235577584,5.483655770513676,1.6689145744981309,0.854671792493728,-0.41048245622983587,1.0,5.483655770513676,0.015443523833531054,0.09981762987531288,0.44000688148228145
1769797826.46,5.4903268845897255,1.6604172333310925,0.8632671330383305,0.43262058571417267,5.490326884589726,1.6765480208447872,0.8504512905886469,-0.42221715549684996,1.0,5.490326884589726,0.01640868775288913,0.0195495435712377,0.4298004228288636
1769797826.48,5.496997998665777,1.6677047281329735,0.8746565182783451,0.4181213156652602,5.496997998665777,1.6841160030170277,0.8461311412805275,-0.434300241639003,1.0,5.496997998665777,0.01532532194768893,-0.029073305045065514,0.4195382894270946
1769797826.5,5.503669112741828,1.670214913997221,0.8772086659542346,0.411051012967633,5.503669112741828,1.6916176303458115,0.8417091664082439,-0.4467444902085893,1.0,5.503669112741828,0.021693187780660723,0.006987087647089996,0.409225479421503
1769797826.52,5.5103402268178785,1.6744592628940254,0.8498288764375436,0.4034368325466386,5.5103402268178785,1.699052012162101,0.8371831237352397,-0.45956311689482043,1.0,5.5103402268178785,0.024971378950969295,0.08556552093215133,0.39886740572926255
1769797826.54,5.517011340893928,1.6810876643270392,0.8006240807003584,0.3920170313113,5.517011340893929,1.7064182577968552,0.8325507054466834,-0.4727697877288643,1.0,5.517011340893929,0.025947707485855384,0.19254823846896343,0.3884699055146094
1769797826.56,5.52368245496998,1.690508307690645,0.8060828461781231,0.40380706434719027,5.52368245496998,1.7137154765810343,0.8278095366498711,-0.4863786286879976,1.0,5.52368245496998,0.023119545412796115,0.1426857975542435,0.3780392482603769
1769797826.58,5.530353569046031,1.69982061264636,0.8213875937153605,0.3682920738744171,5.530353569046031,1.7209427778456,0.822957173883808,-0.5004042345561117,1.0,5.530353569046031,0.021422736353448723,0.07904093407987521,0.367582142200944
1769797826.6,5.53702468312208,1.7102754119829573,0.8281315735175168,0.35574975442297757,5.537024683122081,1.728099270921511,0.8179911036446459,-0.5148616768794874,1.0,5.537024683122081,0.017563687933127438,0.015576613076467724,0.3571057388655009
1769797826.62,5.543695797198132,1.7199050992913194,0.8213633267701581,0.3608475567000183,5.543695797198132,1.7351840651397288,0.8129087409344882,-0.5297665108365157,1.0,5.543695797198132,0.015667985178829173,-0.00010422076284320736,0.34661763546620883
1769797826.64,5.550366911274182,1.7312469976487734,0.868905554112976,0.34922962990489187,5.550366911274183,1.7421962698312123,0.8077074278419987,-0.545134780817753,1.0,5.550366911274183,0.010846059689570793,-0.16788082172171373,0.3361258748530376
1769797826.66,5.5570380253502325,1.740860753954054,0.8153854982355598,0.3486128859790746,5.557038025350233,1.7491349943269237,0.8023844321642402,-0.5609830244882585,1.0,5.557038025350233,0.007027756620746328,-0.09223132612435993,0.32563894274627714
1769797826.68,5.563709139426284,1.7451669382807404,0.8054787383741341,0.32308830684745204,5.563709139426284,1.7559993479578218,0.7969369460802765,-0.57732827507732,1.0,5.563709139426284,0.011341761875061373,-0.048016383694680725,0.3151657619496162
1769797826.7,5.570380253502335,1.75179927286535,0.8228488250926104,0.30215051623982764,5.570380253502335,1.762788440054868,0.7913620848882543,-0.5941880616114165,1.0,5.570380253502335,0.010938340523534283,-0.1086779395423687,0.3047156832418031
1769797826.72,5.5770513675783855,1.7581294269580892,0.7973120557189559,0.31185897152401393,5.5770513675783855,1.7695013799490216,0.7856568858189946,-0.6115804067742708,1.0,5.5770513675783855,0.011306963606985899,-0.06298349515261893,0.3
1769797826.74,5.583722481654435,1.7631773516979696,0.8235429318398225,0.28742662431705546,5.583722481654436,1.7761372769712431,0.779818306940529,-0.6295238220431625,1.0,5.583722481654436,0.011980979712165303,-0.13580736018150164,0.3
1769797826.76,5.590393595730487,1.7649684933903904,0.7860245291291383,0.2957543705267398,5.590393595730487,1.7826952404524943,0.7738432261695599,-0.6480372997130001,1.0,5.590393595730487,0.01903837663314918,-0.005269862123877894,0.3
1769797826.78,5.597064709806537,1.7718999098838335,0.7383245106843778,0.28737152731078874,5.597064709806538,1.7891743797237334,0.7677284404074854,-0.6671403013790248,1.0,5.597064709806538,0.01629380664271124,0.06284303155722651,0.3
1769797826.8,5.603735823882587,1.7748025081159824,0.7505424001950564,0.29877000367189244,5.603735823882588,1.7955738041159224,0.7614706648204198,-0.6868527424052759,1.0,5.603735823882588,0.02131890599219241,0.05933487646438046,0.3
1769797826.82,5.610406937958639,1.7795317816519993,0.7559026631346033,0.28643119469522377,5.610406937958639,1.8018926229600205,0.7550665322845919,-0.7071949718590674,1.0,5.610406937958639,0.02163200331470965,0.03059176944490788,0.3
1769797826.84,5.617078052034689,1.7812479122574254,0.722362604390744,0.3108606899689671,5.61707805203469,1.8081299455869893,0.7485125930205729,-0.7281877473417498,1.0,5.61707805203469,0.027270134367759193,0.1355552294111602,0.3
1769797826.86,5.6237491661107395,1.7842600956642138,0.7347247968500702,0.31410107527093356,5.62374916611074,1.8142848813277865,0.741805314442033,-0.7498522040929666,1.0,5.62374916611074,0.02950970028669008,0.10683426823176073,0.3
1769797826.88,5.630420280186791,1.7865343690556341,0.7167629899515425,0.3112153793563972,5.630420280186791,1.8203565395133756,0.7349410812470967,-0.7722098176896861,1.0,5.630420280186791,0.03548799220115851,0.1773764520403281,0.3
1769797826.9,5.637091394262842,1.7963123846792874,0.7186359651593934,0.31826820207849554,5.637091394262842,1.8263440294747153,0.7279161957829371,-0.7952823596026276,1.0,5.637091394262842,0.029761552225046936,0.10424547350691071,0.3
1769797826.92,5.6437625083388925,1.8040584236232868,0.7197980682027048,0.30080593945833856,5.6437625083388925,1.8322464605427666,0.7207268787169182,-0.8190918448118234,1.0,5.6437625083388925,0.027416492234937154,0.06020892756522561,0.3
1769797826.94,5.650433622414942,1.8088085262456124,0.7199252685151328,0.2842921769174004,5.650433622414943,1.8380629420484889,0.7133692700504818,-0.8436604706202521,1.0,5.650433622414943,0.029859021342400628,0.05866801748291178,0.3
1769797826.96,5.657104736490994,1.8162404299175625,0.7207975018553808,0.3082428139108339,5.657104736490994,1.8437925833228435,0.7058394305149553,-0.8690105457406265,1.0,5.657104736490994,0.0274124619371252,0.013022670205492193,0.3
1769797826.98,5.663775850567045,1.8219423834756334,0.7569353387328598,0.2989183248949813,5.663775850567045,1.8494344936967897,0.6981333433916255,-0.8951644086661854,1.0,5.663775850567045,0.026414053625337296,-0.1031201887549429,0.3
1769797827.0,5.670446964643094,1.8233646027677453,0.687291648112605,0.29826190647518036,5.670446964643095,1.854987782501289,0.6902469168016783,-0.922144334272981,1.0,5.670446964643095,0.0323743762480729,0.08509957615091795,0.3
1769797827.02,5.677118078719146,1.82911153614361,0.6978962427327391,0.3013225632706429,5.677118078719146,1.8604515590673008,0.6821759865150132,-0.9499724275398783,1.0,5.677118078719146,0.03215915327297358,0.03474015107449829,0.3
1769797827.04,5.683789192795196,1.8391728067019457,0.6736938691736345,0.3033658725502769,5.683789192795197,1.8658249327257859,0.6739163193303954,-0.9786705032151166,1.0,5.683789192795197,0.027143854909659298,0.02248264424150681,0.3
1769797827.06,5.6904603068712465,1.8509238087386142,0.6876626678351067,0.2943171345203782,5.690460306871247,1.871107012807704,0.6654636170829642,-1.0082599502066893,1.0,5.690460306871247,0.019578200746934633,-0.10058654232171116,0.3
1769797827.08,5.697131420947298,1.8599585652312636,0.6429022248667847,0.28423632581810254,5.697131420947298,1.8762969086440164,0.656813521338647,-1.0387615794305685,1.0,5.697131420947298,0.016445446705457938,-0.05027858745792632,0.3
1769797827.1,5.703802535023349,1.8684367153437536,0.6165926789305405,0.2908459291538183,5.703802535023349,1.8813937295656826,0.6479616188385798,-1.0701954538186305,1.0,5.703802535023349,0.011900592475810582,-0.05575316609692563,0.3
1769797827.12,5.7104736490993995,1.8723079806712484,0.6480972502426934,0.29479131267892145,5.7104736490993995,1.8863965849036637,0.6389034477600524,-1.10258069917057,1.0,5.7104736490993995,0.014411687595972977,-0.13462339855278077,0.3
1769797827.14,5.717144763175449,1.8773809119643432,0.6455618797983426,0.28983903829847646,5.71714476317545,1.8913045839889189,0.629634504863809,-1.135935294534852,1.0,5.71714476317545,0.013617615626906108,-0.1640954210079227,0.3
1769797827.16,5.723815877251501,1.8814392396734023,0.6123273279828755,0.2931460506592376,5.723815877251501,1.8961168361524101,0.6201502536005684,-1.1702758408274596,1.0,5.723815877251501,0.015091256084096321,-0.10328620776117547,0.3
1769797827.18,5.730486991327551,1.8867249775994372,0.6196678830100666,0.2855979994525874,5.730486991327552,1.9008324507250958,0.6104461332523671,-1.205617306448819,1.0,5.730486991327552,0.013404471852220176,-0.16468949869510888,0.3
1769797827.2,5.737158105403601,1.8888194310568245,0.6219296722308596,0.289033855172755,5.737158105403602,1.9054505370379378,0.6005175691865905,-1.2419727487446095,1.0,5.737158105403602,0.01672049412184402,-0.1718823119544602,0.3
1769797827.22,5.743829219479653,1.8916203299828651,0.6029472479347655,0.2995907606109131,5.743829219479653,1.9099702044218958,0.5903599843022787,-1.279353010281411,1.0,5.743829219479653,0.018639175250940034,-0.1424024653764207,0.3
1769797827.24,5.750500333555703,1.8955074513505037,0.565739398403818,0.28498109038171493,5.750500333555704,1.9143905622079305,0.5799688117492565,-1.3177663890803262,1.0,5.750500333555704,0.018619262843447462,-0.0884068845702363,0.3
1769797827.26,5.757171447631754,1.8979856825012518,0.5264954212288879,0.2877508835126612,5.757171447631754,1.918710719727001,0.5693395090007594,-1.3572182821781154,1.0,5.757171447631754,0.020547437740763008,-0.01512979962431904,0.3
1769797827.28,5.763842561707805,1.9009217566679948,0.5889563442212652,0.3012175782532676,5.763842561707805,1.9229297863100694,0.5584675733592223,-1.3977108021740519,1.0,5.763842561707805,0.023294670254671995,-0.16786211756245156,0.3
1769797827.3,5.770513675783855,1.9095327301481757,0.49900548463328287,0.3127491480890107,5.770513675783856,1.9270468712880948,0.5473485589726725,-1.4392423667795187,1.0,5.770513675783856,0.01718471759457035,-0.04773121430556593,0.3
1769797827.32,5.777184789859906,1.9156234426595395,0.5045683770480941,0.29266500955046537,5.7771847898599065,1.9310610839920384,0.5359780954353847,-1.481807261824783,1.0,5.7771847898599065,0.014454690241974797,-0.11770143560149177,0.3
1769797827.34,5.783855903935956,1.9174122753475087,0.5235859005402255,0.3054341800863277,5.783855903935957,1.9349715337528592,0.5243519080409751,-1.5253951787010729,1.0,5.783855903935957,0.017844483671066877,-0.167696575472011,0.3
1769797827.36,5.790527018012008,1.921141707230487,0.4909461800922393,0.2940488818202268,5.790527018012008,1.9387773299015194,0.512465839748594,-1.569990727833621,1.0,5.790527018012008,0.018245170626030226,-0.12531075530394337,0.3
1769797827.38,5.797198132088059,1.926738190277395,0.4987650799461679,0.30423096367995683,5.797198132088059,1.9424775817689772,0.5003158749131169,-1.6155729304987936,1.0,5.797198132088059,0.014761885532187054,-0.21016167652768764,0.3
1769797827.4,5.803869246164108,1.9281271730592793,0.4735118984545698,0.3001194839973286,5.803869246164109,1.946071398686195,0.4878981648179049,-1.6621146921205985,1.0,5.803869246164109,0.018298419839068537,-0.15918472701787237,0.3
1769797827.42,5.81054036024016,1.9314903265630732,0.4771947772108152,0.2957451911713684,5.81054036024016,1.9495578899841317,0.4752090550335919,-1.7095822611109068,1.0,5.81054036024016,0.018388827819588137,-0.20534439664782259,0.3
1769797827.44,5.81721147431621,1.9362362004002154,0.4714150591278121,0.28682393712128307,5.817211474316211,1.9529361649937491,0.4622451146081222,-1.7579346783530496,1.0,5.817211474316211,0.016583451067077273,-0.24686663518544177,0.3
1769797827.46,5.823882588392261,1.940197017480812,0.4810972011852508,0.29635976745928727,5.823882588392261,1.9562053330460052,0.44900316707175325,-1.8071232235651014,1.0,5.823882588392261,0.0157669885987773,-0.3167295637644306,0.3
1769797827.48,5.830553702468312,1.9428634389691917,0.3966679850031518,0.2906754450697681,5.830553702468312,1.9593645034718623,0.43548032321563207,-1.8570908660078405,1.0,5.830553702468312,0.01633286142039336,-0.15760632723593676,0.3
1769797827.5,5.837224816544362,1.9454663884904058,0.4165998629583219,0.2941650983165187,5.837224816544363,1.9624127856022793,0.4216740155738331,-1.9077717283070763,1.0,5.837224816544363,0.017667872862001128,-0.23286083173551603,0.3
1769797827.52,5.8438959306204135,1.9508714053722485,0.41935053976260644,0.30717110727496233,5.8438959306204135,1.965349288768218,0.40758203450614405,-1.9590905735188755,1.0,5.8438959306204135,0.013913063922668849,-0.31389937249118227,0.3
1769797827.54,5.850567044696463,1.952863930924433,0.3671002892896867,0.2894208265475154,5.850567044696464,1.9681731223006373,0.3932025657425673,-2.0109623269483876,1.0,5.850567044696464,0.014532524255282266,-0.23055516427365758,0.3
1769797827.56,5.857238158772515,1.9513103054281067,0.3518523066498493,0.29501663328877753,5.857238158772515,1.9708833955304987,0.3785342292104177,-2.0632916455998975,1.0,5.857238158772515,0.019651385618183623,-0.19509575593153122,0.3
1769797827.58,5.863909272848565,1.950270483747626,0.35959668151990093,0.3039616555292,5.863909272848566,1.9734792177887628,0.36357611892139446,-2.115972549439011,1.0,5.863909272848566,0.02335715878328751,-0.22487261464766767,0.3
1769797827.6,5.870580386924615,1.9498476498057555,0.3194334024909335,0.313078635852785,5.870580386924616,1.9759596984063887,0.34832784364936126,-2.168888129830006,1.0,5.870580386924616,0.026036387542540007,-0.1550575443859346,0.3
1769797827.62,5.877251501000667,1.9501992277468458,0.3172865171501106,0.3094177684528719,5.877251501000667,1.9783239467143363,0.3327895680804205,-2.221910351505449,1.0,5.877251501000667,0.029252215788219255,-0.16745471407463436,0.3
1769797827.64,5.883922615076717,1.9551750418485347,0.3058741849879813,0.2922819979494454,5.883922615076718,1.980571072043567,0.3169620540659272,-2.2748999651559663,1.0,5.883922615076718,0.02475861452556135,-0.2249870667493414,0.3
1769797827.66,5.890593729152768,1.957125331289045,0.3152942377650006,0.29503748561797793,5.890593729152768,1.9827001837250418,0.3008467015573059,-2.3277065481137456,1.0,5.890593729152768,0.025523934232346685,-0.2863737787472317,0.3
1769797827.68,5.897264843228819,1.9590121626152903,0.31185873319461965,0.29648417661650894,5.897264843228819,1.98471039108972,0.2844455887501301,-2.3801686905576003,1.0,5.897264843228819,0.02587238864386243,-0.3225526835006879,0.3
1769797827.7,5.903935957304869,1.962173578910373,0.23956482737160267,0.3081692169459477,5.90393595730487,1.9866008034685616,0.2677615109152315,-2.432114344103415,1.0,5.90393595730487,0.024889062069672126,-0.21241378368359604,0.3
1769797827.72,5.91060707138092,1.966579585880672,0.24346120079766934,0.3032166860605289,5.9106070713809205,1.9883705301925283,0.25079801734833634,-2.4833613484777692,1.0,5.9106070713809205,0.02088029326681457,-0.30271837976084953,0.3
1769797827.74,5.91727818545697,1.9674961614333424,0.271268889289256,0.3327509858699653,5.917278185456971,1.9900186805925792,0.23355944582857327,-2.5337181501303894,1.0,5.917278185456971,0.02328279261846893,-0.39499635255918497,0.3
1769797827.76,5.923949299533022,1.9720979537561298,0.2034769154683453,0.3091986681347255,5.923949299533022,1.9915443639996755,0.21605095394219415,-2.582984724063188,1.0,5.923949299533022,0.019583684203912655,-0.3185226645124334,0.3
1769797827.78,5.9306204136090725,1.9779734082977618,0.19316562360734224,0.2976627674425779,5.9306204136090725,1.9929466897447758,0.19827854660304117,-2.630953706802759,1.0,5.9306204136090725,0.015606331850811986,-0.3778239415497728,0.3
1769797827.8,5.937291527685122,1.9853994326174038,0.17924749825779623,0.3098158208928046,5.937291527685123,1.9942247671588436,0.18024909908777012,-2.677411744310875,1.0,5.937291527685123,0.0074216691017249155,-0.4656848452850848,0.3
1769797827.82,5.943962641761174,1.9859576320027361,0.14580797753939606,0.32234561408296936,5.943962641761174,1.9953777055728352,0.16197037490366395,-2.7221410537410655,1.0,5.943962641761174,0.009102687354459555,-0.42320223706121674,0.3
1769797827.84,5.950633755837224,1.9862525536023432,0.1463144169657962,0.29599434751678405,5.950633755837225,1.996404614317714,0.1434510378219041,-2.7649211923778076,1.0,5.950633755837225,0.011369918602629512,-0.454699397369948,0.3
1769797827.86,5.957304869913275,1.991220260552347,0.14516789890307705,0.2926247796505119,5.957304869913275,1.9973046027244399,0.12470065744116808,-2.8055310209528366,1.0,5.957304869913275,0.005073790715280821,-0.556764242368563,0.3
1769797827.88,5.963975983989326,1.9907937744801918,0.0775762168023374,0.29542542428019436,5.963975983989326,1.9980767801239718,0.1057297076964803,-2.8437508419841673,1.0,5.963975983989326,0.0066047194200756325,-0.43646935597545145,0.3
1769797827.9,5.970647098065376,1.9876565890311602,0.11619099581754558,0.29496963922863884,5.970647098065377,1.9987202558472705,0.0865495577973105,-2.879364687037417,1.0,5.970647098065377,0.011518303149854029,-0.5340291557654674,0.3
1769797827.92,5.9773182121414274,1.9872008087500648,0.05334009838182441,0.2990268347926645,5.9773182121414274,1.9992341392252975,0.06717245516705525,-2.912162720119699,1.0,5.9773182121414274,0.01259309941903114,-0.428710695619669,0.3
1769797827.94,5.983989326217477,1.988364674327479,-0.006582729099901208,0.2962451584855416,5.983989326217478,1.9996175395890123,0.04761150006274722,-2.9419437180716703,1.0,5.983989326217478,0.0102602560489842,-0.3610812026438498,0.3
1769797827.96,5.990660440293529,1.9854886754587704,0.04560441832082654,0.3021701692547546,5.990660440293529,1.9998695662693744,0.027880611677810033,-2.968517583134216,1.0,5.990660440293529,0.014973202689710521,-0.49020134229321277,0.3
1769797827.98,5.997331554369579,1.985888196039158,-0.01680824991048957,0.2979738173545913,5.9973315543695795,1.999989328597346,0.007994485669790762,-2.991707838150503,1.0,5.9973315543695795,0.014612529904787997,-0.3984214804626832,0.3
1769797828.0,6.004002668445629,1.9884295591569652,-0.0015861770485616348,0.8509892652150127,6.00400266844563,2.0,0.0,0.0,1.0,6.00400266844563,0.011325762429654995,0.10175660068946274,1.0
1769797828.02,6.010673782521681,1.9898296274279608,0.0019290738340198036,0.968554084842058,6.010673782521681,2.0,0.0,0.0,1.0,6.010673782521681,0.010170910320998853,0.08359351289144212,1.0
1769797828.04,6.017344896597731,1.990533336236851,0.0013230831259004702,0.9899987773391771,6.017344896597732,2.0,0.0,0.0,1.0,6.017344896597732,0.008767794805898581,0.07286497327934992,1.0
1769797828.06,6.024016010673782,1.987999047223642,-0.01975357740614259,1.0164616574739171,6.024016010673782,2.0,0.0,0.0,1.0,6.024016010673782,0.012024343421426175,0.1498541123822562,1.0
1769797828.08,6.030687124749833,1.9854224561551264,0.013115349990880848,0.9917808392545207,6.030687124749833,2.0,0.0,0.0,1.0,6.030687124749833,0.014426085445914654,0.09434044620960011,1.0
1769797828.1,6.037358238825883,1.9823305605171735,0.010008723069858727,0.9922962601171665,6.037358238825884,2.0,0.0,0.0,1.0,6.037358238825884,0.017860940775197627,0.13123624111011273,1.0
1769797828.12,6.0440293529019335,1.9808216463143167,0.024064130203364495,1.0066311895757034,6.044029352901934,2.0,0.0,0.0,1.0,6.044029352901934,0.01986766242304576,0.1158511155846136,1.0
1769797828.14,6.050700466977984,1.9819489377682147,0.006749243218261345,1.0115505713343098,6.050700466977985,2.0,0.0,0.0,1.0,6.050700466977985,0.017470493780847918,0.13543903024791348,1.0
1769797828.16,6.057371581054036,1.980914975492023,-0.033307795574562135,0.9982506393371453,6.057371581054036,2.0,0.0,0.0,1.0,6.057371581054036,0.019633090215594076,0.2458663190770869,1.0
1769797828.18,6.0640426951300865,1.9823950557676653,-0.021182857327948112,0.9830263788778777,6.0640426951300865,2.0,0.0,0.0,1.0,6.0640426951300865,0.017561346815287305,0.20064054047856994,1.0
1769797828.2,6.070713809206136,1.9834579474191474,0.029686127937767762,0.9849808855880042,6.070713809206137,2.0,0.0,0.0,1.0,6.070713809206137,0.016328318569579427,0.07215169832286421,1.0
1769797828.22,6.077384923282188,1.9832240863399293,-0.0014099407253123683,0.983135975328646,6.077384923282188,2.0,0.0,0.0,1.0,6.077384923282188,0.016476586315311185,0.1457924333241563,1.0
1769797828.24,6.084056037358238,1.9831728845933707,-0.04276135295348468,0.9858180539701906,6.084056037358239,2.0,0.0,0.0,1.0,6.084056037358239,0.018406635681498747,0.2567478680947933,1.0
1769797828.26,6.0907271514342884,1.989377985719558,-0.00993324174753561,0.9896956452991035,6.090727151434289,2.0,0.0,0.0,1.0,6.090727151434289,0.009507222537130672,0.10543583176550862,1.0
1769797828.28,6.09739826551034,1.9904570161219453,-0.0013307877220591635,1.0174290315235337,6.09739826551034,2.0,0.0,0.0,1.0,6.09739826551034,0.009619274623039749,0.08641035033720097,1.0
1769797828.3,6.10406937958639,1.9920016397256566,-8.820281086159797e-06,1.0010434972766886,6.104069379586391,2.0,0.0,0.0,1.0,6.104069379586391,0.008107929999070536,0.07025687708960116,1.0
1769797828.32,6.110740493662441,1.9939322996125006,0.03218643279396307,1.0117120537471285,6.110740493662441,2.0,0.0,0.0,1.0,6.110740493662441,0.005942411288571507,-0.02356400872231507,1.0
1769797828.34,6.117411607738491,1.9937570116559329,-0.0344691023219989,1.0083225727143317,6.117411607738492,2.0,0.0,0.0,1.0,6.117411607738492,0.004721722962318223,0.1209326536182853,1.0
1769797828.36,6.124082721814543,1.9870169121940875,-0.03414521665763091,0.9904454546351439,6.124082721814543,2.0,0.0,0.0,1.0,6.124082721814543,0.013517514748796134,0.19565900807043002,1.0
1769797828.38,6.130753835890593,1.9825984553747404,0.00988177294357784,0.9905382755301767,6.1307538358905935,2.0,0.0,0.0,1.0,6.1307538358905935,0.01722919486763457,0.1260803112224848,1.0
1769797828.4,6.137424949966643,1.9781210262579032,-0.018808050038102625,0.9960622228838178,6.137424949966644,2.0,0.0,0.0,1.0,6.137424949966644,0.022624300313523308,0.23844213974118764,1.0
1769797828.42,6.144096064042695,1.9767614428253713,0.028401379631987838,0.9904704364395596,6.144096064042695,2.0,0.0,0.0,1.0,6.144096064042695,0.02287821219227656,0.13172798867572405,1.0
1769797828.44,6.150767178118745,1.9745628589908861,0.02251685100745465,0.9994030641770539,6.150767178118746,2.0,0.0,0.0,1.0,6.150767178118746,0.02627975052480354,0.174700509504788,1.0
1769797828.46,6.157438292194796,1.9769234320622453,0.0035160260885178794,0.9960333972496804,6.157438292194796,2.0,0.0,0.0,1.0,6.157438292194796,0.023703547103714463,0.1965300845524504,1.0
1769797828.48,6.164109406270847,1.9816844996910066,0.003899747482920911,1.0050785031556233,6.164109406270847,2.0,0.0,0.0,1.0,6.164109406270847,0.01779009209191616,0.1448053166644429,1.0
1769797828.5,6.170780520346897,1.983054968679846,-0.00653272332418869,0.9982099249259055,6.170780520346898,2.0,0.0,0.0,1.0,6.170780520346898,0.016006337693260105,0.15359639025535646,1.0
1769797828.52,6.1774516344229475,1.980134275921651,-0.001700149692635878,0.9834479375491005,6.177451634422948,2.0,0.0,0.0,1.0,6.177451634422948,0.01995513259015215,0.1763895598655465,1.0
1769797828.54,6.184122748498998,1.978419361173307,-0.002955228075198327,1.0029287258638233,6.184122748498999,2.0,0.0,0.0,1.0,6.184122748498999,0.022369177114796336,0.1999937088473433,1.0
1769797828.56,6.19079386257505,1.980310829738283,0.012136007965257035,1.0013134378637283,6.19079386257505,2.0,0.0,0.0,1.0,6.19079386257505,0.019615708230553752,0.14142711371646555,1.0
1769797828.58,6.1974649766511005,1.9816912623724177,-0.03090625112986974,0.9897316178348313,6.1974649766511005,2.0,0.0,0.0,1.0,6.1974649766511005,0.01814052450883575,0.22773722374979471,1.0
1769797828.6,6.20413609072715,1.9828971269446358,-0.0037320039153496683,0.9929988530832048,6.204136090727151,2.0,0.0,0.0,1.0,6.204136090727151,0.017713299547596224,0.1618105478106092,1.0
1769797828.62,6.210807204803202,1.987405185975753,0.03396916308809035,1.002046875121427,6.210807204803202,2.0,0.0,0.0,1.0,6.210807204803202,0.013048351519396047,0.03377942441584501,1.0
1769797828.64,6.217478318879252,1.9932839944012337,-0.0010107474647502918,0.9964265871458777,6.217478318879253,2.0,0.0,0.0,1.0,6.217478318879253,0.005970246682431812,0.05408529066042779,1.0
1769797828.66,6.224149432955302,1.9947209946781836,0.012863841537778115,1.0143163163654818,6.224149432955303,2.0,0.0,0.0,1.0,6.224149432955303,0.004317405449511615,0.007400540594586122,1.0
1769797828.68,6.230820547031354,1.9920192767848777,-0.06118904743635104,0.995321459925246,6.230820547031354,2.0,0.0,0.0,1.0,6.230820547031354,0.0083294711156215,0.2126821685846149,1.0
1769797828.7,6.237491661107404,1.9906321712031194,-0.006785757561706897,0.9880348514834423,6.237491661107405,2.0,0.0,0.0,1.0,6.237491661107405,0.009054950906098598,0.09421786025594685,1.0
1769797828.72,6.244162775183455,1.9873413648444536,0.03230489532989184,1.0190325594427767,6.244162775183455,2.0,0.0,0.0,1.0,6.244162775183455,0.01221503120228611,0.0304490996985625,1.0
1769797828.74,6.250833889259505,1.9829603329158743,0.014502600733395783,1.0111638762983428,6.250833889259506,2.0,0.0,0.0,1.0,6.250833889259506,0.018019593296093872,0.12215674389304546,1.0
1769797828.76,6.257505003335557,1.9829512806373564,0.027930428902778973,1.0019488572738249,6.257505003335557,2.0,0.0,0.0,1.0,6.257505003335557,0.01684771002352103,0.08073979808895357,1.0
1769797828.78,6.264176117411607,1.9820225752380236,0.024912075044760697,0.9933909180271505,6.2641761174116075,2.0,0.0,0.0,1.0,6.2641761174116075,0.01799581522373451,0.09770489987752448,1.0
1769797828.8,6.270847231487657,1.9819378364164484,-0.011943603013884061,1.00547831992477,6.270847231487658,2.0,0.0,0.0,1.0,6.270847231487658,0.01882030800643851,0.1902405057910474,1.0
1769797828.82,6.277518345563709,1.985657793282463,0.03931292069720031,1.013362239730239,6.277518345563709,2.0,0.0,0.0,1.0,6.277518345563709,0.014608895098320437,0.03481897642849299,1.0
1769797828.84,6.284189459639759,1.9893696649829342,-0.00618962175252684,1.0083502872710373,6.28418945963976,2.0,0.0,0.0,1.0,6.28418945963976,0.009377704074530766,0.0956218663340081,1.0
1769797828.86,6.29086057371581,1.9881994338439986,0.03312839366672674,0.9975317822181001,6.29086057371581,2.0,0.0,0.0,1.0,6.29086057371581,0.012764074381756417,0.03328026585496299,1.0
1769797828.88,6.297531687791861,1.9908376548547362,0.007126867742698891,1.0015054518648852,6.297531687791861,2.0,0.0,0.0,1.0,6.297531687791861,0.008474425574747375,0.05679801188787004,1.0
1769797828.9,6.304202801867911,1.990137654638105,0.012373604437078996,1.0077423584829537,6.304202801867912,2.0,0.0,0.0,1.0,6.304202801867912,0.00973441546360292,0.055471766373314454,1.0
1769797828.92,6.3108739159439615,1.9883110522085075,-0.024891561804117966,0.9931297402479032,6.310873915943962,2.0,0.0,0.0,1.0,6.310873915943962,0.01115935177055394,0.15425055965982787,1.0
1769797828.94,6.317545030020012,1.984217681931644,-0.027575541467920076,0.9974170424197127,6.317545030020013,2.0,0.0,0.0,1.0,6.317545030020013,0.015986998318802962,0.20178331589648227,1.0
1769797828.96,6.324216144096064,1.9817973622973073,0.0012610048831874162,0.9962222569806931,6.324216144096064,2.0,0.0,0.0,1.0,6.324216144096064,0.01892051384313307,0.16065115200618285,1.0
1769797828.98,6.3308872581721145,1.9836092811863324,0.02028776962720429,0.9978171980351638,6.3308872581721145,2.0,0.0,0.0,1.0,6.3308872581721145,0.01727286868164151,0.10223614019178019,1.0
1769797829.0,6.337558372248164,1.9886364343988023,-0.014723299021102365,1.0047691892436579,6.337558372248165,2.0,0.0,0.0,1.0,6.337558372248165,0.010462100540764895,0.1247790566512676,1.0
1769797829.02,6.344229486324216,1.989579535572724,0.024351564487664318,0.9759696703933849,6.344229486324216,2.0,0.0,0.0,1.0,6.344229486324216,0.01054324933741271,0.034529706556089626,1.0
1769797829.04,6.350900600400266,1.9913220108756498,-0.0009123171555396832,0.9862017572731641,6.350900600400267,2.0,0.0,0.0,1.0,6.350900600400267,0.008904367006049827,0.07925251956568138,1.0
1769797829.06,6.357571714476316,1.993278422571773,0.0032088072984544163,0.9964352551046809,6.357571714476317,2.0,0.0,0.0,1.0,6.357571714476317,0.0058790837068272185,0.043457423360147934,1.0
1769797829.08,6.364242828552368,1.9912860248871067,-0.042962116976113914,0.9943742020808959,6.364242828552368,2.0,0.0,0.0,1.0,6.364242828552368,0.008696803098636283,0.17453475473363916,1.0
1769797829.1,6.370913942628418,1.989483185396373,-0.01158953074104369,0.9990033984333906,6.370913942628419,2.0,0.0,0.0,1.0,6.370913942628419,0.010786508864091332,0.12031934572764863,1.0
1769797829.12,6.377585056704469,1.989493258651983,0.012684367649259879,0.9901306015314475,6.377585056704469,2.0,0.0,0.0,1.0,6.377585056704469,0.011061080878859576,0.06623285697562567,1.0
1769797829.14,6.384256170780519,1.9921051563479342,0.03809659617899124,0.9939022748635175,6.38425617078052,2.0,0.0,0.0,1.0,6.38425617078052,0.007909750281808214,-0.020296964887697826,1.0
1769797829.16,6.390927284856571,1.9943011125840329,0.06463294081464421,1.0008726419159986,6.390927284856571,2.0,0.0,0.0,1.0,6.390927284856571,0.005213381683982688,-0.1048541727195844,1.0
1769797829.18,6.397598398932621,1.9939790768406764,0.01587977767990599,1.0016112071382617,6.3975983989326215,2.0,0.0,0.0,1.0,6.3975983989326215,0.005768624595795397,0.012938242372626405,1.0
1769797829.2,6.404269513008671,1.992243663237729,-0.022248334864350273,1.0137604605915298,6.404269513008672,2.0,0.0,0.0,1.0,6.404269513008672,0.007520352199144577,0.116825624704124,1.0
1769797829.22,6.410940627084723,1.9883512973941064,0.0046301294500566675,0.9936645079984658,6.410940627084723,2.0,0.0,0.0,1.0,6.410940627084723,0.010593011659808254,0.0809547525583051,1.0
1769797829.24,6.417611741160773,1.9797611751075297,0.05480833318211457,0.9874832577272534,6.417611741160774,2.0,0.0,0.0,1.0,6.417611741160774,0.020467626197912436,0.049330969258219635,1.0
1769797829.26,6.424282855236824,1.9727526044199357,-0.0055892487166140925,1.0040653661619225,6.424282855236824,2.0,0.0,0.0,1.0,6.424282855236824,0.027761207753648837,0.25207696975728744,1.0
1769797829.28,6.430953969312875,1.9690593439258484,0.01201809816163474,1.006032937143634,6.430953969312875,2.0,0.0,0.0,1.0,6.430953969312875,0.03185817612426193,0.24670447712436017,1.0
1769797829.3,6.437625083388925,1.9700983530441945,-0.033282128785433795,0.9958502960734197,6.437625083388926,2.0,0.0,0.0,1.0,6.437625083388926,0.03035215633439124,0.3361739551012056,1.0
1769797829.32,6.4442961974649755,1.9736202476895135,0.007543890162587894,1.002958271380577,6.444296197464976,2.0,0.0,0.0,1.0,6.444296197464976,0.026760260737393154,0.21343834639150824,1.0
1769797829.34,6.450967311541026,1.9783533042370225,0.010323990142951479,0.9937330141712336,6.450967311541027,2.0,0.0,0.0,1.0,6.450967311541027,0.02108215167293511,0.1582649318559083,1.0
1769797829.36,6.457638425617078,1.9808799740065322,0.014232740079736947,0.9984683713625283,6.457638425617078,2.0,0.0,0.0,1.0,6.457638425617078,0.019548178302332415,0.1359733445434895,1.0
1769797829.38,6.4643095396931285,1.9853491948880881,-0.00029130189885103944,0.9995832078527358,6.4643095396931285,2.0,0.0,0.0,1.0,6.4643095396931285,0.014595312115924804,0.12698015910481777,1.0
1769797829.4,6.470980653769178,1.9890782181012983,0.021570507178891876,0.9925096932511949,6.470980653769179,2.0,0.0,0.0,1.0,6.470980653769179,0.010440551544962259,0.040129344729869655,1.0
1769797829.42,6.47765176784523,1.990207785557843,0.025612240688962024,1.003184361037044,6.47765176784523,2.0,0.0,0.0,1.0,6.47765176784523,0.00943850033627499,0.02202202739730945,1.0
1769797829.44,6.48432288192128,1.9908222485182883,0.0046494214082253935,0.9955077178508134,6.484322881921281,2.0,0.0,0.0,1.0,6.484322881921281,0.010313312813062091,0.07848989827291525,1.0
1769797829.46,6.49099399599733,1.9955883241846994,0.014558999457334472,1.013034488245661,6.490993995997331,2.0,0.0,0.0,1.0,6.490993995997331,0.0032640023082980327,-0.0056811633286493034,1.0
1769797829.48,6.497665110073382,1.9943051499077509,-0.006857128238535212,1.0152839056880878,6.497665110073382,2.0,0.0,0.0,1.0,6.497665110073382,0.005001409848233551,0.059319212463114473,1.0
1769797829.5,6.504336224149432,1.9895169584767158,0.03154233269009644,0.9854514958469076,6.504336224149433,2.0,0.0,0.0,1.0,6.504336224149433,0.010214078841270263,0.014907306030684426,1.0
1769797829.52,6.511007338225483,1.9850143991980718,0.026221501887256422,0.9829329789414755,6.511007338225483,2.0,0.0,0.0,1.0,6.511007338225483,0.016526392137047916,0.08194761259644022,1.0
1769797829.54,6.517678452301533,1.9866719914859736,0.007788085695941887,0.9899738603016915,6.517678452301534,2.0,0.0,0.0,1.0,6.517678452301534,0.012297800516678451,0.08834570065329236,1.0
1769797829.56,6.524349566377585,1.9841659234848743,0.01915043030571401,0.9991073620781029,6.524349566377585,2.0,0.0,0.0,1.0,6.524349566377585,0.01647805354708115,0.0980172747922269,1.0
1769797829.58,6.531020680453635,1.9849705277567546,-0.018274660768855488,1.0093241545722733,6.5310206804536355,2.0,0.0,0.0,1.0,6.5310206804536355,0.015334918367099971,0.1748938311590182,1.0
1769797829.6,6.537691794529685,1.9878501404662012,0.0027769963961095994,0.9929845628373141,6.537691794529686,2.0,0.0,0.0,1.0,6.537691794529686,0.012799452726708975,0.10434570529544315,1.0
1769797829.62,6.544362908605737,1.9919461726201784,0.011990289682540574,0.9860178650710073,6.544362908605737,2.0,0.0,0.0,1.0,6.544362908605737,0.006238811924104934,0.02608718169975948,1.0
1769797829.64,6.551034022681787,1.9876331715945208,0.011845675830399425,1.0189989929072107,6.551034022681788,2.0,0.0,0.0,1.0,6.551034022681788,0.01242786735252083,0.08001651815443678,1.0
1769797829.66,6.557705136757838,1.9838436103094326,0.022239102333499728,1.0100026680340664,6.557705136757838,2.0,0.0,0.0,1.0,6.557705136757838,0.0163949810116081,0.0900990274661821,1.0
1769797829.68,6.564376250833889,1.9814437523702768,0.008841157599164803,0.9918931405942348,6.564376250833889,2.0,0.0,0.0,1.0,6.564376250833889,0.018832524810798914,0.14232601690924773,1.0
1769797829.7,6.571047364909939,1.9806691004019104,0.008464448584310605,1.0157599317601864,6.57104736490994,2.0,0.0,0.0,1.0,6.57104736490994,0.019666812057191504,0.1503889972405359,1.0
1769797829.72,6.5777184789859895,1.9819692696500018,-0.011426956771928646,1.0082062681826784,6.57771847898599,2.0,0.0,0.0,1.0,6.57771847898599,0.018537960090646365,0.18663210990554352,1.0
1769797829.74,6.58438959306204,1.9851030792959339,0.027315215381320784,0.9846029117283228,6.584389593062041,2.0,0.0,0.0,1.0,6.584389593062041,0.01436348897888215,0.060684961931538633,1.0
1769797829.76,6.591060707138092,1.9863138973381183,-0.016735014639394828,0.9996774505840075,6.591060707138092,2.0,0.0,0.0,1.0,6.591060707138092,0.01425245910899101,0.16205492173077243,1.0
1769797829.78,6.5977318212141425,1.98946445471611,0.027449547336236616,1.0026693156999018,6.5977318212141425,2.0,0.0,0.0,1.0,6.5977318212141425,0.009832287866521567,0.021146287966987223,1.0
1769797829.8,6.604402935290192,1.988207983763783,-0.004933624827513054,1.0028888800972304,6.604402935290193,2.0,0.0,0.0,1.0,6.604402935290193,0.0106668558536174,0.10384278502744296,1.0
1769797829.82,6.611074049366244,1.9822965380113753,-0.015319706001957015,1.0122125044956614,6.611074049366244,2.0,0.0,0.0,1.0,6.611074049366244,0.018299235640675413,0.19352614235592724,1.0
1769797829.84,6.617745163442294,1.9800394467899856,0.0018514370193640451,1.0068342218692463,6.617745163442295,2.0,0.0,0.0,1.0,6.617745163442295,0.02083463069812875,0.1757450728472812,1.0
1769797829.86,6.624416277518344,1.9809390439629866,0.01797227316592482,1.0060860576443738,6.624416277518345,2.0,0.0,0.0,1.0,6.624416277518345,0.01813861615353627,0.11510888031102326,1.0
1769797829.88,6.631087391594396,1.978259043922197,-0.012329671086416236,1.0060899137203612,6.631087391594396,2.0,0.0,0.0,1.0,6.631087391594396,0.022465611653572488,0.22231664385944083,1.0
1769797829.9,6.637758505670446,1.9796257722604316,-0.010253946339364259,1.009428884798587,6.637758505670447,2.0,0.0,0.0,1.0,6.637758505670447,0.021039230098334832,0.20536877994031744,1.0
1769797829.92,6.644429619746497,1.9843699545647084,0.013207665717875785,1.0057057642943892,6.644429619746497,2.0,0.0,0.0,1.0,6.644429619746497,0.01590415506042256,0.10690077966662867,1.0
1769797829.94,6.651100733822547,1.9894231493893308,-0.02234833762372793,1.0024166680334585,6.651100733822548,2.0,0.0,0.0,1.0,6.651100733822548,0.009606684880404155,0.1350333287722188,1.0
1769797829.96,6.657771847898599,1.9903613949697079,0.005877552067006926,0.9971632441054785,6.657771847898599,2.0,0.0,0.0,1.0,6.657771847898599,0.010051095860614812,0.07335936760981646,1.0
1769797829.98,6.664442961974649,1.9927637147980077,-0.03685781412885617,1.0076582616459246,6.6644429619746495,2.0,0.0,0.0,1.0,6.6644429619746495,0.006775402241741727,0.14408960751772637,1.0
1769797830.0,6.671114076050699,1.9924923459483406,0.02267737946845602,0.9971823152480095,6.6711140760507,2.0,0.0,0.0,1.0,6.6711140760507,0.006984752521526839,0.007616629814371802,1.0
1769797830.02,6.677785190126751,1.9896193568407547,0.02993477775177343,1.0020194341358266,6.677785190126751,2.0,0.0,0.0,1.0,6.677785190126751,0.010219230041945691,0.018700328352572612,1.0
1769797830.04,6.684456304202802,1.9861072535139612,0.00041047478090262677,1.0106943390230065,6.684456304202802,2.0,0.0,0.0,1.0,6.684456304202802,0.01400689348089547,0.12027327540516447,1.0
1769797830.06,6.691127418278852,1.9839971384784025,-0.010756880709664591,1.020291726145724,6.691127418278852,2.0,0.0,0.0,1.0,6.691127418278852,0.016872163836833338,0.1707912185560622,1.0
1769797830.08,6.697798532354902,1.9856254620533689,-0.008028102069244267,0.9971141384697277,6.697798532354903,2.0,0.0,0.0,1.0,6.697798532354903,0.014056232419386435,0.1402620202469143,1.0
1769797830.1,6.704469646430953,1.9860264258802227,0.003240957866493199,1.004454217454915,6.704469646430954,2.0,0.0,0.0,1.0,6.704469646430954,0.014231640165472844,0.11563825899954329,1.0
1769797830.12,6.7111407605070035,1.9873913497326818,-0.019017597877928612,1.0128295284649829,6.711140760507004,2.0,0.0,0.0,1.0,6.711140760507004,0.012368302079676617,0.15111588041569446,1.0
1769797830.14,6.717811874583054,1.9886829471647867,-0.028981902367256382,1.0083287853150977,6.717811874583055,2.0,0.0,0.0,1.0,6.717811874583055,0.012365351290518339,0.1739949773632589,1.0
1769797830.16,6.724482988659106,1.9930702703863132,-0.007297647289045821,0.9860572944174939,6.724482988659106,2.0,0.0,0.0,1.0,6.724482988659106,0.0051333959450168545,0.06148766723303377,1.0
1769797830.18,6.7311541027351565,1.989926492861039,0.00871033158612163,0.9859711492362785,6.7311541027351565,2.0,0.0,0.0,1.0,6.7311541027351565,0.010925296845952769,0.07432281494523295,1.0
1769797830.2,6.737825216811206,1.990891786765952,0.0002814044901876145,1.00761131616735,6.737825216811207,2.0,0.0,0.0,1.0,6.737825216811207,0.009242266031607417,0.07939645798696097,1.0
1769797830.22,6.744496330887258,1.9918819911018588,-0.017042232158908096,1.0178514527724354,6.744496330887258,2.0,0.0,0.0,1.0,6.744496330887258,0.007517339607192349,0.10474418235632364,1.0
1769797830.24,6.751167444963308,1.9898975624086022,0.0014871853515463463,1.018290311630754,6.751167444963309,2.0,0.0,0.0,1.0,6.751167444963309,0.009930927919994309,0.08254647805117704,1.0
1769797830.26,6.757838559039358,1.9880101649655801,0.0061274743074660135,1.00488837440485,6.757838559039359,2.0,0.0,0.0,1.0,6.757838559039359,0.01288724475120383,0.09730903982893058,1.0
1769797830.28,6.764509673115409,1.9894306445398384,0.013064606297009796,1.0016867927284454,6.76450967311541,2.0,0.0,0.0,1.0,6.76450967311541,0.009689320465782181,0.05346939784621776,1.0
1769797830.3,6.77118078719146,1.9873665728971954,-0.01250977746789669,1.0121805574193439,6.771180787191461,2.0,0.0,0.0,1.0,6.771180787191461,0.013255705859673585,0.14373121977572573,1.0
1769797830.32,6.777851901267511,1.988641895389979,-0.05917836946160507,0.9845403731772141,6.777851901267511,2.0,0.0,0.0,1.0,6.777851901267511,0.01179353121339131,0.23754144298442526,1.0
1769797830.34,6.784523015343561,1.9913105324036158,0.013729756953131937,1.0049477912479639,6.784523015343562,2.0,0.0,0.0,1.0,6.784523015343562,0.00805079130150875,0.037726234056894514,1.0
1769797830.36,6.791194129419613,1.9905258745333925,0.02978814571111729,1.0067749177255623,6.791194129419613,2.0,0.0,0.0,1.0,6.791194129419613,0.009001319958833532,0.008498298453378034,1.0
1769797830.38,6.797865243495663,1.9878758035332638,-0.019740015833589763,1.0111586386198141,6.7978652434956635,2.0,0.0,0.0,1.0,6.7978652434956635,0.012465209039776774,0.15361427430416263,1.0
1769797830.4,6.804536357571713,1.9872665194913046,-0.00801515324683431,0.9997230971963111,6.804536357571714,2.0,0.0,0.0,1.0,6.804536357571714,0.013182875459341693,0.13270517590998035,1.0
1769797830.42,6.811207471647765,1.9877941252114457,-0.003148364738891154,1.0029417476273932,6.811207471647765,2.0,0.0,0.0,1.0,6.811207471647765,0.011245588114305498,0.10469465307511033,1.0
1769797830.44,6.8178785857238156,1.9849801385076973,0.0002409196640670783,0.9905744935965649,6.8178785857238156,2.0,0.0,0.0,1.0,6.8178785857238156,0.01615960688157196,0.13923571704801008,1.0
1769797830.46,6.824549699799866,1.9872978517718924,0.0001995747467048523,0.9801711969717185,6.824549699799866,2.0,0.0,0.0,1.0,6.824549699799866,0.012515036379460477,0.10788082471175989,1.0
1769797830.48,6.831220813875916,1.988799267740824,0.04607793761148745,0.9774924120488785,6.831220813875917,2.0,0.0,0.0,1.0,6.831220813875917,0.01125762359093208,-0.00991507292613876,1.0
1769797830.5,6.837891927951967,1.9899746425840754,-0.017346352329426377,0.9885817099816812,6.837891927951968,2.0,0.0,0.0,1.0,6.837891927951968,0.009433823408715758,0.12198355492583152,1.0
1769797830.52,6.8445630420280175,1.9889569941747813,0.004151620732108092,1.0017803840891,6.844563042028018,2.0,0.0,0.0,1.0,6.844563042028018,0.011610474606314218,0.09086946346946535,1.0
1769797830.54,6.851234156104068,1.9901476507750906,-0.017671745625393705,0.9930534721897512,6.851234156104069,2.0,0.0,0.0,1.0,6.851234156104069,0.009412466589399256,0.12255235330841155,1.0
1769797830.56,6.85790527018012,1.989504640552847,-0.00012516428473575901,0.9727930349984188,6.85790527018012,2.0,0.0,0.0,1.0,6.85790527018012,0.010714478256980003,0.09307530189311819,1.0
1769797830.58,6.8645763842561704,1.9898126225079362,0.010933987087559134,0.9913664350064476,6.8645763842561704,2.0,0.0,0.0,1.0,6.8645763842561704,0.01011581522353681,0.06213173297632249,1.0
1769797830.6,6.87124749833222,1.9896819900686236,0.009905749071503942,1.0014677767190472,6.871247498332221,2.0,0.0,0.0,1.0,6.871247498332221,0.010213352790099498,0.06537385614658987,1.0
1769797830.62,6.877918612408272,1.989154466063519,0.020052017221541082,0.9945281239416051,6.877918612408272,2.0,0.0,0.0,1.0,6.877918612408272,0.010937042363313151,0.04797175252514173,1.0
1769797830.64,6.884589726484322,1.9891493768410469,0.008482995414445058,1.0045885429483818,6.8845897264843225,2.0,0.0,0.0,1.0,6.8845897264843225,0.010946018616369556,0.07503199560591366,1.0
1769797830.66,6.891260840560372,1.9901208952104557,-0.013320766180649804,0.9973712322687508,6.891260840560373,2.0,0.0,0.0,1.0,6.891260840560373,0.010410533580148682,0.12108684691375435,1.0
1769797830.68,6.897931954636423,1.992898040354464,-0.0021941635297840186,1.0012801459995784,6.897931954636424,2.0,0.0,0.0,1.0,6.897931954636424,0.0064275853973140935,0.06080297749716408,1.0
1769797830.7,6.904603068712474,1.9930467942153907,-0.01632451351065666,0.9822150219773114,6.904603068712475,2.0,0.0,0.0,1.0,6.904603068712475,0.007471894326563013,0.1026877387005515,1.0
1769797830.72,6.911274182788525,1.9953875155870793,-0.005576210331196001,0.9868488470498006,6.911274182788525,2.0,0.0,0.0,1.0,6.911274182788525,0.004383905394563361,0.050988646148824854,1.0
1769797830.74,6.917945296864575,1.9962360609171268,-0.01962079213739615,0.9944113376079037,6.917945296864576,2.0,0.0,0.0,1.0,6.917945296864576,0.003338465126898875,0.07462488328249532,1.0
1769797830.76,6.924616410940627,1.9941616483579427,0.026167574718284698,0.9863793566147881,6.924616410940627,2.0,0.0,0.0,1.0,6.924616410940627,0.0049009388807045645,-0.01856376111383463,1.0
1769797830.78,6.9312875250166766,1.9885164944202471,-0.0008496310601424296,0.9993804056222885,6.931287525016677,2.0,0.0,0.0,1.0,6.931287525016677,0.012287357087553042,0.10835245741417633,1.0
1769797830.8,6.937958639092727,1.9861399726018028,-0.011707670521851501,1.005640274025348,6.937958639092728,2.0,0.0,0.0,1.0,6.937958639092728,0.01337735248104872,0.14292482002761428,1.0
1769797830.82,6.944629753168779,1.9821758660086908,-0.010090188598798426,1.0107740791222906,6.944629753168779,2.0,0.0,0.0,1.0,6.944629753168779,0.018489032163333006,0.18313773555568746,1.0
1769797830.84,6.9513008672448295,1.981722658152286,0.019983111751462567,1.0022927431292707,6.9513008672448295,2.0,0.0,0.0,1.0,6.9513008672448295,0.01868538244830832,0.11514808423091966,1.0
1769797830.86,6.95797198132088,1.983291873506686,-0.015846629214903422,1.0042493052507266,6.95797198132088,2.0,0.0,0.0,1.0,6.95797198132088,0.016826360234678168,0.18211009182078047,1.0
1769797830.88,6.96464309539693,1.9850500195593281,-0.005671325459184333,1.0165913030656324,6.964643095396931,2.0,0.0,0.0,1.0,6.964643095396931,0.014587153679212926,0.13938119125895868,1.0
1769797830.9,6.971314209472981,1.9848638866719548,-0.041546902767316624,1.0117068918400862,6.971314209472982,2.0,0.0,0.0,1.0,6.971314209472982,0.01488502594150542,0.22412447067834693,1.0
1769797830.92,6.9779853235490314,1.9832857398869526,-0.02337506277268318,0.9968492488659397,6.977985323549032,2.0,0.0,0.0,1.0,6.977985323549032,0.016493987352602678,0.19652231840663598,1.0
1769797830.94,6.984656437625082,1.980624320907331,-0.01375379393118571,0.9854443977524932,6.984656437625083,2.0,0.0,0.0,1.0,6.984656437625083,0.019320346446793472,0.19868016206852315,1.0
1769797830.96,6.991327551701134,1.978050426061871,-0.0011531659365669814,0.9804872799645823,6.991327551701134,2.0,0.0,0.0,1.0,6.991327551701134,0.022295317086375457,0.1952131654910148,1.0
1769797830.98,6.997998665777184,1.9774576141490459,0.030132080191118755,0.9942451700499321,6.997998665777184,2.0,0.0,0.0,1.0,6.997998665777184,0.02291000075843759,0.12797086442850458,1.0
1769797831.0,7.004669779853234,1.9786716456511904,-0.019078682622899218,0.9870134450200897,7.004669779853235,2.0,0.0,0.0,1.0,7.004669779853235,0.02141966152885556,0.22879263135101918,1.0
1769797831.02,7.011340893929286,1.9807472060303273,-0.030245533228514643,0.9957825749322489,7.011340893929286,2.0,0.0,0.0,1.0,7.011340893929286,0.019688222673116654,0.23941057125384435,1.0
1769797831.04,7.018012008005336,1.984816653678954,0.018489610834262593,1.0172315485168604,7.0180120080053365,2.0,0.0,0.0,1.0,7.0180120080053365,0.015145232974463513,0.08803420111660973,1.0
1769797831.06,7.024683122081386,1.988480777391746,0.0034041190649015123,0.9936084268300592,7.024683122081387,2.0,0.0,0.0,1.0,7.024683122081387,0.011291760956470338,0.08985352352428613,1.0
1769797831.08,7.031354236157437,1.9905272161464407,0.014093816201053749,1.0147112456587348,7.031354236157438,2.0,0.0,0.0,1.0,7.031354236157438,0.008916586603785777,0.04437614252644349,1.0
1769797831.1,7.038025350233488,1.989969987402779,-0.01814498973601043,1.0119203434183714,7.038025350233489,2.0,0.0,0.0,1.0,7.038025350233489,0.010021932264473867,0.12890034038921647,1.0
1769797831.12,7.044696464309539,1.9887235273493427,-0.007341404393949471,1.0110845521390714,7.044696464309539,2.0,0.0,0.0,1.0,7.044696464309539,0.010624949560368963,0.10907227821794496,1.0
1769797831.14,7.051367578385589,1.983855462689983,-0.026645378015450843,1.0088336146647532,7.05136757838559,2.0,0.0,0.0,1.0,7.05136757838559,0.01556337379210498,0.19603659891800657,1.0
1769797831.16,7.058038692461641,1.977119103308241,0.008501956268250451,1.0041439422025884,7.058038692461641,2.0,0.0,0.0,1.0,7.058038692461641,0.02372469838630023,0.18520300797991668,1.0
1769797831.18,7.0647098065376905,1.9745031290134545,0.0044768747129413965,1.0110211199669443,7.064709806537691,2.0,0.0,0.0,1.0,7.064709806537691,0.025679514832307786,0.21124682764958091,1.0
1769797831.2,7.071380920613741,1.972973893932999,0.026870498070082738,0.9838135991002606,7.071380920613742,2.0,0.0,0.0,1.0,7.071380920613742,0.0272605073344414,0.17302674008067737,1.0
1769797831.22,7.078052034689793,1.9726036058484,0.007975640790848606,0.9817509405633765,7.078052034689793,2.0,0.0,0.0,1.0,7.078052034689793,0.02746146856606664,0.2184449055942589,1.0
1769797831.24,7.0847231487658435,1.9733649198889438,0.009194235921754324,0.9932740506085604,7.0847231487658435,2.0,0.0,0.0,1.0,7.0847231487658435,0.02746300163535367,0.21565279475248544,1.0
1769797831.26,7.091394262841894,1.9774827652046056,-0.04515688475548031,1.0004222000189753,7.091394262841894,2.0,0.0,0.0,1.0,7.091394262841894,0.022010132290456307,0.2925114757818233,1.0
1769797831.28,7.098065376917944,1.9789895977962266,-0.01684538153389305,0.9946881574682735,7.098065376917945,2.0,0.0,0.0,1.0,7.098065376917945,0.020765867836109807,0.21811872107968686,1.0
1769797831.3,7.104736490993995,1.9795275241806176,-0.027028052688388017,1.0044106202548313,7.104736490993996,2.0,0.0,0.0,1.0,7.104736490993996,0.02064472999458171,0.24025689244682258,1.0
1769797831.32,7.111407605070045,1.9808182578214102,0.01075980187357908,1.0056021972254674,7.111407605070046,2.0,0.0,0.0,1.0,7.111407605070046,0.019130696617393424,0.14044194881856165,1.0
1769797831.34,7.118078719146096,1.981434626267162,0.018315619111788133,1.0068311043719793,7.118078719146097,2.0,0.0,0.0,1.0,7.118078719146097,0.01812922115671189,0.11422827119612557,1.0
1769797831.36,7.124749833222148,1.979920729794658,-0.016507698934505266,0.9880036631652688,7.124749833222148,2.0,0.0,0.0,1.0,7.124749833222148,0.019984383975674938,0.21066920868891484,1.0
1769797831.38,7.131420947298198,1.9796173268692416,-0.032504409591239534,1.0157812683289573,7.131420947298198,2.0,0.0,0.0,1.0,7.131420947298198,0.022035969082958864,0.26443363689598026,1.0
1769797831.4,7.138092061374248,1.9857151304643332,0.011160426086459216,1.0114849291281158,7.138092061374249,2.0,0.0,0.0,1.0,7.138092061374249,0.01297069494590491,0.08630928560290113,1.0
1769797831.42,7.1447631754503,1.9861804884042766,-0.00841455604441321,0.9771426538502164,7.1447631754503,2.0,0.0,0.0,1.0,7.1447631754503,0.014319880692795797,0.14342735839412457,1.0
1769797831.44,7.15143428952635,1.9883903615975225,-0.010627908876264545,0.9802533174461688,7.1514342895263505,2.0,0.0,0.0,1.0,7.1514342895263505,0.011019097869442383,0.12009747096810053,1.0
1769797831.46,7.1581054036024,1.9882150976039563,-0.018903709289828652,1.0012162279010055,7.158105403602401,2.0,0.0,0.0,1.0,7.158105403602401,0.012155621030063011,0.14902384368871321,1.0
1769797831.48,7.164776517678451,1.988724983451612,0.001900803074765886,1.0060075963776969,7.164776517678452,2.0,0.0,0.0,1.0,7.164776517678452,0.01023014609751895,0.0841717198659768,1.0
1769797831.5,7.171447631754502,1.985271158021558,-0.002456703317680496,0.9846072260339106,7.171447631754503,2.0,0.0,0.0,1.0,7.171447631754503,0.015641192804787256,0.1410191647160614,1.0
1769797831.52,7.178118745830553,1.9855256085727055,-0.010809682978020294,0.9931146993315926,7.178118745830553,2.0,0.0,0.0,1.0,7.178118745830553,0.01392503021888301,0.14556524233492296,1.0
1769797831.54,7.184789859906603,1.983400213609623,0.010835294412153982,0.9891958070111138,7.184789859906604,2.0,0.0,0.0,1.0,7.184789859906604,0.016783626515399074,0.12001728059295619,1.0
1769797831.56,7.191460973982655,1.9824791039359817,-0.000516383024499597,0.9904772776603389,7.191460973982655,2.0,0.0,0.0,1.0,7.191460973982655,0.017867260770023242,0.15569928977160327,1.0
1769797831.58,7.1981320880587045,1.9829843459813805,-0.004558996260307957,0.9981444981191725,7.198132088058705,2.0,0.0,0.0,1.0,7.198132088058705,0.016825637109635343,0.156084782920186,1.0
1769797831.6,7.204803202134755,1.9820691148121328,-0.003080229174141538,0.9972883219577459,7.204803202134756,2.0,0.0,0.0,1.0,7.204803202134756,0.017397157548480313,0.1575839643303699,1.0
1769797831.62,7.211474316210807,1.9795024143420124,-0.020739695297090483,0.9956281603992828,7.211474316210807,2.0,0.0,0.0,1.0,7.211474316210807,0.02133684534091984,0.2318684604389439,1.0
1769797831.64,7.2181454302868575,1.9806048272103967,-0.0141700947225131,0.9917996789496923,7.2181454302868575,2.0,0.0,0.0,1.0,7.2181454302868575,0.019147740941090667,0.1981568417520625,1.0
1769797831.66,7.224816544362908,1.9802914428352107,-0.022190311411908473,1.005614365101419,7.224816544362908,2.0,0.0,0.0,1.0,7.224816544362908,0.019447441880943335,0.21905831041991342,1.0
1769797831.68,7.231487658438958,1.9786845209199273,0.001387917907658542,1.0019418168842265,7.231487658438959,2.0,0.0,0.0,1.0,7.231487658438959,0.02124047953125483,0.18030200783712874,1.0
1769797831.7,7.238158772515009,1.9774358307146571,0.030471450697591412,1.0005423052842204,7.23815877251501,2.0,0.0,0.0,1.0,7.23815877251501,0.02327239888983827,0.13030608382716943,1.0
1769797831.72,7.244829886591059,1.9789987906949065,0.030127932282991654,0.9844440745464107,7.24482988659106,2.0,0.0,0.0,1.0,7.24482988659106,0.02050778800296724,0.10724602436547238,1.0
1769797831.74,7.25150100066711,1.979131530030861,0.023143157931995166,0.9825359023099399,7.251501000667111,2.0,0.0,0.0,1.0,7.251501000667111,0.021740882068099078,0.13416056978300456,1.0
1769797831.76,7.258172114743162,1.9835062278125988,-0.01136887979562838,1.0059080184359463,7.258172114743162,2.0,0.0,0.0,1.0,7.258172114743162,0.01666447417136935,0.17041725030337462,1.0
1769797831.78,7.264843228819212,1.988114326998868,0.0009719046855659137,1.0076910655064257,7.264843228819212,2.0,0.0,0.0,1.0,7.264843228819212,0.011322465147145052,0.09577915784204957,1.0
1769797831.8,7.271514342895262,1.9901966781577256,0.017388076121236964,0.9857496779932529,7.271514342895263,2.0,0.0,0.0,1.0,7.271514342895263,0.009905877133468159,0.04525797014838205,1.0
1769797831.82,7.278185456971314,1.9932045787976251,-0.004661976940914587,0.9891755374699198,7.278185456971314,2.0,0.0,0.0,1.0,7.278185456971314,0.007242379324512594,0.07360252763363925,1.0
1769797831.84,7.284856571047364,1.9972243899000288,0.0012377022205821116,0.9925024406698337,7.2848565710473645,2.0,0.0,0.0,1.0,7.2848565710473645,0.001701715992498507,0.011860078132393701,1.0
1769797831.86,7.291527685123414,1.99531472686971,0.007762461965767274,0.9907497159702173,7.291527685123415,2.0,0.0,0.0,1.0,7.291527685123415,0.003767304832439339,0.014536423528490782,1.0
1769797831.88,7.298198799199465,1.9892151372859086,-0.008512382373354683,1.0038105669205046,7.298198799199466,2.0,0.0,0.0,1.0,7.298198799199466,0.010878788217244839,0.11398121181447736,1.0
1769797831.9,7.304869913275516,1.9838540681861747,0.009793968512196095,0.9986664604435349,7.304869913275517,2.0,0.0,0.0,1.0,7.304869913275517,0.01644613328317666,0.119525197434216,1.0
1769797831.92,7.311541027351567,1.9795311970939196,-0.023349236770873093,0.9905575119353436,7.311541027351567,2.0,0.0,0.0,1.0,7.311541027351567,0.020106060723251416,0.22731561289332325,1.0
1769797831.94,7.318212141427617,1.9747562665046483,-0.04897241136085608,1.0026049309216087,7.318212141427618,2.0,0.0,0.0,1.0,7.318212141427618,0.02648447085153632,0.3384067194637065,1.0
1769797831.96,7.324883255503669,1.9755299659955206,0.0013446285803012153,1.0107908177582963,7.324883255503669,2.0,0.0,0.0,1.0,7.324883255503669,0.024228556422425537,0.2060302838129019,1.0
1769797831.98,7.3315543695797185,1.9765668062613213,0.0030032120339854806,1.0064057058265248,7.331554369579719,2.0,0.0,0.0,1.0,7.331554369579719,0.02482322989652396,0.2073064477489603,1.0
1769797832.0,7.338225483655769,1.9832314229474326,-0.01353786429267063,0.9951021978299005,7.33822548365577,2.0,0.0,0.0,1.0,7.33822548365577,0.01590951806959899,0.16892852324399316,1.0
1769797832.02,7.344896597731821,1.985332777142958,-0.01932939690784115,1.015644644517069,7.344896597731821,2.0,0.0,0.0,1.0,7.344896597731821,0.014112902286975992,0.16682808714507102,1.0
1769797832.04,7.3515677118078715,1.9845964141237227,-0.04337242514754368,1.0033367820247465,7.3515677118078715,2.0,0.0,0.0,1.0,7.3515677118078715,0.015152697988488563,0.2305230829149795,1.0
1769797832.06,7.358238825883922,1.9829456320563157,0.019037271623854896,0.9816858272204754,7.358238825883922,2.0,0.0,0.0,1.0,7.358238825883922,0.017310759038527145,0.105477260130129,1.0
1769797832.08,7.364909939959972,1.982511596472558,0.008352334142977128,1.0071318297494674,7.364909939959973,2.0,0.0,0.0,1.0,7.364909939959973,0.017508658235157397,0.13204542612269204,1.0
1769797832.1,7.371581054036023,1.982100714066131,-0.025268838699034023,1.014939101823267,7.371581054036024,2.0,0.0,0.0,1.0,7.371581054036024,0.017827917141861407,0.2122500986217442,1.0
1769797832.12,7.378252168112073,1.9821389322920278,0.008289043759716846,1.0096682638019583,7.378252168112074,2.0,0.0,0.0,1.0,7.378252168112074,0.018643222702996648,0.1419757590546626,1.0
1769797832.14,7.384923282188124,1.9858286283906637,-0.00609372688602408,0.9908987346150288,7.384923282188125,2.0,0.0,0.0,1.0,7.384923282188125,0.0141727928386267,0.13678829372598977,1.0
1769797832.16,7.391594396264176,1.989260099567514,-0.0029204257486457738,1.0103635891707183,7.391594396264176,2.0,0.0,0.0,1.0,7.391594396264176,0.01047504310734444,0.09750654116246397,1.0
1769797832.18,7.398265510340226,1.990582251497882,0.023016745793670464,1.000410182193878,7.398265510340226,2.0,0.0,0.0,1.0,7.398265510340226,0.008544430106294547,0.020333717373492405,1.0
1769797832.2,7.404936624416276,1.9884740067309468,0.029469989141761084,1.0111812948422023,7.404936624416277,2.0,0.0,0.0,1.0,7.404936624416277,0.012171082418926123,0.036681663394008954,1.0
1769797832.22,7.411607738492328,1.9890741988560752,-0.007321879090370143,1.005023452423891,7.411607738492328,2.0,0.0,0.0,1.0,7.411607738492328,0.010623822003248417,0.10901721713101489,1.0
1769797832.24,7.418278852568378,1.987491454777579,-0.009500852542297045,0.9955079343304837,7.4182788525683785,2.0,0.0,0.0,1.0,7.4182788525683785,0.011734845008617828,0.12366007668687576,1.0
1769797832.26,7.424949966644428,1.9836179206033417,0.012013154786068627,1.0069246741761457,7.424949966644429,2.0,0.0,0.0,1.0,7.424949966644429,0.017701890298664917,0.12520466230042718,1.0
1769797832.28,7.431621080720479,1.9853273719994131,0.003752865334798474,1.0052393256872976,7.43162108072048,2.0,0.0,0.0,1.0,7.43162108072048,0.01409649602819679,0.11328140188696043,1.0
1769797832.3,7.43829219479653,1.9844386536025005,-0.0026306014608328955,0.9820968803535849,7.438292194796531,2.0,0.0,0.0,1.0,7.438292194796531,0.015651792475667906,0.14151334409718647,1.0
1769797832.32,7.444963308872581,1.9837676151467583,0.028218232199957716,1.0068835374361487,7.444963308872581,2.0,0.0,0.0,1.0,7.444963308872581,0.01602798309629306,0.07297874131552978,1.0
1769797832.34,7.451634422948631,1.9829434689549927,-0.005536967137480043,0.9937443473117269,7.451634422948632,2.0,0.0,0.0,1.0,7.451634422948632,0.01785729817474261,0.16721767889799516,1.0
1769797832.36,7.458305537024683,1.9847627356424233,-0.0013063595156375032,0.9955448760880139,7.458305537024683,2.0,0.0,0.0,1.0,7.458305537024683,0.014143763964674061,0.1254397197023829,1.0
1769797832.38,7.4649766511007325,1.9827287104353049,0.02189869003394086,1.014897605520731,7.464976651100733,2.0,0.0,0.0,1.0,7.464976651100733,0.018520999503690922,0.10926616355942777,1.0
1769797832.4,7.471647765176783,1.9858745214198095,0.005178266388746322,1.0069368288804204,7.471647765176784,2.0,0.0,0.0,1.0,7.471647765176784,0.013473335056500335,0.10458336294489201,1.0
1769797832.42,7.478318879252835,1.985975122583996,0.02612084316188024,1.0159803767729687,7.478318879252835,2.0,0.0,0.0,1.0,7.478318879252835,0.014023004039571936,0.06052531549866383,1.0
1769797832.44,7.4849899933288855,1.985475629245423,-0.00126687925800848,1.0111877365628614,7.4849899933288855,2.0,0.0,0.0,1.0,7.4849899933288855,0.013933018675164513,0.12352964063804123,1.0
1769797832.46,7.491661107404936,1.9828260727008449,0.004543013444596267,0.9854902400332819,7.491661107404936,2.0,0.0,0.0,1.0,7.491661107404936,0.01778350713040842,0.14325691618403413,1.0
1769797832.48,7.498332221480986,1.982756381322552,0.004261658608606815,0.9777351695593213,7.498332221480987,2.0,0.0,0.0,1.0,7.498332221480987,0.01697877796454917,0.13697259358189645,1.0
1769797832.5,7.505003335557037,1.981467468579231,-0.003641943109068132,1.0020310682085745,7.505003335557038,2.0,0.0,0.0,1.0,7.505003335557038,0.018549233382602143,0.16879070028780607,1.0
1769797832.52,7.511674449633087,1.9804876895807895,0.02028119139265674,0.9923500688762689,7.511674449633088,2.0,0.0,0.0,1.0,7.511674449633088,0.019743501675535746,0.12358906842551073,1.0
1769797832.54,7.518345563709138,1.9808079782612151,0.038082215550686124,0.9925578113372695,7.518345563709139,2.0,0.0,0.0,1.0,7.518345563709139,0.019413196888133838,0.07923368270395152,1.0
1769797832.56,7.52501667778519,1.9826348334608577,-0.0026953283619794988,0.9890317094188872,7.52501667778519,2.0,0.0,0.0,1.0,7.52501667778519,0.017839582361396312,0.16050081387144893,1.0
1769797832.58,7.53168779186124,1.9863580885065242,-0.010730888948571455,0.9921346348007771,7.53168779186124,2.0,0.0,0.0,1.0,7.53168779186124,0.013324370835646488,0.1402099159337931,1.0
1769797832.6,7.53835890593729,1.9886520527265983,0.004208485884289577,1.002936779334196,7.538358905937291,2.0,0.0,0.0,1.0,7.538358905937291,0.011400512851012233,0.08892138299790708,1.0
1769797832.62,7.545030020013342,1.9906953749615917,-0.0006199149451131566,0.9952731205978536,7.545030020013342,2.0,0.0,0.0,1.0,7.545030020013342,0.008808677024477504,0.07774385572864748,1.0
1769797832.64,7.551701134089392,1.9906514878296595,-0.008797394292069853,1.012703344402723,7.5517011340893925,2.0,0.0,0.0,1.0,7.5517011340893925,0.009575726868425056,0.10339073219909056,1.0
1769797832.66,7.558372248165442,1.9912226273040954,-0.010101203515563031,1.0049525152180037,7.558372248165443,2.0,0.0,0.0,1.0,7.558372248165443,0.008332064044542349,0.09567397773267022,1.0
1769797832.68,7.565043362241493,1.9897015364049977,0.037678473502415336,1.0033203847706453,7.565043362241494,2.0,0.0,0.0,1.0,7.565043362241494,0.010284340261158605,0.0012160316538247923,1.0
1769797832.7,7.571714476317544,1.9880733847201686,0.024987566724798276,1.0039970177103559,7.571714476317545,2.0,0.0,0.0,1.0,7.571714476317545,0.011885463385370375,0.04466726589806517,1.0
1769797832.72,7.578385590393595,1.986676834842686,0.02305487526036485,1.010649396465139,7.578385590393595,2.0,0.0,0.0,1.0,7.578385590393595,0.013746809138810562,0.06528855235202509,1.0
1769797832.74,7.585056704469645,1.9875365126377973,0.005809256869405295,1.0153074900004857,7.585056704469646,2.0,0.0,0.0,1.0,7.585056704469646,0.012742709787811293,0.09680025952407628,1.0
1769797832.76,7.591727818545697,1.9895903912013102,-0.016663983206074758,1.0022707323205993,7.591727818545697,2.0,0.0,0.0,1.0,7.591727818545697,0.010300771580918047,0.1278786934389222,1.0
1769797832.78,7.5983989326217465,1.9904653314688134,0.03487547418473825,1.0050357413672655,7.598398932621747,2.0,0.0,0.0,1.0,7.598398932621747,0.008863637251443894,-0.0045478921881412435,1.0
1769797832.8,7.605070046697797,1.9886105765893882,0.01260346997912998,1.0076546070258736,7.605070046697798,2.0,0.0,0.0,1.0,7.605070046697798,0.011791207569148237,0.07274091086125,1.0
1769797832.82,7.611741160773849,1.9885465469361634,0.0015167152614567895,0.9911891292757827,7.611741160773849,2.0,0.0,0.0,1.0,7.611741160773849,0.011369185550198729,0.09491552479060375,1.0
1769797832.84,7.6184122748498995,1.9875534181563141,-0.012946301178769232,0.9787429209745723,7.6184122748498995,2.0,0.0,0.0,1.0,7.6184122748498995,0.011910731114037284,0.13315438221718806,1.0
1769797832.86,7.62508338892595,1.9839868836863894,-0.004162139210915365,1.0043737902460053,7.62508338892595,2.0,0.0,0.0,1.0,7.62508338892595,0.015940347361894883,0.1475452417092149,1.0
1769797832.88,7.631754503002,1.9806100940134281,0.023156026549377456,1.0013479021442955,7.631754503002001,2.0,0.0,0.0,1.0,7.631754503002001,0.019919239224875505,0.11841181074258067,1.0
1769797832.9,7.638425617078051,1.980500696122319,0.0011406721883639856,0.9815005996128742,7.638425617078052,2.0,0.0,0.0,1.0,7.638425617078052,0.02029647388078254,0.1727623777343525,1.0
1769797832.92,7.645096731154101,1.9830409868083048,-0.006134562625709846,0.9933738667768197,7.645096731154102,2.0,0.0,0.0,1.0,7.645096731154102,0.015888575087649057,0.15166222126235362,1.0
1769797832.94,7.651767845230152,1.9808007995009222,0.02706010454658273,0.987003487826687,7.651767845230153,2.0,0.0,0.0,1.0,7.651767845230153,0.019414100324592377,0.10495170871656719,1.0
1769797832.96,7.658438959306204,1.9796547034312486,-0.007225366231106923,0.9917065520866184,7.658438959306204,2.0,0.0,0.0,1.0,7.658438959306204,0.020436521954056517,0.19325044326860472,1.0
1769797832.98,7.665110073382254,1.9799541675303947,0.00882119168360119,1.0248396665604798,7.665110073382254,2.0,0.0,0.0,1.0,7.665110073382254,0.02106567417366665,0.16160619138113916,1.0
1769797833.0,7.671781187458304,1.9833794565380352,0.014746080509974025,1.0209683181984908,7.671781187458305,2.0,0.0,0.0,1.0,7.671781187458305,0.014987107084839165,0.09539165938493754,1.0
1769797833.02,7.678452301534356,1.9809431010302263,-0.0016333558210626293,0.9994321972177195,7.678452301534356,2.0,0.0,0.0,1.0,7.678452301534356,0.020817957547577676,0.1836450362826996,1.0
1769797833.04,7.685123415610406,1.9863577069337734,-0.007484589813330762,1.0116994757211015,7.6851234156104065,2.0,0.0,0.0,1.0,7.6851234156104065,0.013274981114496459,0.13227036752976815,1.0
1769797833.06,7.691794529686456,1.989681841640279,0.03127830056206242,1.004408567634933,7.691794529686457,2.0,0.0,0.0,1.0,7.691794529686457,0.009941809604084424,0.013166007199165851,1.0
1769797833.08,7.698465643762507,1.9909607404854408,-0.02924525330834907,0.9980330232780869,7.698465643762508,2.0,0.0,0.0,1.0,7.698465643762508,0.008750317846184682,0.14356114597162223,1.0
1769797833.1,7.705136757838558,1.9915377745364264,-0.03521621537356961,0.9997434516380688,7.705136757838559,2.0,0.0,0.0,1.0,7.705136757838559,0.009108755121809593,0.16035365027214415,1.0
1769797833.12,7.711807871914609,1.9941711611225044,0.014926416398172455,1.0228238488804775,7.711807871914609,2.0,0.0,0.0,1.0,7.711807871914609,0.004868053007485622,0.00735971769201306,1.0
1769797833.14,7.718478985990659,1.991839097512199,-0.03986934482788006,0.9935643894891778,7.71847898599066,2.0,0.0,0.0,1.0,7.71847898599066,0.007679119684798744,0.15875046450507133,1.0
1769797833.16,7.725150100066711,1.9883724130761478,0.006678854513773847,0.99722187174341,7.725150100066711,2.0,0.0,0.0,1.0,7.725150100066711,0.01274128584545107,0.0947636445549992,1.0
1769797833.18,7.7318212141427605,1.9894086952457903,0.03620989833462572,0.9996367673422362,7.731821214142761,2.0,0.0,0.0,1.0,7.731821214142761,0.00989700972577438,0.00128547961243234,1.0
1769797833.2,7.738492328218811,1.9873347246907098,0.0011379099900219718,1.007017086635291,7.738492328218812,2.0,0.0,0.0,1.0,7.738492328218812,0.01279506605059812,0.10811882425126768,1.0
1769797833.22,7.745163442294863,1.9859557826609835,0.013163237677418829,1.0122739980746502,7.745163442294863,2.0,0.0,0.0,1.0,7.745163442294863,0.014133555738267413,0.09169948228479036,1.0
1769797833.24,7.7518345563709135,1.986229628551918,0.03130979665116391,0.9798024858370121,7.7518345563709135,2.0,0.0,0.0,1.0,7.7518345563709135,0.015006246838903503,0.0569260233185677,1.0
1769797833.26,7.758505670446964,1.9912835172818737,-0.02454423190243322,0.9963408119124874,7.758505670446964,2.0,0.0,0.0,1.0,7.758505670446964,0.007729107066645257,0.12393174914436161,1.0
1769797833.28,7.765176784523014,1.9916934988802057,0.01701014976113929,0.9953621537350744,7.765176784523015,2.0,0.0,0.0,1.0,7.765176784523015,0.008270347028415963,0.031973932048664944,1.0
1769797833.3,7.771847898599065,1.9911067695530016,0.0009119748048413654,0.9951464750219904,7.7718478985990656,2.0,0.0,0.0,1.0,7.7718478985990656,0.008065238614561163,0.06774222059158135,1.0
1769797833.32,7.778519012675115,1.987469764265676,0.00018462016704930842,1.0045525155566033,7.778519012675116,2.0,0.0,0.0,1.0,7.778519012675116,0.013343921658909009,0.11507429183475598,1.0
1769797833.34,7.785190126751166,1.9872824883850346,0.014848583874123291,1.0105034287498196,7.785190126751167,2.0,0.0,0.0,1.0,7.785190126751167,0.01237004004025143,0.07251521947256265,1.0
1769797833.36,7.791861240827218,1.9848965296021115,-0.00014074072828664194,1.0126479684324994,7.791861240827218,2.0,0.0,0.0,1.0,7.791861240827218,0.014526321510937336,0.12603552003372964,1.0
1769797833.38,7.798532354903268,1.9803307554796235,0.020999639782916694,1.0030901339231468,7.798532354903268,2.0,0.0,0.0,1.0,7.798532354903268,0.02018279065325028,0.12570784621272596,1.0
1769797833.4,7.805203468979318,1.9791722688664222,0.009833053014030237,1.0095366632161267,7.805203468979319,2.0,0.0,0.0,1.0,7.805203468979319,0.021838470022786823,0.16591130819929217,1.0
1769797833.42,7.81187458305537,1.982164660210557,0.016085880574580016,1.0114843041708261,7.81187458305537,2.0,0.0,0.0,1.0,7.81187458305537,0.017269436263802954,0.11199418356894933,1.0
1769797833.44,7.81854569713142,1.9819399794257024,0.05021875006223324,0.9887559286307076,7.8185456971314204,2.0,0.0,0.0,1.0,7.8185456971314204,0.017483831564961576,0.0342532730730367,1.0
1769797833.46,7.82521681120747,1.9804719418837047,-0.042748705835621,1.0057905593998637,7.825216811207471,2.0,0.0,0.0,1.0,7.825216811207471,0.02097358340271941,0.27841442536188343,1.0
1769797833.48,7.831887925283521,1.9856385750212386,-0.0121411737001909,0.9964073081948696,7.831887925283522,2.0,0.0,0.0,1.0,7.831887925283522,0.014250310988312635,0.1514413935493004,1.0
1769797833.5,7.838559039359572,1.9894279796122787,0.024002705746913253,1.0051236136133213,7.8385590393595725,2.0,0.0,0.0,1.0,7.8385590393595725,0.009713323796653206,0.028156766311391968,1.0
1769797833.52,7.845230153435623,1.988692973611664,-0.01566825757083608,0.9954044912006702,7.845230153435623,2.0,0.0,0.0,1.0,7.845230153435623,0.010789866554999632,0.1297910383158164,1.0
1769797833.54,7.851901267511673,1.9864344081443404,-0.0015294485493749545,0.992138466015177,7.851901267511674,2.0,0.0,0.0,1.0,7.851901267511674,0.014455444944518251,0.12864620560143003,1.0
1769797833.56,7.858572381587725,1.9880693751129177,0.01066097922677915,1.0019087754301303,7.858572381587725,2.0,0.0,0.0,1.0,7.858572381587725,0.011671509574975515,0.07623352490571819,1.0
1769797833.58,7.8652434956637745,1.9874201388537864,-0.008500034378584514,1.0026546469286006,7.865243495663775,2.0,0.0,0.0,1.0,7.865243495663775,0.011504862708336562,0.11935596359227045,1.0
1769797833.6,7.871914609739825,1.9820105858441208,-0.0022683043636875593,0.9851032464731385,7.871914609739826,2.0,0.0,0.0,1.0,7.871914609739826,0.018245756782104022,0.163007785572385,1.0
1769797833.62,7.878585723815877,1.9788241267910984,-0.004077549593500549,1.0014229318675028,7.878585723815877,2.0,0.0,0.0,1.0,7.878585723815877,0.022202701576496203,0.20114833402749102,1.0
1769797833.64,7.885256837891927,1.9805917349223043,-0.014376266337994223,0.9978315767604514,7.885256837891927,2.0,0.0,0.0,1.0,7.885256837891927,0.019570466546481622,0.2022485955325809,1.0
1769797833.66,7.891927951967978,1.9823052344731646,-0.0448985265254992,1.013060309578518,7.891927951967978,2.0,0.0,0.0,1.0,7.891927951967978,0.016883716758821964,0.24864670225907023,1.0
1769797833.68,7.898599066044028,1.9808191321797837,0.00979763845799322,1.0025990282319743,7.898599066044029,2.0,0.0,0.0,1.0,7.898599066044029,0.019766160226702488,0.1481521118513765,1.0
1769797833.7,7.905270180120079,1.9827003394151181,0.03135315517256272,1.0112200204107462,7.9052701801200795,2.0,0.0,0.0,1.0,7.9052701801200795,0.017935605549993853,0.08216139053104597,1.0
1769797833.72,7.911941294196129,1.987128692334816,0.0007240088299931419,1.007056625943511,7.91194129419613,2.0,0.0,0.0,1.0,7.91194129419613,0.012450710179024719,0.10610607545362304,1.0
1769797833.74,7.91861240827218,1.989064183168375,0.0013240872878357885,1.0168943081885684,7.918612408272181,2.0,0.0,0.0,1.0,7.918612408272181,0.010405743014227625,0.08703307305013075,1.0
1769797833.76,7.925283522348232,1.988567597383154,0.004066830440504376,1.0098778848318284,7.925283522348232,2.0,0.0,0.0,1.0,7.925283522348232,0.011474003812586595,0.0898867227109829,1.0
1769797833.78,7.931954636424282,1.9888434585166306,0.0005046869489556579,1.0227589942787532,7.931954636424282,2.0,0.0,0.0,1.0,7.931954636424282,0.011734849488609703,0.10043032724915923,1.0
1769797833.8,7.938625750500332,1.9912351485469695,0.028501233493314265,0.9923339027423557,7.938625750500333,2.0,0.0,0.0,1.0,7.938625750500333,0.008181909658770418,0.004404152298063527,1.0
1769797833.82,7.945296864576384,1.9909724835341802,0.007565441926603276,0.9845272924398168,7.945296864576384,2.0,0.0,0.0,1.0,7.945296864576384,0.009093556462571357,0.06113618077214405,1.0
1769797833.84,7.9519679786524335,1.9902091797734798,0.04793289552877797,1.0108366380085472,7.951967978652434,2.0,0.0,0.0,1.0,7.951967978652434,0.008981994827101063,-0.03388252388443506,1.0
1769797833.86,7.958639092728484,1.9863927648612976,0.004174537601009512,1.0031018300111634,7.958639092728485,2.0,0.0,0.0,1.0,7.958639092728485,0.014328642517843247,0.11430606848360317,1.0
1769797833.88,7.965310206804535,1.9860201541082132,0.00474485420532829,1.0035993887654382,7.965310206804536,2.0,0.0,0.0,1.0,7.965310206804536,0.014057082281558952,0.11063470211652449,1.0
1769797833.9,7.971981320880586,1.9860164826745113,0.012155255109552137,0.9996970480076665,7.9719813208805865,2.0,0.0,0.0,1.0,7.9719813208805865,0.013992020159268571,0.09282402080223795,1.0
1769797833.92,7.978652434956637,1.9858382700683102,-0.03091706725716559,0.9933124837800313,7.978652434956637,2.0,0.0,0.0,1.0,7.978652434956637,0.013947508868218446,0.191971107929695,1.0
1769797833.94,7.985323549032687,1.9852585977359984,0.0023394677493916863,1.0095299494172192,7.985323549032688,2.0,0.0,0.0,1.0,7.985323549032688,0.015339640834091721,0.12729596674758745,1.0
1769797833.96,7.991994663108739,1.986511266574026,0.020274773761682238,1.0169967340489154,7.991994663108739,2.0,0.0,0.0,1.0,7.991994663108739,0.012529294602558663,0.0612369766950963,1.0
1769797833.98,7.998665777184788,1.9830258817835826,-0.00955724673621407,1.0162375899713358,7.998665777184789,2.0,0.0,0.0,1.0,7.998665777184789,0.016713445763882832,0.16666177372533533,1.0
1769797834.0,8.005336891260841,1.9788264283476735,-0.00914269592379356,0.9844847984383441,8.005336891260841,2.0,0.0,0.0,1.0,8.005336891260841,0.02167597445202049,0.20826938714000115,1.0
1769797834.02,8.01200800533689,1.9770047215497035,0.02377998983371188,1.0143330582227055,8.012008005336892,2.0,0.0,0.0,1.0,8.012008005336892,0.023028478689663186,0.14377982238280368,1.0
1769797834.04,8.018679119412942,1.9763190049005497,-0.017546998978686154,0.9924690153995698,8.018679119412942,2.0,0.0,0.0,1.0,8.018679119412942,0.02466205079788798,0.2529147057304527,1.0
1769797834.06,8.025350233488993,1.9801104825279794,-0.005327842370625755,1.0091547063284647,8.025350233488993,2.0,0.0,0.0,1.0,8.025350233488993,0.019788451822559,0.1833236814146445,1.0
1769797834.08,8.032021347565044,1.9830661960220468,0.01130662735218252,0.9928584191122722,8.032021347565044,2.0,0.0,0.0,1.0,8.032021347565044,0.016569679542077713,0.11707367885241476,1.0
1769797834.1,8.038692461641094,1.9841218956279207,-0.01660394443277807,0.9853998483584796,8.038692461641094,2.0,0.0,0.0,1.0,8.038692461641094,0.0156773378513032,0.1739915802805005,1.0
1769797834.12,8.045363575717145,1.9843921156237805,-0.039120933209599106,1.0046802765709888,8.045363575717145,2.0,0.0,0.0,1.0,8.045363575717145,0.015759315196492957,0.22607668722291802,1.0
1769797834.14,8.052034689793196,1.9846293001716675,0.011334758313569891,1.006970750068094,8.052034689793196,2.0,0.0,0.0,1.0,8.052034689793196,0.014630987219082188,0.10025902947327288,1.0
1769797834.16,8.058705803869245,1.9821080297345897,0.017467165952179224,1.0118932930283946,8.058705803869247,2.0,0.0,0.0,1.0,8.058705803869247,0.018585507456946194,0.12014346148978097,1.0
1769797834.18,8.065376917945297,1.9833637614660262,-0.005605561870843361,1.01502903336498,8.065376917945297,2.0,0.0,0.0,1.0,8.065376917945297,0.017176733808653893,0.1615240030709163,1.0
1769797834.2,8.072048032021348,1.9859800593038202,-0.0002141455477389058,1.0141526693756149,8.072048032021348,2.0,0.0,0.0,1.0,8.072048032021348,0.012858195520696027,0.11180624233401157,1.0
1769797834.22,8.078719146097397,1.9834160584298917,-0.03056364744992073,1.0203613713803792,8.078719146097399,2.0,0.0,0.0,1.0,8.078719146097399,0.016825120343975538,0.21574751878468476,1.0
1769797834.24,8.08539026017345,1.982704910245991,-0.0017516411757912032,0.9933456283392437,8.08539026017345,2.0,0.0,0.0,1.0,8.08539026017345,0.018022441499324048,0.15989220071425864,1.0
1769797834.26,8.0920613742495,1.9848556374816047,0.002803702786220864,1.0027245531949043,8.0920613742495,2.0,0.0,0.0,1.0,8.0920613742495,0.014611929793106177,0.11993754310477656,1.0
1769797834.28,8.09873248832555,1.9841923775462602,-0.010439466490239382,1.0053053017534959,8.09873248832555,2.0,0.0,0.0,1.0,8.09873248832555,0.015478321334131122,0.1580776151654365,1.0
1769797834.3,8.105403602401601,1.9833428280353866,0.03294784693267576,1.0062732303376625,8.105403602401601,2.0,0.0,0.0,1.0,8.105403602401601,0.01800762094725695,0.07906340846036994,1.0
1769797834.32,8.112074716477652,1.9882127307602455,-0.0046437632184498385,0.997884192649177,8.112074716477652,2.0,0.0,0.0,1.0,8.112074716477652,0.011204626223148773,0.10781477856766111,1.0
1769797834.34,8.118745830553703,1.9902288416629148,0.009451782966003928,1.0109016624169962,8.118745830553703,2.0,0.0,0.0,1.0,8.118745830553703,0.009636367259055258,0.06143727424151833,1.0
1769797834.36,8.125416944629752,1.991424681467087,0.004508157584424397,1.0071578508466987,8.125416944629754,2.0,0.0,0.0,1.0,8.125416944629754,0.0083840724652214,0.062121268915418706,1.0
1769797834.38,8.132088058705804,1.9915098822058428,0.042551949526790374,1.000447989904544,8.132088058705804,2.0,0.0,0.0,1.0,8.132088058705804,0.00827196037796635,-0.027523010830626665,1.0
1769797834.4,8.138759172781855,1.9899597339403106,0.012926521098580175,0.9877126249272431,8.138759172781855,2.0,0.0,0.0,1.0,8.138759172781855,0.009422984997625112,0.051485129070391586,1.0
1769797834.42,8.145430286857904,1.9862894482016005,-0.019950326644233695,0.9898682315167536,8.145430286857906,2.0,0.0,0.0,1.0,8.145430286857906,0.014471059281521505,0.1713309916708008,1.0
1769797834.44,8.152101400933956,1.9849879726801185,-0.015109278872085657,0.9930518716239289,8.152101400933956,2.0,0.0,0.0,1.0,8.152101400933956,0.013831802615871774,0.15469093401889056,1.0
1769797834.46,8.158772515010007,1.978747900544327,-0.01993816729989911,0.9862148847952709,8.158772515010007,2.0,0.0,0.0,1.0,8.158772515010007,0.021821218126740934,0.23417209963119,1.0
1769797834.48,8.165443629086058,1.9755592633262178,0.019275684257440945,1.0147253145877044,8.165443629086058,2.0,0.0,0.0,1.0,8.165443629086058,0.024836284459813843,0.1698081681302428,1.0
1769797834.5,8.172114743162108,1.9746013034033976,0.009517681336268534,0.996657348902009,8.172114743162108,2.0,0.0,0.0,1.0,8.172114743162108,0.025783484223742745,0.20052129740042685,1.0
1769797834.52,8.178785857238159,1.9752609714873663,-0.0072280101768516436,0.9851010251294656,8.178785857238159,2.0,0.0,0.0,1.0,8.178785857238159,0.02456098092610013,0.22854162405800682,1.0
1769797834.54,8.18545697131421,1.9756905461714647,-0.000492943064295719,0.9997679122542588,8.18545697131421,2.0,0.0,0.0,1.0,8.18545697131421,0.024910249165819867,0.21608925187693617,1.0
1769797834.56,8.192128085390259,1.9792035006354842,-0.029776374875186536,0.996004358783931,8.19212808539026,2.0,0.0,0.0,1.0,8.19212808539026,0.02107616757044141,0.2501430151113639,1.0
1769797834.58,8.198799199466311,1.9834764978034976,0.025748362648508848,0.99728071750383,8.198799199466311,2.0,0.0,0.0,1.0,8.198799199466311,0.015978426606175922,0.07831218717204907,1.0
1769797834.6,8.205470313542362,1.984667054972117,0.015401333212640225,1.000182656953178,8.205470313542362,2.0,0.0,0.0,1.0,8.205470313542362,0.014794191116678637,0.09219685835829183,1.0
1769797834.62,8.21214142761841,1.9834403121582347,-0.012410937782225054,1.0063180646580692,8.212141427618413,2.0,0.0,0.0,1.0,8.212141427618413,0.016656572778215927,0.17274976628518465,1.0
1769797834.64,8.218812541694463,1.9830928107490824,-0.023789062720646126,1.0135369258384126,8.218812541694463,2.0,0.0,0.0,1.0,8.218812541694463,0.017334300952211574,0.20465587551219538,1.0
1769797834.66,8.225483655770514,1.9845155385754076,0.00257545099783141,0.9951549356810908,8.225483655770514,2.0,0.0,0.0,1.0,8.225483655770514,0.015261502720696736,0.12607388465302674,1.0
1769797834.68,8.232154769846565,1.9847875891054731,0.02980384389916302,0.9832144437068292,8.232154769846565,2.0,0.0,0.0,1.0,8.232154769846565,0.015102207549777737,0.061270174648880585,1.0
1769797834.7,8.238825883922615,1.9849171788148048,0.030773706960448344,0.9959130759832191,8.238825883922615,2.0,0.0,0.0,1.0,8.238825883922615,0.015454642639957213,0.06205635273880571,1.0
1769797834.72,8.245496997998666,1.986308475568929,-0.02642673215960659,1.0034101207613253,8.245496997998666,2.0,0.0,0.0,1.0,8.245496997998666,0.013218064686974958,0.17544919551458277,1.0
1769797834.74,8.252168112074717,1.985523400589819,-0.014801340085649208,0.9858616014474104,8.252168112074717,2.0,0.0,0.0,1.0,8.252168112074717,0.014509706482726887,0.15981018757252619,1.0
1769797834.76,8.258839226150766,1.9852209024846958,0.03500642760737556,1.0021308016942925,8.258839226150767,2.0,0.0,0.0,1.0,8.258839226150767,0.015107174717409258,0.04917433287961277,1.0
1769797834.78,8.265510340226818,1.9869593594376405,-0.01683581552120855,1.0028396303181082,8.265510340226818,2.0,0.0,0.0,1.0,8.265510340226818,0.01355056867727076,0.15625355148169814,1.0
1769797834.8,8.272181454302869,1.9910284497116397,0.0005855447066415799,0.9923931133442583,8.272181454302869,2.0,0.0,0.0,1.0,8.272181454302869,0.008922519073161715,0.07592172921613885,1.0
1769797834.82,8.278852568378918,1.994307353203764,0.0022425052756338405,0.9968030219442268,8.27885256837892,2.0,0.0,0.0,1.0,8.27885256837892,0.005131272351954578,0.039233086488705535,1.0
1769797834.84,8.28552368245497,1.995257168004011,0.02182688625118605,0.9908162125011568,8.28552368245497,2.0,0.0,0.0,1.0,8.28552368245497,0.005033490710757975,-0.007300508666126016,1.0
1769797834.86,8.292194796531021,1.99603484682001,0.035111736512282735,0.9917061982819921,8.292194796531021,2.0,0.0,0.0,1.0,8.292194796531021,0.0024366098601537253,-0.060674422031274086,1.0
1769797834.88,8.298865910607072,1.9906028984572646,-0.01842095308599952,1.0076770189211202,8.298865910607072,2.0,0.0,0.0,1.0,8.298865910607072,0.010320676523226185,0.13211230179185068,1.0
1769797834.9,8.305537024683122,1.989441766515464,0.00017807382623821977,1.0026095278258038,8.305537024683122,2.0,0.0,0.0,1.0,8.305537024683122,0.010519033329855447,0.09067990754563013,1.0
1769797834.92,8.312208138759173,1.988379454127621,-0.009488586428705422,0.9976762181312193,8.312208138759173,2.0,0.0,0.0,1.0,8.312208138759173,0.011902299481512581,0.1250760295638789,1.0
1769797834.94,8.318879252835224,1.9873711353797043,0.030005055041252886,1.0004370532379179,8.318879252835224,2.0,0.0,0.0,1.0,8.318879252835224,0.011368008084266887,0.02848153581838543,1.0
1769797834.96,8.325550366911273,1.9825603736651605,0.0124734208149013,0.9962927461945574,8.325550366911274,2.0,0.0,0.0,1.0,8.325550366911274,0.019521180536346636,0.1398284653065005,1.0
1769797834.98,8.332221480987325,1.9858297143296877,0.02202914612521849,1.0271756392299198,8.332221480987325,2.0,0.0,0.0,1.0,8.332221480987325,0.012536468442349118,0.057205943843452005,1.0
1769797835.0,8.338892595063376,1.9818585407973524,0.012242675082287798,0.9940146393584166,8.338892595063376,2.0,0.0,0.0,1.0,8.338892595063376,0.018525425402946095,0.13177706546173917,1.0
1769797835.02,8.345563709139425,1.9803032548825825,-0.023825743105052366,0.987626709463102,8.345563709139427,2.0,0.0,0.0,1.0,8.345563709139427,0.020320790466921743,0.23022950017002736,1.0
1769797835.04,8.352234823215477,1.982058775069552,-0.020440922825364773,1.0033278470228886,8.352234823215477,2.0,0.0,0.0,1.0,8.352234823215477,0.018339819401166,0.20560221946013174,1.0
1769797835.06,8.358905937291528,1.9852429099015731,0.015273418095780934,0.9832741258667479,8.358905937291528,2.0,0.0,0.0,1.0,8.358905937291528,0.01432559721346148,0.08844279130757984,1.0
1769797835.08,8.365577051367579,1.9864172451248394,0.013186869921618905,1.003189305356829,8.365577051367579,2.0,0.0,0.0,1.0,8.365577051367579,0.01358658872957693,0.08691416349854968,1.0
1769797835.1,8.37224816544363,1.9874936252304478,0.00732682944407323,1.011722487156711,8.37224816544363,2.0,0.0,0.0,1.0,8.37224816544363,0.01239052833128449,0.09022189828502775,1.0
1769797835.12,8.37891927951968,1.987527436793622,0.018552203329051536,1.0275642408105212,8.37891927951968,2.0,0.0,0.0,1.0,8.37891927951968,0.011970611375859903,0.0604195078303541,1.0
1769797835.14,8.38559039359573,1.9860056188793442,-0.004352556642300574,1.0109137909948296,8.38559039359573,2.0,0.0,0.0,1.0,8.38559039359573,0.014781193518953916,0.13799923081366183,1.0
1769797835.16,8.39226150767178,1.9871523144586056,0.018916980260377775,1.008668308088407,8.392261507671781,2.0,0.0,0.0,1.0,8.392261507671781,0.011844407842876055,0.05847597659927229,1.0
1769797835.18,8.398932621747832,1.9837635667459659,-0.03254893023650304,0.9907130591478207,8.398932621747832,2.0,0.0,0.0,1.0,8.398932621747832,0.016382952555217337,0.21648914941532968,1.0
1769797835.2,8.405603735823883,1.982058084545721,0.021759098777063363,0.9990201089074173,8.405603735823883,2.0,0.0,0.0,1.0,8.405603735823883,0.018941424227818943,0.11322262438389474,1.0
1769797835.22,8.412274849899932,1.984814016767743,0.011561272742508193,1.0011253606897075,8.412274849899934,2.0,0.0,0.0,1.0,8.412274849899934,0.014983023378005245,0.10277422398826769,1.0
1769797835.24,8.418945963975984,1.9859498049493778,-0.0015313201375589639,1.0017593084814076,8.418945963975984,2.0,0.0,0.0,1.0,8.418945963975984,0.013377196996741529,0.11934644510558179,1.0
1769797835.26,8.425617078052035,1.9850805995487435,-0.003288832150585686,1.0128245392237853,8.425617078052035,2.0,0.0,0.0,1.0,8.425617078052035,0.016055064453763413,0.14651192630346221,1.0
1769797835.28,8.432288192128086,1.9901486852113282,-0.00930848496689126,1.0066306586846514,8.432288192128086,2.0,0.0,0.0,1.0,8.432288192128086,0.01048884050685746,0.11246186284477902,1.0
1769797835.3,8.438959306204136,1.9968999963303564,0.021545147989967692,0.9884133903170396,8.438959306204136,2.0,0.0,0.0,1.0,8.438959306204136,0.001808109107886872,-0.034573439535650376,1.0
1769797835.32,8.445630420280187,1.9978330512514373,-0.012491353143956059,0.9984266046105392,8.445630420280187,2.0,0.0,0.0,1.0,8.445630420280187,0.002377533838812042,0.049726198548525086,1.0
1769797835.34,8.452301534356238,1.9993217246078718,0.03483838499592499,1.0089373008551976,8.452301534356238,2.0,0.0,0.0,1.0,8.452301534356238,0.00025116340631750383,-0.07891395155182189,1.0
1769797835.36,8.458972648432287,1.9983520176283676,-0.01623379956130884,1.008897444514044,8.458972648432288,2.0,0.0,0.0,1.0,8.458972648432288,0.0011827913028083859,0.04809796317676511,1.0
1769797835.38,8.46564376250834,1.9951954478838048,0.0032488263826437654,1.0109178920092847,8.46564376250834,2.0,0.0,0.0,1.0,8.46564376250834,0.00478858100564857,0.03391684719326635,1.0
1769797835.4,8.47231487658439,1.9917889567953269,-0.01610051223034569,1.0026129721858645,8.47231487658439,2.0,0.0,0.0,1.0,8.47231487658439,0.008035653709975658,0.10703544658064476,1.0
1769797835.42,8.478985990660439,1.9878896290169512,0.008762508224771804,0.9879379080897563,8.47898599066044,2.0,0.0,0.0,1.0,8.47898599066044,0.01243601860173891,0.08727138441998905,1.0
1769797835.44,8.485657104736491,1.9858629788227031,-0.001290720998992453,0.9975790421734525,8.485657104736491,2.0,0.0,0.0,1.0,8.485657104736491,0.014490009874201869,0.1283905750773679,1.0
1769797835.46,8.492328218812542,1.9857223030488818,0.021326837868242784,0.9976425439464163,8.492328218812542,2.0,0.0,0.0,1.0,8.492328218812542,0.014516390785987515,0.07597871290084321,1.0
1769797835.48,8.498999332888593,1.9865295158158411,-0.010835676817273893,0.9940119583748873,8.498999332888593,2.0,0.0,0.0,1.0,8.498999332888593,0.01330446816221424,0.1402808226749474,1.0
1769797835.5,8.505670446964643,1.9866641996370535,0.02197369810956795,1.004210374771697,8.505670446964643,2.0,0.0,0.0,1.0,8.505670446964643,0.013438012852938754,0.065138555316724,1.0
1769797835.52,8.512341561040694,1.9879597336951007,-0.02508506253383336,0.9889276729042479,8.512341561040694,2.0,0.0,0.0,1.0,8.512341561040694,0.012724124921770132,0.16813358431247116,1.0
1769797835.54,8.519012675116745,1.9923189553921097,0.005508156309795679,0.996685355465265,8.519012675116745,2.0,0.0,0.0,1.0,8.519012675116745,0.0075533920347879945,0.052596812288764255,1.0
1769797835.56,8.525683789192794,1.9957992575030659,0.02022402101459665,0.9994079310486731,8.525683789192795,2.0,0.0,0.0,1.0,8.525683789192795,0.003917534918692433,-0.013229311621252213,1.0
1769797835.58,8.532354903268846,1.9972139571984604,0.006087961754559116,1.0210971586538342,8.532354903268846,2.0,0.0,0.0,1.0,8.532354903268846,0.002042075751104879,0.0034926038216416292,1.0
1769797835.6,8.539026017344897,1.9960203434326145,0.04180272449881512,0.9910945492454301,8.539026017344897,2.0,0.0,0.0,1.0,8.539026017344897,0.00484318934150631,-0.05540496363451916,1.0
1769797835.62,8.545697131420946,1.9976855283479928,0.026774044086055583,1.0041075862676003,8.545697131420948,2.0,0.0,0.0,1.0,8.545697131420948,0.00114345072066664,-0.052490579331900884,1.0
1769797835.64,8.552368245496998,1.9945279946705428,-0.02279188865113913,0.9922454206702851,8.552368245496998,2.0,0.0,0.0,1.0,8.552368245496998,0.006114051082883756,0.10595370048584958,1.0
1769797835.66,8.559039359573049,1.9931150519755114,-0.0004991246560768664,1.003388435735717,8.559039359573049,2.0,0.0,0.0,1.0,8.559039359573049,0.005633325490917434,0.04997492745583964,1.0
1769797835.68,8.5657104736491,1.9865260932506288,-0.012880011298444977,1.0034770225996847,8.5657104736491,2.0,0.0,0.0,1.0,8.5657104736491,0.014138795876186026,0.15218769086098277,1.0
1769797835.7,8.57238158772515,1.982501724762783,0.007441504490321863,1.0013444562105795,8.57238158772515,2.0,0.0,0.0,1.0,8.57238158772515,0.016960049549117572,0.1294284064877581,1.0
1769797835.72,8.579052701801201,1.9775009886822432,-0.014506468511238893,0.9907712828189673,8.579052701801201,2.0,0.0,0.0,1.0,8.579052701801201,0.02403436360285897,0.240662398897471,1.0
1769797835.74,8.585723815877252,1.9793259546761452,-0.019077377297388058,1.0033146944397757,8.585723815877252,2.0,0.0,0.0,1.0,8.585723815877252,0.02033477006781818,0.21953310192712097,1.0
1769797835.76,8.5923949299533,1.9798532570666614,-0.007023083204995245,1.0015019169880828,8.592394929953302,2.0,0.0,0.0,1.0,8.592394929953302,0.020432363858121798,0.19274958863667968,1.0
1769797835.78,8.599066044029353,1.9820980977396059,-9.15622502944823e-05,0.9962135423325893,8.599066044029353,2.0,0.0,0.0,1.0,8.599066044029353,0.018286542893834058,0.15832502852779426,1.0
1769797835.8,8.605737158105404,1.986213857217304,-0.009479724745502382,0.9874589935799961,8.605737158105404,2.0,0.0,0.0,1.0,8.605737158105404,0.01386207196472967,0.14194785269122423,1.0
1769797835.82,8.612408272181453,1.9897997138273953,-0.004261685518609798,0.9947960737856184,8.612408272181455,2.0,0.0,0.0,1.0,8.612408272181455,0.009316047122173848,0.09060665606664581,1.0
1769797835.84,8.619079386257505,1.9888285945479502,0.006748002855728588,1.0008548505888135,8.619079386257505,2.0,0.0,0.0,1.0,8.619079386257505,0.010740878464523118,0.07730008805799027,1.0
1769797835.86,8.625750500333556,1.9875701814026765,0.01778090808936678,1.0015578321519119,8.625750500333556,2.0,0.0,0.0,1.0,8.625750500333556,0.01415165067328497,0.08109275745997375,1.0
1769797835.88,8.632421614409607,1.9928964436527141,0.018534366315275663,0.9973653737327312,8.632421614409607,2.0,0.0,0.0,1.0,8.632421614409607,0.0056530153881090145,0.005743957201786661,1.0
1769797835.9,8.639092728485657,1.9916403219049337,-0.007381257048143775,0.9800074576682626,8.639092728485657,2.0,0.0,0.0,1.0,8.639092728485657,0.00854648524007407,0.09120696204193277,1.0
1769797835.92,8.645763842561708,1.9906369276161717,-0.009900732693041325,0.9948606792301188,8.645763842561708,2.0,0.0,0.0,1.0,8.645763842561708,0.008744033166145616,0.09876795574303852,1.0
1769797835.94,8.652434956637759,1.9871609410078463,-0.015210874562954642,1.0054823161428772,8.652434956637759,2.0,0.0,0.0,1.0,8.652434956637759,0.013255316355109244,0.1499659633940209,1.0
1769797835.96,8.659106070713808,1.9845630864279684,-0.015348311413205019,1.012292406358377,8.65910607071381,2.0,0.0,0.0,1.0,8.65910607071381,0.014372511240018036,0.15989156117232428,1.0
1769797835.98,8.66577718478986,1.978721424638048,-0.032121427537508324,0.9925759770828813,8.66577718478986,2.0,0.0,0.0,1.0,8.66577718478986,0.023001979034639682,0.2717495491612029,1.0
1769797836.0,8.67244829886591,1.9802289889102997,-0.012280678599366308,0.9907116336233494,8.67244829886591,2.0,0.0,0.0,1.0,8.67244829886591,0.019077686679329898,0.19322076256217802,1.0
1769797836.02,8.67911941294196,1.978631151472337,0.032024907796217264,0.9961016922097281,8.679119412941962,2.0,0.0,0.0,1.0,8.679119412941962,0.021498960732509013,0.1113819681615609,1.0
1769797836.04,8.685790527018012,1.978193720906061,-0.01056944846056307,1.002115273172122,8.685790527018012,2.0,0.0,0.0,1.0,8.685790527018012,0.02235949567634399,0.21738359004048308,1.0
1769797836.06,8.692461641094063,1.9810425226297428,0.0013822752177477628,1.0021702325422002,8.692461641094063,2.0,0.0,0.0,1.0,8.692461641094063,0.019662032275659293,0.16674939518248283,1.0
1769797836.08,8.699132755170114,1.9859573417579393,0.0023226142240201602,0.996209219749789,8.699132755170114,2.0,0.0,0.0,1.0,8.699132755170114,0.012820752754697896,0.10558640399447561,1.0
1769797836.1,8.705803869246164,1.9855281654956791,0.011385810728630524,0.9967390060100615,8.705803869246164,2.0,0.0,0.0,1.0,8.705803869246164,0.014830064721557186,0.10186080964041505,1.0
1769797836.12,8.712474983322215,1.9862393771651463,0.014645496041893753,0.997606651853454,8.712474983322215,2.0,0.0,0.0,1.0,8.712474983322215,0.013229269752811038,0.08042340118017934,1.0
1769797836.14,8.719146097398266,1.984235554067597,-0.009202086810412765,1.0010953651871748,8.719146097398266,2.0,0.0,0.0,1.0,8.719146097398266,0.015529058881584595,0.1556570543076578,1.0
1769797836.16,8.725817211474315,1.9816277911029638,0.027493531812475,1.0062625828516794,8.725817211474316,2.0,0.0,0.0,1.0,8.725817211474316,0.018866741933771594,0.09921210881750447,1.0
1769797836.18,8.732488325550367,1.9814811059408193,-0.017232062713725134,1.009928874307326,8.732488325550367,2.0,0.0,0.0,1.0,8.732488325550367,0.01867215102357072,0.20110275851944015,1.0
1769797836.2,8.739159439626418,1.9820568739775029,-0.020337235376934264,0.9941462784583193,8.739159439626418,2.0,0.0,0.0,1.0,8.739159439626418,0.017950380054172134,0.20203432967650647,1.0
1769797836.22,8.745830553702467,1.9835436071112718,-0.014019366804025685,0.9898771881319032,8.745830553702469,2.0,0.0,0.0,1.0,8.745830553702469,0.01733350583799627,0.18226083368894405,1.0
1769797836.24,8.75250166777852,1.9882950890915394,-0.0032724960917876163,1.006234619881727,8.75250166777852,2.0,0.0,0.0,1.0,8.75250166777852,0.010876465991707725,0.10179393052664296,1.0
1769797836.26,8.75917278185457,1.9880800830396048,-0.022216631175746203,0.9998729261651418,8.75917278185457,2.0,0.0,0.0,1.0,8.75917278185457,0.010819505206372121,0.1451678569515692,1.0
1769797836.28,8.76584389593062,1.9845619304857989,0.04295963610675688,0.9833142397832284,8.76584389593062,2.0,0.0,0.0,1.0,8.76584389593062,0.01727017786443559,0.04932909596981594,1.0
1769797836.3,8.772515010006671,1.9894349086849221,-0.029622636992437452,0.9906253230232311,8.772515010006671,2.0,0.0,0.0,1.0,8.772515010006671,0.010406383100244953,0.15865765424862746,1.0
1769797836.32,8.779186124082722,1.9929075226841204,-0.03156742486940352,0.9948957511727549,8.779186124082722,2.0,0.0,0.0,1.0,8.779186124082722,0.006432751451840224,0.12897272723295197,1.0
1769797836.34,8.785857238158773,1.993364484372473,-0.004164066496774275,1.0282785133727053,8.785857238158773,2.0,0.0,0.0,1.0,8.785857238158773,0.0066985840155310665,0.06773743227216393,1.0
1769797836.36,8.792528352234822,1.9943596624492428,-0.003412838023468267,0.9992223874547738,8.792528352234823,2.0,0.0,0.0,1.0,8.792528352234823,0.005884234795154432,0.058938384653939524,1.0
1769797836.38,8.799199466310874,1.9954652485783706,0.017394639798575445,1.0004345460040454,8.799199466310874,2.0,0.0,0.0,1.0,8.799199466310874,0.0035069723334654446,-0.010189131311758269,1.0
1769797836.4,8.805870580386925,1.9908719559300148,-0.01080094480363328,1.0110355288858979,8.805870580386925,2.0,0.0,0.0,1.0,8.805870580386925,0.008225467703932666,0.09637810959335363,1.0
1769797836.42,8.812541694462974,1.9833658216525687,0.0018885535138106029,0.9887820884536966,8.812541694462976,2.0,0.0,0.0,1.0,8.812541694462976,0.01793335975992058,0.15070043435044592,1.0
1769797836.44,8.819212808539026,1.9818290620826122,0.036399967663895694,1.000478594253543,8.819212808539026,2.0,0.0,0.0,1.0,8.819212808539026,0.01807746603326186,0.07161247913184164,1.0
1769797836.46,8.825883922615077,1.9800506785919005,0.013200180841880228,1.0021816695216041,8.825883922615077,2.0,0.0,0.0,1.0,8.825883922615077,0.02014389961326383,0.14350851009486673,1.0
1769797836.48,8.832555036691128,1.9788771231017772,0.007119593518130352,0.9982587035898457,8.832555036691128,2.0,0.0,0.0,1.0,8.832555036691128,0.020819673274709568,0.16343099686333226,1.0
1769797836.5,8.839226150767178,1.9781939272236675,0.007990556645695972,0.9942540322269495,8.839226150767178,2.0,0.0,0.0,1.0,8.839226150767178,0.0237113826314076,0.1862704398010931,1.0
1769797836.52,8.845897264843229,1.9847267591566493,-0.020227877046488655,0.9765886283238716,8.845897264843229,2.0,0.0,0.0,1.0,8.845897264843229,0.01359782266409141,0.16447115414688765,1.0
1769797836.54,8.85256837891928,1.9841745698254394,0.0024594676348795026,0.9883908126069578,8.85256837891928,2.0,0.0,0.0,1.0,8.85256837891928,0.016559027080245068,0.13753448355485504,1.0
1769797836.56,8.859239492995329,1.9870300579534375,-0.007139207737862249,0.9991193414595196,8.85923949299533,2.0,0.0,0.0,1.0,8.85923949299533,0.012954167279242139,0.12870392648355083,1.0
1769797836.58,8.865910607071381,1.990427049944363,0.024587188522336236,0.9943221244770919,8.865910607071381,2.0,0.0,0.0,1.0,8.865910607071381,0.010188069499392114,0.03090432720485087,1.0
1769797836.6,8.872581721147432,1.9943915957383753,-0.004854539763659237,0.9834194274856519,8.872581721147432,2.0,0.0,0.0,1.0,8.872581721147432,0.00330540066051967,0.03996585638096418,1.0
1769797836.62,8.87925283522348,1.9890211499418695,0.0035389303638882845,0.9815696789439735,8.879252835223483,2.0,0.0,0.0,1.0,8.879252835223483,0.012391208606101198,0.0990451940660724,1.0
1769797836.64,8.885923949299533,1.9897895228535456,0.03142613842240872,0.986037460640719,8.885923949299533,2.0,0.0,0.0,1.0,8.885923949299533,0.009758289297438437,0.011232715475358646,1.0
1769797836.66,8.892595063375584,1.9884669632089693,0.029856656673203336,0.9959368830521012,8.892595063375584,2.0,0.0,0.0,1.0,8.892595063375584,0.011552314196853075,0.030423195882723394,1.0
1769797836.68,8.899266177451635,1.9866107558339339,0.011277023200193855,0.9949686514413647,8.899266177451635,2.0,0.0,0.0,1.0,8.899266177451635,0.012765635208434985,0.08426385097746353,1.0
1769797836.7,8.905937291527685,1.9834001303131277,0.0042152791096173306,1.007404702644885,8.905937291527685,2.0,0.0,0.0,1.0,8.905937291527685,0.01815562667671299,0.14722331119961207,1.0
1769797836.72,8.912608405603736,1.98662720836629,-0.001608407507612312,0.9894937825928065,8.912608405603736,2.0,0.0,0.0,1.0,8.912608405603736,0.012550295921756549,0.11238628059450195,1.0
1769797836.74,8.919279519679787,1.98602354525525,0.02952364430355406,0.9827348763777427,8.919279519679787,2.0,0.0,0.0,1.0,8.919279519679787,0.013984026902997618,0.052248185786636765,1.0
1769797836.76,8.925950633755836,1.9854255964883496,0.005729652858930123,1.0044897296465702,8.925950633755837,2.0,0.0,0.0,1.0,8.925950633755837,0.014544781117301172,0.11255727425029298,1.0
1769797836.78,8.932621747831888,1.984734056453241,0.012424591122570225,0.9934755739236114,8.932621747831888,2.0,0.0,0.0,1.0,8.932621747831888,0.015310590118845663,0.10359496425805947,1.0
1769797836.8,8.939292861907939,1.9837245534403527,-0.02249203089023535,1.0018494242030673,8.939292861907939,2.0,0.0,0.0,1.0,8.939292861907939,0.01574913291212912,0.18812351075190356,1.0
1769797836.82,8.945963975983988,1.9811459216286282,0.018576313468760576,0.9938877047259871,8.94596397598399,2.0,0.0,0.0,1.0,8.94596397598399,0.019741079927619753,0.12753608201726488,1.0
1769797836.84,8.95263509006004,1.982690703809714,-0.02246982076394642,0.993809040920774,8.95263509006004,2.0,0.0,0.0,1.0,8.95263509006004,0.01729336958727033,0.20129125776681603,1.0
1769797836.86,8.959306204136091,1.9843981878467747,0.005813540090531696,0.9800226881600763,8.959306204136091,2.0,0.0,0.0,1.0,8.959306204136091,0.015838838156606368,0.12353525177057326,1.0
1769797836.88,8.965977318212142,1.9870773361991483,-0.012738792824013634,0.9982088181311771,8.965977318212142,2.0,0.0,0.0,1.0,8.965977318212142,0.012788206767051866,0.14023445793613482,1.0
1769797836.9,8.972648432288192,1.9892709186993889,-0.011761011324906872,1.001970012130834,8.972648432288192,2.0,0.0,0.0,1.0,8.972648432288192,0.010870981606209949,0.12144537364758642,1.0
1769797836.92,8.979319546364243,1.9912369039163433,0.006491829259794807,1.0022093162741226,8.979319546364243,2.0,0.0,0.0,1.0,8.979319546364243,0.00787329737424205,0.05307332366204613,1.0
1769797836.94,8.985990660440294,1.9893062715876864,0.014295053170397988,1.0053907201511023,8.985990660440294,2.0,0.0,0.0,1.0,8.985990660440294,0.010949504843969764,0.06151044073574686,1.0
1769797836.96,8.992661774516343,1.9880819264395193,0.0011084326671215367,1.0075482310679476,8.992661774516344,2.0,0.0,0.0,1.0,8.992661774516344,0.011430737393240872,0.09639750007726766,1.0
1769797836.98,8.999332888592395,1.984871645571649,0.01749841482397632,0.9985267877073887,8.999332888592395,2.0,0.0,0.0,1.0,8.999332888592395,0.01541665415576559,0.09269167754911233,1.0
1769797837.0,9.006004002668446,1.9839420441470244,0.015459963228714292,1.0034977806786898,9.006004002668446,2.0,0.0,0.0,1.0,9.006004002668446,0.01699323656828615,0.11106571896310599,1.0
1769797837.02,9.012675116744495,1.9869426481169612,0.04594901941030469,0.9996167557880645,9.012675116744497,2.0,0.0,0.0,1.0,9.012675116744497,0.012622913939484445,0.002185104578380663,1.0
1769797837.04,9.019346230820547,1.9882622469186768,-0.023359612159297806,1.0121791835247842,9.019346230820547,2.0,0.0,0.0,1.0,9.019346230820547,0.012084124983022915,0.15867234633442145,1.0
1769797837.06,9.026017344896598,1.9906474452951286,-0.006769272110290637,1.0008799714009033,9.026017344896598,2.0,0.0,0.0,1.0,9.026017344896598,0.008801752071674806,0.09199097450476615,1.0
1769797837.08,9.032688458972649,1.9905706350399204,-0.005831828709050257,0.9883271739396092,9.032688458972649,2.0,0.0,0.0,1.0,9.032688458972649,0.009537768616671171,0.09617367198912706,1.0
1769797837.1,9.0393595730487,1.9903318724920145,-0.021488972692413028,1.0102154964338315,9.0393595730487,2.0,0.0,0.0,1.0,9.0393595730487,0.009000291484527257,0.12782591034438334,1.0
1769797837.12,9.04603068712475,1.9879342394322044,-0.0010396715167054111,1.0050828282553785,9.04603068712475,2.0,0.0,0.0,1.0,9.04603068712475,0.013023458165362791,0.11515100484501253,1.0
1769797837.14,9.0527018012008,1.9892242355526897,0.03941912524815989,1.0154442198383842,9.0527018012008,2.0,0.0,0.0,1.0,9.0527018012008,0.009994138172291837,-0.005347202389715297,1.0
1769797837.16,9.05937291527685,1.987697671790676,-0.0073809408502246,1.0192708329795017,9.059372915276851,2.0,0.0,0.0,1.0,9.059372915276851,0.013133357610243566,0.13080920110408134,1.0
1769797837.18,9.066044029352902,1.9894896970263,0.028343391356430565,1.0157127125686622,9.066044029352902,2.0,0.0,0.0,1.0,9.066044029352902,0.009950754767046615,0.020087265052550672,1.0
1769797837.2,9.072715143428953,1.988779108332091,0.03477601573863925,1.010160758014148,9.072715143428953,2.0,0.0,0.0,1.0,9.072715143428953,0.011329502702459051,0.017022781004823715,1.0
1769797837.22,9.079386257505002,1.9880883040939348,0.006534892842002417,0.9945182550312383,9.079386257505003,2.0,0.0,0.0,1.0,9.079386257505003,0.011424628867550532,0.08371217746238854,1.0
1769797837.24,9.086057371581054,1.9867974143687304,0.0142205735936582,1.0166518117839447,9.086057371581054,2.0,0.0,0.0,1.0,9.086057371581054,0.01487547965728889,0.09565093429392835,1.0
1769797837.26,9.092728485657105,1.9922081859652152,-0.004409787303485476,1.0012771079379503,9.092728485657105,2.0,0.0,0.0,1.0,9.092728485657105,0.006686636568383072,0.06820624652956554,1.0
1769797837.28,9.099399599733156,1.9922602413957422,-0.006690041645819872,0.9852553595691197,9.099399599733156,2.0,0.0,0.0,1.0,9.099399599733156,0.007538537281507935,0.08088412903594103,1.0
1769797837.3,9.106070713809206,1.9912305378998352,0.010993728423513958,1.0053806372303846,9.106070713809206,2.0,0.0,0.0,1.0,9.106070713809206,0.008626736013227698,0.04909811502541475,1.0
1769797837.32,9.112741827885257,1.9905251232277235,-0.013195855160601377,1.0046096601365746,9.112741827885257,2.0,0.0,0.0,1.0,9.112741827885257,0.01046522066844449,0.12126922786289733,1.0
1769797837.34,9.119412941961308,1.9928631901218403,-0.022609453376303993,0.9904655429225947,9.119412941961308,2.0,0.0,0.0,1.0,9.119412941961308,0.005558686595603494,0.10073851190665215,1.0
1769797837.36,9.126084056037357,1.9886780475755037,-0.0115984269113224,0.9920019080733108,9.126084056037358,2.0,0.0,0.0,1.0,9.126084056037358,0.012163318302638358,0.13221242768674316,1.0
1769797837.38,9.132755170113409,1.9887671992403027,-0.01571174334194,1.0117410270363019,9.132755170113409,2.0,0.0,0.0,1.0,9.132755170113409,0.011580720872835536,0.13670574130037824,1.0
1769797837.4,9.13942628418946,1.9906458497610737,0.013816676282793474,0.999085387047481,9.13942628418946,2.0,0.0,0.0,1.0,9.13942628418946,0.009520021900253221,0.05024885090529133,1.0
1769797837.42,9.146097398265509,1.992075395781931,0.010416931916815968,1.014929165312135,9.14609739826551,2.0,0.0,0.0,1.0,9.14609739826551,0.006701431965295967,0.033766353473220434,1.0
1769797837.44,9.152768512341561,1.98824809496322,0.004390196614686434,1.0209390004612757,9.152768512341561,2.0,0.0,0.0,1.0,9.152768512341561,0.012203195376816842,0.0954389894662796,1.0
1769797837.46,9.159439626417612,1.9868323453383772,-0.006506940223995187,1.0205593190955002,9.159439626417612,2.0,0.0,0.0,1.0,9.159439626417612,0.01347318426865195,0.13171440641393756,1.0
1769797837.48,9.166110740493663,1.986616409095448,0.0092057983264923,1.0099079664856703,9.166110740493663,2.0,0.0,0.0,1.0,9.166110740493663,0.01315759945366246,0.09247911742008849,1.0
1769797837.5,9.172781854569713,1.9855518782137176,0.003448731877494527,1.012538142680611,9.172781854569713,2.0,0.0,0.0,1.0,9.172781854569713,0.014654153918300399,0.11880348726669898,1.0
1769797837.52,9.179452968645764,1.9852347048053542,-0.0012861742324393561,1.0085814022197752,9.179452968645764,2.0,0.0,0.0,1.0,9.179452968645764,0.014551169385261095,0.1289075984013495,1.0
1769797837.54,9.186124082721815,1.983847165743422,-0.04193254073792293,1.0059918173978826,9.186124082721815,2.0,0.0,0.0,1.0,9.186124082721815,0.01608172238013613,0.23516794967857674,1.0
1769797837.56,9.192795196797864,1.9816707104061178,-0.005584645118884609,1.00983286829164,9.192795196797865,2.0,0.0,0.0,1.0,9.192795196797865,0.017872228741905083,0.1674560883672449,1.0
1769797837.58,9.199466310873916,1.9786196923885875,-0.01911750603426354,0.9883493657892509,9.199466310873916,2.0,0.0,0.0,1.0,9.199466310873916,0.02263869557374548,0.2392684397724707,1.0
1769797837.6,9.206137424949967,1.9810992233028502,-0.014696928020714551,1.0069518110070743,9.206137424949967,2.0,0.0,0.0,1.0,9.206137424949967,0.018558848471389108,0.1943214050641,1.0
1769797837.62,9.212808539026016,1.9823132603079079,-0.007910041550471883,0.9973483588862986,9.212808539026017,2.0,0.0,0.0,1.0,9.212808539026017,0.018016910836436455,0.1740634564439812,1.0
1769797837.64,9.219479653102068,1.9848276189030007,-0.027847698067043347,1.0060900423305295,9.219479653102068,2.0,0.0,0.0,1.0,9.219479653102068,0.014931904013425966,0.19338155850076963,1.0
1769797837.66,9.226150767178119,1.9866165936151223,0.01241123103379304,1.0064353212577675,9.226150767178119,2.0,0.0,0.0,1.0,9.226150767178119,0.01378024889191478,0.09039640935334539,1.0
1769797837.68,9.23282188125417,1.9891866515105683,-0.03556381409009693,1.0046595986346698,9.23282188125417,2.0,0.0,0.0,1.0,9.23282188125417,0.0097424999732502,0.16658467467482627,1.0
1769797837.7,9.23949299533022,1.9869133486692636,0.02444475811296837,0.9899110310202174,9.23949299533022,2.0,0.0,0.0,1.0,9.23949299533022,0.013240583669498252,0.057664477738642334,1.0
1769797837.72,9.246164109406271,1.984967858035503,-0.01765072025561697,0.9882075125966207,9.246164109406271,2.0,0.0,0.0,1.0,9.246164109406271,0.014641603257818023,0.1675064873047221,1.0
1769797837.74,9.252835223482322,1.982940885455721,0.00028583734481181565,0.9996425196056392,9.252835223482322,2.0,0.0,0.0,1.0,9.252835223482322,0.018800146562758677,0.1618713800751709,1.0
1769797837.76,9.25950633755837,1.9881226560949732,0.013691318699977808,1.0009632053627018,9.259506337558372,2.0,0.0,0.0,1.0,9.259506337558372,0.010961271037822278,0.06302045538821927,1.0
1769797837.78,9.266177451634423,1.988894947164489,-0.013102261914939937,0.9957121119865304,9.266177451634423,2.0,0.0,0.0,1.0,9.266177451634423,0.010970579979395347,0.12541080548387912,1.0
1769797837.8,9.272848565710474,1.988554489336344,-0.02424005941996477,1.0000176856157459,9.272848565710474,2.0,0.0,0.0,1.0,9.272848565710474,0.010960301761201292,0.15104019515404965,1.0
1769797837.82,9.279519679786523,1.986417815806806,-0.02082609601234299,0.9858843589325726,9.279519679786524,2.0,0.0,0.0,1.0,9.279519679786524,0.014050276703255274,0.16973193948422916,1.0
1769797837.84,9.286190793862575,1.9849179252521874,-0.008010532713947048,0.983890071961422,9.286190793862575,2.0,0.0,0.0,1.0,9.286190793862575,0.013534426009112033,0.13572479109866067,1.0
1769797837.86,9.292861907938626,1.977855596439794,0.008525112335705862,1.003454634196212,9.292861907938626,2.0,0.0,0.0,1.0,9.292861907938626,0.023804326083034434,0.1858331966253563,1.0
1769797837.88,9.299533022014677,1.9773382675730744,-0.011492642589703847,0.9960924868959349,9.299533022014677,2.0,0.0,0.0,1.0,9.299533022014677,0.021460427266065705,0.2118113446375389,1.0
1769797837.9,9.306204136090727,1.9722943219712226,0.04287312504819954,1.007288384934505,9.306204136090727,2.0,0.0,0.0,1.0,9.306204136090727,0.028785152044324865,0.1489135527506623,1.0
1769797837.92,9.312875250166778,1.9728908321824967,-0.007757047089366742,0.9994225757503891,9.312875250166778,2.0,0.0,0.0,1.0,9.312875250166778,0.027712078224740318,0.2565966503812482,1.0
1769797837.94,9.319546364242829,1.976485935111663,0.013094710114889083,1.0028054556433206,9.319546364242829,2.0,0.0,0.0,1.0,9.319546364242829,0.023699075705789992,0.17435692985840676,1.0
1769797837.96,9.326217478318878,1.979495866597022,-0.005946752589241057,0.994274681029229,9.32621747831888,2.0,0.0,0.0,1.0,9.32621747831888,0.01905557814438899,0.17845828631192528,1.0
1769797837.98,9.33288859239493,1.9775368681826087,0.019192571577171136,0.9855909572832146,9.33288859239493,2.0,0.0,0.0,1.0,9.33288859239493,0.024254126457700968,0.16499314783697908,1.0
1769797838.0,9.33955970647098,1.9827936442289402,0.027073405538028155,0.9973828643539925,9.33955970647098,2.0,0.0,0.0,1.0,9.33955970647098,0.016064155243692993,0.0759625431903207,1.0
1769797838.02,9.34623082054703,1.98255059359665,-0.0012995301374233998,0.9848884337784553,9.346230820547031,2.0,0.0,0.0,1.0,9.346230820547031,0.017279848852437673,0.15245475521203955,1.0
1769797838.04,9.352901934623082,1.9818363424106997,-0.010003671998928779,1.0006186776535333,9.352901934623082,2.0,0.0,0.0,1.0,9.352901934623082,0.01848372560656195,0.18289311870418906,1.0
1769797838.06,9.359573048699133,1.9829055345828988,0.02279073236509443,0.9996373559295223,9.359573048699133,2.0,0.0,0.0,1.0,9.359573048699133,0.017384258028027552,0.0973649577289011,1.0
1769797838.08,9.366244162775184,1.9847652791808352,0.021380199044826523,1.0041153400010232,9.366244162775184,2.0,0.0,0.0,1.0,9.366244162775184,0.014672907727245875,0.0772083210784373,1.0
1769797838.1,9.372915276851234,1.9846651282062857,-0.014380355789842954,1.0129606620096976,9.372915276851234,2.0,0.0,0.0,1.0,9.372915276851234,0.015996770650183834,0.17161790192088927,1.0
1769797838.12,9.379586390927285,1.9875719216936087,0.02384036778234484,0.9984775334994643,9.379586390927285,2.0,0.0,0.0,1.0,9.379586390927285,0.012346161438072243,0.05133244942645095,1.0
1769797838.14,9.386257505003336,1.98880663337461,-0.003072589756860232,1.0006403185908541,9.386257505003336,2.0,0.0,0.0,1.0,9.386257505003336,0.009903563537889742,0.09292054858824648,1.0
1769797838.16,9.392928619079385,1.984515006199895,-0.005647853450899809,1.0094606526285534,9.392928619079386,2.0,0.0,0.0,1.0,9.392928619079386,0.015977736019390572,0.1513042969634094,1.0
1769797838.18,9.399599733155437,1.983071825472063,-0.012891188563459671,1.0127995025421603,9.399599733155437,2.0,0.0,0.0,1.0,9.399599733155437,0.017477157284820785,0.18089915314933594,1.0
1769797838.2,9.406270847231488,1.9837842839863062,-0.019300005485637598,1.0042815889603962,9.406270847231488,2.0,0.0,0.0,1.0,9.406270847231488,0.015809435723645814,0.1813198415088185,1.0
1769797838.22,9.412941961307537,1.9828868528802421,0.00656078202591328,1.0065789712039552,9.412941961307538,2.0,0.0,0.0,1.0,9.412941961307538,0.017399232186341457,0.13526201358811984,1.0
1769797838.24,9.41961307538359,1.9842344037594035,-0.019249772029855835,0.9939117024297572,9.41961307538359,2.0,0.0,0.0,1.0,9.41961307538359,0.016675514581764667,0.18862862363051452,1.0
1769797838.26,9.426284189459638,1.989086860319888,-0.0030105504561948734,1.0082216355653244,9.42628418945964,2.0,0.0,0.0,1.0,9.42628418945964,0.010171759769314934,0.09509469011188973,1.0
1769797838.28,9.432955303535689,1.9899344421089817,0.028149575868729914,1.014270688975892,9.43295530353569,2.0,0.0,0.0,1.0,9.43295530353569,0.009520456036680917,0.016813612818970345,1.0
1769797838.3,9.439626417611741,1.9885850811736052,-0.014829979280989692,1.010718853823451,9.439626417611741,2.0,0.0,0.0,1.0,9.439626417611741,0.011761784755497636,0.13622728973561293,1.0
1769797838.32,9.446297531687792,1.987915604923081,-0.028836653488590335,0.999941322945456,9.446297531687792,2.0,0.0,0.0,1.0,9.446297531687792,0.011145572092624421,0.1631985564960542,1.0
1769797838.34,9.452968645763843,1.983980053454239,-0.0338538498547608,1.0065412563739866,9.452968645763843,2.0,0.0,0.0,1.0,9.452968645763843,0.01713504525414905,0.22585930279869804,1.0
1769797838.36,9.459639759839893,1.984803917204445,0.005328774205788898,1.0012791448579876,9.459639759839893,2.0,0.0,0.0,1.0,9.459639759839893,0.014751704042126338,0.11527636752801097,1.0
1769797838.38,9.466310873915944,1.9840124488308826,-0.0012916678963300673,0.99608115792207,9.466310873915944,2.0,0.0,0.0,1.0,9.466310873915944,0.01644598656134896,0.14525489018863777,1.0
1769797838.4,9.472981987991993,1.9849569604896113,0.00593118875253296,1.0010038854238485,9.472981987991995,2.0,0.0,0.0,1.0,9.472981987991995,0.014639654378932918,0.11290806512337453,1.0
1769797838.42,9.479653102068044,1.984459058733285,0.011465635437419111,0.9883368478618596,9.479653102068045,2.0,0.0,0.0,1.0,9.479653102068045,0.015980991798453012,0.1116194802946403,1.0
1769797838.44,9.486324216144096,1.9853504305499343,0.013745087120371592,1.0039439542095363,9.486324216144096,2.0,0.0,0.0,1.0,9.486324216144096,0.01398527387492816,0.08906138904235597,1.0
1769797838.46,9.492995330220147,1.9835185681174705,-0.01568005393398461,0.9878948358452831,9.492995330220147,2.0,0.0,0.0,1.0,9.492995330220147,0.01685824365072344,0.18200082057028422,1.0
1769797838.48,9.499666444296198,1.9838555606671804,-0.008951775853578089,1.0044052724472403,9.499666444296198,2.0,0.0,0.0,1.0,9.499666444296198,0.016554839396754187,0.16390160652478913,1.0
1769797838.5,9.506337558372248,1.9864732191990695,-0.011371581117592067,0.98736890691651,9.506337558372248,2.0,0.0,0.0,1.0,9.506337558372248,0.013892246484746625,0.1465816092059836,1.0
1769797838.52,9.513008672448297,1.9907149755887144,0.010627472942914053,0.9970961485219303,9.513008672448299,2.0,0.0,0.0,1.0,9.513008672448299,0.009203615744565397,0.0549482901818309,1.0
1769797838.54,9.519679786524348,1.9929950357747064,-0.03200733525323956,0.9815707173816682,9.51967978652435,2.0,0.0,0.0,1.0,9.51967978652435,0.0054231751330017074,0.12129574487083325,1.0
1769797838.56,9.526350900600399,1.989535344820708,0.058699180965634916,0.990879999978533,9.5263509006004,2.0,0.0,0.0,1.0,9.5263509006004,0.012106586469996836,-0.031877336202646586,1.0
1769797838.58,9.533022014676451,1.992940001880807,0.007507216566719868,0.9996643972162848,9.533022014676451,2.0,0.0,0.0,1.0,9.533022014676451,0.006262000109999901,0.03674796909286748,1.0
1769797838.6,9.539693128752502,1.9919666397718712,-4.850839647165052e-05,1.001225081252587,9.539693128752502,2.0,0.0,0.0,1.0,9.539693128752502,0.00737933176866126,0.06404281032606163,1.0
1769797838.62,9.546364242828552,1.9872614327395777,0.021014141455004055,1.0015278282288822,9.546364242828552,2.0,0.0,0.0,1.0,9.546364242828552,0.01205885514791286,0.05543957666432438,1.0
1769797838.64,9.553035356904603,1.981069361251019,0.03918631015244306,1.0071658906365433,9.553035356904603,2.0,0.0,0.0,1.0,9.553035356904603,0.020615764151094017,0.08704902846785503,1.0
1769797838.66,9.559706470980652,1.9817113370555615,-0.04844241602211076,1.0081826878989086,9.559706470980654,2.0,0.0,0.0,1.0,9.559706470980654,0.01725879169434566,0.25976323789317635,1.0
1769797838.68,9.566377585056703,1.977936957319059,0.0033252759981943747,1.0077733848294201,9.566377585056705,2.0,0.0,0.0,1.0,9.566377585056705,0.02245275297366181,0.18623893886808165,1.0
1769797838.7,9.573048699132755,1.9761237523971973,-0.004264974840428888,0.979874541455874,9.573048699132755,2.0,0.0,0.0,1.0,9.573048699132755,0.024018774384746214,0.2171222769144226,1.0
1769797838.72,9.579719813208806,1.9764512229658031,-0.013448160701610182,1.0042567076294109,9.579719813208806,2.0,0.0,0.0,1.0,9.579719813208806,0.025024327542262,0.24668224227523203,1.0
1769797838.74,9.586390927284857,1.9820819244273824,0.009628395356249913,1.0125310504764249,9.586390927284857,2.0,0.0,0.0,1.0,9.586390927284857,0.016335404094619036,0.11895421650071218,1.0
1769797838.76,9.593062041360907,1.980419712086301,0.0011070640512333965,0.9895030366819856,9.593062041360907,2.0,0.0,0.0,1.0,9.593062041360907,0.019673174341697745,0.16748151851894816,1.0
1769797838.78,9.599733155436958,1.9791669272752335,-0.008912704515412153,0.9955159454617228,9.599733155436958,2.0,0.0,0.0,1.0,9.599733155436958,0.0208090302574528,0.20031980478475617,1.0
1769797838.8,9.606404269513009,1.9785448920791295,0.01726637911076097,0.999777196795956,9.606404269513009,2.0,0.0,0.0,1.0,9.606404269513009,0.022198055716632005,0.15176439522442167,1.0
1769797838.82,9.613075383589058,1.9807925488601845,-0.004226354561349314,0.9967570866053652,9.61307538358906,2.0,0.0,0.0,1.0,9.61307538358906,0.018610053403420816,0.17066265222749233,1.0
1769797838.84,9.61974649766511,1.9809595630193817,0.0016286506467513473,1.0129831853273312,9.61974649766511,2.0,0.0,0.0,1.0,9.61974649766511,0.01974765046193504,0.16691601144492205,1.0
1769797838.86,9.62641761174116,1.984184848006136,0.011485400981500518,0.9875106925895267,9.62641761174116,2.0,0.0,0.0,1.0,9.62641761174116,0.015573093241942951,0.10804968880281732,1.0
1769797838.88,9.633088725817212,1.9860199074248237,-0.0066006396084694096,0.9797773742938913,9.633088725817212,2.0,0.0,0.0,1.0,9.633088725817212,0.013719474516075239,0.13405483965029916,1.0
1769797838.9,9.639759839893262,1.9864296314201497,0.009606666106795406,1.0002140367345698,9.639759839893262,2.0,0.0,0.0,1.0,9.639759839893262,0.01336125076562748,0.093306424347527,1.0
1769797838.92,9.646430953969311,1.9859717127273966,0.000786421782469377,0.9987275212490361,9.646430953969313,2.0,0.0,0.0,1.0,9.646430953969313,0.014136527717562,0.12051922897319974,1.0
1769797838.94,9.653102068045362,1.986180082382846,0.0032262846564638896,1.00372719512946,9.653102068045364,2.0,0.0,0.0,1.0,9.653102068045364,0.013981083888883665,0.11350866560829953,1.0
1769797838.96,9.659773182121413,1.9872162361906676,0.014194638112712212,1.0061115784872399,9.659773182121414,2.0,0.0,0.0,1.0,9.659773182121414,0.012859438693632996,0.07827479926947441,1.0
1769797838.98,9.666444296197465,1.988492121749442,-0.009779947525298276,1.0017658598149966,9.666444296197465,2.0,0.0,0.0,1.0,9.666444296197465,0.01139446054144187,0.12137054687883204,1.0
1769797839.0,9.673115410273516,1.9885871694138222,0.032451520384806976,1.0012826073570242,9.673115410273516,2.0,0.0,0.0,1.0,9.673115410273516,0.010761275334324775,0.017524058614881006,1.0
1769797839.02,9.679786524349566,1.986006149965376,-0.025282150868094988,1.0066864699731266,9.679786524349566,2.0,0.0,0.0,1.0,9.679786524349566,0.01435837409711119,0.18260029585409931,1.0
1769797839.04,9.686457638425617,1.985448742286121,0.02478048469680906,1.0082504051854773,9.686457638425617,2.0,0.0,0.0,1.0,9.686457638425617,0.014873757191462817,0.07101411096191877,1.0
1769797839.06,9.693128752501666,1.9857729850205803,-0.015284170094070204,1.0056807314227554,9.693128752501668,2.0,0.0,0.0,1.0,9.693128752501668,0.013603667831074934,0.15313206027696336,1.0
1769797839.08,9.699799866577717,1.983544683953996,-0.012700999579373042,1.0032625671190734,9.699799866577719,2.0,0.0,0.0,1.0,9.699799866577719,0.016811725603901793,0.17474991790529085,1.0
1769797839.1,9.70647098065377,1.9837900744088968,-0.0055447079263559445,1.0088729320109342,9.70647098065377,2.0,0.0,0.0,1.0,9.70647098065377,0.017020372509064408,0.16003844444160212,1.0
1769797839.12,9.71314209472982,1.9870935371515732,-0.0028582802851666107,0.9976114642167637,9.71314209472982,2.0,0.0,0.0,1.0,9.71314209472982,0.012182449519049576,0.11211273029800405,1.0
1769797839.14,9.71981320880587,1.9871949966871045,0.007557236816119231,1.0142633500641678,9.71981320880587,2.0,0.0,0.0,1.0,9.71981320880587,0.012981728976176662,0.09479742069437334,1.0
1769797839.16,9.726484322881921,1.987875147959386,0.007890491355585328,1.0054498521685815,9.726484322881921,2.0,0.0,0.0,1.0,9.726484322881921,0.011878824015383614,0.08448324605502493,1.0
1769797839.18,9.733155436957972,1.9875135010891039,0.013011486402261364,1.0035399301501333,9.733155436957972,2.0,0.0,0.0,1.0,9.733155436957972,0.01259283155274079,0.07872629689898106,1.0
1769797839.2,9.739826551034021,1.9869707473783238,0.024932625399445567,1.0151623864324728,9.739826551034023,2.0,0.0,0.0,1.0,9.739826551034023,0.012351926785901784,0.048833761648121955,1.0
1769797839.22,9.746497665110072,1.9836435298064061,-0.026473816288443294,0.991931190326684,9.746497665110073,2.0,0.0,0.0,1.0,9.746497665110073,0.016732860232737526,0.20564394655906684,1.0
1769797839.24,9.753168779186124,1.9818351064533422,0.006393004967948344,1.0084227791688665,9.753168779186124,2.0,0.0,0.0,1.0,9.753168779186124,0.017927200916174665,0.14020373344820855,1.0
1769797839.26,9.759839893262175,1.9795297225269088,0.009688786668691223,1.0142050292542966,9.759839893262175,2.0,0.0,0.0,1.0,9.759839893262175,0.021082549175310175,0.15974083691173044,1.0
1769797839.28,9.766511007338226,1.9802621911001959,-0.015170809886247616,1.0031719415276794,9.766511007338226,2.0,0.0,0.0,1.0,9.766511007338226,0.019918393455835993,0.20704564598686742,1.0
1769797839.3,9.773182121414276,1.9819162760023818,-0.00034651785714598273,1.0110004565660637,9.773182121414276,2.0,0.0,0.0,1.0,9.773182121414276,0.018162612398367674,0.15784834115746949,1.0
1769797839.32,9.779853235490325,1.9841831553104756,-0.018068385189400755,1.0050975865292358,9.779853235490327,2.0,0.0,0.0,1.0,9.779853235490327,0.01606149322526617,0.18065351264910284,1.0
1769797839.34,9.786524349566376,1.9870148278970852,-0.015885950040569176,1.0151968430845173,9.786524349566378,2.0,0.0,0.0,1.0,9.786524349566378,0.012408272214635255,0.14423431846452173,1.0
1769797839.36,9.793195463642427,1.9874468095967228,-0.015808503936486,1.0078829038084152,9.793195463642428,2.0,0.0,0.0,1.0,9.793195463642428,0.012845698994942298,0.14782048027097788,1.0
1769797839.38,9.799866577718479,1.9883736066000037,0.01696525257260348,0.990026802296968,9.799866577718479,2.0,0.0,0.0,1.0,9.799866577718479,0.010756168609202223,0.05360755584395675,1.0
1769797839.4,9.80653769179453,1.9851353649179952,0.0012318634683635274,0.9990498957212728,9.80653769179453,2.0,0.0,0.0,1.0,9.80653769179453,0.014760645420420434,0.12487137547898852,1.0
1769797839.42,9.81320880587058,1.982008598793667,0.0015975345267561858,0.9999253669084274,9.81320880587058,2.0,0.0,0.0,1.0,9.81320880587058,0.018588161851406805,0.15701209703160046,1.0
1769797839.44,9.819879919946631,1.9820192640844203,0.007135576181155602,1.0073862546874373,9.819879919946631,2.0,0.0,0.0,1.0,9.819879919946631,0.01833328432031364,0.14198106700436386,1.0
1769797839.46,9.82655103402268,1.9834505780498688,0.0252958834709951,1.0225212616402164,9.826551034022682,2.0,0.0,0.0,1.0,9.826551034022682,0.016324844736067982,0.08236372057459018,1.0
1769797839.48,9.83322214809873,1.9844691725349568,0.010037059767656079,1.019878886548589,9.833222148098733,2.0,0.0,0.0,1.0,9.833222148098733,0.016166134983644366,0.11654218349859116,1.0
1769797839.5,9.839893262174783,1.9890997464974238,0.07174525759361822,1.0028607168121586,9.839893262174783,2.0,0.0,0.0,1.0,9.839893262174783,0.011547464559814683,-0.06679766695027936,1.0
1769797839.52,9.846564376250834,1.994685730714207,0.008396008072343584,1.0156168948472553,9.846564376250834,2.0,0.0,0.0,1.0,9.846564376250834,0.003249361272995509,0.008569747429129294,1.0
1769797839.54,9.853235490326885,1.9911168957996583,0.004138701299222124,1.0078920484518905,9.853235490326885,2.0,0.0,0.0,1.0,9.853235490326885,0.009364522462065357,0.07146939685143222,1.0
1769797839.56,9.859906604402935,1.9898331137805982,-0.06353482681161368,1.0056987708465321,9.859906604402935,2.0,0.0,0.0,1.0,9.859906604402935,0.010205320560179608,0.23383883292321214,1.0
1769797839.58,9.866577718478986,1.988566123575711,-0.002457519833702329,1.005235722800871,9.866577718478986,2.0,0.0,0.0,1.0,9.866577718478986,0.011271307981498165,0.10331142338750056,1.0
1769797839.6,9.873248832555037,1.9862735237142837,-0.02411831750151023,0.9983825893731354,9.873248832555037,2.0,0.0,0.0,1.0,9.873248832555037,0.013459519362199718,0.1722243201648264,1.0
1769797839.62,9.879919946631086,1.983769855799837,-0.016593386054545772,1.0037487058405945,9.879919946631087,2.0,0.0,0.0,1.0,9.879919946631087,0.017264875123552507,0.18758509750147936,1.0
1769797839.64,9.886591060707138,1.9847527047300764,-0.011797730975448693,1.0054075021393767,9.886591060707138,2.0,0.0,0.0,1.0,9.886591060707138,0.013905067805460218,0.14767665618024015,1.0
1769797839.66,9.893262174783189,1.9794899848154486,-0.0045444325258515205,1.0058458163688948,9.893262174783189,2.0,0.0,0.0,1.0,9.893262174783189,0.020528174507179094,0.18786673890600344,1.0
1769797839.68,9.89993328885924,1.975136974983811,-0.006266992887012709,1.023797798893373,9.89993328885924,2.0,0.0,0.0,1.0,9.89993328885924,0.025687991593581823,0.23596082993568868,1.0
1769797839.7,9.90660440293529,1.9749749786284223,0.024992727320954113,0.9978079303055138,9.90660440293529,2.0,0.0,0.0,1.0,9.90660440293529,0.02536619081999233,0.16109392873269154,1.0
1769797839.72,9.91327551701134,1.9760878639054043,0.01704070572372268,1.0078363517735713,9.913275517011341,2.0,0.0,0.0,1.0,9.913275517011341,0.023594893634364913,0.16431390439052962,1.0
1769797839.74,9.91994663108739,1.9772626653410463,0.026140780935339773,0.9873852567359644,9.919946631087392,2.0,0.0,0.0,1.0,9.919946631087392,0.024279715632023167,0.14906990093598385,1.0
1769797839.76,9.92661774516344,1.9856620880787548,0.02034375108869341,0.9972840758868182,9.926617745163442,2.0,0.0,0.0,1.0,9.926617745163442,0.014364755348987073,0.07695977322002764,1.0
1769797839.78,9.933288859239493,1.9923345285743976,-0.004035693791495848,1.0085477770677298,9.933288859239493,2.0,0.0,0.0,1.0,9.933288859239493,0.0058132198540731764,0.059774716048221606,1.0
1769797839.8,9.939959973315544,1.990191164207647,-0.02396075677702178,1.0242918359400295,9.939959973315544,2.0,0.0,0.0,1.0,9.939959973315544,0.009636871597094004,0.1390131126536586,1.0
1769797839.82,9.946631087391594,1.9881854712065024,0.035400897245594684,1.0093019115982005,9.946631087391594,2.0,0.0,0.0,1.0,9.946631087391594,0.012754699736978122,0.027899217758720604,1.0
1769797839.84,9.953302201467645,1.989162040572218,0.00687120517430467,1.0217594684354536,9.953302201467645,2.0,0.0,0.0,1.0,9.953302201467645,0.009432757391733677,0.06569134649615316,1.0
1769797839.86,9.959973315543694,1.983808441327798,-0.03982822378623197,0.9865976500977164,9.959973315543696,2.0,0.0,0.0,1.0,9.959973315543696,0.016418999563624814,0.2332849309140274,1.0
1769797839.88,9.966644429619745,1.9807475186501429,0.024284676340514753,0.9843222370081596,9.966644429619747,2.0,0.0,0.0,1.0,9.966644429619747,0.02048376708997966,0.12065621786225758,1.0
1769797839.9,9.973315543695797,1.9834417774217334,-0.00017120966624487786,0.9918090343268459,9.973315543695797,2.0,0.0,0.0,1.0,9.973315543695797,0.01656740390693936,0.14370534536172896,1.0
1769797839.92,9.979986657771848,1.9854775362025412,-0.024163668786213132,0.9880347106124366,9.979986657771848,2.0,0.0,0.0,1.0,9.979986657771848,0.01382111760620251,0.1754301711126538,1.0
1769797839.94,9.986657771847899,1.9852828422285165,0.013601833120541043,0.9950032398308586,9.986657771847899,2.0,0.0,0.0,1.0,9.986657771847899,0.015759653909180295,0.10473438755151655,1.0
1769797839.96,9.99332888592395,1.989771197648436,-0.019023652187085082,0.9956980575411231,9.99332888592395,2.0,0.0,0.0,1.0,9.99332888592395,0.010046869769590528,0.1311461892812896,1.0
1769797839.98,10.0,1.99341053435248,0.0027411999321499732,1.0034425642510585,10.0,2.0,0.0,0.0,1.0,10.0,0.006589465647519983,0.050700854874413954,1.0
