timestamp,x,y,theta,v,x_ref,y_ref,theta_ref,kappa_ref,v_ref,s_ref,cte,steering_cmd,velocity_cmd
1769796695.665235,-0.0,-0.007183724712960722,1.600374488472977,0.3,0.0,0.0,1.570796,0.666667,1.0,0.0,0.0063968221539088795,0.17588028200028177,0.3
1769796695.686376,-0.0,-0.007836546273088415,1.5512130511264037,0.3,0.0,0.0,1.570796,0.666667,1.0,0.0,0.007970627272012564,0.18266826125308924,0.3
1769796695.707472,-0.0,-0.008995652417237368,1.5696087037306252,0.3,0.0,0.0,1.570796,0.666667,1.0,0.0,0.009142189393343804,0.2040774213571536,0.3
1769796695.728248,-0.0,-0.010208026137048147,1.5717958629878361,0.3,0.0,0.0,1.570796,0.666667,1.0,0.0,0.009874140586355733,0.20027143495647884,0.3
1769796695.74896,-0.0,-0.011228999333975318,1.5705054046352238,0.3,0.0,0.0,1.570796,0.666667,1.0,0.0,0.011607748431444905,0.19485884519673294,0.3
1769796695.769495,-0.0,-0.011806868615671708,1.589985178255933,0.3,0.0,0.0,1.570796,0.666667,1.0,0.0,0.012205108984125317,0.1908797176226902,0.3
1769796695.790035,-0.0,-0.011228999333975318,1.5850503119175134,0.3,0.0,0.0,1.570796,0.666667,1.0,0.0,0.011607748431444905,0.18771209120994645,0.3
1769796695.810771,-0.0,-0.009551957360430623,1.57068529784678,0.3,0.0,0.0,1.570796,0.666667,1.0,0.0,0.009874140586355733,0.18440987500564263,0.3
1769796695.831181,-0.0,-0.00693990324804668,1.5794117013243352,0.3,0.0,0.0,1.570796,0.666667,1.0,0.0,0.007173983063491232,0.17443862835307425,0.3
1769796695.851725,-0.0,-0.003648523052594769,1.5776378524529076,0.3,0.0,0.0,1.570796,0.666667,1.0,0.0,0.003771586094293075,0.15420380185186797,0.3
1769796695.872209,-0.0,-1.3010426069826053e-18,1.5757418583771572,0.3,0.0,0.0,1.570796,0.666667,1.0,0.0,1.982541115402065e-18,0.1424400464667913,0.3
1769796695.892663,-0.0,0.0036485230525947665,1.5649867519778913,0.3,0.0,0.0,1.570796,0.666667,1.0,0.0,-0.0037715860942930716,0.1297480370444198,0.3
1769796695.913345,-0.0,0.006939903248046678,1.5649552127552515,0.3,0.0,0.0,1.570796,0.666667,1.0,0.0,-0.007173983063491229,0.10018581551636958,0.3
1769796695.933465,-0.0,0.009551957360430623,1.5984411186736924,0.3,0.0,0.0,1.570796,0.666667,1.0,0.0,-0.00987414058635573,0.07720683187946313,0.3
1769796695.953706,-0.0,0.011228999333975318,1.582054998264111,0.3,0.0,0.0,1.570796,0.666667,1.0,0.0,-0.011607748431444905,0.05954043943362466,0.3
1769796695.973858,-0.0,0.011806868615671711,1.5814164224178955,0.3,0.0,0.0,1.570796,0.666667,1.0,0.0,-0.012205108984125319,0.06487717211149473,0.3
1769796695.994266,-0.0,0.011228999333975321,1.5825787848187969,0.3,0.0,0.0,1.570796,0.666667,1.0,0.0,-0.011607748431444909,0.0846267711889425,0.3
1769796696.014567,-0.0,0.009551957360430626,1.550701497081826,0.3,0.0,0.0,1.570796,0.666667,1.0,0.0,-0.009874140586355735,0.11942920845367277,0.3
1769796696.034812,-0.0,0.006939903248046682,1.5328178944892532,0.3,0.0,0.0,1.570796,0.666667,1.0,0.0,-0.007173983063491233,0.14036118538696085,0.3
1769796696.055948,-0.0,0.0036485230525947726,1.5693462850877387,0.3,0.0,0.0,1.570796,0.666667,1.0,0.0,-0.0037715860942930776,0.14573178645075105,0.3
1769796696.075606,-0.0,5.059610138265687e-18,1.5735436842465083,0.3,0.0,0.0,1.570796,0.666667,1.0,0.0,-4.956352788505163e-18,0.15303557351330307,0.3
1769796696.096175,-0.0,-0.0036485230525947626,1.555593008369423,0.3,0.0,0.0,1.570796,0.666667,1.0,0.0,0.003771586094293069,0.17471747991154274,0.3
1769796696.116011,-0.0,-0.006939903248046675,1.5651553135423608,0.3,0.0,0.0,1.570796,0.666667,1.0,0.0,0.007173983063491226,0.17634358961676525,0.3
1769796696.136446,-0.0,-0.00955195736043062,1.6034085131941689,0.3,0.0,0.0,1.570796,0.666667,1.0,0.0,0.00987414058635573,0.18190841502402125,0.3
1769796696.156879,-0.0,-0.011228999333975316,1.571250854414565,0.3,0.0,0.0,1.570796,0.666667,1.0,0.0,0.011607748431444903,0.20166500631505022,0.3
1769796696.176827,-0.0,-0.011806868615671708,1.5446567151253954,0.3,0.0,0.0,1.570796,0.666667,1.0,0.0,0.012205108984125317,0.21970833969113768,0.3
1769796696.197716,-0.0,-0.011228999333975318,1.5753227833306933,0.3,0.0,0.0,1.570796,0.666667,1.0,0.0,0.011607748431444907,0.21205902277630387,0.3
1769796696.217736,-0.0,-0.009551957360430624,1.5798498027315606,0.3,0.0,0.0,1.570796,0.666667,1.0,0.0,0.009874140586355735,0.18519367536069944,0.3
1769796696.237907,-0.0,-0.006939903248046681,1.5785021664042336,0.3,0.0,0.0,1.570796,0.666667,1.0,0.0,0.007173983063491234,0.18046632906749027,0.3
1769796696.237907,-0.0,-0.0036485230525947717,1.5580857360930904,0.3,0.0,0.0,1.570796,0.666667,1.0,0.0,0.003771586094293078,0.16525180301765485,0.3
1769796696.258062,-0.0,-3.758567531283082e-18,1.575474631733293,0.3,0.0,0.0,1.570796,0.666667,1.0,0.0,4.708535149079905e-18,0.14795186687103945,0.3
1769796696.27846,-0.0,0.003648523052594765,1.5744614282887217,0.3,0.0,0.0,1.570796,0.666667,1.0,0.0,-0.00377158609429307,0.12200827304810745,0.3
1769796696.298772,-0.0,0.006939903248046678,1.5702688461383092,0.3,0.0,0.0,1.570796,0.666667,1.0,0.0,-0.007173983063491227,0.10943929951780784,0.3
1769796696.318728,-0.0,0.009551957360430623,1.5661463617818303,0.3,0.0,0.0,1.570796,0.666667,1.0,0.0,-0.009874140586355731,0.10486194029354844,0.3
1769796696.338866,-0.0,0.011228999333975318,1.556932612757393,0.3,0.0,0.0,1.570796,0.666667,1.0,0.0,-0.011607748431444905,0.08785984811262486,0.3
1769796696.359221,-0.0,0.011806868615671711,1.5855076653525952,0.3,0.0,0.0,1.570796,0.666667,1.0,0.0,-0.012205108984125317,0.08565313568495797,0.3
1769796696.379857,-0.0,0.011228999333975321,1.564514788324988,0.3,0.0,0.0,1.570796,0.666667,1.0,0.0,-0.011607748431444907,0.07382673568662888,0.3
1769796696.399999,-0.0,0.009551957360430628,1.5849597031799385,0.3,0.0,0.0,1.570796,0.666667,1.0,0.0,-0.009874140586355737,0.09639739040402436,0.3
1769796696.420346,-0.0,0.006939903248046687,1.5598189458023464,0.3,0.0,0.0,1.570796,0.666667,1.0,0.0,-0.007173983063491239,0.10323578362978003,0.3
1769796696.440664,-0.0,0.003648523052594778,1.5777912559689715,0.3,0.0,0.0,1.570796,0.666667,1.0,0.0,-0.003771586094293083,0.12033762661488949,0.3
1769796696.460761,-0.0,1.0263780566196109e-17,1.5857236798907939,0.3,0.0,0.0,1.570796,0.666667,1.0,0.0,-9.664887937585068e-18,0.14521536559070838,0.3
1769796696.481032,-0.0,-0.003648523052594758,1.5496246533746567,0.3,0.0,0.0,1.570796,0.666667,1.0,0.0,0.0037715860942930633,0.16878875488233636,0.3
1769796696.50146,-0.0,-0.00693990324804667,1.5700576703283293,0.3,0.0,0.0,1.570796,0.666667,1.0,0.0,0.007173983063491221,0.19767849974513474,0.3
1769796696.522041,-0.0,-0.009551957360430614,1.5644160056899925,0.3,0.0,0.0,1.570796,0.666667,1.0,0.0,0.009874140586355726,0.20949708790265253,0.3
1769796696.541879,-0.0,-0.011228999333975311,1.5534715527111826,0.3,0.0,0.0,1.570796,0.666667,1.0,0.0,0.011607748431444897,0.21760005093420276,0.3
1769796696.561875,-0.0,-0.011806868615671706,1.5715947661294207,0.3,0.0,0.0,1.570796,0.666667,1.0,0.0,0.012205108984125313,0.22626981194268644,0.3
1769796696.582225,-0.0,-0.011228999333975318,1.5538464797478202,0.3,0.0,0.0,1.570796,0.666667,1.0,0.0,0.011607748431444909,0.21455903621024822,0.3
1769796696.60255,-0.0,-0.009551957360430628,1.56976377461149,0.3,0.0,0.0,1.570796,0.666667,1.0,0.0,0.009874140586355737,0.1871137902815282,0.3
1769796696.622802,-0.0,-0.006939903248046687,1.6063382328817164,0.3,0.0,0.0,1.570796,0.666667,1.0,0.0,0.007173983063491241,0.15851846117232574,0.3
1769796696.642825,-0.0,-0.003648523052594778,1.581485025518644,0.3,0.0,0.0,1.570796,0.666667,1.0,0.0,0.0037715860942930854,0.14211884799237165,0.3
1769796696.663359,-0.0,-8.014285714286745e-05,1.5676317585788708,0.3,0.0,0.0,1.570796,0.666667,1.0,0.0,1.0408340855860843e-17,0.15107965886695554,0.3
1769796696.683625,-0.0,0.0031806659097376147,1.5538514848901512,0.3,0.0,0.0,1.570796,0.666667,1.0,0.0,-0.00353115752286449,0.13863588724774348,0.3
1769796696.703754,-0.0,0.005477474676618098,1.572217241957985,0.3,0.0,0.0,1.570796,0.666667,1.0,0.0,-0.006010840206348361,0.12675058007541876,0.3
1769796696.724887,0.000374,0.006263814503287761,1.5669544756676135,0.3,0.0,0.0,1.570796,0.666667,1.0,0.0,-0.00689042630064144,0.11199356364711377,0.3
1769796696.744506,0.0018093333333333331,0.00520142790540389,1.573667098699414,0.3,0.0,0.0,1.570796,0.666667,1.0,0.0,-0.005890177002873476,0.1194251913086715,0.3
1769796696.764775,0.004641333333333333,0.0021094400442431445,1.5688989329849083,0.3,0.0,0.0,1.570796,0.666667,1.0,0.0,-0.0028236804126967516,0.1411405359080097,0.3
1769796696.784811,0.00852,-0.0030865720945960993,1.5571438593504972,0.3,0.0,0.0,1.570796,0.666667,1.0,0.0,0.002385537282840797,0.17316365217630056,0.3
1769796696.804962,0.012783999999999998,-0.010270114068140794,1.5655302166193104,0.3,0.0,0.0,1.570796,0.666667,1.0,0.0,0.009697859413644256,0.20043044676078528,0.3
1769796696.825422,0.017126,-0.019080882466239023,1.589539523216626,0.3,0.0,0.0,1.570796,0.666667,1.0,0.0,0.01872694550793733,0.24466590670114205,0.3
1769796696.845663,0.021551333333333336,-0.029017048375976646,1.5613570788713078,0.3,0.0,0.0,1.570796,0.666667,1.0,0.0,0.028817842477135484,0.2894145767950573,0.3
1769796696.865686,0.026071,-0.03961464285714285,1.5795195015751868,0.3,0.0,0.0,1.570796,0.666667,1.0,0.0,0.03950635714285714,0.3533438814402435,0.3
1769796696.885806,0.030736666666666666,-0.05054152305259477,1.5719883219195356,0.3,0.0,0.0,1.570796,0.666667,1.0,0.0,0.05051972895143592,0.3969405611711545,0.3
1769796696.906221,0.03565033333333333,-0.06152704610518953,1.5842871803955851,0.3,0.0,0.0,1.570796,0.666667,1.0,0.0,0.06159848306349123,0.45880225019432297,0.3
1769796696.926813,0.04094899999999999,-0.07228345736043063,1.5631689076798505,0.3,0.0,0.0,1.570796,0.666667,1.0,0.0,0.07246292630064145,0.508597772163043,0.3
1769796696.947131,0.04674966666666667,-0.08253335647683246,1.5749466479320289,0.3,0.0,0.0,1.570796,0.666667,1.0,0.0,0.0827889627171592,0.5643385296007368,0.3
1769796696.967307,0.053031999999999996,-0.09203415432995743,1.5542210331482178,0.3,0.0,0.0,1.570796,0.666667,1.0,0.0,0.09234818041269675,0.5879501914087385,0.3
1769796696.987666,0.05955833333333333,-0.10061614219111818,1.6056544723706418,0.3,0.0,0.0,1.570796,0.666667,1.0,0.0,0.10096531986001635,0.6060570046795623,0.3
1769796697.007812,0.06607766666666666,-0.1081763859318592,1.5568168289827113,0.3,0.0,0.0,1.570796,0.666667,1.0,0.0,0.10853492630064146,0.6060570046795623,0.3
1769796697.028162,0.07237700000000001,-0.11471161753376097,1.58159372178239,0.3,0.0,0.0,1.570796,0.666667,1.0,0.0,0.11502891163491981,0.6109,0.3
1769796697.048613,0.07839633333333333,-0.1203405944811662,1.5829983370292111,0.3,0.0,0.0,1.570796,0.666667,1.0,0.0,0.12057101466572165,0.6109,0.3
1769796697.068834,0.08405633333333334,-0.12532714285714286,1.5752809899278661,0.3,0.0,0.0,1.570796,0.666667,1.0,0.0,0.12542185714285717,0.6109,0.3
1769796697.088947,0.08943699999999999,-0.1300269055188338,1.5406402516372182,0.3,0.0,0.0,1.570796,0.666667,1.0,0.0,0.1299885567628498,0.6109,0.3
1769796697.109349,0.09466033333333333,-0.1348392396090962,1.564341083710032,0.3,0.0,0.0,1.570796,0.666667,1.0,0.0,0.1346703026507945,0.6109,0.3
1769796697.129605,0.09985533333333334,-0.1397760426395694,1.579523177915449,0.3,0.0,0.0,1.570796,0.666667,1.0,0.0,0.13985885941364426,0.6109,0.3
1769796697.15006,0.10503633333333334,-0.14480135780888181,1.569810455164999,0.3,0.0,0.0,1.570796,0.666667,1.0,0.0,0.14479896585426938,0.6109,0.3
1769796697.170219,0.11019433333333334,-0.1497728456700426,1.5928090242500212,0.3,0.0,0.0,1.570796,0.666667,1.0,0.0,0.14974624815873186,0.6109,0.3
1769796697.190775,0.11362433333333333,-0.15478078638031043,1.5646241739811233,0.3,0.0,0.0,1.570796,0.666667,1.0,0.0,0.1547733229971265,0.6109,0.3
1769796697.190775,0.115334,-0.15977468549671225,1.5896970837173148,0.3,0.0,0.0,1.570796,0.666667,1.0,0.0,0.15982278798507285,0.6109,0.3
1769796697.190775,0.115334,-0.16459338246623903,1.544939563655743,0.3,0.0,0.0,1.570796,0.666667,1.0,0.0,0.16472794550793735,0.6109,0.3
1769796697.190775,0.115334,-0.16898611980454806,1.5580403318003366,0.3,0.0,0.0,1.570796,0.666667,1.0,0.0,0.16922941390570692,0.6109,0.3
1769796697.190775,0.115334,-0.17300099999999996,1.6001213021427656,0.3,0.0,0.0,1.570796,0.666667,1.0,0.0,0.173001,0.6109,0.3
1769796697.190775,0.115334,-0.17664952305259474,1.594629894874911,0.3,0.0,0.0,1.570796,0.666667,1.0,0.0,0.17677258609429305,0.6109,0.3
1769796697.190775,0.115334,-0.17994090324804668,1.6006687525652632,0.3,0.0,0.0,1.570796,0.666667,1.0,0.0,0.1801749830634912,0.6109,0.3
1769796697.190775,0.115334,-0.18255295736043062,1.5565106478845825,0.3,0.0,0.0,1.570796,0.666667,1.0,0.0,0.18287514058635573,0.6109,0.3
1769796697.190775,0.115334,-0.18422999933397533,1.5544220527487824,0.3,0.0,0.0,1.570796,0.666667,1.0,0.0,0.18460874843144492,0.6109,0.3
1769796697.190775,0.115334,-0.1848078686156717,1.5708351625823171,0.3,0.0,0.0,1.570796,0.666667,1.0,0.0,0.18520610898412532,0.6109,0.3
1769796697.190775,0.115334,-0.18422999933397533,1.5469249048529774,0.3,0.0,0.0,1.570796,0.666667,1.0,0.0,0.1846087484314449,0.6109,0.3
1769796697.190775,0.115334,-0.18255295736043065,1.5783520246653335,0.3,0.0,0.0,1.570796,0.666667,1.0,0.0,0.18287514058635576,0.6109,0.3
1769796697.190775,0.115334,-0.1799409032480467,1.5647891660940783,0.3,0.0,0.0,1.570796,0.666667,1.0,0.0,0.18017498306349128,0.6109,0.3
1769796697.190775,0.115334,-0.17664952305259476,1.5603764597819507,0.3,0.0,0.0,1.570796,0.666667,1.0,0.0,0.17677258609429308,0.6109,0.3
1769796697.190775,0.115334,-0.17300100000000004,1.5664587155926093,0.3,0.0,0.0,1.570796,0.666667,1.0,0.0,0.17300100000000002,0.6109,0.3
1769796697.190775,0.115334,-0.1693524769474052,1.584248878266011,0.3,0.0,0.0,1.570796,0.666667,1.0,0.0,0.16922941390570692,0.6109,0.3
1769796697.190775,0.115334,-0.16606109675195335,1.600199297647247,0.3,0.0,0.0,1.570796,0.666667,1.0,0.0,0.16582701693650878,0.6109,0.3
1769796697.190775,0.115334,-0.16344904263956941,1.5680655115255828,0.3,0.0,0.0,1.570796,0.666667,1.0,0.0,0.1631268594136443,0.6109,0.3
1769796697.190775,0.115334,-0.1617720006660247,1.570874220426207,0.3,0.0,0.0,1.570796,0.666667,1.0,0.0,0.16139325156855513,0.6109,0.3
1769796697.190775,0.115334,-0.16119413138432828,1.5582806545324166,0.3,0.0,0.0,1.570796,0.666667,1.0,0.0,0.1607958910158747,0.6109,0.3
1769796697.190775,0.115334,-0.16177200066602468,1.5692743021369788,0.3,0.0,0.0,1.570796,0.666667,1.0,0.0,0.16139325156855508,0.6109,0.3
1769796697.190775,0.115334,-0.1634490426395694,1.5687023546002727,0.3,0.0,0.0,1.570796,0.666667,1.0,0.0,0.16312685941364427,0.6109,0.3
1769796697.190775,0.115334,-0.16606109675195332,1.5927888711732023,0.3,0.0,0.0,1.570796,0.666667,1.0,0.0,0.16582701693650878,0.6109,0.3
1769796697.190775,0.115334,-0.1693524769474052,1.5936852222100601,0.3,0.0,0.0,1.570796,0.666667,1.0,0.0,0.1692294139057069,0.6109,0.3
1769796697.190775,0.115334,-0.17300099999999996,1.5557686029027291,0.3,0.0,0.0,1.570796,0.666667,1.0,0.0,0.173001,0.6109,0.3
1769796697.190775,0.115334,-0.17664952305259476,1.5567620395297344,0.3,0.0,0.0,1.570796,0.666667,1.0,0.0,0.17677258609429305,0.6109,0.3
1769796697.190775,0.115334,-0.17994090324804668,1.584472672783401,0.3,0.0,0.0,1.570796,0.666667,1.0,0.0,0.18017498306349125,0.6109,0.3
1769796697.190775,0.115334,-0.18255295736043062,1.5608738068812584,0.3,0.0,0.0,1.570796,0.666667,1.0,0.0,0.18287514058635573,0.6109,0.3
1769796697.190775,0.115334,-0.18422999933397533,1.5684136820796202,0.3,0.0,0.0,1.570796,0.666667,1.0,0.0,0.1846087484314449,0.6109,0.3
1769796697.190775,0.115334,-0.1848078686156717,1.6065525197656902,0.3,0.0,0.0,1.570796,0.666667,1.0,0.0,0.1852061089841253,0.6109,0.3
1769796697.190775,0.115334,-0.18422999933397533,1.5823803947210315,0.3,0.0,0.0,1.570796,0.666667,1.0,0.0,0.18460874843144495,0.6109,0.3
1769796697.190775,0.115334,-0.18255295736043067,1.5754923069193256,0.3,0.0,0.0,1.570796,0.666667,1.0,0.0,0.18287514058635576,0.6109,0.3
1769796697.190775,0.115334,-0.1799409032480467,1.567781804891691,0.3,0.0,0.0,1.570796,0.666667,1.0,0.0,0.18017498306349125,0.6109,0.3
1769796697.190775,0.115334,-0.17664952305259476,1.5659860351421477,0.3,0.0,0.0,1.570796,0.666667,1.0,0.0,0.1767725860942931,0.6109,0.3
1769796697.190775,0.115334,-0.17300100000000004,1.5842625228091174,0.3,0.0,0.0,1.570796,0.666667,1.0,0.0,0.17300100000000002,0.6109,0.3
1769796697.190775,0.115334,-0.16935247694740527,1.5740764704652266,0.3,0.0,0.0,1.570796,0.666667,1.0,0.0,0.16922941390570695,0.6109,0.3
1769796697.190775,0.115334,-0.16606109675195335,1.5656879767012564,0.3,0.0,0.0,1.570796,0.666667,1.0,0.0,0.1658270169365088,0.6109,0.3
1769796697.190775,0.115334,-0.16344904263956941,1.6024702230349879,0.3,0.0,0.0,1.570796,0.666667,1.0,0.0,0.1631268594136443,0.6109,0.3
1769796697.190775,0.115334,-0.1617720006660247,1.5463845826355236,0.3,0.0,0.0,1.570796,0.666667,1.0,0.0,0.16139325156855513,0.6109,0.3
1769796697.190775,0.115334,-0.16119413138432828,1.5784531311449193,0.3,0.0,0.0,1.570796,0.666667,1.0,0.0,0.1607958910158747,0.6109,0.3
1769796697.190775,0.115334,-0.16177200066602468,1.5773209700993018,0.3,0.0,0.0,1.570796,0.666667,1.0,0.0,0.16139325156855508,0.6109,0.3
1769796697.190775,0.115334,-0.1634490426395694,1.586541394481179,0.3,0.0,0.0,1.570796,0.666667,1.0,0.0,0.16312685941364427,0.6109,0.3
1769796697.190775,0.115334,-0.16606109675195332,1.563445875716911,0.3,0.0,0.0,1.570796,0.666667,1.0,0.0,0.16582701693650878,0.6109,0.3
1769796697.190775,0.115334,-0.1693524769474052,1.5435920832085452,0.3,0.0,0.0,1.570796,0.666667,1.0,0.0,0.16922941390570692,0.6109,0.3
1769796697.190775,0.115334,-0.173001,1.5438748286901072,0.3,0.0,0.0,1.570796,0.666667,1.0,0.0,0.173001,0.6109,0.3
1769796697.190775,0.115334,-0.17664952305259476,1.5961969651777272,0.3,0.0,0.0,1.570796,0.666667,1.0,0.0,0.17677258609429305,0.6109,0.3
1769796697.190775,0.115334,-0.17994090324804668,1.5600131197835663,0.3,0.0,0.0,1.570796,0.666667,1.0,0.0,0.18017498306349125,0.6109,0.3
1769796697.190775,0.115334,-0.18255295736043065,1.5629045551202834,0.3,0.0,0.0,1.570796,0.666667,1.0,0.0,0.18287514058635573,0.6109,0.3
1769796697.190775,0.115334,-0.18422999933397533,1.5623199678772712,0.3,0.0,0.0,1.570796,0.666667,1.0,0.0,0.18460874843144492,0.6109,0.3
1769796697.190775,0.115334,-0.1848078686156717,1.548921284552714,0.3,0.0,0.0,1.570796,0.666667,1.0,0.0,0.18520610898412532,0.6109,0.3
1769796697.190775,0.115334,-0.18422999933397533,1.5962439292337025,0.3,0.0,0.0,1.570796,0.666667,1.0,0.0,0.1846087484314449,0.6109,0.3
1769796697.190775,0.115334,-0.18255295736043065,1.5662719359900692,0.3,0.0,0.0,1.570796,0.666667,1.0,0.0,0.18287514058635576,0.6109,0.3
1769796697.190775,0.115334,-0.17994090324804668,1.559805765415177,0.3,0.0,0.0,1.570796,0.666667,1.0,0.0,0.18017498306349125,0.6109,0.3
1769796697.190775,0.115334,-0.17664952305259476,1.570274041668644,0.3,0.0,0.0,1.570796,0.666667,1.0,0.0,0.17677258609429308,0.6109,0.3
1769796697.190775,0.115334,-0.17300100000000004,1.5828864562130367,0.3,0.0,0.0,1.570796,0.666667,1.0,0.0,0.17300100000000002,0.6109,0.3
1769796697.190775,0.115334,-0.1693524769474052,1.5734379799414646,0.3,0.0,0.0,1.570796,0.666667,1.0,0.0,0.16922941390570692,0.6109,0.3
1769796697.190775,0.115334,-0.16606109675195335,1.5748060459263102,0.3,0.0,0.0,1.570796,0.666667,1.0,0.0,0.16582701693650878,0.6109,0.3
1769796697.190775,0.115334,-0.1634490426395694,1.5886601820520978,0.3,0.0,0.0,1.570796,0.666667,1.0,0.0,0.1631268594136443,0.6109,0.3
1769796697.190775,0.115334,-0.16177200066602468,1.5623565052325035,0.3,0.0,0.0,1.570796,0.666667,1.0,0.0,0.16139325156855508,0.6109,0.3
1769796697.190775,0.115334,-0.16119413138432828,1.5593075364155886,0.3,0.0,0.0,1.570796,0.666667,1.0,0.0,0.1607958910158747,0.6109,0.3
1769796697.190775,0.115334,-0.16177200066602468,1.5671502255445493,0.3,0.0,0.0,1.570796,0.666667,1.0,0.0,0.16139325156855508,0.6109,0.3
1769796697.190775,0.115334,-0.1634490426395694,1.554849189368727,0.3,0.0,0.0,1.570796,0.666667,1.0,0.0,0.16312685941364427,0.6109,0.3
1769796697.190775,0.115334,-0.16606109675195332,1.5604550531700585,0.3,0.0,0.0,1.570796,0.666667,1.0,0.0,0.16582701693650875,0.6109,0.3
1769796697.190775,0.115334,-0.1693524769474052,1.5676955955406984,0.3,0.0,0.0,1.570796,0.666667,1.0,0.0,0.16922941390570692,0.6109,0.3
1769796697.190775,0.115334,-0.17300099999999996,1.563586693760111,0.3,0.0,0.0,1.570796,0.666667,1.0,0.0,0.173001,0.6109,0.3
1769796697.190775,0.115334,-0.17664952305259474,1.5766153139118697,0.3,0.0,0.0,1.570796,0.666667,1.0,0.0,0.17677258609429305,0.6109,0.3
1769796697.190775,0.115334,-0.17994090324804668,1.5689693247341203,0.3,0.0,0.0,1.570796,0.666667,1.0,0.0,0.1801749830634912,0.6109,0.3
1769796697.190775,0.115334,-0.18255295736043062,1.5781605076073344,0.3,0.0,0.0,1.570796,0.666667,1.0,0.0,0.18287514058635573,0.6109,0.3
1769796697.190775,0.115334,-0.18422999933397533,1.5676111759753497,0.3,0.0,0.0,1.570796,0.666667,1.0,0.0,0.1846087484314449,0.6109,0.3
1769796697.190775,0.115334,-0.1848078686156717,1.5751061174489809,0.3,0.0,0.0,1.570796,0.666667,1.0,0.0,0.18520610898412532,0.6109,0.3
1769796697.190775,0.115334,-0.18422999933397533,1.569265180477792,0.3,0.0,0.0,1.570796,0.666667,1.0,0.0,0.1846087484314449,0.6109,0.3
1769796697.190775,0.115334,-0.18255295736043065,1.5861012609351521,0.3,0.0,0.0,1.570796,0.666667,1.0,0.0,0.18287514058635576,0.6109,0.3
1769796697.190775,0.115334,-0.1799409032480467,1.5648428145935174,0.3,0.0,0.0,1.570796,0.666667,1.0,0.0,0.18017498306349128,0.6109,0.3
1769796697.190775,0.115334,-0.17664952305259476,1.5987981289109081,0.3,0.0,0.0,1.570796,0.666667,1.0,0.0,0.17677258609429308,0.6109,0.3
1769796697.190775,0.115334,-0.17300100000000004,1.5561177672406628,0.3,0.0,0.0,1.570796,0.666667,1.0,0.0,0.17300100000000002,0.6109,0.3
1769796697.190775,0.115334,-0.16935247694740527,1.5462564002881953,0.3,0.0,0.0,1.570796,0.666667,1.0,0.0,0.16922941390570695,0.6109,0.3
1769796697.190775,0.115334,-0.16606109675195335,1.5844225142321726,0.3,0.0,0.0,1.570796,0.666667,1.0,0.0,0.1658270169365088,0.6109,0.3
1769796697.190775,0.115334,-0.1634490426395694,1.5576268546220728,0.3,0.0,0.0,1.570796,0.666667,1.0,0.0,0.1631268594136443,0.6109,0.3
1769796697.190775,0.115334,-0.16177200066602468,1.5652364154347223,0.3,0.0,0.0,1.570796,0.666667,1.0,0.0,0.16139325156855508,0.6109,0.3
1769796697.190775,0.115334,-0.16119413138432828,1.550098960696005,0.3,0.0,0.0,1.570796,0.666667,1.0,0.0,0.16079589101587466,0.6109,0.3
1769796697.190775,0.115334,-0.16177200066602468,1.5680525088978703,0.3,0.0,0.0,1.570796,0.666667,1.0,0.0,0.16139325156855508,0.6109,0.3
1769796697.190775,0.115334,-0.1634490426395694,1.5642175030424887,0.3,0.0,0.0,1.570796,0.666667,1.0,0.0,0.16312685941364427,0.6109,0.3
1769796697.190775,0.115334,-0.16606109675195332,1.5522094873699288,0.3,0.0,0.0,1.570796,0.666667,1.0,0.0,0.16582701693650875,0.6109,0.3
1769796697.190775,0.115334,-0.1693524769474052,1.5652654130770587,0.3,0.0,0.0,1.570796,0.666667,1.0,0.0,0.1692294139057069,0.6109,0.3
1769796697.190775,0.115334,-0.17300099999999996,1.5735728304196848,0.3,0.0,0.0,1.570796,0.666667,1.0,0.0,0.17300099999999996,0.6109,0.3
1769796697.190775,0.115334,-0.17664952305259474,1.583879157818531,0.3,0.0,0.0,1.570796,0.666667,1.0,0.0,0.17677258609429305,0.6109,0.3
1769796697.190775,0.115334,-0.17994090324804665,1.5635985168058453,0.3,0.0,0.0,1.570796,0.666667,1.0,0.0,0.1801749830634912,0.6109,0.3
1769796697.190775,0.115334,-0.18255295736043062,1.5786554267450859,0.3,0.0,0.0,1.570796,0.666667,1.0,0.0,0.1828751405863557,0.6109,0.3
1769796697.190775,0.115334,-0.1842299993339753,1.5700823472645409,0.3,0.0,0.0,1.570796,0.666667,1.0,0.0,0.1846087484314449,0.6109,0.3
1769796697.190775,0.115334,-0.1848078686156717,1.582855184138178,0.3,0.0,0.0,1.570796,0.666667,1.0,0.0,0.18520610898412532,0.6109,0.3
1769796697.190775,0.115334,-0.18422999933397533,1.5704230589122887,0.3,0.0,0.0,1.570796,0.666667,1.0,0.0,0.1846087484314449,0.6109,0.3
1769796697.190775,0.115334,-0.18255295736043065,1.5673036716084972,0.3,0.0,0.0,1.570796,0.666667,1.0,0.0,0.18287514058635573,0.6109,0.3
1769796697.190775,0.115334,-0.17994090324804668,1.5830297428994533,0.3,0.0,0.0,1.570796,0.666667,1.0,0.0,0.18017498306349125,0.6109,0.3
1769796697.190775,0.115334,-0.17664952305259476,1.582347997596751,0.3,0.0,0.0,1.570796,0.666667,1.0,0.0,0.17677258609429308,0.6109,0.3
1769796697.190775,0.115334,-0.17300100000000004,1.5734764780399912,0.3,0.0,0.0,1.570796,0.666667,1.0,0.0,0.17300100000000002,0.6109,0.3
1769796697.190775,0.115334,-0.1693524769474052,1.5618976455428502,0.3,0.0,0.0,1.570796,0.666667,1.0,0.0,0.16922941390570692,0.6109,0.3
1769796697.190775,0.115334,-0.16606109675195335,1.5656563950820215,0.3,0.0,0.0,1.570796,0.666667,1.0,0.0,0.16582701693650878,0.6109,0.3
1769796697.190775,0.115334,-0.16344904263956941,1.5378798227757564,0.3,0.0,0.0,1.570796,0.666667,1.0,0.0,0.1631268594136443,0.6109,0.3
1769796697.190775,0.115334,-0.1617720006660247,1.5698608990887348,0.3,0.0,0.0,1.570796,0.666667,1.0,0.0,0.16139325156855513,0.6109,0.3
1769796697.190775,0.115334,-0.1611941313843283,1.5673161141495515,0.3,0.0,0.0,1.570796,0.666667,1.0,0.0,0.1607958910158747,0.6109,0.3
1769796697.190775,0.115334,-0.1617720006660247,1.5537610685788554,0.3,0.0,0.0,1.570796,0.666667,1.0,0.0,0.16139325156855513,0.6109,0.3
1769796697.190775,0.115334,-0.16344904263956941,1.5659100208989716,0.3,0.0,0.0,1.570796,0.666667,1.0,0.0,0.1631268594136443,0.6109,0.3
1769796697.190775,0.115334,-0.16606109675195332,1.5500927189999056,0.3,0.0,0.0,1.570796,0.666667,1.0,0.0,0.16582701693650878,0.6109,0.3
1769796697.190775,0.115334,-0.1693524769474052,1.5514442294978477,0.3,0.0,0.0,1.570796,0.666667,1.0,0.0,0.16922941390570692,0.6109,0.3
1769796697.190775,0.115334,-0.17300099999999996,1.573966186247057,0.3,0.0,0.0,1.570796,0.666667,1.0,0.0,0.173001,0.6109,0.3
1769796697.190775,0.115334,-0.17664952305259476,1.567492559746181,0.3,0.0,0.0,1.570796,0.666667,1.0,0.0,0.17677258609429305,0.6109,0.3
1769796697.190775,0.115334,-0.17994090324804668,1.5821201333585428,0.3,0.0,0.0,1.570796,0.666667,1.0,0.0,0.18017498306349125,0.6109,0.3
1769796697.190775,0.115334,-0.18255295736043062,1.5985450957015623,0.3,0.0,0.0,1.570796,0.666667,1.0,0.0,0.18287514058635573,0.6109,0.3
1769796697.190775,0.115334,-0.18422999933397533,1.5429542283784436,0.3,0.0,0.0,1.570796,0.666667,1.0,0.0,0.1846087484314449,0.6109,0.3
1769796697.190775,0.115334,-0.1848078686156717,1.5584020801610394,0.3,0.0,0.0,1.570796,0.666667,1.0,0.0,0.1852061089841253,0.6109,0.3
1769796697.190775,0.115334,-0.18422999933397533,1.5748521637773767,0.3,0.0,0.0,1.570796,0.666667,1.0,0.0,0.1846087484314449,0.6109,0.3
1769796697.190775,0.115334,-0.18255295736043065,1.5689513941513573,0.3,0.0,0.0,1.570796,0.666667,1.0,0.0,0.18287514058635573,0.6109,0.3
1769796697.190775,0.115334,-0.17994090324804668,1.568811069207324,0.3,0.0,0.0,1.570796,0.666667,1.0,0.0,0.18017498306349125,0.6109,0.3
1769796697.190775,0.115334,-0.17664952305259476,1.5513617920511102,0.3,0.0,0.0,1.570796,0.666667,1.0,0.0,0.17677258609429305,0.6109,0.3
1769796697.190775,0.115334,-0.173001,1.5836786280294468,0.3,0.0,0.0,1.570796,0.666667,1.0,0.0,0.173001,0.6109,0.3
1769796697.190775,0.115334,-0.16935247694740527,1.5594277180266738,0.3,0.0,0.0,1.570796,0.666667,1.0,0.0,0.16922941390570695,0.6109,0.3
1769796697.190775,0.115334,-0.16606109675195335,1.5548493773898435,0.3,0.0,0.0,1.570796,0.666667,1.0,0.0,0.1658270169365088,0.6109,0.3
1769796697.190775,0.115334,-0.1634490426395694,1.5385570651893414,0.3,0.0,0.0,1.570796,0.666667,1.0,0.0,0.1631268594136443,0.6109,0.3
1769796697.190775,0.115334,-0.16177200066602468,1.5584366704175738,0.3,0.0,0.0,1.570796,0.666667,1.0,0.0,0.16139325156855508,0.6109,0.3
1769796697.190775,0.115334,-0.16119413138432828,1.5773465014269876,0.3,0.0,0.0,1.570796,0.666667,1.0,0.0,0.1607958910158747,0.6109,0.3
1769796697.190775,0.115334,-0.16177200066602468,1.5606442774115736,0.3,0.0,0.0,1.570796,0.666667,1.0,0.0,0.16139325156855508,0.6109,0.3
1769796697.190775,0.115334,-0.1634490426395694,1.5653617698107147,0.3,0.0,0.0,1.570796,0.666667,1.0,0.0,0.16312685941364427,0.6109,0.3
1769796697.190775,0.115334,-0.16606109675195332,1.5786595276109603,0.3,0.0,0.0,1.570796,0.666667,1.0,0.0,0.16582701693650878,0.6109,0.3
1769796697.190775,0.115334,-0.1693524769474052,1.5637738700771553,0.3,0.0,0.0,1.570796,0.666667,1.0,0.0,0.16922941390570692,0.6109,0.3
1769796697.190775,0.115334,-0.173001,1.5693807852623671,0.3,0.0,0.0,1.570796,0.666667,1.0,0.0,0.173001,0.6109,0.3
1769796697.190775,0.115334,-0.17664952305259476,1.566256995710657,0.3,0.0,0.0,1.570796,0.666667,1.0,0.0,0.17677258609429305,0.6109,0.3
1769796697.190775,0.115334,-0.17994090324804668,1.5716909497836298,0.3,0.0,0.0,1.570796,0.666667,1.0,0.0,0.18017498306349125,0.6109,0.3
1769796697.190775,0.115334,-0.18255295736043065,1.5564496985623706,0.3,0.0,0.0,1.570796,0.666667,1.0,0.0,0.18287514058635573,0.6109,0.3
1769796697.190775,0.115334,-0.18422999933397533,1.6005734103685985,0.3,0.0,0.0,1.570796,0.666667,1.0,0.0,0.18460874843144492,0.6109,0.3
1769796697.190775,0.115334,-0.1848078686156717,1.564102047622392,0.3,0.0,0.0,1.570796,0.666667,1.0,0.0,0.18520610898412532,0.6109,0.3
1769796697.190775,0.115334,-0.18422999933397533,1.5507443771560663,0.3,0.0,0.0,1.570796,0.666667,1.0,0.0,0.18460874843144492,0.6109,0.3
1769796697.190775,0.115334,-0.18255295736043065,1.5718439092918373,0.3,0.0,0.0,1.570796,0.666667,1.0,0.0,0.18287514058635576,0.6109,0.3
1769796697.190775,0.115334,-0.1799409032480467,1.569027746100768,0.3,0.0,0.0,1.570796,0.666667,1.0,0.0,0.18017498306349125,0.6109,0.3
1769796697.190775,0.115334,-0.17664952305259476,1.547475603397364,0.3,0.0,0.0,1.570796,0.666667,1.0,0.0,0.17677258609429308,0.6109,0.3
1769796697.190775,0.115334,-0.173001,1.5855656899595996,0.3,0.0,0.0,1.570796,0.666667,1.0,0.0,0.17300100000000002,0.6109,0.3
1769796697.190775,0.115334,-0.1693524769474052,1.5777709287071802,0.3,0.0,0.0,1.570796,0.666667,1.0,0.0,0.16922941390570692,0.6109,0.3
1769796697.190775,0.115334,-0.16606109675195332,1.540002083787496,0.3,0.0,0.0,1.570796,0.666667,1.0,0.0,0.16582701693650878,0.6109,0.3
1769796697.190775,0.115334,-0.1634490426395694,1.6013688335089649,0.3,0.0,0.0,1.570796,0.666667,1.0,0.0,0.16312685941364427,0.6109,0.3
1769796697.190775,0.115334,-0.16177200066602468,1.5683317412632074,0.3,0.0,0.0,1.570796,0.666667,1.0,0.0,0.16139325156855508,0.6109,0.3
1769796697.190775,0.115334,-0.16119413138432828,1.5783083202294168,0.3,0.0,0.0,1.570796,0.666667,1.0,0.0,0.16079589101587466,0.6109,0.3
1769796697.190775,0.115334,-0.16177200066602468,1.5873199235654563,0.3,0.0,0.0,1.570796,0.666667,1.0,0.0,0.16139325156855508,0.6109,0.3
1769796697.190775,0.115334,-0.1634490426395694,1.5637829111982136,0.3,0.0,0.0,1.570796,0.666667,1.0,0.0,0.16312685941364427,0.6109,0.3
1769796697.190775,0.115334,-0.16606109675195332,1.5752914348080407,0.3,0.0,0.0,1.570796,0.666667,1.0,0.0,0.16582701693650878,0.6109,0.3
1769796697.190775,0.115334,-0.1693524769474052,1.5823547957019022,0.3,0.0,0.0,1.570796,0.666667,1.0,0.0,0.16922941390570692,0.6109,0.3
1769796697.190775,0.115334,-0.17300099999999996,1.585199853424336,0.3,0.0,0.0,1.570796,0.666667,1.0,0.0,0.173001,0.6109,0.3
1769796697.190775,0.115334,-0.17664952305259476,1.5486054053170588,0.3,0.0,0.0,1.570796,0.666667,1.0,0.0,0.17677258609429305,0.6109,0.3
1769796697.190775,0.115334,-0.1799409032480467,1.5649609039023566,0.3,0.0,0.0,1.570796,0.666667,1.0,0.0,0.18017498306349128,0.6109,0.3
1769796697.190775,0.115334,-0.18255295736043065,1.568884469057913,0.3,0.0,0.0,1.570796,0.666667,1.0,0.0,0.18287514058635576,0.6109,0.3
1769796697.190775,0.115334,-0.18422999933397533,1.6100233822604262,0.3,0.0,0.0,1.570796,0.666667,1.0,0.0,0.18460874843144492,0.6109,0.3
1769796697.190775,0.115334,-0.1848078686156717,1.5573700438006786,0.3,0.0,0.0,1.570796,0.666667,1.0,0.0,0.18520610898412532,0.6109,0.3
1769796697.190775,0.115334,-0.18422999933397533,1.572867522400263,0.3,0.0,0.0,1.570796,0.666667,1.0,0.0,0.18460874843144495,0.6109,0.3
1769796697.190775,0.115334,-0.18255295736043067,1.5819462970566687,0.3,0.0,0.0,1.570796,0.666667,1.0,0.0,0.18287514058635576,0.6109,0.3
1769796697.190775,0.115334,-0.1799409032480467,1.5872907598893384,0.3,0.0,0.0,1.570796,0.666667,1.0,0.0,0.18017498306349128,0.6109,0.3
1769796697.190775,0.115334,-0.17664952305259482,1.561151237428248,0.3,0.0,0.0,1.570796,0.666667,1.0,0.0,0.1767725860942931,0.6109,0.3
1769796697.190775,0.115334,-0.17300100000000004,1.5598846303425309,0.3,0.0,0.0,1.570796,0.666667,1.0,0.0,0.17300100000000004,0.6109,0.3
1769796697.190775,0.115334,-0.16935247694740527,1.5515528715703255,0.3,0.0,0.0,1.570796,0.666667,1.0,0.0,0.16922941390570695,0.6109,0.3
1769796697.190775,0.115334,-0.16606109675195332,1.5886064482393913,0.3,0.0,0.0,1.570796,0.666667,1.0,0.0,0.1658270169365088,0.6109,0.3
1769796697.190775,0.115334,-0.1634490426395694,1.6026075830261686,0.3,0.0,0.0,1.570796,0.666667,1.0,0.0,0.16312685941364427,0.6109,0.3
1769796697.190775,0.115334,-0.16177200066602468,1.5548885037037774,0.3,0.0,0.0,1.570796,0.666667,1.0,0.0,0.16139325156855508,0.6109,0.3
1769796697.190775,0.115334,-0.16119413138432825,1.5826200712927088,0.3,0.0,0.0,1.570796,0.666667,1.0,0.0,0.16079589101587466,0.6109,0.3
1769796697.190775,0.115334,-0.16177200066602462,1.5780186251798016,0.3,0.0,0.0,1.570796,0.666667,1.0,0.0,0.16139325156855505,0.6109,0.3
1769796697.190775,0.115334,-0.16344904263956933,1.5837645831012197,0.3,0.0,0.0,1.570796,0.666667,1.0,0.0,0.16312685941364422,0.6109,0.3
1769796697.190775,0.115334,-0.16606109675195327,1.5676713372907873,0.3,0.0,0.0,1.570796,0.666667,1.0,0.0,0.16582701693650875,0.6109,0.3
1769796697.190775,0.115334,-0.1693524769474052,1.5871373152918804,0.3,0.0,0.0,1.570796,0.666667,1.0,0.0,0.1692294139057069,0.6109,0.3
1769796697.190775,0.115334,-0.17300099999999996,1.562388147922778,0.3,0.0,0.0,1.570796,0.666667,1.0,0.0,0.17300099999999996,0.6109,0.3
1769796697.190775,0.115334,-0.17664952305259474,1.5741486000713325,0.3,0.0,0.0,1.570796,0.666667,1.0,0.0,0.17677258609429305,0.6109,0.3
1769796697.190775,0.115334,-0.17994090324804668,1.5501581685519796,0.3,0.0,0.0,1.570796,0.666667,1.0,0.0,0.1801749830634912,0.6109,0.3
1769796697.190775,0.115334,-0.18255295736043065,1.580624441190061,0.3,0.0,0.0,1.570796,0.666667,1.0,0.0,0.18287514058635576,0.6109,0.3
1769796697.190775,0.115334,-0.18422999933397533,1.560054389216897,0.3,0.0,0.0,1.570796,0.666667,1.0,0.0,0.18460874843144492,0.6109,0.3
1769796697.190775,0.115334,-0.1848078686156717,1.5754683209200064,0.3,0.0,0.0,1.570796,0.666667,1.0,0.0,0.18520610898412532,0.6109,0.3
1769796697.190775,0.115334,-0.18422999933397533,1.5505516225125708,0.3,0.0,0.0,1.570796,0.666667,1.0,0.0,0.18460874843144492,0.6109,0.3
1769796697.190775,0.115334,-0.18255295736043067,1.5707477653020596,0.3,0.0,0.0,1.570796,0.666667,1.0,0.0,0.1828751405863558,0.6109,0.3
1769796697.190775,0.115334,-0.1799409032480467,1.5809507102711071,0.3,0.0,0.0,1.570796,0.666667,1.0,0.0,0.18017498306349128,0.6109,0.3
1769796697.190775,0.115334,-0.17664952305259482,1.5794127513922014,0.3,0.0,0.0,1.570796,0.666667,1.0,0.0,0.1767725860942931,0.6109,0.3
1769796697.190775,0.115334,-0.17300100000000004,1.5630279296681835,0.3,0.0,0.0,1.570796,0.666667,1.0,0.0,0.17300100000000004,0.6109,0.3
1769796697.190775,0.115334,-0.16935247694740527,1.5559297419764873,0.3,0.0,0.0,1.570796,0.666667,1.0,0.0,0.16922941390570695,0.6109,0.3
1769796697.190775,0.115334,-0.16606109675195335,1.5824395198825612,0.3,0.0,0.0,1.570796,0.666667,1.0,0.0,0.1658270169365088,0.6109,0.3
1769796697.190775,0.115334,-0.16344904263956941,1.595600620293135,0.3,0.0,0.0,1.570796,0.666667,1.0,0.0,0.1631268594136443,0.6109,0.3
1769796697.190775,0.115334,-0.16177200066602468,1.5533584567642809,0.3,0.0,0.0,1.570796,0.666667,1.0,0.0,0.16139325156855508,0.6109,0.3
1769796697.190775,0.115334,-0.16119413138432828,1.5651798663707241,0.3,0.0,0.0,1.570796,0.666667,1.0,0.0,0.1607958910158747,0.6109,0.3
1769796697.190775,0.115334,-0.16177200066602468,1.566718450594322,0.3,0.0,0.0,1.570796,0.666667,1.0,0.0,0.16139325156855508,0.6109,0.3
1769796697.190775,0.115334,-0.16344904263956936,1.567305723090438,0.3,0.0,0.0,1.570796,0.666667,1.0,0.0,0.16312685941364422,0.6109,0.3
1769796697.190775,0.115334,-0.16606109675195327,1.5761821987993365,0.3,0.0,0.0,1.570796,0.666667,1.0,0.0,0.16582701693650873,0.6109,0.3
1769796697.190775,0.115334,-0.16935247694740516,1.563801233370156,0.3,0.0,0.0,1.570796,0.666667,1.0,0.0,0.16922941390570687,0.6109,0.3
1769796697.190775,0.115334,-0.17300099999999996,1.5857132006227121,0.3,0.0,0.0,1.570796,0.666667,1.0,0.0,0.17300099999999993,0.6109,0.3
1769796697.190775,0.115334,-0.1766495230525947,1.5651907966114191,0.3,0.0,0.0,1.570796,0.666667,1.0,0.0,0.17677258609429303,0.6109,0.3
1769796697.190775,0.115334,-0.17994090324804665,1.573903228473323,0.3,0.0,0.0,1.570796,0.666667,1.0,0.0,0.18017498306349117,0.6109,0.3
1769796697.190775,0.115334,-0.18255295736043062,1.5560408945464528,0.3,0.0,0.0,1.570796,0.666667,1.0,0.0,0.18287514058635573,0.6109,0.3
1769796697.190775,0.115334,-0.18422999933397533,1.5492895785956093,0.3,0.0,0.0,1.570796,0.666667,1.0,0.0,0.1846087484314449,0.6109,0.3
1769796697.190775,0.115334,-0.1848078686156717,1.5932024256675594,0.3,0.0,0.0,1.570796,0.666667,1.0,0.0,0.18520610898412532,0.6109,0.3
1769796697.190775,0.115334,-0.18422999933397535,1.6109600251472604,0.3,0.0,0.0,1.570796,0.666667,1.0,0.0,0.18460874843144495,0.6109,0.3
1769796697.190775,0.115334,-0.18255295736043067,1.570974128202167,0.3,0.0,0.0,1.570796,0.666667,1.0,0.0,0.18287514058635582,0.6109,0.3
1769796697.190775,0.115334,-0.17994090324804676,1.5638721144371814,0.3,0.0,0.0,1.570796,0.666667,1.0,0.0,0.1801749830634913,0.6109,0.3
1769796697.190775,0.115334,-0.17664952305259485,1.5583556672621495,0.3,0.0,0.0,1.570796,0.666667,1.0,0.0,0.17677258609429317,0.6109,0.3
1769796697.190775,0.115334,-0.17300100000000007,1.5710541781035607,0.3,0.0,0.0,1.570796,0.666667,1.0,0.0,0.17300100000000004,0.6109,0.3
1769796697.190775,0.115334,-0.1693524769474053,1.539609892668426,0.3,0.0,0.0,1.570796,0.666667,1.0,0.0,0.16922941390570698,0.6109,0.3
1769796697.190775,0.115334,-0.16606109675195335,1.5923976314294175,0.3,0.0,0.0,1.570796,0.666667,1.0,0.0,0.1658270169365088,0.6109,0.3
1769796697.190775,0.115334,-0.1634490426395694,1.561521905364497,0.3,0.0,0.0,1.570796,0.666667,1.0,0.0,0.1631268594136443,0.6109,0.3
1769796697.190775,0.115334,-0.16177200066602468,1.5828692107407902,0.3,0.0,0.0,1.570796,0.666667,1.0,0.0,0.16139325156855508,0.6109,0.3
1769796697.190775,0.115334,-0.16119413138432828,1.5685429962880186,0.3,0.0,0.0,1.570796,0.666667,1.0,0.0,0.16079589101587466,0.6109,0.3
1769796697.190775,0.115334,-0.16177200066602462,1.563753169532115,0.3,0.0,0.0,1.570796,0.666667,1.0,0.0,0.16139325156855505,0.6109,0.3
1769796697.190775,0.115334,-0.16344904263956936,1.578874659445922,0.3,0.0,0.0,1.570796,0.666667,1.0,0.0,0.16312685941364422,0.6109,0.3
1769796697.190775,0.115334,-0.16606109675195327,1.592633155523695,0.3,0.0,0.0,1.570796,0.666667,1.0,0.0,0.16582701693650875,0.6109,0.3
1769796697.190775,0.115334,-0.16935247694740518,1.575259985631961,0.3,0.0,0.0,1.570796,0.666667,1.0,0.0,0.16922941390570687,0.6109,0.3
1769796697.190775,0.115334,-0.17300099999999996,1.5567045442519303,0.3,0.0,0.0,1.570796,0.666667,1.0,0.0,0.17300099999999993,0.6109,0.3
1769796697.190775,0.115334,-0.1766495230525947,1.5982238473923096,0.3,0.0,0.0,1.570796,0.666667,1.0,0.0,0.17677258609429303,0.6109,0.3
1769796697.190775,0.115334,-0.17994090324804665,1.5871052203006422,0.3,0.0,0.0,1.570796,0.666667,1.0,0.0,0.18017498306349117,0.6109,0.3
1769796697.190775,0.115334,-0.18255295736043062,1.5558638450646127,0.3,0.0,0.0,1.570796,0.666667,1.0,0.0,0.18287514058635573,0.6109,0.3
1769796697.190775,0.115334,-0.18422999933397533,1.5750738491076308,0.3,0.0,0.0,1.570796,0.666667,1.0,0.0,0.1846087484314449,0.6109,0.3
1769796697.190775,0.115334,-0.1848078686156717,1.5833352831323786,0.3,0.0,0.0,1.570796,0.666667,1.0,0.0,0.18520610898412532,0.6109,0.3
1769796697.190775,0.115334,-0.18422999933397535,1.5659961691026718,0.3,0.0,0.0,1.570796,0.666667,1.0,0.0,0.18460874843144495,0.6109,0.3
1769796697.190775,0.115334,-0.18255295736043067,1.5492179718142578,0.3,0.0,0.0,1.570796,0.666667,1.0,0.0,0.1828751405863558,0.6109,0.3
1769796697.190775,0.115334,-0.1799409032480467,1.5552824586742369,0.3,0.0,0.0,1.570796,0.666667,1.0,0.0,0.18017498306349128,0.6109,0.3
1769796697.190775,0.115334,-0.17664952305259485,1.5550410537637003,0.3,0.0,0.0,1.570796,0.666667,1.0,0.0,0.1767725860942931,0.6109,0.3
1769796697.190775,0.115334,-0.17300100000000004,1.5450475657377258,0.3,0.0,0.0,1.570796,0.666667,1.0,0.0,0.1730010000000001,0.6109,0.3
1769796697.190775,0.115334,-0.1693524769474053,1.5581760141098433,0.3,0.0,0.0,1.570796,0.666667,1.0,0.0,0.16922941390570698,0.6109,0.3
1769796697.190775,0.115334,-0.16606109675195338,1.6019922432309246,0.3,0.0,0.0,1.570796,0.666667,1.0,0.0,0.1658270169365088,0.6109,0.3
1769796697.190775,0.115334,-0.16344904263956941,1.5719193821027946,0.3,0.0,0.0,1.570796,0.666667,1.0,0.0,0.16312685941364433,0.6109,0.3
1769796697.190775,0.115334,-0.16177200066602473,1.5601958820320463,0.3,0.0,0.0,1.570796,0.666667,1.0,0.0,0.16139325156855516,0.6109,0.3
1769796697.190775,0.115334,-0.16119413138432834,1.5772891031298393,0.3,0.0,0.0,1.570796,0.666667,1.0,0.0,0.1607958910158747,0.6109,0.3
1769796697.190775,0.115334,-0.16177200066602468,1.5703135002383464,0.3,0.0,0.0,1.570796,0.666667,1.0,0.0,0.16139325156855508,0.6109,0.3
1769796697.190775,0.115334,-0.16344904263956936,1.5651577119224838,0.3,0.0,0.0,1.570796,0.666667,1.0,0.0,0.16312685941364427,0.6109,0.3
1769796697.190775,0.115334,-0.16606109675195332,1.5740779555025155,0.3,0.0,0.0,1.570796,0.666667,1.0,0.0,0.16582701693650875,0.6109,0.3
1769796697.190775,0.115334,-0.16935247694740518,1.5723696385566632,0.3,0.0,0.0,1.570796,0.666667,1.0,0.0,0.16922941390570687,0.6109,0.3
1769796697.190775,0.115334,-0.17300099999999996,1.538316500825012,0.3,0.0,0.0,1.570796,0.666667,1.0,0.0,0.17300099999999996,0.6109,0.3
1769796697.190775,0.115334,-0.1766495230525947,1.5496015777339205,0.3,0.0,0.0,1.570796,0.666667,1.0,0.0,0.17677258609429303,0.6109,0.3
1769796697.190775,0.115334,-0.17994090324804665,1.578820807399139,0.3,0.0,0.0,1.570796,0.666667,1.0,0.0,0.1801749830634912,0.6109,0.3
1769796697.190775,0.115334,-0.18255295736043056,1.548342387780863,0.3,0.0,0.0,1.570796,0.666667,1.0,0.0,0.1828751405863557,0.6109,0.3
1769796697.190775,0.115334,-0.1842299993339753,1.5379234611047172,0.3,0.0,0.0,1.570796,0.666667,1.0,0.0,0.18460874843144487,0.6109,0.3
1769796697.190775,0.115334,-0.1848078686156717,1.571334787447332,0.3,0.0,0.0,1.570796,0.666667,1.0,0.0,0.1852061089841253,0.6109,0.3
1769796697.190775,0.115334,-0.18422999933397533,1.5691816698244854,0.3,0.0,0.0,1.570796,0.666667,1.0,0.0,0.1846087484314449,0.6109,0.3
1769796697.190775,0.115334,-0.18255295736043065,1.5685300504637434,0.3,0.0,0.0,1.570796,0.666667,1.0,0.0,0.18287514058635576,0.6109,0.3
1769796697.190775,0.115334,-0.1799409032480467,1.6036634924354776,0.3,0.0,0.0,1.570796,0.666667,1.0,0.0,0.18017498306349128,0.6109,0.3
1769796697.190775,0.115334,-0.17664952305259482,1.5507081263835822,0.3,0.0,0.0,1.570796,0.666667,1.0,0.0,0.1767725860942931,0.6109,0.3
1769796697.190775,0.115334,-0.17300100000000004,1.5778662565779686,0.3,0.0,0.0,1.570796,0.666667,1.0,0.0,0.17300100000000004,0.6109,0.3
1769796697.190775,0.115334,-0.1693524769474053,1.5637262690637543,0.3,0.0,0.0,1.570796,0.666667,1.0,0.0,0.16922941390570698,0.6109,0.3
1769796697.190775,0.115334,-0.16606109675195338,1.5850320763271861,0.3,0.0,0.0,1.570796,0.666667,1.0,0.0,0.16582701693650884,0.6109,0.3
1769796697.190775,0.115334,-0.16344904263956941,1.5456736222094583,0.3,0.0,0.0,1.570796,0.666667,1.0,0.0,0.16312685941364433,0.6109,0.3
1769796697.190775,0.115334,-0.16177200066602473,1.5741416324450368,0.3,0.0,0.0,1.570796,0.666667,1.0,0.0,0.16139325156855516,0.6109,0.3
1769796697.190775,0.115334,-0.1611941313843283,1.5888432881893548,0.3,0.0,0.0,1.570796,0.666667,1.0,0.0,0.16079589101587471,0.6109,0.3
1769796697.190775,0.115334,-0.16177200066602468,1.5489195812974241,0.3,0.0,0.0,1.570796,0.666667,1.0,0.0,0.16139325156855508,0.6109,0.3
1769796697.190775,0.115334,-0.1634490426395694,1.5426166120037628,0.3,0.0,0.0,1.570796,0.666667,1.0,0.0,0.16312685941364427,0.6109,0.3
1769796697.190775,0.115334,-0.16606109675195332,1.5613195143061989,0.3,0.0,0.0,1.570796,0.666667,1.0,0.0,0.16582701693650875,0.6109,0.3
1769796697.190775,0.115334,-0.1693524769474052,1.5705475801247124,0.3,0.0,0.0,1.570796,0.666667,1.0,0.0,0.1692294139057069,0.6109,0.3
1769796697.190775,0.115334,-0.17300099999999996,1.561445966376096,0.3,0.0,0.0,1.570796,0.666667,1.0,0.0,0.17300099999999996,0.6109,0.3
1769796697.190775,0.115334,-0.1766495230525947,1.5672278634397785,0.3,0.0,0.0,1.570796,0.666667,1.0,0.0,0.17677258609429303,0.6109,0.3
1769796697.190775,0.115334,-0.17994090324804665,1.555215273785138,0.3,0.0,0.0,1.570796,0.666667,1.0,0.0,0.18017498306349117,0.6109,0.3
1769796697.190775,0.115334,-0.18255295736043062,1.5586579082874927,0.3,0.0,0.0,1.570796,0.666667,1.0,0.0,0.18287514058635573,0.6109,0.3
1769796697.190775,0.115334,-0.18422999933397533,1.5704292819078285,0.3,0.0,0.0,1.570796,0.666667,1.0,0.0,0.1846087484314449,0.6109,0.3
1769796697.190775,0.115334,-0.1848078686156717,1.599753695666853,0.3,0.0,0.0,1.570796,0.666667,1.0,0.0,0.18520610898412532,0.6109,0.3
1769796697.190775,0.115334,-0.18422999933397535,1.5600615172543382,0.3,0.0,0.0,1.570796,0.666667,1.0,0.0,0.18460874843144492,0.6109,0.3
1769796697.190775,0.115334,-0.18255295736043067,1.5548139384563155,0.3,0.0,0.0,1.570796,0.666667,1.0,0.0,0.18287514058635582,0.6109,0.3
1769796697.190775,0.115334,-0.1799409032480468,1.5620693956405916,0.3,0.0,0.0,1.570796,0.666667,1.0,0.0,0.1801749830634913,0.6109,0.3
1769796697.190775,0.115334,-0.17664952305259488,1.5548766523336695,0.3,0.0,0.0,1.570796,0.666667,1.0,0.0,0.1767725860942932,0.6109,0.3
1769796697.190775,0.115334,-0.1730010000000001,1.55604908425972,0.3,0.0,0.0,1.570796,0.666667,1.0,0.0,0.1730010000000001,0.6109,0.3
1769796697.190775,0.115334,-0.1693524769474053,1.5981972377856628,0.3,0.0,0.0,1.570796,0.666667,1.0,0.0,0.16922941390570698,0.6109,0.3
1769796697.190775,0.115334,-0.16606109675195338,1.563239788622775,0.3,0.0,0.0,1.570796,0.666667,1.0,0.0,0.1658270169365088,0.6109,0.3
1769796697.190775,0.115334,-0.1634490426395694,1.5544851888043638,0.3,0.0,0.0,1.570796,0.666667,1.0,0.0,0.1631268594136443,0.6109,0.3
1769796697.190775,0.115334,-0.16177200066602468,1.5880833049928593,0.3,0.0,0.0,1.570796,0.666667,1.0,0.0,0.16139325156855508,0.6109,0.3
1769796697.190775,0.115334,-0.16119413138432825,1.5622683794133267,0.3,0.0,0.0,1.570796,0.666667,1.0,0.0,0.16079589101587466,0.6109,0.3
1769796697.190775,0.115334,-0.16177200066602462,1.5977879773609018,0.3,0.0,0.0,1.570796,0.666667,1.0,0.0,0.16139325156855505,0.6109,0.3
1769796697.190775,0.115334,-0.1634490426395693,1.5500087187165057,0.3,0.0,0.0,1.570796,0.666667,1.0,0.0,0.16312685941364422,0.6109,0.3
1769796697.190775,0.115334,-0.16606109675195327,1.5858368863303678,0.3,0.0,0.0,1.570796,0.666667,1.0,0.0,0.16582701693650873,0.6109,0.3
1769796697.190775,0.115334,-0.16935247694740518,1.6072005925921973,0.3,0.0,0.0,1.570796,0.666667,1.0,0.0,0.16922941390570687,0.6109,0.3
1769796697.190775,0.115334,-0.17300099999999996,1.5766339860348257,0.3,0.0,0.0,1.570796,0.666667,1.0,0.0,0.17300099999999993,0.6109,0.3
1769796697.190775,0.115334,-0.1766495230525947,1.5609076151972605,0.3,0.0,0.0,1.570796,0.666667,1.0,0.0,0.17677258609429305,0.6109,0.3
1769796697.190775,0.115334,-0.17994090324804665,1.5668285059112141,0.3,0.0,0.0,1.570796,0.666667,1.0,0.0,0.18017498306349117,0.6109,0.3
1769796697.190775,0.115334,-0.18255295736043062,1.5593872850051977,0.3,0.0,0.0,1.570796,0.666667,1.0,0.0,0.18287514058635573,0.6109,0.3
1769796697.190775,0.115334,-0.18422999933397533,1.5782608467829562,0.3,0.0,0.0,1.570796,0.666667,1.0,0.0,0.1846087484314449,0.6109,0.3
1769796697.190775,0.115334,-0.1848078686156717,1.563432575405916,0.3,0.0,0.0,1.570796,0.666667,1.0,0.0,0.18520610898412534,0.6109,0.3
1769796697.190775,0.115334,-0.18422999933397533,1.5802477586903867,0.3,0.0,0.0,1.570796,0.666667,1.0,0.0,0.18460874843144492,0.6109,0.3
1769796697.190775,0.115334,-0.18255295736043067,1.5672635947812803,0.3,0.0,0.0,1.570796,0.666667,1.0,0.0,0.1828751405863558,0.6109,0.3
1769796697.190775,0.115334,-0.17994090324804676,1.5752775765834948,0.3,0.0,0.0,1.570796,0.666667,1.0,0.0,0.18017498306349128,0.6109,0.3
1769796697.190775,0.115334,-0.17664952305259485,1.5724278523695132,0.3,0.0,0.0,1.570796,0.666667,1.0,0.0,0.17677258609429317,0.6109,0.3
1769796697.190775,0.115334,-0.17300100000000007,1.5799603249769312,0.3,0.0,0.0,1.570796,0.666667,1.0,0.0,0.17300100000000004,0.6109,0.3
1769796697.190775,0.115334,-0.1693524769474053,1.5773541195459546,0.3,0.0,0.0,1.570796,0.666667,1.0,0.0,0.16922941390570703,0.6109,0.3
1769796697.190775,0.115334,-0.16606109675195338,1.5616023529999408,0.3,0.0,0.0,1.570796,0.666667,1.0,0.0,0.1658270169365088,0.6109,0.3
1769796697.190775,0.115334,-0.16344904263956944,1.5684211583780172,0.3,0.0,0.0,1.570796,0.666667,1.0,0.0,0.16312685941364435,0.6109,0.3
1769796697.190775,0.115334,-0.16177200066602473,1.5865778030439877,0.3,0.0,0.0,1.570796,0.666667,1.0,0.0,0.16139325156855513,0.6109,0.3
1769796697.190775,0.115334,-0.16119413138432834,1.564331734207736,0.3,0.0,0.0,1.570796,0.666667,1.0,0.0,0.16079589101587471,0.6109,0.3
1769796697.190775,0.115334,-0.16177200066602468,1.5822822146290487,0.3,0.0,0.0,1.570796,0.666667,1.0,0.0,0.16139325156855508,0.6109,0.3
1769796697.190775,0.115334,-0.16344904263956936,1.5697026054207164,0.3,0.0,0.0,1.570796,0.666667,1.0,0.0,0.16312685941364427,0.6109,0.3
1769796697.190775,0.115334,-0.16606109675195332,1.574673727992103,0.3,0.0,0.0,1.570796,0.666667,1.0,0.0,0.16582701693650875,0.6109,0.3
1769796697.190775,0.115334,-0.16935247694740518,1.582396073461467,0.3,0.0,0.0,1.570796,0.666667,1.0,0.0,0.16922941390570687,0.6109,0.3
1769796697.190775,0.115334,-0.17300099999999996,1.5616889388044763,0.3,0.0,0.0,1.570796,0.666667,1.0,0.0,0.17300099999999996,0.6109,0.3
1769796697.190775,0.115334,-0.1766495230525947,1.588425388924979,0.3,0.0,0.0,1.570796,0.666667,1.0,0.0,0.17677258609429303,0.6109,0.3
1769796697.190775,0.115334,-0.17994090324804665,1.5765147483504725,0.3,0.0,0.0,1.570796,0.666667,1.0,0.0,0.18017498306349117,0.6109,0.3
1769796697.190775,0.115334,-0.18255295736043056,1.5777499098811099,0.3,0.0,0.0,1.570796,0.666667,1.0,0.0,0.1828751405863557,0.6109,0.3
1769796697.190775,0.115334,-0.1842299993339753,1.5773873190846999,0.3,0.0,0.0,1.570796,0.666667,1.0,0.0,0.18460874843144487,0.6109,0.3
1769796697.190775,0.115334,-0.1848078686156717,1.56759685155536,0.3,0.0,0.0,1.570796,0.666667,1.0,0.0,0.1852061089841253,0.6109,0.3
1769796697.190775,0.115334,-0.18422999933397533,1.5841170045460353,0.3,0.0,0.0,1.570796,0.666667,1.0,0.0,0.1846087484314449,0.6109,0.3
1769796697.190775,0.115334,-0.18255295736043065,1.5535939808997055,0.3,0.0,0.0,1.570796,0.666667,1.0,0.0,0.18287514058635576,0.6109,0.3
1769796697.190775,0.115334,-0.1799409032480467,1.5338127244606699,0.3,0.0,0.0,1.570796,0.666667,1.0,0.0,0.18017498306349128,0.6109,0.3
1769796697.190775,0.115334,-0.17664952305259482,1.5749921703791965,0.3,0.0,0.0,1.570796,0.666667,1.0,0.0,0.1767725860942931,0.6109,0.3
1769796697.190775,0.115334,-0.17300100000000004,1.5654147395103957,0.3,0.0,0.0,1.570796,0.666667,1.0,0.0,0.17300100000000004,0.6109,0.3
1769796697.190775,0.115334,-0.1693524769474053,1.596888765174965,0.3,0.0,0.0,1.570796,0.666667,1.0,0.0,0.16922941390570698,0.6109,0.3
1769796697.190775,0.115334,-0.16606109675195338,1.5991392495684653,0.3,0.0,0.0,1.570796,0.666667,1.0,0.0,0.16582701693650884,0.6109,0.3
1769796697.190775,0.115334,-0.16344904263956944,1.5690582023612671,0.3,0.0,0.0,1.570796,0.666667,1.0,0.0,0.16312685941364435,0.6109,0.3
1769796697.190775,0.115334,-0.16177200066602473,1.6023612132983416,0.3,0.0,0.0,1.570796,0.666667,1.0,0.0,0.16139325156855513,0.6109,0.3
1769796697.190775,0.115334,-0.16119413138432834,1.5472442775482285,0.3,0.0,0.0,1.570796,0.666667,1.0,0.0,0.16079589101587471,0.6109,0.3
1769796697.190775,0.115334,-0.16177200066602468,1.5497473911206079,0.3,0.0,0.0,1.570796,0.666667,1.0,0.0,0.16139325156855508,0.6109,0.3
1769796697.190775,0.115334,-0.16344904263956936,1.5804917428131575,0.3,0.0,0.0,1.570796,0.666667,1.0,0.0,0.16312685941364427,0.6109,0.3
1769796697.190775,0.115334,-0.16606109675195332,1.595417325807761,0.3,0.0,0.0,1.570796,0.666667,1.0,0.0,0.16582701693650875,0.6109,0.3
1769796697.190775,0.115334,-0.16935247694740518,1.5772347030672165,0.3,0.0,0.0,1.570796,0.666667,1.0,0.0,0.16922941390570687,0.6109,0.3
1769796697.190775,0.115334,-0.17300099999999993,1.5270767763783906,0.3,0.0,0.0,1.570796,0.666667,1.0,0.0,0.17300099999999993,0.6109,0.3
1769796697.190775,0.115334,-0.1766495230525947,1.5886341763208929,0.3,0.0,0.0,1.570796,0.666667,1.0,0.0,0.176772586094293,0.6109,0.3
1769796697.190775,0.115334,-0.1799409032480466,1.5475477965593092,0.3,0.0,0.0,1.570796,0.666667,1.0,0.0,0.18017498306349114,0.6109,0.3
1769796697.190775,0.115334,-0.18255295736043053,1.5849918006671417,0.3,0.0,0.0,1.570796,0.666667,1.0,0.0,0.1828751405863557,0.6109,0.3
1769796697.190775,0.115334,-0.1842299993339753,1.5718719043512597,0.3,0.0,0.0,1.570796,0.666667,1.0,0.0,0.18460874843144484,0.6109,0.3
1769796697.190775,0.115334,-0.1848078686156717,1.5721154375723374,0.3,0.0,0.0,1.570796,0.666667,1.0,0.0,0.1852061089841253,0.6109,0.3
1769796697.190775,0.115334,-0.18422999933397533,1.560729609752001,0.3,0.0,0.0,1.570796,0.666667,1.0,0.0,0.1846087484314449,0.6109,0.3
1769796697.190775,0.115334,-0.18255295736043067,1.5828433681674592,0.3,0.0,0.0,1.570796,0.666667,1.0,0.0,0.18287514058635576,0.6109,0.3
1769796697.190775,0.115334,-0.17994090324804676,1.5762151165231666,0.3,0.0,0.0,1.570796,0.666667,1.0,0.0,0.1801749830634913,0.6109,0.3
1769796697.190775,0.115334,-0.17664952305259485,1.5567826067605626,0.3,0.0,0.0,1.570796,0.666667,1.0,0.0,0.17677258609429317,0.6109,0.3
1769796697.190775,0.115334,-0.17300100000000007,1.5470620472907373,0.3,0.0,0.0,1.570796,0.666667,1.0,0.0,0.1730010000000001,0.6109,0.3
1769796697.190775,0.115334,-0.1693524769474053,1.5834038253279314,0.3,0.0,0.0,1.570796,0.666667,1.0,0.0,0.16922941390570698,0.6109,0.3
1769796697.190775,0.115334,-0.16606109675195338,1.5849679828409402,0.3,0.0,0.0,1.570796,0.666667,1.0,0.0,0.16582701693650884,0.6109,0.3
1769796697.190775,0.115334,-0.16344904263956944,1.5858283214287368,0.3,0.0,0.0,1.570796,0.666667,1.0,0.0,0.16312685941364435,0.6109,0.3
1769796697.190775,0.115334,-0.16177200066602473,1.5914850427590235,0.3,0.0,0.0,1.570796,0.666667,1.0,0.0,0.16139325156855516,0.6109,0.3
1769796697.190775,0.115334,-0.16119413138432834,1.562571537777944,0.3,0.0,0.0,1.570796,0.666667,1.0,0.0,0.16079589101587471,0.6109,0.3
1769796697.190775,0.115334,-0.16177200066602468,1.5772584319049996,0.3,0.0,0.0,1.570796,0.666667,1.0,0.0,0.16139325156855508,0.6109,0.3
1769796697.190775,0.115334,-0.16344904263956936,1.5810718144555922,0.3,0.0,0.0,1.570796,0.666667,1.0,0.0,0.16312685941364427,0.6109,0.3
1769796697.190775,0.115334,-0.16606109675195327,1.5664032158588084,0.3,0.0,0.0,1.570796,0.666667,1.0,0.0,0.16582701693650873,0.6109,0.3
1769796697.190775,0.115334,-0.16935247694740518,1.5880279388312855,0.3,0.0,0.0,1.570796,0.666667,1.0,0.0,0.16922941390570687,0.6109,0.3
1769796697.190775,0.115334,-0.17300099999999996,1.5946312793752648,0.3,0.0,0.0,1.570796,0.666667,1.0,0.0,0.17300099999999993,0.6109,0.3
1769796697.190775,0.115334,-0.1766495230525947,1.5751544360917984,0.3,0.0,0.0,1.570796,0.666667,1.0,0.0,0.176772586094293,0.6109,0.3
1769796697.190775,0.115334,-0.1799409032480466,1.561449942603909,0.3,0.0,0.0,1.570796,0.666667,1.0,0.0,0.18017498306349117,0.6109,0.3
1769796697.190775,0.115334,-0.18255295736043053,1.538825051183621,0.3,0.0,0.0,1.570796,0.666667,1.0,0.0,0.18287514058635565,0.6109,0.3
1769796697.190775,0.115334,-0.18422999933397524,1.5694843361380235,0.3,0.0,0.0,1.570796,0.666667,1.0,0.0,0.18460874843144484,0.6109,0.3
1769796697.190775,0.115334,-0.1848078686156717,1.5579466756552973,0.3,0.0,0.0,1.570796,0.666667,1.0,0.0,0.18520610898412532,0.6109,0.3
1769796697.190775,0.115334,-0.18422999933397535,1.5885498544515457,0.3,0.0,0.0,1.570796,0.666667,1.0,0.0,0.18460874843144492,0.6109,0.3
1769796697.190775,0.115334,-0.18255295736043067,1.587870338596024,0.3,0.0,0.0,1.570796,0.666667,1.0,0.0,0.18287514058635582,0.6109,0.3
1769796697.190775,0.115334,-0.17994090324804676,1.5605443150218585,0.3,0.0,0.0,1.570796,0.666667,1.0,0.0,0.1801749830634913,0.6109,0.3
1769796697.190775,0.115334,-0.17664952305259485,1.5928767194971847,0.3,0.0,0.0,1.570796,0.666667,1.0,0.0,0.17677258609429317,0.6109,0.3
1769796697.190775,0.115334,-0.1730010000000001,1.5719208538268181,0.3,0.0,0.0,1.570796,0.666667,1.0,0.0,0.1730010000000001,0.6109,0.3
1769796697.190775,0.115334,-0.16935247694740538,1.5681160089375297,0.3,0.0,0.0,1.570796,0.666667,1.0,0.0,0.16922941390570706,0.6109,0.3
1769796697.190775,0.115334,-0.16606109675195344,1.5815341677879944,0.3,0.0,0.0,1.570796,0.666667,1.0,0.0,0.16582701693650886,0.6109,0.3
1769796697.190775,0.115334,-0.16344904263956941,1.5768803775822107,0.3,0.0,0.0,1.570796,0.666667,1.0,0.0,0.16312685941364433,0.6109,0.3
1769796697.190775,0.115334,-0.1617720006660247,1.5759327362902933,0.3,0.0,0.0,1.570796,0.666667,1.0,0.0,0.16139325156855508,0.6109,0.3
1769796697.190775,0.115334,-0.16119413138432825,1.5696666507718668,0.3,0.0,0.0,1.570796,0.666667,1.0,0.0,0.1607958910158747,0.6109,0.3
1769796697.190775,0.115334,-0.16177200066602462,1.5520549626050546,0.3,0.0,0.0,1.570796,0.666667,1.0,0.0,0.16139325156855502,0.6109,0.3
1769796697.190775,0.115334,-0.16344904263956933,1.5614924773376757,0.3,0.0,0.0,1.570796,0.666667,1.0,0.0,0.16312685941364422,0.6109,0.3
1769796697.190775,0.115334,-0.16606109675195327,1.6090006201798353,0.3,0.0,0.0,1.570796,0.666667,1.0,0.0,0.16582701693650873,0.6109,0.3
1769796697.190775,0.115334,-0.16935247694740516,1.5898707925084308,0.3,0.0,0.0,1.570796,0.666667,1.0,0.0,0.16922941390570687,0.6109,0.3
1769796697.190775,0.115334,-0.17300099999999996,1.5877851723872631,0.3,0.0,0.0,1.570796,0.666667,1.0,0.0,0.17300099999999993,0.6109,0.3
1769796697.190775,0.115334,-0.1766495230525947,1.5523114817734998,0.3,0.0,0.0,1.570796,0.666667,1.0,0.0,0.17677258609429305,0.6109,0.3
1769796697.190775,0.115334,-0.17994090324804665,1.5905538666068169,0.3,0.0,0.0,1.570796,0.666667,1.0,0.0,0.18017498306349117,0.6109,0.3
1769796697.190775,0.115334,-0.18255295736043062,1.551707110391851,0.3,0.0,0.0,1.570796,0.666667,1.0,0.0,0.18287514058635573,0.6109,0.3
1769796697.190775,0.115334,-0.18422999933397533,1.5806468773813624,0.3,0.0,0.0,1.570796,0.666667,1.0,0.0,0.1846087484314449,0.6109,0.3
1769796697.190775,0.115334,-0.18480786861567175,1.5632597673723074,0.3,0.0,0.0,1.570796,0.666667,1.0,0.0,0.18520610898412534,0.6109,0.3
1769796697.190775,0.115334,-0.18422999933397535,1.5624767918800857,0.3,0.0,0.0,1.570796,0.666667,1.0,0.0,0.18460874843144495,0.6109,0.3
1769796697.190775,0.115334,-0.18255295736043065,1.5676415065859786,0.3,0.0,0.0,1.570796,0.666667,1.0,0.0,0.1828751405863558,0.6109,0.3
1769796697.190775,0.115334,-0.1799409032480467,1.572375167927896,0.3,0.0,0.0,1.570796,0.666667,1.0,0.0,0.18017498306349125,0.6109,0.3
1769796697.190775,0.115334,-0.17664952305259476,1.5660437164045846,0.3,0.0,0.0,1.570796,0.666667,1.0,0.0,0.1767725860942931,0.6109,0.3
1769796697.190775,0.115334,-0.17300100000000004,1.5761023388770865,0.3,0.0,0.0,1.570796,0.666667,1.0,0.0,0.17300100000000002,0.6109,0.3
1769796697.190775,0.115334,-0.16935247694740527,1.5812430349661004,0.3,0.0,0.0,1.570796,0.666667,1.0,0.0,0.16922941390570695,0.6109,0.3
1769796697.190775,0.115334,-0.16606109675195332,1.5702261071340777,0.3,0.0,0.0,1.570796,0.666667,1.0,0.0,0.16582701693650878,0.6109,0.3
1769796697.190775,0.115334,-0.16344904263956936,1.5813765484093398,0.3,0.0,0.0,1.570796,0.666667,1.0,0.0,0.16312685941364427,0.6109,0.3
1769796697.190775,0.115334,-0.16177200066602462,1.5512544253902867,0.3,0.0,0.0,1.570796,0.666667,1.0,0.0,0.16139325156855502,0.6109,0.3
1769796697.190775,0.115334,-0.16119413138432825,1.5580482009201548,0.3,0.0,0.0,1.570796,0.666667,1.0,0.0,0.16079589101587466,0.6109,0.3
1769796697.190775,0.115334,-0.16177200066602468,1.57857570648147,0.3,0.0,0.0,1.570796,0.666667,1.0,0.0,0.16139325156855505,0.6109,0.3
1769796697.190775,0.115334,-0.16344904263956936,1.5632914968316753,0.3,0.0,0.0,1.570796,0.666667,1.0,0.0,0.16312685941364427,0.6109,0.3
1769796697.190775,0.115334,-0.16606109675195332,1.5506920964110467,0.3,0.0,0.0,1.570796,0.666667,1.0,0.0,0.16582701693650875,0.6109,0.3
1769796697.190775,0.115334,-0.1693524769474052,1.5810297423614745,0.3,0.0,0.0,1.570796,0.666667,1.0,0.0,0.16922941390570692,0.6109,0.3
1769796697.190775,0.115334,-0.173001,1.5507721249497415,0.3,0.0,0.0,1.570796,0.666667,1.0,0.0,0.17300100000000002,0.6109,0.3
1769796697.190775,0.115334,-0.17664952305259476,1.5718838290252943,0.3,0.0,0.0,1.570796,0.666667,1.0,0.0,0.17677258609429308,0.6109,0.3
1769796697.190775,0.115334,-0.17994090324804668,1.5729362062120555,0.3,0.0,0.0,1.570796,0.666667,1.0,0.0,0.18017498306349125,0.6109,0.3
1769796697.190775,0.115334,-0.18255295736043067,1.5770388184854467,0.3,0.0,0.0,1.570796,0.666667,1.0,0.0,0.18287514058635576,0.6109,0.3
1769796697.190775,0.115334,-0.18422999933397535,1.5567663668982823,0.3,0.0,0.0,1.570796,0.666667,1.0,0.0,0.18460874843144495,0.6109,0.3
1769796697.190775,0.115334,-0.18480786861567175,1.5712676450251746,0.3,0.0,0.0,1.570796,0.666667,1.0,0.0,0.1852061089841254,0.6109,0.3
1769796697.190775,0.115334,-0.18422999933397535,1.5500252700547505,0.3,0.0,0.0,1.570796,0.666667,1.0,0.0,0.18460874843144492,0.6109,0.3
1769796697.190775,0.115334,-0.18255295736043065,1.5572029288720997,0.3,0.0,0.0,1.570796,0.666667,1.0,0.0,0.18287514058635576,0.6109,0.3
1769796697.190775,0.115334,-0.1799409032480467,1.56454927625444,0.3,0.0,0.0,1.570796,0.666667,1.0,0.0,0.18017498306349125,0.6109,0.3
1769796697.190775,0.115334,-0.17664952305259476,1.5837303027647338,0.3,0.0,0.0,1.570796,0.666667,1.0,0.0,0.17677258609429305,0.6109,0.3
1769796697.190775,0.115334,-0.173001,1.551061223394678,0.3,0.0,0.0,1.570796,0.666667,1.0,0.0,0.17300100000000002,0.6109,0.3
1769796697.190775,0.115334,-0.1693524769474052,1.5710328551963775,0.3,0.0,0.0,1.570796,0.666667,1.0,0.0,0.16922941390570692,0.6109,0.3
1769796697.190775,0.115334,-0.16606109675195332,1.5631642018575402,0.3,0.0,0.0,1.570796,0.666667,1.0,0.0,0.16582701693650875,0.6109,0.3
1769796697.190775,0.115334,-0.1634490426395694,1.5616979159972306,0.3,0.0,0.0,1.570796,0.666667,1.0,0.0,0.16312685941364427,0.6109,0.3
1769796697.190775,0.115334,-0.16177200066602468,1.584341642117512,0.3,0.0,0.0,1.570796,0.666667,1.0,0.0,0.16139325156855508,0.6109,0.3
1769796697.190775,0.115334,-0.16119413138432828,1.5708313811074355,0.3,0.0,0.0,1.570796,0.666667,1.0,0.0,0.16079589101587466,0.6109,0.3
1769796697.190775,0.115334,-0.16177200066602468,1.5840329777101714,0.3,0.0,0.0,1.570796,0.666667,1.0,0.0,0.16139325156855508,0.6109,0.3
1769796697.190775,0.115334,-0.1634490426395694,1.5734292466800315,0.3,0.0,0.0,1.570796,0.666667,1.0,0.0,0.1631268594136443,0.6109,0.3
1769796697.190775,0.115334,-0.16606109675195332,1.5846356913600281,0.3,0.0,0.0,1.570796,0.666667,1.0,0.0,0.16582701693650878,0.6109,0.3
1769796697.190775,0.115334,-0.1693524769474052,1.5507110743845962,0.3,0.0,0.0,1.570796,0.666667,1.0,0.0,0.1692294139057069,0.6109,0.3
1769796697.190775,0.115334,-0.17300099999999996,1.5556347617889879,0.3,0.0,0.0,1.570796,0.666667,1.0,0.0,0.173001,0.6109,0.3
1769796697.190775,0.115334,-0.17664952305259476,1.5364399484483908,0.3,0.0,0.0,1.570796,0.666667,1.0,0.0,0.17677258609429305,0.6109,0.3
1769796697.190775,0.115334,-0.17994090324804668,1.558433440819242,0.3,0.0,0.0,1.570796,0.666667,1.0,0.0,0.18017498306349125,0.6109,0.3
1769796697.190775,0.115334,-0.18255295736043065,1.5695517423400154,0.3,0.0,0.0,1.570796,0.666667,1.0,0.0,0.18287514058635573,0.6109,0.3
1769796697.190775,0.115334,-0.18422999933397533,1.5985261178150714,0.3,0.0,0.0,1.570796,0.666667,1.0,0.0,0.1846087484314449,0.6109,0.3
1769796697.190775,0.115334,-0.1848078686156717,1.5458157852551464,0.3,0.0,0.0,1.570796,0.666667,1.0,0.0,0.1852061089841253,0.6109,0.3
1769796697.190775,0.115334,-0.18422999933397533,1.6112013405685301,0.3,0.0,0.0,1.570796,0.666667,1.0,0.0,0.18460874843144492,0.6109,0.3
1769796697.190775,0.115334,-0.18255295736043067,1.5689810317685302,0.3,0.0,0.0,1.570796,0.666667,1.0,0.0,0.18287514058635576,0.6109,0.3
1769796697.190775,0.115334,-0.17994090324804676,1.5635238062565513,0.3,0.0,0.0,1.570796,0.666667,1.0,0.0,0.1801749830634913,0.6109,0.3
1769796697.190775,0.115334,-0.17664952305259485,1.573434977103465,0.3,0.0,0.0,1.570796,0.666667,1.0,0.0,0.17677258609429317,0.6109,0.3
1769796697.190775,0.115334,-0.1730010000000001,1.5605733304129101,0.3,0.0,0.0,1.570796,0.666667,1.0,0.0,0.1730010000000001,0.6109,0.3
1769796697.190775,0.115334,-0.16935247694740532,1.5790077743259316,0.3,0.0,0.0,1.570796,0.666667,1.0,0.0,0.16922941390570703,0.6109,0.3
1769796697.190775,0.115334,-0.1660610967519534,1.5605703827958237,0.3,0.0,0.0,1.570796,0.666667,1.0,0.0,0.16582701693650886,0.6109,0.3
1769796697.190775,0.115334,-0.16344904263956944,1.5843873234542376,0.3,0.0,0.0,1.570796,0.666667,1.0,0.0,0.16312685941364433,0.6109,0.3
1769796697.190775,0.115334,-0.16177200066602473,1.5985222114466044,0.3,0.0,0.0,1.570796,0.666667,1.0,0.0,0.16139325156855516,0.6109,0.3
1769796697.190775,0.115334,-0.16119413138432834,1.577103458927717,0.3,0.0,0.0,1.570796,0.666667,1.0,0.0,0.16079589101587471,0.6109,0.3
1769796697.190775,0.115334,-0.16177200066602468,1.574458660227502,0.3,0.0,0.0,1.570796,0.666667,1.0,0.0,0.16139325156855508,0.6109,0.3
1769796697.190775,0.115334,-0.16344904263956936,1.5622095000811964,0.3,0.0,0.0,1.570796,0.666667,1.0,0.0,0.16312685941364427,0.6109,0.3
1769796697.190775,0.115334,-0.16606109675195327,1.5682713131147201,0.3,0.0,0.0,1.570796,0.666667,1.0,0.0,0.16582701693650873,0.6109,0.3
1769796697.190775,0.115334,-0.16935247694740518,1.6044922668735884,0.3,0.0,0.0,1.570796,0.666667,1.0,0.0,0.1692294139057069,0.6109,0.3
1769796697.190775,0.115334,-0.17300099999999996,1.5657502862060984,0.3,0.0,0.0,1.570796,0.666667,1.0,0.0,0.17300099999999996,0.6109,0.3
1769796697.190775,0.115334,-0.1766495230525947,1.578334213402665,0.3,0.0,0.0,1.570796,0.666667,1.0,0.0,0.176772586094293,0.6109,0.3
1769796697.190775,0.115334,-0.1799409032480466,1.5649857589984228,0.3,0.0,0.0,1.570796,0.666667,1.0,0.0,0.18017498306349117,0.6109,0.3
1769796697.190775,0.115334,-0.18255295736043056,1.5814967499053483,0.3,0.0,0.0,1.570796,0.666667,1.0,0.0,0.18287514058635565,0.6109,0.3
1769796697.190775,0.115334,-0.1842299993339753,1.5789161194585617,0.3,0.0,0.0,1.570796,0.666667,1.0,0.0,0.1846087484314449,0.6109,0.3
1769796697.190775,0.115334,-0.1848078686156717,1.5767088820331254,0.3,0.0,0.0,1.570796,0.666667,1.0,0.0,0.1852061089841253,0.6109,0.3
1769796697.190775,0.115334,-0.18422999933397533,1.5734792886381634,0.3,0.0,0.0,1.570796,0.666667,1.0,0.0,0.1846087484314449,0.6109,0.3
1769796697.190775,0.115334,-0.18255295736043065,1.5712679771010227,0.3,0.0,0.0,1.570796,0.666667,1.0,0.0,0.18287514058635576,0.6109,0.3
1769796697.190775,0.115334,-0.1799409032480467,1.563018769804173,0.3,0.0,0.0,1.570796,0.666667,1.0,0.0,0.18017498306349128,0.6109,0.3
1769796697.190775,0.115334,-0.17664952305259482,1.5975505496889086,0.3,0.0,0.0,1.570796,0.666667,1.0,0.0,0.1767725860942931,0.6109,0.3
1769796697.190775,0.115334,-0.17300100000000007,1.5558831452061455,0.3,0.0,0.0,1.570796,0.666667,1.0,0.0,0.17300100000000004,0.6109,0.3
1769796697.190775,0.115334,-0.1693524769474053,1.570397878907029,0.3,0.0,0.0,1.570796,0.666667,1.0,0.0,0.16922941390570703,0.6109,0.3
1769796697.190775,0.115334,-0.1660610967519534,1.5684090479272603,0.3,0.0,0.0,1.570796,0.666667,1.0,0.0,0.16582701693650886,0.6109,0.3
1769796697.190775,0.115334,-0.16344904263956947,1.5697202931592473,0.3,0.0,0.0,1.570796,0.666667,1.0,0.0,0.16312685941364435,0.6109,0.3
1769796697.190775,0.115334,-0.16177200066602473,1.561741977747188,0.3,0.0,0.0,1.570796,0.666667,1.0,0.0,0.16139325156855513,0.6109,0.3
1769796697.190775,0.115334,-0.16119413138432828,1.5702576220434004,0.3,0.0,0.0,1.570796,0.666667,1.0,0.0,0.16079589101587471,0.6109,0.3
1769796697.190775,0.115334,-0.16177200066602468,1.5888958007194225,0.3,0.0,0.0,1.570796,0.666667,1.0,0.0,0.16139325156855505,0.6109,0.3
1769796697.190775,0.115334,-0.1634490426395693,1.546440015631363,0.3,0.0,0.0,1.570796,0.666667,1.0,0.0,0.1631268594136442,0.6109,0.3
1769796697.190775,0.115334,-0.1660610967519532,1.5718936370312928,0.3,0.0,0.0,1.570796,0.666667,1.0,0.0,0.16582701693650867,0.6109,0.3
1769796697.190775,0.115334,-0.16935247694740516,1.5610728063828805,0.3,0.0,0.0,1.570796,0.666667,1.0,0.0,0.16922941390570684,0.6109,0.3
1769796697.190775,0.115334,-0.17300099999999988,1.5749996206828678,0.3,0.0,0.0,1.570796,0.666667,1.0,0.0,0.1730009999999999,0.6109,0.3
1769796697.190775,0.115334,-0.17664952305259465,1.5636585779481527,0.3,0.0,0.0,1.570796,0.666667,1.0,0.0,0.17677258609429297,0.6109,0.3
1769796697.190775,0.115334,-0.17994090324804657,1.572786781954694,0.3,0.0,0.0,1.570796,0.666667,1.0,0.0,0.1801749830634911,0.6109,0.3
1769796697.190775,0.115334,-0.18255295736043053,1.5659949111824598,0.3,0.0,0.0,1.570796,0.666667,1.0,0.0,0.18287514058635565,0.6109,0.3
1769796697.190775,0.115334,-0.1842299993339753,1.588054231516126,0.3,0.0,0.0,1.570796,0.666667,1.0,0.0,0.18460874843144487,0.6109,0.3
1769796697.190775,0.115334,-0.1848078686156717,1.5892846925756319,0.3,0.0,0.0,1.570796,0.666667,1.0,0.0,0.18520610898412532,0.6109,0.3
1769796697.190775,0.115334,-0.18422999933397535,1.5660847613210058,0.3,0.0,0.0,1.570796,0.666667,1.0,0.0,0.18460874843144495,0.6109,0.3
1769796697.190775,0.115334,-0.18255295736043073,1.5695967600818237,0.3,0.0,0.0,1.570796,0.666667,1.0,0.0,0.18287514058635582,0.6109,0.3
1769796697.190775,0.115334,-0.1799409032480468,1.5772423392967783,0.3,0.0,0.0,1.570796,0.666667,1.0,0.0,0.1801749830634914,0.6109,0.3
1769796697.190775,0.115334,-0.17664952305259493,1.594069925692719,0.3,0.0,0.0,1.570796,0.666667,1.0,0.0,0.17677258609429322,0.6109,0.3
1769796697.190775,0.115334,-0.17300100000000015,1.5987133671503768,0.3,0.0,0.0,1.570796,0.666667,1.0,0.0,0.17300100000000015,0.6109,0.3
1769796697.190775,0.115334,-0.16935247694740538,1.5983465141304336,0.3,0.0,0.0,1.570796,0.666667,1.0,0.0,0.1692294139057071,0.6109,0.3
1769796697.190775,0.115334,-0.16606109675195344,1.5787569809588942,0.3,0.0,0.0,1.570796,0.666667,1.0,0.0,0.1658270169365089,0.6109,0.3
1769796697.190775,0.115334,-0.16344904263956947,1.550610077084503,0.3,0.0,0.0,1.570796,0.666667,1.0,0.0,0.16312685941364435,0.6109,0.3
1769796697.190775,0.115334,-0.1617720006660247,1.547962895018008,0.3,0.0,0.0,1.570796,0.666667,1.0,0.0,0.16139325156855513,0.6109,0.3
1769796697.190775,0.115334,-0.16119413138432825,1.5747211977741564,0.3,0.0,0.0,1.570796,0.666667,1.0,0.0,0.16079589101587463,0.6109,0.3
1769796697.190775,0.115334,-0.1617720006660246,1.5722595727143451,0.3,0.0,0.0,1.570796,0.666667,1.0,0.0,0.16139325156855502,0.6109,0.3
1769796697.190775,0.115334,-0.16344904263956928,1.605298281083205,0.3,0.0,0.0,1.570796,0.666667,1.0,0.0,0.16312685941364416,0.6109,0.3
1769796697.190775,0.115334,-0.16606109675195319,1.5402536829192306,0.3,0.0,0.0,1.570796,0.666667,1.0,0.0,0.16582701693650864,0.6109,0.3
1769796697.190775,0.115334,-0.16935247694740507,1.5781563013299194,0.3,0.0,0.0,1.570796,0.666667,1.0,0.0,0.16922941390570675,0.6109,0.3
1769796697.190775,0.115334,-0.17300099999999988,1.5489279574992043,0.3,0.0,0.0,1.570796,0.666667,1.0,0.0,0.17300099999999988,0.6109,0.3
1769796697.190775,0.115334,-0.17664952305259465,1.5726252237059377,0.3,0.0,0.0,1.570796,0.666667,1.0,0.0,0.17677258609429294,0.6109,0.3
1769796697.190775,0.115334,-0.17994090324804657,1.5815139387335535,0.3,0.0,0.0,1.570796,0.666667,1.0,0.0,0.18017498306349114,0.6109,0.3
1769796697.190775,0.115334,-0.18255295736043056,1.5618282653147175,0.3,0.0,0.0,1.570796,0.666667,1.0,0.0,0.18287514058635565,0.6109,0.3
1769796697.190775,0.115334,-0.18422999933397533,1.589375531989744,0.3,0.0,0.0,1.570796,0.666667,1.0,0.0,0.1846087484314449,0.6109,0.3
1769796697.190775,0.115334,-0.18480786861567175,1.5538631191608712,0.3,0.0,0.0,1.570796,0.666667,1.0,0.0,0.18520610898412534,0.6109,0.3
1769796697.190775,0.115334,-0.1842299993339754,1.6130215982133975,0.3,0.0,0.0,1.570796,0.666667,1.0,0.0,0.184608748431445,0.6109,0.3
1769796697.190775,0.115334,-0.18255295736043076,1.5589611634241893,0.3,0.0,0.0,1.570796,0.666667,1.0,0.0,0.18287514058635584,0.6109,0.3
1769796697.190775,0.115334,-0.1799409032480468,1.5829561598953104,0.3,0.0,0.0,1.570796,0.666667,1.0,0.0,0.18017498306349136,0.6109,0.3
1769796697.190775,0.115334,-0.17664952305259493,1.5748846742490075,0.3,0.0,0.0,1.570796,0.666667,1.0,0.0,0.1767725860942932,0.6109,0.3
1769796697.190775,0.115334,-0.17300100000000015,1.5628735884176175,0.3,0.0,0.0,1.570796,0.666667,1.0,0.0,0.17300100000000015,0.6109,0.3
1769796697.190775,0.115334,-0.16935247694740538,1.5756977868488897,0.3,0.0,0.0,1.570796,0.666667,1.0,0.0,0.16922941390570706,0.6109,0.3
1769796697.190775,0.115334,-0.16606109675195338,1.569641287108333,0.3,0.0,0.0,1.570796,0.666667,1.0,0.0,0.16582701693650886,0.6109,0.3
1769796697.190775,0.115334,-0.16344904263956944,1.5833385688664554,0.3,0.0,0.0,1.570796,0.666667,1.0,0.0,0.1631268594136443,0.6109,0.3
1769796697.190775,0.115334,-0.1617720006660247,1.564635425588765,0.3,0.0,0.0,1.570796,0.666667,1.0,0.0,0.16139325156855513,0.6109,0.3
1769796697.190775,0.115334,-0.16119413138432828,1.5803713632718956,0.3,0.0,0.0,1.570796,0.666667,1.0,0.0,0.16079589101587466,0.6109,0.3
1769796697.190775,0.115334,-0.16177200066602462,1.5678005464566007,0.3,0.0,0.0,1.570796,0.666667,1.0,0.0,0.16139325156855505,0.6109,0.3
1769796697.190775,0.115334,-0.1634490426395693,1.5777507541170783,0.3,0.0,0.0,1.570796,0.666667,1.0,0.0,0.1631268594136442,0.6109,0.3
1769796697.190775,0.115334,-0.16606109675195324,1.5648219409626567,0.3,0.0,0.0,1.570796,0.666667,1.0,0.0,0.16582701693650867,0.6109,0.3
1769796697.190775,0.115334,-0.16935247694740516,1.5706201456734812,0.3,0.0,0.0,1.570796,0.666667,1.0,0.0,0.16922941390570684,0.6109,0.3
1769796697.190775,0.115334,-0.17300099999999993,1.5670323107464692,0.3,0.0,0.0,1.570796,0.666667,1.0,0.0,0.17300099999999996,0.6109,0.3
1769796697.190775,0.115334,-0.17664952305259474,1.5603397560470025,0.3,0.0,0.0,1.570796,0.666667,1.0,0.0,0.17677258609429303,0.6109,0.3
1769796697.190775,0.115334,-0.17994090324804665,1.576269600082698,0.3,0.0,0.0,1.570796,0.666667,1.0,0.0,0.18017498306349117,0.6109,0.3
1769796697.190775,0.115334,-0.18255295736043062,1.5830180743004352,0.3,0.0,0.0,1.570796,0.666667,1.0,0.0,0.18287514058635573,0.6109,0.3
1769796697.190775,0.115334,-0.18422999933397533,1.5842890272450845,0.3,0.0,0.0,1.570796,0.666667,1.0,0.0,0.18460874843144492,0.6109,0.3
1769796697.190775,0.115334,-0.18480786861567175,1.5850119747230271,0.3,0.0,0.0,1.570796,0.666667,1.0,0.0,0.18520610898412534,0.6109,0.3
1769796697.190775,0.115334,-0.18422999933397535,1.5871566687683158,0.3,0.0,0.0,1.570796,0.666667,1.0,0.0,0.18460874843144495,0.6109,0.3
1769796697.190775,0.115334,-0.18255295736043067,1.5443273831771622,0.3,0.0,0.0,1.570796,0.666667,1.0,0.0,0.18287514058635576,0.6109,0.3
1769796697.190775,0.115334,-0.1799409032480467,1.5531867238109307,0.3,0.0,0.0,1.570796,0.666667,1.0,0.0,0.1801749830634913,0.6109,0.3
1769796697.190775,0.115334,-0.17664952305259482,1.5617424243042088,0.3,0.0,0.0,1.570796,0.666667,1.0,0.0,0.1767725860942931,0.6109,0.3
1769796697.190775,0.115334,-0.17300100000000004,1.5600912817762382,0.3,0.0,0.0,1.570796,0.666667,1.0,0.0,0.17300100000000004,0.6109,0.3
1769796697.190775,0.115334,-0.16935247694740527,1.5531789323819136,0.3,0.0,0.0,1.570796,0.666667,1.0,0.0,0.16922941390570695,0.6109,0.3
1769796697.190775,0.115334,-0.16606109675195335,1.5585999841338574,0.3,0.0,0.0,1.570796,0.666667,1.0,0.0,0.1658270169365088,0.6109,0.3
1769796697.190775,0.115334,-0.16344904263956941,1.5873969050962462,0.3,0.0,0.0,1.570796,0.666667,1.0,0.0,0.1631268594136443,0.6109,0.3
1769796697.190775,0.115334,-0.1617720006660247,1.5737135757774903,0.3,0.0,0.0,1.570796,0.666667,1.0,0.0,0.16139325156855513,0.6109,0.3
1769796697.190775,0.115334,-0.16119413138432828,1.593306308902486,0.3,0.0,0.0,1.570796,0.666667,1.0,0.0,0.16079589101587466,0.6109,0.3
1769796697.190775,0.115334,-0.16177200066602468,1.549956532590639,0.3,0.0,0.0,1.570796,0.666667,1.0,0.0,0.16139325156855508,0.6109,0.3
1769796697.190775,0.115334,-0.16344904263956936,1.5404680884189588,0.3,0.0,0.0,1.570796,0.666667,1.0,0.0,0.16312685941364427,0.6109,0.3
1769796697.190775,0.115334,-0.16606109675195332,1.5788938069235134,0.3,0.0,0.0,1.570796,0.666667,1.0,0.0,0.16582701693650875,0.6109,0.3
1769796697.190775,0.115334,-0.1693524769474052,1.5668184977743655,0.3,0.0,0.0,1.570796,0.666667,1.0,0.0,0.1692294139057069,0.6109,0.3
1769796697.190775,0.115334,-0.17300099999999996,1.5903690999616322,0.3,0.0,0.0,1.570796,0.666667,1.0,0.0,0.173001,0.6109,0.3
1769796697.190775,0.115334,-0.17664952305259474,1.5795439985531414,0.3,0.0,0.0,1.570796,0.666667,1.0,0.0,0.17677258609429305,0.6109,0.3
1769796697.190775,0.115334,-0.17994090324804665,1.5410403253978169,0.3,0.0,0.0,1.570796,0.666667,1.0,0.0,0.1801749830634912,0.6109,0.3
1769796697.190775,0.115334,-0.18255295736043062,1.580286312996386,0.3,0.0,0.0,1.570796,0.666667,1.0,0.0,0.1828751405863557,0.6109,0.3
1769796697.190775,0.115334,-0.1842299993339753,1.5890268249531185,0.3,0.0,0.0,1.570796,0.666667,1.0,0.0,0.1846087484314449,0.6109,0.3
1769796697.190775,0.115334,-0.1848078686156717,1.5526771070737728,0.3,0.0,0.0,1.570796,0.666667,1.0,0.0,0.1852061089841253,0.6109,0.3
1769796697.190775,0.115334,-0.1842299993339753,1.5763267771118827,0.3,0.0,0.0,1.570796,0.666667,1.0,0.0,0.1846087484314449,0.6109,0.3
1769796697.190775,0.115334,-0.18255295736043062,1.5371463562510024,0.3,0.0,0.0,1.570796,0.666667,1.0,0.0,0.1828751405863557,0.6109,0.3
1769796697.190775,0.115334,-0.17994090324804665,1.5793347829871829,0.3,0.0,0.0,1.570796,0.666667,1.0,0.0,0.1801749830634912,0.6109,0.3
1769796697.190775,0.115334,-0.17664952305259476,1.5792342638862609,0.3,0.0,0.0,1.570796,0.666667,1.0,0.0,0.1767725860942931,0.6109,0.3
1769796697.190775,0.115334,-0.17300100000000004,1.586377814607599,0.3,0.0,0.0,1.570796,0.666667,1.0,0.0,0.17300100000000004,0.6109,0.3
1769796697.190775,0.115334,-0.1693524769474053,1.5722307657756327,0.3,0.0,0.0,1.570796,0.666667,1.0,0.0,0.16922941390570698,0.6109,0.3
1769796697.190775,0.115334,-0.16606109675195338,1.5641745534045286,0.3,0.0,0.0,1.570796,0.666667,1.0,0.0,0.16582701693650884,0.6109,0.3
1769796697.190775,0.115334,-0.16344904263956947,1.5875511509063214,0.3,0.0,0.0,1.570796,0.666667,1.0,0.0,0.16312685941364433,0.6109,0.3
1769796697.190775,0.115334,-0.16177200066602476,1.5750736954773703,0.3,0.0,0.0,1.570796,0.666667,1.0,0.0,0.1613932515685552,0.6109,0.3
1769796697.190775,0.115334,-0.16119413138432837,1.5728535080824833,0.3,0.0,0.0,1.570796,0.666667,1.0,0.0,0.16079589101587474,0.6109,0.3
1769796697.190775,0.115334,-0.16177200066602473,1.5591984299476056,0.3,0.0,0.0,1.570796,0.666667,1.0,0.0,0.16139325156855516,0.6109,0.3
1769796697.190775,0.115334,-0.16344904263956941,1.5405100044319804,0.3,0.0,0.0,1.570796,0.666667,1.0,0.0,0.16312685941364433,0.6109,0.3
1769796697.190775,0.115334,-0.16606109675195332,1.5762839026338618,0.3,0.0,0.0,1.570796,0.666667,1.0,0.0,0.16582701693650878,0.6109,0.3
1769796697.190775,0.115334,-0.1693524769474052,1.5916887259242236,0.3,0.0,0.0,1.570796,0.666667,1.0,0.0,0.1692294139057069,0.6109,0.3
1769796697.190775,0.115334,-0.17300099999999996,1.5869436902267862,0.3,0.0,0.0,1.570796,0.666667,1.0,0.0,0.17300099999999996,0.6109,0.3
1769796697.190775,0.115334,-0.1766495230525947,1.563585492687212,0.3,0.0,0.0,1.570796,0.666667,1.0,0.0,0.176772586094293,0.6109,0.3
1769796697.190775,0.115334,-0.1799409032480466,1.5574495118375997,0.3,0.0,0.0,1.570796,0.666667,1.0,0.0,0.18017498306349117,0.6109,0.3
1769796697.190775,0.115334,-0.18255295736043053,1.5540341149225538,0.3,0.0,0.0,1.570796,0.666667,1.0,0.0,0.18287514058635565,0.6109,0.3
1769796697.190775,0.115334,-0.18422999933397524,1.5921405968339226,0.3,0.0,0.0,1.570796,0.666667,1.0,0.0,0.18460874843144484,0.6109,0.3
1769796697.190775,0.115334,-0.18480786861567164,1.5689407264767605,0.3,0.0,0.0,1.570796,0.666667,1.0,0.0,0.18520610898412523,0.6109,0.3
1769796697.190775,0.115334,-0.1842299993339753,1.5790606590221756,0.3,0.0,0.0,1.570796,0.666667,1.0,0.0,0.18460874843144487,0.6109,0.3
1769796697.190775,0.115334,-0.18255295736043065,1.6078712188914357,0.3,0.0,0.0,1.570796,0.666667,1.0,0.0,0.18287514058635573,0.6109,0.3
1769796697.190775,0.115334,-0.1799409032480467,1.5727975581517977,0.3,0.0,0.0,1.570796,0.666667,1.0,0.0,0.1801749830634913,0.6109,0.3
1769796697.190775,0.115334,-0.17664952305259485,1.5880085036081704,0.3,0.0,0.0,1.570796,0.666667,1.0,0.0,0.17677258609429317,0.6109,0.3
1769796697.190775,0.115334,-0.1730010000000001,1.5820504859415558,0.3,0.0,0.0,1.570796,0.666667,1.0,0.0,0.1730010000000001,0.6109,0.3
1769796697.190775,0.115334,-0.16935247694740532,1.532838049293853,0.3,0.0,0.0,1.570796,0.666667,1.0,0.0,0.16922941390570703,0.6109,0.3
1769796697.190775,0.115334,-0.16606109675195344,1.5797194487260875,0.3,0.0,0.0,1.570796,0.666667,1.0,0.0,0.1658270169365089,0.6109,0.3
1769796697.190775,0.115334,-0.16344904263956947,1.582846257053717,0.3,0.0,0.0,1.570796,0.666667,1.0,0.0,0.16312685941364438,0.6109,0.3
1769796697.190775,0.115334,-0.16177200066602476,1.6036947807451234,0.3,0.0,0.0,1.570796,0.666667,1.0,0.0,0.16139325156855516,0.6109,0.3
1769796697.190775,0.115334,-0.16119413138432834,1.5820980653855132,0.3,0.0,0.0,1.570796,0.666667,1.0,0.0,0.16079589101587471,0.6109,0.3
1769796697.190775,0.115334,-0.16177200066602468,1.5575640726971356,0.3,0.0,0.0,1.570796,0.666667,1.0,0.0,0.16139325156855508,0.6109,0.3
1769796697.190775,0.115334,-0.1634490426395693,1.566936697210878,0.3,0.0,0.0,1.570796,0.666667,1.0,0.0,0.1631268594136442,0.6109,0.3
1769796697.190775,0.115334,-0.1660610967519532,1.584462781648022,0.3,0.0,0.0,1.570796,0.666667,1.0,0.0,0.16582701693650867,0.6109,0.3
1769796697.190775,0.115334,-0.16935247694740516,1.5756676107601184,0.3,0.0,0.0,1.570796,0.666667,1.0,0.0,0.1692294139057068,0.6109,0.3
1769796697.190775,0.115334,-0.17300099999999988,1.5818828807465217,0.3,0.0,0.0,1.570796,0.666667,1.0,0.0,0.17300099999999988,0.6109,0.3
1769796697.190775,0.115334,-0.17664952305259465,1.5670736159934848,0.3,0.0,0.0,1.570796,0.666667,1.0,0.0,0.17677258609429297,0.6109,0.3
1769796697.190775,0.115334,-0.17994090324804657,1.551554236857131,0.3,0.0,0.0,1.570796,0.666667,1.0,0.0,0.1801749830634911,0.6109,0.3
1769796697.190775,0.115334,-0.18255295736043053,1.5708254831611075,0.3,0.0,0.0,1.570796,0.666667,1.0,0.0,0.18287514058635562,0.6109,0.3
1769796697.190775,0.115334,-0.18422999933397524,1.5617902169057503,0.3,0.0,0.0,1.570796,0.666667,1.0,0.0,0.18460874843144487,0.6109,0.3
1769796697.190775,0.115334,-0.1848078686156717,1.5682292355726484,0.3,0.0,0.0,1.570796,0.666667,1.0,0.0,0.1852061089841253,0.6109,0.3
1769796697.190775,0.115334,-0.18422999933397535,1.5627036160968852,0.3,0.0,0.0,1.570796,0.666667,1.0,0.0,0.18460874843144495,0.6109,0.3
1769796697.190775,0.115334,-0.18255295736043073,1.5551215660701014,0.3,0.0,0.0,1.570796,0.666667,1.0,0.0,0.18287514058635582,0.6109,0.3
1769796697.190775,0.115334,-0.1799409032480468,1.5705692156184081,0.3,0.0,0.0,1.570796,0.666667,1.0,0.0,0.18017498306349133,0.6109,0.3
1769796697.190775,0.115334,-0.17664952305259488,1.560166477038753,0.3,0.0,0.0,1.570796,0.666667,1.0,0.0,0.1767725860942932,0.6109,0.3
1769796697.190775,0.115334,-0.1730010000000001,1.5534472254559748,0.3,0.0,0.0,1.570796,0.666667,1.0,0.0,0.17300100000000013,0.6109,0.3
1769796697.190775,0.115334,-0.16935247694740532,1.5729904650378952,0.3,0.0,0.0,1.570796,0.666667,1.0,0.0,0.16922941390570703,0.6109,0.3
1769796697.190775,0.115334,-0.16606109675195344,1.5605791304295458,0.3,0.0,0.0,1.570796,0.666667,1.0,0.0,0.16582701693650886,0.6109,0.3
1769796697.190775,0.115334,-0.16344904263956947,1.579917442085116,0.3,0.0,0.0,1.570796,0.666667,1.0,0.0,0.16312685941364435,0.6109,0.3
1769796697.190775,0.115334,-0.16177200066602473,1.575202768640009,0.3,0.0,0.0,1.570796,0.666667,1.0,0.0,0.16139325156855516,0.6109,0.3
1769796697.190775,0.115334,-0.16119413138432828,1.567613500437741,0.3,0.0,0.0,1.570796,0.666667,1.0,0.0,0.16079589101587466,0.6109,0.3
1769796697.190775,0.115334,-0.16177200066602462,1.5714757794824503,0.3,0.0,0.0,1.570796,0.666667,1.0,0.0,0.16139325156855508,0.6109,0.3
1769796697.190775,0.115334,-0.16344904263956933,1.5588413259317784,0.3,0.0,0.0,1.570796,0.666667,1.0,0.0,0.1631268594136442,0.6109,0.3
1769796697.190775,0.115334,-0.16606109675195327,1.6244547304290797,0.3,0.0,0.0,1.570796,0.666667,1.0,0.0,0.16582701693650873,0.6109,0.3
1769796697.190775,0.115334,-0.16935247694740518,1.5717940634265346,0.3,0.0,0.0,1.570796,0.666667,1.0,0.0,0.16922941390570684,0.6109,0.3
1769796697.190775,0.115334,-0.17300099999999993,1.5766555104633302,0.3,0.0,0.0,1.570796,0.666667,1.0,0.0,0.17300099999999993,0.6109,0.3
1769796697.190775,0.115334,-0.1766495230525947,1.570527417597214,0.3,0.0,0.0,1.570796,0.666667,1.0,0.0,0.176772586094293,0.6109,0.3
1769796697.190775,0.115334,-0.17994090324804665,1.5280900380858984,0.3,0.0,0.0,1.570796,0.666667,1.0,0.0,0.1801749830634912,0.6109,0.3
1769796697.190775,0.115334,-0.18255295736043062,1.5829343111905603,0.3,0.0,0.0,1.570796,0.666667,1.0,0.0,0.1828751405863557,0.6109,0.3
1769796697.190775,0.115334,-0.18422999933397533,1.579742864917673,0.3,0.0,0.0,1.570796,0.666667,1.0,0.0,0.18460874843144492,0.6109,0.3
1769796697.190775,0.115334,-0.18480786861567178,1.573919931443717,0.3,0.0,0.0,1.570796,0.666667,1.0,0.0,0.1852061089841254,0.6109,0.3
1769796697.190775,0.115334,-0.1842299993339754,1.5693187715141954,0.3,0.0,0.0,1.570796,0.666667,1.0,0.0,0.184608748431445,0.6109,0.3
1769796697.190775,0.115334,-0.18255295736043076,1.5653220278834121,0.3,0.0,0.0,1.570796,0.666667,1.0,0.0,0.18287514058635582,0.6109,0.3
1769796697.190775,0.115334,-0.1799409032480468,1.5820420778729483,0.3,0.0,0.0,1.570796,0.666667,1.0,0.0,0.18017498306349136,0.6109,0.3
1769796697.190775,0.115334,-0.17664952305259493,1.5975343694644777,0.3,0.0,0.0,1.570796,0.666667,1.0,0.0,0.1767725860942932,0.6109,0.3
1769796697.190775,0.115334,-0.1730010000000001,1.565115999615551,0.3,0.0,0.0,1.570796,0.666667,1.0,0.0,0.17300100000000013,0.6109,0.3
1769796697.190775,0.115334,-0.16935247694740532,1.5758358617261088,0.3,0.0,0.0,1.570796,0.666667,1.0,0.0,0.16922941390570703,0.6109,0.3
1769796697.190775,0.115334,-0.16606109675195338,1.5804913390536277,0.3,0.0,0.0,1.570796,0.666667,1.0,0.0,0.1658270169365088,0.6109,0.3
1769796697.190775,0.115334,-0.16344904263956941,1.5746322873884484,0.3,0.0,0.0,1.570796,0.666667,1.0,0.0,0.1631268594136443,0.6109,0.3
1769796697.190775,0.115334,-0.16177200066602468,1.57206854128503,0.3,0.0,0.0,1.570796,0.666667,1.0,0.0,0.16139325156855508,0.6109,0.3
1769796697.190775,0.115334,-0.16119413138432825,1.566007545185475,0.3,0.0,0.0,1.570796,0.666667,1.0,0.0,0.16079589101587463,0.6109,0.3
1769796697.190775,0.115334,-0.1617720006660246,1.5686773048916987,0.3,0.0,0.0,1.570796,0.666667,1.0,0.0,0.161393251568555,0.6109,0.3
1769796697.190775,0.115334,-0.16344904263956925,1.5593290682368839,0.3,0.0,0.0,1.570796,0.666667,1.0,0.0,0.16312685941364413,0.6109,0.3
1769796697.190775,0.115334,-0.16606109675195319,1.5636737339524793,0.3,0.0,0.0,1.570796,0.666667,1.0,0.0,0.16582701693650864,0.6109,0.3
1769796697.190775,0.115334,-0.16935247694740516,1.567981398014801,0.3,0.0,0.0,1.570796,0.666667,1.0,0.0,0.1692294139057068,0.6109,0.3
1769796697.190775,0.115334,-0.17300099999999988,1.563991567894467,0.3,0.0,0.0,1.570796,0.666667,1.0,0.0,0.1730009999999999,0.6109,0.3
1769796697.190775,0.115334,-0.1766495230525947,1.57474582067409,0.3,0.0,0.0,1.570796,0.666667,1.0,0.0,0.176772586094293,0.6109,0.3
1769796697.190775,0.115334,-0.17994090324804665,1.5875909687678222,0.3,0.0,0.0,1.570796,0.666667,1.0,0.0,0.1801749830634912,0.6109,0.3
1769796697.190775,0.115334,-0.18255295736043065,1.5438222360962006,0.3,0.0,0.0,1.570796,0.666667,1.0,0.0,0.1828751405863558,0.6109,0.3
1769796697.190775,0.115334,-0.1842299993339754,1.5596290941415019,0.3,0.0,0.0,1.570796,0.666667,1.0,0.0,0.18460874843144495,0.6109,0.3
1769796697.190775,0.115334,-0.18480786861567178,1.581647230796227,0.3,0.0,0.0,1.570796,0.666667,1.0,0.0,0.18520610898412543,0.6109,0.3
1769796697.190775,0.115334,-0.18422999933397544,1.5770761085698983,0.3,0.0,0.0,1.570796,0.666667,1.0,0.0,0.184608748431445,0.6109,0.3
1769796697.190775,0.115334,-0.18255295736043073,1.5833947646163198,0.3,0.0,0.0,1.570796,0.666667,1.0,0.0,0.18287514058635584,0.6109,0.3
1769796697.190775,0.115334,-0.1799409032480468,1.5522797843334568,0.3,0.0,0.0,1.570796,0.666667,1.0,0.0,0.18017498306349136,0.6109,0.3
1769796697.190775,0.115334,-0.17664952305259493,1.562954072339437,0.3,0.0,0.0,1.570796,0.666667,1.0,0.0,0.17677258609429322,0.6109,0.3
1769796697.190775,0.115334,-0.17300100000000015,1.581713474846769,0.3,0.0,0.0,1.570796,0.666667,1.0,0.0,0.17300100000000013,0.6109,0.3
1769796697.190775,0.115334,-0.16935247694740538,1.5808392070571,0.3,0.0,0.0,1.570796,0.666667,1.0,0.0,0.1692294139057071,0.6109,0.3
1769796697.190775,0.115334,-0.16606109675195344,1.5744292213980515,0.3,0.0,0.0,1.570796,0.666667,1.0,0.0,0.16582701693650886,0.6109,0.3
1769796697.190775,0.115334,-0.16344904263956944,1.5807586089577745,0.3,0.0,0.0,1.570796,0.666667,1.0,0.0,0.16312685941364435,0.6109,0.3
1769796697.190775,0.115334,-0.16177200066602473,1.5862127614449677,0.3,0.0,0.0,1.570796,0.666667,1.0,0.0,0.16139325156855513,0.6109,0.3
1769796697.190775,0.115334,-0.1611941313843283,1.5624823019414722,0.3,0.0,0.0,1.570796,0.666667,1.0,0.0,0.16079589101587471,0.6109,0.3
1769796697.190775,0.115334,-0.16177200066602462,1.5695122874116099,0.3,0.0,0.0,1.570796,0.666667,1.0,0.0,0.16139325156855505,0.6109,0.3
1769796697.190775,0.115334,-0.1634490426395693,1.5951355306773989,0.3,0.0,0.0,1.570796,0.666667,1.0,0.0,0.16312685941364416,0.6109,0.3
1769796697.190775,0.115334,-0.1660610967519532,1.5939631597813186,0.3,0.0,0.0,1.570796,0.666667,1.0,0.0,0.16582701693650867,0.6109,0.3
1769796697.190775,0.115334,-0.16935247694740516,1.5740125491274863,0.3,0.0,0.0,1.570796,0.666667,1.0,0.0,0.16922941390570684,0.6109,0.3
1769796697.190775,0.115334,-0.17300099999999993,1.5806126724022738,0.3,0.0,0.0,1.570796,0.666667,1.0,0.0,0.17300099999999993,0.6109,0.3
1769796697.190775,0.115334,-0.1766495230525947,1.5742949717912342,0.3,0.0,0.0,1.570796,0.666667,1.0,0.0,0.17677258609429303,0.6109,0.3
1769796697.190775,0.115334,-0.17994090324804665,1.5447822859638098,0.3,0.0,0.0,1.570796,0.666667,1.0,0.0,0.18017498306349117,0.6109,0.3
1769796697.190775,0.115334,-0.18255295736043062,1.574500839904986,0.3,0.0,0.0,1.570796,0.666667,1.0,0.0,0.18287514058635573,0.6109,0.3
1769796697.190775,0.115334,-0.18422999933397535,1.5385047703879622,0.3,0.0,0.0,1.570796,0.666667,1.0,0.0,0.184608748431445,0.6109,0.3
1769796697.190775,0.115334,-0.18480786861567175,1.5752333227993123,0.3,0.0,0.0,1.570796,0.666667,1.0,0.0,0.18520610898412534,0.6109,0.3
1769796697.190775,0.115334,-0.18422999933397535,1.5800248776470356,0.3,0.0,0.0,1.570796,0.666667,1.0,0.0,0.18460874843144492,0.6109,0.3
1769796697.190775,0.115334,-0.18255295736043067,1.5650126599993812,0.3,0.0,0.0,1.570796,0.666667,1.0,0.0,0.1828751405863558,0.6109,0.3
1769796697.190775,0.115334,-0.17994090324804676,1.5932632175200228,0.3,0.0,0.0,1.570796,0.666667,1.0,0.0,0.18017498306349133,0.6109,0.3
1769796697.190775,0.115334,-0.17664952305259488,1.5952736981186328,0.3,0.0,0.0,1.570796,0.666667,1.0,0.0,0.1767725860942932,0.6109,0.3
1769796697.190775,0.115334,-0.1730010000000001,1.574045055181079,0.3,0.0,0.0,1.570796,0.666667,1.0,0.0,0.17300100000000013,0.6109,0.3
1769796697.190775,0.115334,-0.16935247694740538,1.5946246097681178,0.3,0.0,0.0,1.570796,0.666667,1.0,0.0,0.16922941390570703,0.6109,0.3
1769796697.190775,0.115334,-0.16606109675195344,1.540685830969806,0.3,0.0,0.0,1.570796,0.666667,1.0,0.0,0.1658270169365089,0.6109,0.3
1769796697.190775,0.115334,-0.1634490426395695,1.5771510967502207,0.3,0.0,0.0,1.570796,0.666667,1.0,0.0,0.1631268594136444,0.6109,0.3
1769796697.190775,0.115334,-0.16177200066602473,1.5538221124302467,0.3,0.0,0.0,1.570796,0.666667,1.0,0.0,0.1613932515685552,0.6109,0.3
1769796697.190775,0.115334,-0.16119413138432834,1.601369879108601,0.3,0.0,0.0,1.570796,0.666667,1.0,0.0,0.1607958910158747,0.6109,0.3
1769796697.190775,0.115334,-0.1617720006660247,1.5872408920738716,0.3,0.0,0.0,1.570796,0.666667,1.0,0.0,0.16139325156855513,0.6109,0.3
1769796697.190775,0.115334,-0.16344904263956941,1.5703307629543035,0.3,0.0,0.0,1.570796,0.666667,1.0,0.0,0.1631268594136443,0.6109,0.3
1769796697.190775,0.115334,-0.16606109675195332,1.550155954932079,0.3,0.0,0.0,1.570796,0.666667,1.0,0.0,0.16582701693650875,0.6109,0.3
1769796697.190775,0.115334,-0.16935247694740518,1.5805819492484987,0.3,0.0,0.0,1.570796,0.666667,1.0,0.0,0.16922941390570687,0.6109,0.3
1769796697.190775,0.115334,-0.17300099999999996,1.576397331569371,0.3,0.0,0.0,1.570796,0.666667,1.0,0.0,0.17300099999999993,0.6109,0.3
1769796697.190775,0.115334,-0.17664952305259474,1.5837995459122425,0.3,0.0,0.0,1.570796,0.666667,1.0,0.0,0.17677258609429303,0.6109,0.3
1769796697.190775,0.115334,-0.17994090324804665,1.5756766947728986,0.3,0.0,0.0,1.570796,0.666667,1.0,0.0,0.18017498306349125,0.6109,0.3
1769796697.190775,0.115334,-0.18255295736043062,1.5295900792454875,0.3,0.0,0.0,1.570796,0.666667,1.0,0.0,0.1828751405863557,0.6109,0.3
1769796697.190775,0.115334,-0.1842299993339753,1.574916606348145,0.3,0.0,0.0,1.570796,0.666667,1.0,0.0,0.18460874843144484,0.6109,0.3
1769796697.190775,0.115334,-0.18480786861567167,1.569877168538745,0.3,0.0,0.0,1.570796,0.666667,1.0,0.0,0.18520610898412526,0.6109,0.3
1769796697.190775,0.115334,-0.18422999933397533,1.5691308392483723,0.3,0.0,0.0,1.570796,0.666667,1.0,0.0,0.18460874843144492,0.6109,0.3
1769796697.190775,0.115334,-0.18255295736043067,1.547370838324837,0.3,0.0,0.0,1.570796,0.666667,1.0,0.0,0.1828751405863558,0.6109,0.3
1769796697.190775,0.115334,-0.1799409032480468,1.6151856402921254,0.3,0.0,0.0,1.570796,0.666667,1.0,0.0,0.18017498306349133,0.6109,0.3
1769796697.190775,0.115334,-0.17664952305259493,1.5655308164718307,0.3,0.0,0.0,1.570796,0.666667,1.0,0.0,0.17677258609429322,0.6109,0.3
1769796697.190775,0.115334,-0.1730010000000002,1.5599087806691125,0.3,0.0,0.0,1.570796,0.666667,1.0,0.0,0.17300100000000024,0.6109,0.3
1769796697.190775,0.115334,-0.16935247694740543,1.5623008802327143,0.3,0.0,0.0,1.570796,0.666667,1.0,0.0,0.16922941390570714,0.6109,0.3
1769796697.190775,0.115334,-0.1660610967519535,1.5826583024758731,0.3,0.0,0.0,1.570796,0.666667,1.0,0.0,0.16582701693650898,0.6109,0.3
1769796697.190775,0.115334,-0.16344904263956955,1.5633526357137024,0.3,0.0,0.0,1.570796,0.666667,1.0,0.0,0.1631268594136444,0.6109,0.3
1769796697.190775,0.115334,-0.16177200066602485,1.5975907487772136,0.3,0.0,0.0,1.570796,0.666667,1.0,0.0,0.16139325156855525,0.6109,0.3
1769796697.190775,0.115334,-0.16119413138432845,1.5628024691697382,0.3,0.0,0.0,1.570796,0.666667,1.0,0.0,0.16079589101587483,0.6109,0.3
1769796697.190775,0.115334,-0.16177200066602476,1.5582917687435984,0.3,0.0,0.0,1.570796,0.666667,1.0,0.0,0.1613932515685552,0.6109,0.3
1769796697.190775,0.115334,-0.16344904263956941,1.5736603483758846,0.3,0.0,0.0,1.570796,0.666667,1.0,0.0,0.16312685941364427,0.6109,0.3
1769796697.190775,0.115334,-0.16606109675195332,1.549130568270189,0.3,0.0,0.0,1.570796,0.666667,1.0,0.0,0.16582701693650878,0.6109,0.3
1769796697.190775,0.115334,-0.1693524769474052,1.5667851354993994,0.3,0.0,0.0,1.570796,0.666667,1.0,0.0,0.1692294139057069,0.6109,0.3
1769796697.190775,0.115334,-0.17300099999999993,1.5296705249081743,0.3,0.0,0.0,1.570796,0.666667,1.0,0.0,0.17300099999999996,0.6109,0.3
1769796697.190775,0.115334,-0.1766495230525947,1.5584389347793073,0.3,0.0,0.0,1.570796,0.666667,1.0,0.0,0.17677258609429297,0.6109,0.3
1769796697.190775,0.115334,-0.17994090324804657,1.5795832977733137,0.3,0.0,0.0,1.570796,0.666667,1.0,0.0,0.18017498306349114,0.6109,0.3
1769796697.190775,0.115334,-0.18255295736043053,1.5348388531518737,0.3,0.0,0.0,1.570796,0.666667,1.0,0.0,0.18287514058635562,0.6109,0.3
1769796697.190775,0.115334,-0.18422999933397524,1.5653196118590893,0.3,0.0,0.0,1.570796,0.666667,1.0,0.0,0.18460874843144487,0.6109,0.3
1769796697.190775,0.115334,-0.1848078686156717,1.5463378333764355,0.3,0.0,0.0,1.570796,0.666667,1.0,0.0,0.18520610898412526,0.6109,0.3
1769796697.190775,0.115334,-0.18422999933397533,1.5663323824777682,0.3,0.0,0.0,1.570796,0.666667,1.0,0.0,0.18460874843144492,0.6109,0.3
1769796697.190775,0.115334,-0.18255295736043073,1.56446044827948,0.3,0.0,0.0,1.570796,0.666667,1.0,0.0,0.18287514058635582,0.6109,0.3
1769796697.190775,0.115334,-0.17994090324804682,1.5766208058592155,0.3,0.0,0.0,1.570796,0.666667,1.0,0.0,0.18017498306349142,0.6109,0.3
1769796697.190775,0.115334,-0.17664952305259496,1.5474620445702956,0.3,0.0,0.0,1.570796,0.666667,1.0,0.0,0.17677258609429325,0.6109,0.3
1769796697.190775,0.115334,-0.17300100000000018,1.573773653933713,0.3,0.0,0.0,1.570796,0.666667,1.0,0.0,0.1730010000000002,0.6109,0.3
1769796697.190775,0.115334,-0.16935247694740543,1.5668523843335433,0.3,0.0,0.0,1.570796,0.666667,1.0,0.0,0.16922941390570712,0.6109,0.3
1769796697.190775,0.115334,-0.1660610967519535,1.569316286043015,0.3,0.0,0.0,1.570796,0.666667,1.0,0.0,0.16582701693650898,0.6109,0.3
1769796697.190775,0.115334,-0.16344904263956953,1.5613765214101234,0.3,0.0,0.0,1.570796,0.666667,1.0,0.0,0.1631268594136444,0.6109,0.3
1769796697.190775,0.115334,-0.16177200066602476,1.5585519384984778,0.3,0.0,0.0,1.570796,0.666667,1.0,0.0,0.16139325156855522,0.6109,0.3
1769796697.190775,0.115334,-0.16119413138432834,1.5877714921406205,0.3,0.0,0.0,1.570796,0.666667,1.0,0.0,0.1607958910158747,0.6109,0.3
1769796697.190775,0.115334,-0.16177200066602468,1.5990130554463005,0.3,0.0,0.0,1.570796,0.666667,1.0,0.0,0.16139325156855513,0.6109,0.3
1769796697.190775,0.115334,-0.1634490426395694,1.5612324181917858,0.3,0.0,0.0,1.570796,0.666667,1.0,0.0,0.16312685941364427,0.6109,0.3
1769796697.190775,0.115334,-0.16606109675195327,1.5864856312376288,0.3,0.0,0.0,1.570796,0.666667,1.0,0.0,0.16582701693650873,0.6109,0.3
1769796697.190775,0.115334,-0.16935247694740516,1.5627643938800377,0.3,0.0,0.0,1.570796,0.666667,1.0,0.0,0.16922941390570684,0.6109,0.3
1769796697.190775,0.115334,-0.17300099999999993,1.5352478425809173,0.3,0.0,0.0,1.570796,0.666667,1.0,0.0,0.1730009999999999,0.6109,0.3
1769796697.190775,0.115334,-0.17664952305259465,1.553972416138761,0.3,0.0,0.0,1.570796,0.666667,1.0,0.0,0.17677258609429297,0.6109,0.3
1769796697.190775,0.115334,-0.17994090324804657,1.5705583500349218,0.3,0.0,0.0,1.570796,0.666667,1.0,0.0,0.18017498306349114,0.6109,0.3
1769796697.190775,0.115334,-0.18255295736043053,1.5697977345749223,0.3,0.0,0.0,1.570796,0.666667,1.0,0.0,0.18287514058635562,0.6109,0.3
1769796697.190775,0.115334,-0.18422999933397524,1.5753765831661994,0.3,0.0,0.0,1.570796,0.666667,1.0,0.0,0.18460874843144487,0.6109,0.3
1769796697.190775,0.115334,-0.18480786861567175,1.563022293580695,0.3,0.0,0.0,1.570796,0.666667,1.0,0.0,0.18520610898412532,0.6109,0.3
1769796697.190775,0.115334,-0.1842299993339754,1.5593971676641543,0.3,0.0,0.0,1.570796,0.666667,1.0,0.0,0.18460874843144506,0.6109,0.3
1769796697.190775,0.115334,-0.18255295736043076,1.545176181544242,0.3,0.0,0.0,1.570796,0.666667,1.0,0.0,0.18287514058635582,0.6109,0.3
1769796697.190775,0.115334,-0.1799409032480468,1.546794131240175,0.3,0.0,0.0,1.570796,0.666667,1.0,0.0,0.18017498306349136,0.6109,0.3
1769796697.190775,0.115334,-0.17664952305259493,1.5697555970495956,0.3,0.0,0.0,1.570796,0.666667,1.0,0.0,0.17677258609429322,0.6109,0.3
1769796697.190775,0.115334,-0.17300100000000018,1.570513456293453,0.3,0.0,0.0,1.570796,0.666667,1.0,0.0,0.17300100000000018,0.6109,0.3
1769796697.190775,0.115334,-0.16935247694740538,1.570269079721745,0.3,0.0,0.0,1.570796,0.666667,1.0,0.0,0.1692294139057071,0.6109,0.3
1769796697.190775,0.115334,-0.16606109675195344,1.5983262736911676,0.3,0.0,0.0,1.570796,0.666667,1.0,0.0,0.16582701693650886,0.6109,0.3
1769796697.190775,0.115334,-0.16344904263956941,1.582120648051538,0.3,0.0,0.0,1.570796,0.666667,1.0,0.0,0.1631268594136443,0.6109,0.3
1769796697.190775,0.115334,-0.16177200066602473,1.5937535899161837,0.3,0.0,0.0,1.570796,0.666667,1.0,0.0,0.16139325156855516,0.6109,0.3
1769796697.190775,0.115334,-0.1611941313843283,1.5500215404159845,0.3,0.0,0.0,1.570796,0.666667,1.0,0.0,0.16079589101587471,0.6109,0.3
1769796697.190775,0.115334,-0.16177200066602462,1.5952901493818472,0.3,0.0,0.0,1.570796,0.666667,1.0,0.0,0.16139325156855508,0.6109,0.3
1769796697.190775,0.115334,-0.1634490426395693,1.5769294408774017,0.3,0.0,0.0,1.570796,0.666667,1.0,0.0,0.16312685941364416,0.6109,0.3
1769796697.190775,0.115334,-0.1664303110376675,1.574125411935736,0.3,0.0,0.0,1.570796,0.666667,1.0,0.0,0.16582701693650867,0.6109,0.3
1769796697.190775,0.115334,-0.17085347694740516,1.5648765522742685,0.3,0.0,0.0,1.570796,0.666667,1.0,0.0,0.1703370567628497,0.6109,0.3
1769796697.190775,0.115334,-0.17681071428571418,1.5621736653791185,0.3,0.0,0.0,1.570796,0.666667,1.0,0.0,0.17639635714285706,0.6109,0.3
1769796697.190775,0.11705700000000001,-0.1839868801954518,1.5509156595110138,0.3,0.0,0.0,1.570796,0.666667,1.0,0.0,0.18369872895143582,0.6109,0.3
1769796710.512774,0.12061566666666668,-0.19204126039090375,1.592773405176832,0.3,0.0,0.0,1.570796,0.666667,1.0,0.0,0.19186555449206258,0.6109,0.3
1769796710.532864,0.126108,-0.20064424307471632,1.5692590055240614,0.3,0.0,0.0,1.570796,0.666667,1.0,0.0,0.20055949772921286,0.6109,0.3
1769796710.553082,0.13179633333333332,-0.20954042790540392,1.5475372992119547,0.3,0.0,0.0,1.570796,0.666667,1.0,0.0,0.2095076770028735,0.6109,0.3
1769796710.573547,0.1375613333333333,-0.21819379718710033,1.5526083681953862,0.3,0.0,0.0,1.570796,0.666667,1.0,0.0,0.21855410898412536,0.6109,0.3
1769796710.593807,0.14329166666666665,-0.2261431421911182,1.592917435010123,0.3,0.0,0.0,1.570796,0.666667,1.0,0.0,0.2265196055743021,0.6109,0.3
1769796710.614104,0.14897466666666667,-0.20159183831281166,1.5555391539408556,0.3,0.0,0.0,1.570796,0.666667,1.0,0.0,0.2333557120149272,0.6109,0.3
1769796710.634356,0.15457533333333331,-0.17600623658138007,1.6178205705921649,0.3,-0.00296,0.094186,1.633628,0.666667,1.0,0.094232,0.23908619734920564,0.6109,0.3
1769796710.654643,0.160049,-0.14957545162402341,1.6477335612887394,0.3,-0.00296,0.094186,1.633628,0.666667,1.0,0.094232,0.24394880038000744,0.6109,0.3
1769796710.675142,0.16528666666666667,-0.1539897857142858,1.6296231383138196,0.3,-0.00296,0.094186,1.633628,0.666667,1.0,0.094232,0.2482493571428572,0.6109,0.3
1769796710.696374,0.17027199999999998,-0.15818190551883385,1.656695599301247,0.3,-0.00296,0.094186,1.633628,0.666667,1.0,0.094232,0.2523291996199927,0.6109,0.3
1769796710.715921,0.17501333333333333,-0.1624879538948105,1.6396692413259948,0.3,-0.00296,0.094186,1.633628,0.666667,1.0,0.094232,0.25652515979365165,0.6109,0.3
1769796710.73606,0.17959,-0.1672285426395694,1.6478304056115591,0.3,-0.00296,0.094186,1.633628,0.666667,1.0,0.094232,0.26116750227078717,0.6109,0.3
1769796710.756613,0.184029,-0.17270014352316754,1.6332101444232723,0.3,-0.00296,0.094186,1.633628,0.666667,1.0,0.094232,0.2665509658542694,0.6109,0.3
1769796710.776838,0.18835433333333332,-0.17912484567004258,1.6216756432477635,0.3,-0.00296,0.094186,1.633628,0.666667,1.0,0.094232,0.272939962444446,0.6109,0.3
1769796710.797098,0.19261366666666668,-0.18663014352316754,1.6254272179929938,0.3,-0.00296,0.094186,1.633628,0.666667,1.0,0.094232,0.2804416087114122,0.6109,0.3
1769796710.817176,0.196854,-0.1948696854967122,1.6136124115249646,0.3,-0.00296,0.094186,1.633628,0.666667,1.0,0.094232,0.2890668594136443,0.6109,0.3
1769796710.837523,0.20112166666666667,-0.20371981103766756,1.6273460313159884,0.3,-0.00296,0.094186,1.633628,0.666667,1.0,0.094232,0.29765858836508013,0.6109,0.3
1769796710.857907,0.20548633333333333,-0.21294269123311946,1.6334418350571802,0.3,-0.00296,0.094186,1.633628,0.666667,1.0,0.094232,0.3069919853342783,0.6109,0.3
1769796710.877887,0.20843,-0.22255964285714283,1.608953437444191,0.3,-0.00296,0.094186,1.633628,0.666667,1.0,0.094232,0.31673549999999995,0.6109,0.3
1769796710.877887,0.21142499999999997,-0.23220159448116617,1.6229314119497649,0.3,-0.00296,0.094186,1.633628,0.666667,1.0,0.094232,0.3265094432371502,0.6109,0.3
1769796710.89831,0.21438766666666664,-0.24148561753376097,1.6279127509243916,0.3,-0.00296,0.094186,1.633628,0.666667,1.0,0.094232,0.33591784020634835,0.6109,0.3
1769796710.918803,0.218796,-0.2500383145032878,1.6137393150611283,0.3,-0.00296,0.094186,1.633628,0.666667,1.0,0.094232,0.34458756915778427,0.6109,0.3
1769796710.938813,0.22313199999999997,-0.2578878564768325,1.6671915019225456,0.3,-0.00296,0.094186,1.633628,0.666667,1.0,0.094232,0.3521675341457306,0.6109,0.3
1769796710.958939,0.22737633333333332,-0.26482079718710033,1.6333440435624618,0.3,-0.00296,0.094186,1.633628,0.666667,1.0,0.094232,0.35946646612698246,0.6109,0.3
1769796710.979129,0.23147566666666666,-0.2707588564768325,1.634678913010547,0.3,-0.00296,0.094186,1.633628,0.666667,1.0,0.094232,0.3653863912885878,0.6109,0.3
1769796710.999275,0.2353803333333333,-0.2754093145032878,1.607870476854076,0.3,-0.00296,0.094186,1.633628,0.666667,1.0,0.094232,0.3699817120149272,0.6109,0.3
1769796711.019649,0.2391023333333333,-0.2789324032480467,1.6370276885265522,0.3,-0.00296,0.094186,1.633628,0.666667,1.0,0.094232,0.3734178402063484,0.6109,0.3
1769796711.039659,0.24268900000000002,-0.28158538019545193,1.619692316446566,0.3,-0.00296,0.094186,1.633628,0.666667,1.0,0.094232,0.37595565752286453,0.6109,0.3
1769796711.059813,0.24618466666666664,-0.28372435714285715,1.6245081435815265,0.3,-0.00296,0.094186,1.633628,0.666667,1.0,0.094232,0.37794064285714285,0.6109,0.3
1769796711.079832,0.24958933333333333,-0.2857521198045481,1.6340865703288487,0.3,-0.00296,0.094186,1.633628,0.666667,1.0,0.094232,0.37983477104856406,0.6109,0.3
1769796711.100074,0.25290433333333334,-0.2880662396090962,1.613535320584123,0.3,-0.00296,0.094186,1.633628,0.666667,1.0,0.094232,0.3820389455079374,0.6109,0.3
1769796711.120697,0.256125,-0.259725709306236,1.6429896109308386,0.3,-0.00296,0.094186,1.633628,0.666667,1.0,0.094232,0.38488300227078703,0.6109,0.3
1769796711.14077,0.2592453333333333,-0.23225376257078653,1.685299194613749,0.3,-0.011828,0.188,1.69646,0.666667,1.0,0.188465,0.3886271801399836,0.6109,0.3
1769796711.160986,0.262257,-0.205810417098614,1.6848284497054613,0.3,-0.011828,0.188,1.69646,0.666667,1.0,0.188465,0.39343710530158893,0.6109,0.3
1769796711.180839,0.2651576666666667,-0.21171800066602464,1.6874046662160171,0.3,-0.011828,0.188,1.69646,0.666667,1.0,0.188465,0.3993669658542694,0.6109,0.3
1769796711.201084,0.267946,-0.2186218997824265,1.7100934104943848,0.3,-0.011828,0.188,1.69646,0.666667,1.0,0.188465,0.40634993084221566,0.6109,0.3
1769796711.221564,0.270621,-0.22632938246623893,1.6840946172225368,0.3,-0.011828,0.188,1.69646,0.666667,1.0,0.188465,0.4141488026507944,0.6109,0.3
1769796711.242096,0.27318133333333333,-0.2345582626616908,1.6895888024165464,0.3,-0.011828,0.188,1.69646,0.666667,1.0,0.188465,0.42248941390570677,0.6109,0.3
1769796711.262289,0.27562633333333336,-0.2429817857142856,1.6876121739665664,0.3,-0.011828,0.188,1.69646,0.666667,1.0,0.188465,0.4310365714285713,0.6109,0.3
1769796711.282555,0.27795533333333333,-0.2512410230525946,1.7076583480232017,0.3,-0.011828,0.188,1.69646,0.666667,1.0,0.188465,0.43941937180857865,0.6109,0.3
1769796711.302796,0.2801673333333333,-0.2589776175337608,1.7075088560909464,0.3,-0.011828,0.188,1.69646,0.666667,1.0,0.188465,0.44726712592063395,0.6109,0.3
1769796711.323253,0.2822616666666667,-0.2658690287890019,1.6788894008176696,0.3,-0.011828,0.188,1.69646,0.666667,1.0,0.188465,0.45424635487206994,0.6109,0.3
1769796711.343761,0.284237,-0.27166007076254667,1.7051563005403307,0.3,-0.011828,0.188,1.69646,0.666667,1.0,0.188465,0.46009360557430196,0.6109,0.3
1769796711.365282,0.28609833333333334,-0.2761879400442431,1.6587997472282505,0.3,-0.011828,0.188,1.69646,0.666667,1.0,0.188465,0.4646402518412681,0.6109,0.3
1769796711.384497,0.2878516666666667,-0.2794023564768324,1.7160569819717066,0.3,-0.011828,0.188,1.69646,0.666667,1.0,0.188465,0.4678299627171592,0.6109,0.3
1769796711.404675,0.289501,-0.2813862430747164,1.706577329278282,0.3,-0.011828,0.188,1.69646,0.666667,1.0,0.188465,0.46973685487207006,0.6109,0.3
1769796711.424842,0.2910486666666667,-0.28233240324804676,1.7027657046125533,0.3,-0.011828,0.188,1.69646,0.666667,1.0,0.188465,0.47059191163491987,0.6109,0.3
1769796711.444812,0.292515,-0.28253266590973775,1.713235172474573,0.3,-0.011828,0.188,1.69646,0.666667,1.0,0.188465,0.47066844323715035,0.6109,0.3
1769796711.465548,0.29399033333333335,-0.2823405000000001,1.6945529916495545,0.3,-0.011828,0.188,1.69646,0.666667,1.0,0.188465,0.4703376428571429,0.6109,0.3
1769796711.485662,0.29548166666666664,-0.28214126266169104,1.6647912348619225,0.3,-0.011828,0.188,1.69646,0.666667,1.0,0.188465,0.47001541390570706,0.6109,0.3
1769796711.505938,0.29696866666666666,-0.25127302532338197,1.6908357713870488,0.3,-0.011828,0.188,1.69646,0.666667,1.0,0.188465,0.4700707312222231,0.6109,0.3
1769796711.526092,0.29836233333333334,-0.22104275692528375,1.7795985300820454,0.3,-0.026569,0.281072,1.759292,0.666667,1.0,0.282697,0.4708049308422158,0.6109,0.3
1769796711.546366,0.2996513333333333,-0.1916440720945962,1.7631287109134637,0.3,-0.026569,0.281072,1.759292,0.666667,1.0,0.282697,0.4723966087114123,0.6109,0.3
1769796711.566962,0.3007903333333333,-0.19421084567004263,1.7697205365954785,0.3,-0.026569,0.281072,1.759292,0.666667,1.0,0.282697,0.4749466767301604,0.6109,0.3
1769796711.587056,0.3016746666666667,-0.19773671495173895,1.7758275487546402,0.3,-0.026569,0.281072,1.759292,0.666667,1.0,0.282697,0.4785052515685551,0.6109,0.3
1769796711.607301,0.3022903333333333,-0.2021321854967122,1.7814654672436452,0.3,-0.026569,0.281072,1.759292,0.666667,1.0,0.282697,0.4829742165565013,0.6109,0.3
1769796711.627911,0.302678,-0.20720259675195318,1.7402874201252372,0.3,-0.026569,0.281072,1.759292,0.666667,1.0,0.282697,0.48813308836508007,0.6109,0.3
1769796711.647855,0.30293866666666663,-0.21268490551883365,1.7426435144799204,0.3,-0.026569,0.281072,1.759292,0.666667,1.0,0.282697,0.49371648533427814,0.6109,0.3
1769796711.668093,0.3030823333333333,-0.21829149999999978,1.7616382195115246,0.3,-0.026569,0.281072,1.759292,0.666667,1.0,0.282697,0.4994211428571426,0.6109,0.3
1769796711.688458,0.30311,-0.22370502305259454,1.790604305918901,0.3,-0.026569,0.281072,1.759292,0.666667,1.0,0.282697,0.5049528718085786,0.6109,0.3
1769796711.708857,0.303023,-0.22859954610518937,1.7488567814150817,0.3,-0.026569,0.281072,1.759292,0.666667,1.0,0.282697,0.5099570544920624,0.6109,0.3
1769796711.728948,0.3028346666666667,-0.23265695736043046,1.7610698296533092,0.3,-0.026569,0.281072,1.759292,0.666667,1.0,0.282697,0.514104712014927,0.6109,0.3
1769796711.749262,0.30255633333333337,-0.23562107076254665,1.7678574880353048,0.3,-0.026569,0.281072,1.759292,0.666667,1.0,0.282697,0.5171251055743019,0.6109,0.3
1769796711.769734,0.3021863333333334,-0.23732486861567167,1.7646843258742757,0.3,-0.026569,0.281072,1.759292,0.666667,1.0,0.282697,0.518849394698411,0.6109,0.3
1769796711.789815,0.30170033333333335,-0.2377096421911182,1.7841223810421767,0.3,-0.026569,0.281072,1.759292,0.666667,1.0,0.282697,0.5192161055743021,0.6109,0.3
1769796711.810071,0.3010793333333333,-0.2368267430747164,1.758452065044377,0.3,-0.026569,0.281072,1.759292,0.666667,1.0,0.282697,0.5182794263006415,0.6109,0.3
1769796711.830294,0.30031366666666665,-0.23484890324804678,1.741347341123258,0.3,-0.026569,0.281072,1.759292,0.666667,1.0,0.282697,0.5162006973492056,0.6109,0.3
1769796711.85077,0.29940533333333336,-0.23205230876688063,1.7312505671679366,0.3,-0.026569,0.281072,1.759292,0.666667,1.0,0.282697,0.5132825860942932,0.6109,0.3
1769796711.870969,0.2983556666666667,-0.22878371428571445,1.7801936347658383,0.3,-0.026569,0.281072,1.759292,0.666667,1.0,0.282697,0.509889642857143,0.6109,0.3
1769796711.891337,0.29717133333333334,-0.19475735789978632,1.773993549137219,0.3,-0.026569,0.281072,1.759292,0.666667,1.0,0.282697,0.5063949139057071,0.6109,0.3
1769796711.911606,0.29586033333333334,-0.1609860015138582,1.834045222364898,0.3,-0.047125,0.373035,1.822124,0.666667,1.0,0.376929,0.5031665169365088,0.6109,0.3
1769796711.931816,0.29442466666666667,-0.1277945426395694,1.8267072761797576,0.3,-0.047125,0.373035,1.822124,0.666667,1.0,0.376929,0.5005385736993586,0.6109,0.3
1769796711.951735,0.29286933333333337,-0.12609785780888183,1.8048405444342908,0.3,-0.047125,0.373035,1.822124,0.666667,1.0,0.376929,0.4987835372828408,0.6109,0.3
1769796711.971971,0.29120433333333334,-0.12539634567004254,1.8196060307529591,0.3,-0.047125,0.373035,1.822124,0.666667,1.0,0.376929,0.4980764624444461,0.6109,0.3
1769796711.99248,0.289441,-0.12572450066602459,1.818159763398811,0.3,-0.047125,0.373035,1.822124,0.666667,1.0,0.376929,0.49843403728284075,0.6109,0.3
1769796712.012739,0.2875836666666666,-0.12699982835385487,1.816485916914343,0.3,-0.047125,0.373035,1.822124,0.666667,1.0,0.376929,0.49976800227078694,0.6109,0.3
1769796712.033875,0.2856343333333333,-0.12905066818052444,1.8041357741720907,0.3,-0.047125,0.373035,1.822124,0.666667,1.0,0.376929,0.501902445507937,0.6109,0.3
1769796712.05331,0.28359966666666664,-0.13162683409026202,1.8595797606168096,0.3,-0.047125,0.373035,1.822124,0.666667,1.0,0.376929,0.5045865567628495,0.6109,0.3
1769796712.073885,0.28146666666666664,-0.13441478571428542,1.8231812829988996,0.3,-0.047125,0.373035,1.822124,0.666667,1.0,0.376929,0.5074964999999997,0.6109,0.3
1769796712.093945,0.2792483333333333,-0.13706138019545164,1.8500502820370324,0.3,-0.047125,0.373035,1.822124,0.666667,1.0,0.376929,0.5102663003800071,0.6109,0.3
1769796712.114323,0.2769433333333333,-0.13920961753376074,1.8211317165405017,0.3,-0.047125,0.373035,1.822124,0.666667,1.0,0.376929,0.5125263402063481,0.6109,0.3
1769796712.134608,0.27457166666666666,-0.14053467164614475,1.8156321169004104,0.3,-0.047125,0.373035,1.822124,0.666667,1.0,0.376929,0.513941212014927,0.6109,0.3
1769796712.154731,0.2721173333333333,-0.1407818564768324,1.8283895927716765,0.3,-0.047125,0.373035,1.822124,0.666667,1.0,0.376929,0.5142414627171591,0.6109,0.3
1769796712.175043,0.26957166666666665,-0.13978565432995738,1.8185555253929269,0.3,-0.047125,0.373035,1.822124,0.666667,1.0,0.376929,0.513267894698411,0.6109,0.3
1769796712.195817,0.26692699999999997,-0.13749464219111815,1.8354868535488347,0.3,-0.047125,0.373035,1.822124,0.666667,1.0,0.376929,0.510952605574302,0.6109,0.3
1769796712.216184,0.26418366666666665,-0.13398545736043058,1.7881222555727416,0.3,-0.047125,0.373035,1.822124,0.666667,1.0,0.376929,0.5073684263006414,0.6109,0.3
1769796712.236292,0.26134266666666667,-0.12944540324804665,1.8316088543629414,0.3,-0.047125,0.373035,1.822124,0.666667,1.0,0.376929,0.5027403402063484,0.6109,0.3
1769796712.256633,0.25840466666666667,-0.0939854040049757,1.8081826310915847,0.3,-0.047125,0.373035,1.822124,0.666667,1.0,0.376929,0.4973324432371502,0.6109,0.3
1769796712.276968,0.2553703333333333,-0.058091619047619,1.8738912527418752,0.3,-0.073415,0.463525,1.884956,0.666667,1.0,0.471161,0.49147842857142854,0.6109,0.3
1769796712.297105,0.2522406666666666,-0.022243834090262316,1.8967177271277451,0.3,-0.073415,0.463525,1.884956,0.666667,1.0,0.471161,0.4855489853342783,0.6109,0.3
1769796712.317259,0.24901733333333334,-0.016970168180524714,1.9041455233423348,0.3,-0.073415,0.463525,1.884956,0.666667,1.0,0.471161,0.48027908836508015,0.6109,0.3
1769796712.337545,0.24570266666666665,-0.01242911406814079,1.9060550301787753,0.3,-0.073415,0.463525,1.884956,0.666667,1.0,0.471161,0.47565743084221573,0.6109,0.3
1769796712.357801,0.2434626666666667,-0.008722286380310399,1.9021913349317594,0.3,-0.073415,0.463525,1.884956,0.666667,1.0,0.471161,0.47192582299712654,0.6109,0.3
1769796712.357801,0.24116066666666666,-0.005971845670042534,1.8868106244892466,0.3,-0.073415,0.463525,1.884956,0.666667,1.0,0.471161,0.469158605301589,0.6109,0.3
1769796712.378091,0.238792,-0.004198929237453168,1.9092181450628627,0.3,-0.073415,0.463525,1.884956,0.666667,1.0,0.471161,0.46740610871141214,0.6109,0.3
1769796712.398611,0.23512600000000003,-0.003342256925283523,1.8574072702289544,0.3,-0.073415,0.463525,1.884956,0.666667,1.0,0.471161,0.46660707369935844,0.6109,0.3
1769796712.418797,0.23128600000000002,-0.0031130967519531483,1.8983102949161568,0.3,-0.073415,0.463525,1.884956,0.666667,1.0,0.471161,0.46658858836508005,0.6109,0.3
1769796712.438671,0.22727333333333333,-0.0032464055188336136,1.8907569146343974,0.3,-0.073415,0.463525,1.884956,0.666667,1.0,0.471161,0.466718628191421,0.6109,0.3
1769796712.458806,0.22315200000000002,-0.0034117857142855388,1.8796698352039372,0.3,-0.073415,0.463525,1.884956,0.666667,1.0,0.471161,0.46700699999999984,0.6109,0.3
1769796712.479205,0.21893466666666664,-0.0033842373383089117,1.8714208388216573,0.3,-0.073415,0.463525,1.884956,0.666667,1.0,0.471161,0.4670847289514358,0.6109,0.3
1769796712.499861,0.21462266666666666,-0.0028440461051894572,1.8919064073048837,0.3,-0.073415,0.463525,1.884956,0.666667,1.0,0.471161,0.46663598306349113,0.6109,0.3
1769796712.51979,0.21021766666666666,-0.0015198859318591256,1.881616685253354,0.3,-0.073415,0.463525,1.884956,0.666667,1.0,0.471161,0.4653864263006415,0.6109,0.3
1769796712.53991,0.20575166666666667,0.0008037149517390318,1.916738820729291,0.3,-0.073415,0.463525,1.884956,0.666667,1.0,0.471161,0.46311224843144483,0.6109,0.3
1769796712.560327,0.20130099999999998,0.004261559955756962,1.8790834179508107,0.3,-0.073415,0.463525,1.884956,0.666667,1.0,0.471161,0.45966518041269666,0.6109,0.3
1769796712.58076,0.196928,0.008882214951739057,1.8977346358976308,0.3,-0.073415,0.463525,1.884956,0.666667,1.0,0.471161,0.4550128912885877,0.6109,0.3
1769796712.601047,0.19263833333333333,0.014558185496712303,1.8902210627509695,0.3,-0.073415,0.463525,1.884956,0.666667,1.0,0.471161,0.44925028344349854,0.6109,0.3
1769796712.621203,0.18839666666666666,0.0210809538948105,1.9046051361908638,0.3,-0.073415,0.463525,1.884956,0.666667,1.0,0.471161,0.4426372687777769,0.6109,0.3
1769796712.641799,0.184181,0.05772804837597665,1.8935038087587164,0.3,-0.073415,0.463525,1.884956,0.666667,1.0,0.471161,0.4354445860942931,0.6109,0.3
1769796712.661911,0.17999600000000002,0.09464057142857137,1.967664107033176,0.3,-0.105335,0.552187,1.947787,0.666667,1.0,0.565394,0.42797100000000005,0.6109,0.3
1769796712.682121,0.1758293333333333,0.13148080876688037,1.937982375903921,0.3,-0.105335,0.552187,1.947787,0.666667,1.0,0.565394,0.42056169961999273,0.6109,0.3
1769796712.702928,0.17165733333333333,0.13834511753376083,1.9532843272093487,0.3,-0.105335,0.552187,1.947787,0.666667,1.0,0.565394,0.41358587407936603,0.6109,0.3
1769796712.72278,0.167467,0.14446745736043048,1.9362343396875952,0.3,-0.105335,0.552187,1.947787,0.666667,1.0,0.565394,0.4073780736993587,0.6109,0.3
1769796712.743249,0.16326466666666667,0.14961414219111804,1.9586399304673485,0.3,-0.105335,0.552187,1.947787,0.666667,1.0,0.565394,0.4021946801399838,0.6109,0.3
1769796712.763725,0.15907,0.1536422257585288,1.9349561169006013,0.3,-0.105335,0.552187,1.947787,0.666667,1.0,0.565394,0.39814581958730333,0.6109,0.3
1769796712.783765,0.15489166666666668,0.1565089993339753,1.9265472754781996,0.3,-0.105335,0.552187,1.947787,0.666667,1.0,0.565394,0.3952938229971265,0.6109,0.3
1769796712.803934,0.150734,0.15825938593185926,1.9386876808107958,0.3,-0.105335,0.552187,1.947787,0.666667,1.0,0.565394,0.39359435941364423,0.6109,0.3
1769796712.824335,0.14659966666666666,0.15904318896233247,1.9377782702997388,0.3,-0.105335,0.552187,1.947787,0.666667,1.0,0.565394,0.39289465979365146,0.6109,0.3
1769796712.844971,0.142492,0.1591045944811663,1.9661952050574238,0.3,-0.105335,0.552187,1.947787,0.666667,1.0,0.565394,0.39294241390570683,0.6109,0.3
1769796712.864978,0.138413,0.1587585714285715,1.9533094111230314,0.3,-0.105335,0.552187,1.947787,0.666667,1.0,0.565394,0.39341014285714276,0.6109,0.3
1769796712.885545,0.13436433333333334,0.158358262661691,1.953153041571498,0.3,-0.105335,0.552187,1.947787,0.666667,1.0,0.565394,0.3939327289514359,0.6109,0.3
1769796712.905791,0.130346,0.15825852532338194,1.9478887201212842,0.3,-0.105335,0.552187,1.947787,0.666667,1.0,0.565394,0.3941433402063483,0.6109,0.3
1769796712.925864,0.126358,0.158780471210998,1.9484113324533394,0.3,-0.105335,0.552187,1.947787,0.666667,1.0,0.565394,0.3937093548720699,0.6109,0.3
1769796712.946059,0.1224,0.16017764352316757,1.9666115478834019,0.3,-0.105335,0.552187,1.947787,0.666667,1.0,0.565394,0.3923668912885877,0.6109,0.3
1769796712.966575,0.11847133333333333,0.16261113138432828,1.9491207567645223,0.3,-0.105335,0.552187,1.947787,0.666667,1.0,0.565394,0.3899518232698396,0.6109,0.3
1769796712.986974,0.11457133333333332,0.16612900066602462,1.9517460179070631,0.3,-0.105335,0.552187,1.947787,0.666667,1.0,0.565394,0.38640889128858774,0.6109,0.3
1769796713.007172,0.110707,0.17065232835385502,1.9272610912018635,0.3,-0.105335,0.552187,1.947787,0.666667,1.0,0.565394,0.3818132834434987,0.6109,0.3
1769796713.027926,0.10688233333333334,0.17599323960909596,1.9414642198184031,0.3,-0.105335,0.552187,1.947787,0.666667,1.0,0.565394,0.3763818402063485,0.6109,0.3
1769796713.048043,0.10309533333333333,0.2107130245664526,1.9574765054789667,0.3,-0.105335,0.552187,1.947787,0.666667,1.0,0.565394,0.3703861575228648,0.6109,0.3
1769796713.068676,0.09932566666666669,0.24567502380952352,2.0188578930332985,0.3,-0.142759,0.638669,2.010619,0.666667,1.0,0.659626,0.36413592857142885,0.6109,0.3
1769796713.088734,0.09557966666666667,0.2805463087668802,2.0074938085018923,0.3,-0.142759,0.638669,2.010619,0.666667,1.0,0.659626,0.3579778424771359,0.6109,0.3
1769796713.108812,0.09182466666666667,0.2861658318194749,1.9902317232379696,0.3,-0.142759,0.638669,2.010619,0.666667,1.0,0.659626,0.35225430265079477,0.6109,0.3
1769796713.129047,0.08804733333333332,0.291064885931859,2.015256233236196,0.3,-0.142759,0.638669,2.010619,0.666667,1.0,0.659626,0.34727735941364457,0.6109,0.3
1769796713.149122,0.08420699999999999,0.29502457076254657,2.039606503473538,0.3,-0.142759,0.638669,2.010619,0.666667,1.0,0.659626,0.34328068013998386,0.6109,0.3
1769796713.169631,0.08031733333333334,0.29791672575852884,1.9961056323072348,0.3,-0.142759,0.638669,2.010619,0.666667,1.0,0.659626,0.34037524815873194,0.6109,0.3
1769796713.1897,0.07638866666666667,0.29970578504826106,2.0207956794506043,0.3,-0.142759,0.638669,2.010619,0.666667,1.0,0.659626,0.3386008944256979,0.6109,0.3
1769796713.209795,0.07243866666666667,0.30044510021757354,1.9900676435769384,0.3,-0.142759,0.638669,2.010619,0.666667,1.0,0.659626,0.3379135022707871,0.6109,0.3
1769796713.230031,0.06847666666666667,0.30028476039090385,1.9986957434574761,0.3,-0.142759,0.638669,2.010619,0.666667,1.0,0.659626,0.33815730265079447,0.6109,0.3
1769796713.250213,0.06450766666666667,0.2994676659097377,1.9831470007266216,0.3,-0.142759,0.638669,2.010619,0.666667,1.0,0.659626,0.3390819139057069,0.6109,0.3
1769796713.270615,0.06053566666666666,0.2983052142857144,2.0131567321502897,0.3,-0.142759,0.638669,2.010619,0.666667,1.0,0.659626,0.34036478571428563,0.6109,0.3
1769796713.290683,0.056564333333333335,0.2971464769474053,2.00829920562424,0.3,-0.142759,0.638669,2.010619,0.666667,1.0,0.659626,0.3416446575228645,0.6109,0.3
1769796713.310919,0.05259733333333333,0.29634202532338194,1.9945321399176046,0.3,-0.142759,0.638669,2.010619,0.666667,1.0,0.659626,0.342558125920634,0.6109,0.3
1769796713.331153,0.04863699999999999,0.29620861406814086,2.012834125665429,0.3,-0.142759,0.638669,2.010619,0.666667,1.0,0.659626,0.34277814058635575,0.6109,0.3
1769796713.351524,0.044686,0.2969970720945961,2.0212311240491863,0.3,-0.142759,0.638669,2.010619,0.666667,1.0,0.659626,0.3420448912885878,0.6109,0.3
1769796713.372551,0.040746000000000004,0.29885363138432824,2.036141927447363,0.3,-0.142759,0.638669,2.010619,0.666667,1.0,0.659626,0.34019275184126824,0.6109,0.3
1769796713.391782,0.036818333333333335,0.30180378638031025,2.014107992588882,0.3,-0.142759,0.638669,2.010619,0.666667,1.0,0.659626,0.3372084627171593,0.6109,0.3
1769796713.412334,0.032904,0.3057683997824263,2.0127192804836067,0.3,-0.142759,0.638669,2.010619,0.666667,1.0,0.659626,0.3331944263006417,0.6109,0.3
1769796713.432435,0.029006666666666667,0.33856421579957213,2.0338343214994046,0.3,-0.142759,0.638669,2.010619,0.666667,1.0,0.659626,0.3282989116349201,0.6109,0.3
1769796713.452737,0.025130333333333334,0.37196028647121454,2.095987430314183,0.3,-0.18554,0.722631,2.073451,0.666667,1.0,0.753858,0.32278301466572196,0.6109,0.3
1769796713.473222,0.021241,0.40564499999999964,2.0506675744004887,0.3,-0.18554,0.722631,2.073451,0.666667,1.0,0.753858,0.31696821428571464,0.6109,0.3
1769796713.493635,0.017329,0.4112881659097373,2.0827849995472416,0.3,-0.18554,0.722631,2.073451,0.666667,1.0,0.753858,0.3112067710485644,0.6109,0.3
1769796713.514003,0.013376666666666667,0.41654797467661786,2.0662775064729137,0.3,-0.18554,0.722631,2.073451,0.666667,1.0,0.753858,0.30585351693650903,0.6109,0.3
1769796713.533974,0.009398333333333333,0.42114088593185905,2.0590342456389923,0.3,-0.18554,0.722631,2.073451,0.666667,1.0,0.753858,0.30118878798507304,0.6109,0.3
1769796713.554245,0.005384666666666666,0.42483971361968953,2.0723276529576156,0.3,-0.18554,0.722631,2.073451,0.666667,1.0,0.753858,0.29742803728284084,0.6109,0.3
1769796713.57451,0.0013406666666666664,0.42749179718710023,2.0904413074065564,0.3,-0.18554,0.722631,2.073451,0.666667,1.0,0.753858,0.2947570338730176,0.6109,0.3
1769796713.594921,-0.002721666666666667,0.42903342790540383,2.069319732408496,0.3,-0.18554,0.722631,2.073451,0.666667,1.0,0.753858,0.29323253728284093,0.6109,0.3
1769796713.615121,-0.0067936666666666675,0.4295148145032878,2.046381386163872,0.3,-0.18554,0.722631,2.073451,0.666667,1.0,0.753858,0.29280314512793,0.6109,0.3
1769796713.635278,-0.010873666666666669,0.42908933181947523,2.075657631697497,0.3,-0.18554,0.722631,2.073451,0.666667,1.0,0.753858,0.2933128740793659,0.6109,0.3
1769796713.655681,-0.014960333333333334,0.42800159448116615,2.072491084304116,0.3,-0.18554,0.722631,2.073451,0.666667,1.0,0.753858,0.29450898533427844,0.6109,0.3
1769796713.676039,-0.019051000000000002,0.4265653571428571,2.064883483902575,0.3,-0.18554,0.722631,2.073451,0.666667,1.0,0.753858,0.29606635714285723,0.6109,0.3
1769796713.696377,-0.023142333333333334,0.4251313340902623,2.075246353562831,0.3,-0.18554,0.722631,2.073451,0.666667,1.0,0.753858,0.2976215860942931,0.6109,0.3
1769796713.716387,-0.027231,0.4240510967519533,2.0951834277800474,0.3,-0.18554,0.722631,2.073451,0.666667,1.0,0.753858,0.2988110544920627,0.6109,0.3
1769796713.736985,-0.031315,0.4236371140681408,2.090872503882756,0.3,-0.18554,0.722631,2.073451,0.666667,1.0,0.753858,0.2993070691577843,0.6109,0.3
1769796713.756793,-0.035392,0.424040072094596,2.0630217224619276,0.3,-0.18554,0.722631,2.073451,0.666667,1.0,0.753858,0.2988635341457307,0.6109,0.3
1769796713.777385,-0.039461,0.42539170281289956,2.085444399248976,0.3,-0.18554,0.722631,2.073451,0.666667,1.0,0.753858,0.297602180412697,0.6109,0.3
1769796713.797755,-0.043520333333333334,0.45476004828507216,2.07591196629932,0.3,-0.18554,0.722631,2.073451,0.666667,1.0,0.753858,0.29525217700287365,0.6109,0.3
1769796713.81786,-0.04622333333333334,0.4851326378776644,2.142558401205945,0.3,-0.233508,0.80374,2.136283,0.666667,1.0,0.84809,0.291867497729213,0.6109,0.3
1769796713.81786,-0.04890333333333333,0.5163621681805245,2.1352125440340854,0.3,-0.233508,0.80374,2.136283,0.666667,1.0,0.84809,0.28759341163492,0.6109,0.3
1769796713.838037,-0.05157233333333333,0.5211780483759765,2.1276803258826757,0.3,-0.233508,0.80374,2.136283,0.666667,1.0,0.84809,0.28267258609429335,0.6109,0.3
1769796713.85844,-0.05560466666666666,0.5263168571428568,2.1294258924571543,0.3,-0.233508,0.80374,2.136283,0.666667,1.0,0.84809,0.2774198571428574,0.6109,0.3
1769796713.879085,-0.05969033333333334,0.5315368087668803,2.111590549051309,0.3,-0.233508,0.80374,2.136283,0.666667,1.0,0.84809,0.2721769853342786,0.6109,0.3
1769796713.898857,-0.06383733333333334,0.5365216175337609,2.1205697178130576,0.3,-0.233508,0.80374,2.136283,0.666667,1.0,0.84809,0.2670127312222232,0.6109,0.3
1769796713.918988,-0.06802766666666667,0.5409813145032878,2.1554494119289704,0.3,-0.233508,0.80374,2.136283,0.666667,1.0,0.84809,0.2624654308422158,0.6109,0.3
1769796713.939346,-0.07225366666666666,0.5445857136196897,2.16026637523948,0.3,-0.233508,0.80374,2.136283,0.666667,1.0,0.84809,0.25879789442569806,0.6109,0.3
1769796713.959651,-0.07651133333333333,0.5471586543299574,2.140277054060716,0.3,-0.233508,0.80374,2.136283,0.666667,1.0,0.84809,0.2561995338730176,0.6109,0.3
1769796713.980155,-0.08080133333333334,0.5486242850482611,2.158359772916841,0.3,-0.233508,0.80374,2.136283,0.666667,1.0,0.84809,0.2547466087114122,0.6109,0.3
1769796714.000018,-0.08511400000000001,0.5490209573604306,2.1573200834743704,0.3,-0.233508,0.80374,2.136283,0.666667,1.0,0.84809,0.25440100227078716,0.6109,0.3
1769796714.020631,-0.089438,0.5484965461051895,2.129356196145774,0.3,-0.233508,0.80374,2.136283,0.666667,1.0,0.84809,0.25500951693650886,0.6109,0.3
1769796714.041417,-0.09375266666666666,0.5472940230525948,2.133809809310551,0.3,-0.233508,0.80374,2.136283,0.666667,1.0,0.84809,0.2563198424771356,0.6109,0.3
1769796714.060749,-0.09804133333333336,0.5457256428571428,2.112056982080575,0.3,-0.233508,0.80374,2.136283,0.666667,1.0,0.84809,0.25800857142857153,0.6109,0.3
1769796714.081091,-0.10229766666666668,0.5441405483759766,2.1192992181248633,0.3,-0.233508,0.80374,2.136283,0.666667,1.0,0.84809,0.25971465752286454,0.6109,0.3
1769796714.101253,-0.10652966666666668,0.542887882466239,2.1308972891873816,0.3,-0.233508,0.80374,2.136283,0.666667,1.0,0.84809,0.26107512592063414,0.6109,0.3
1769796714.121855,-0.11074633333333334,0.5422626854967121,2.1439819676848533,0.3,-0.233508,0.80374,2.136283,0.666667,1.0,0.84809,0.26176656915778446,0.6109,0.3
1769796714.141964,-0.11494900000000001,0.5424927863803103,2.1456309399225466,0.3,-0.233508,0.80374,2.136283,0.666667,1.0,0.84809,0.261590248431445,0.6109,0.3
1769796714.162059,-0.11914366666666666,0.5696991790033757,2.1353538579540725,0.3,-0.233508,0.80374,2.136283,0.666667,1.0,0.84809,0.2603848232698397,0.6109,0.3
1769796714.18259,-0.123347,0.5979670244755483,2.212371738270097,0.3,-0.286475,0.881678,2.199115,0.666667,1.0,0.942323,0.25808539128858793,0.6109,0.3
1769796714.202889,-0.127555,0.6272578283538549,2.1844216346402145,0.3,-0.286475,0.881678,2.199115,0.666667,1.0,0.942323,0.25472471201492736,0.6109,0.3
1769796714.223446,-0.13177400000000003,0.6314502396090959,2.214027949752166,0.3,-0.286475,0.881678,2.199115,0.666667,1.0,0.942323,0.25045041163492004,0.6109,0.3
1769796714.243855,-0.13601733333333332,0.6362880483759764,2.205035535509627,0.3,-0.286475,0.881678,2.199115,0.666667,1.0,0.942323,0.24550815752286476,0.6109,0.3
1769796714.264123,-0.14031366666666667,0.6414872857142854,2.182988076918196,0.3,-0.286475,0.881678,2.199115,0.666667,1.0,0.942323,0.24021128571428596,0.6109,0.3
1769796714.284182,-0.14467166666666667,0.6467294516240231,2.211670537671094,0.3,-0.286475,0.881678,2.199115,0.666667,1.0,0.942323,0.23485269961999283,0.6109,0.3
1769796714.304235,-0.14907633333333334,0.6516896175337608,2.1899821063441167,0.3,-0.286475,0.881678,2.199115,0.666667,1.0,0.942323,0.22978165979365178,0.6109,0.3
1769796714.324594,-0.15351299999999998,0.6560455287890019,2.197592901636635,0.3,-0.286475,0.881678,2.199115,0.666667,1.0,0.942323,0.22533078798507294,0.6109,0.3
1769796714.344774,-0.15797433333333333,0.6595282850482609,2.21014388355816,0.3,-0.286475,0.881678,2.199115,0.666667,1.0,0.942323,0.2217849658542694,0.6109,0.3
1769796714.365003,-0.16245166666666666,0.6619548686156717,2.2009789413884735,0.3,-0.286475,0.881678,2.199115,0.666667,1.0,0.942323,0.21933339101587465,0.6109,0.3
1769796714.385029,-0.16693833333333333,0.663252285048261,2.211982347242555,0.3,-0.286475,0.881678,2.199115,0.666667,1.0,0.942323,0.21805103728284084,0.6109,0.3
1769796714.405204,-0.17142233333333334,0.6634643145032877,2.1928894406705504,0.3,-0.286475,0.881678,2.199115,0.666667,1.0,0.942323,0.21789271655650144,0.6109,0.3
1769796714.425542,-0.17589999999999997,0.6627449032480466,2.215245901027146,0.3,-0.286475,0.881678,2.199115,0.666667,1.0,0.942323,0.21869730265079448,0.6109,0.3
1769796714.445761,-0.18036933333333335,0.6613413087668806,2.181207084780027,0.3,-0.286475,0.881678,2.199115,0.666667,1.0,0.942323,0.22020927104856405,0.6109,0.3
1769796714.465961,-0.18483133333333335,0.6595562857142857,2.185213768777269,0.3,-0.286475,0.881678,2.199115,0.666667,1.0,0.942323,0.22210349999999998,0.6109,0.3
1769796714.486202,-0.1892836666666667,0.6577148340902624,2.2291978505143235,0.3,-0.286475,0.881678,2.199115,0.666667,1.0,0.942323,0.22405237180857873,0.6109,0.3
1769796714.507107,-0.19372533333333333,0.6561360967519533,2.2014294875818137,0.3,-0.286475,0.881678,2.199115,0.666667,1.0,0.942323,0.2257336259206341,0.6109,0.3
1769796714.527192,-0.19815533333333332,0.6799463759729028,2.186443100740515,0.3,-0.286475,0.881678,2.199115,0.666667,1.0,0.942323,0.2268397120149271,0.6109,0.3
1769796714.547617,-0.20257333333333336,0.7045917387612629,2.271147806457181,0.3,-0.34423,0.956136,2.261947,0.666667,1.0,1.036555,0.22707953414573057,0.6109,0.3
1769796714.567711,-0.20694733333333334,0.730262274241471,2.2615363770984125,0.3,-0.34423,0.956136,2.261947,0.666667,1.0,1.036555,0.22625553755555391,0.6109,0.3
1769796714.587639,-0.211307,0.7322187149517388,2.243718899768518,0.3,-0.34423,0.956136,2.261947,0.666667,1.0,1.036555,0.22428610557430217,0.6109,0.3
1769796714.607884,-0.21568299999999999,0.7352552569252836,2.2624495037874546,0.3,-0.34423,0.956136,2.261947,0.666667,1.0,1.036555,0.22121021201492733,0.6109,0.3
1769796714.628339,-0.22013266666666667,0.7392495967519531,2.2945458740541045,0.3,-0.34423,0.956136,2.261947,0.666667,1.0,1.036555,0.21714591163492,0.6109,0.3
1769796714.648813,-0.22464666666666666,0.7439921912331192,2.2598333746572035,0.3,-0.34423,0.956136,2.261947,0.666667,1.0,1.036555,0.21230308609429333,0.6109,0.3
1769796714.668937,-0.22921166666666667,0.7491824285714284,2.2376864917812584,0.3,-0.34423,0.956136,2.261947,0.666667,1.0,1.036555,0.2069824285714288,0.6109,0.3
1769796714.689204,-0.23381333333333335,0.7544587373383088,2.281798337016661,0.3,-0.34423,0.956136,2.261947,0.666667,1.0,1.036555,0.20157519961999282,0.6109,0.3
1769796714.710961,-0.23844233333333334,0.7594420461051894,2.2666546916281134,0.3,-0.34423,0.956136,2.261947,0.666667,1.0,1.036555,0.19647415979365174,0.6109,0.3
1769796714.729984,-0.24309233333333333,0.7637897430747161,2.2377172459155625,0.3,-0.34423,0.956136,2.261947,0.666667,1.0,1.036555,0.19203250227078716,0.6109,0.3
1769796714.750295,-0.24775766666666668,0.7672287136196895,2.2384510003013784,0.3,-0.34423,0.956136,2.261947,0.666667,1.0,1.036555,0.1885321087114123,0.6109,0.3
1769796714.770633,-0.252431,0.7695807971871002,2.2906741651101643,0.3,-0.34423,0.956136,2.261947,0.666667,1.0,1.036555,0.1861572481587319,0.6109,0.3
1769796714.790799,-0.25710533333333335,0.7707779993339753,2.2470777284984607,0.3,-0.34423,0.956136,2.261947,0.666667,1.0,1.036555,0.18497625156855513,0.6109,0.3
1769796714.811264,-0.26177633333333333,0.7708672430747163,2.2490070981347996,0.3,-0.34423,0.956136,2.261947,0.666667,1.0,1.036555,0.18494050227078712,0.6109,0.3
1769796714.831685,-0.26644066666666666,0.7699776889623324,2.287459178857076,0.3,-0.34423,0.956136,2.261947,0.666667,1.0,1.036555,0.18588951693650874,0.6109,0.3
1769796714.851919,-0.27109466666666665,0.7683243087668806,2.2338631814668424,0.3,-0.34423,0.956136,2.261947,0.666667,1.0,1.036555,0.18764491390570684,0.6109,0.3
1769796714.872206,-0.275736,0.7897630952380954,2.267545860996358,0.3,-0.34423,0.956136,2.261947,0.666667,1.0,1.036555,0.18990064285714273,0.6109,0.3
1769796714.892374,-0.28035733333333335,0.8111005245664531,2.2865893343490127,0.3,-0.406547,1.026821,2.324779,0.666667,1.0,1.130787,0.19225815752286432,0.6109,0.3
1769796714.912956,-0.284934,0.832721668180525,2.347854401520268,0.3,-0.406547,1.026821,2.324779,0.666667,1.0,1.130787,0.19431762592063387,0.6109,0.3
1769796714.933027,-0.2895016666666667,0.8314118283538553,2.3119355790648495,0.3,-0.406547,1.026821,2.324779,0.666667,1.0,1.130787,0.19572221201492696,0.6109,0.3
1769796714.953295,-0.294103,0.8310082863803104,2.3305187296853354,0.3,-0.406547,1.026821,2.324779,0.666667,1.0,1.130787,0.19618767700287337,0.6109,0.3
1769796714.973716,-0.2987896666666667,0.8317168456700426,2.323140507661724,0.3,-0.406547,1.026821,2.324779,0.666667,1.0,1.130787,0.19552825184126812,0.6109,0.3
1769796714.993754,-0.303548,0.8336385720945961,2.3082364305469363,0.3,-0.406547,1.026821,2.324779,0.666667,1.0,1.130787,0.19359653414573064,0.6109,0.3
1769796715.013953,-0.3083553333333333,0.8367471140681407,2.3303879192689667,0.3,-0.406547,1.026821,2.324779,0.666667,1.0,1.130787,0.190422497729213,0.6109,0.3
1769796715.034302,-0.31318833333333335,0.8408710967519532,2.298488103697489,0.3,-0.406547,1.026821,2.324779,0.666667,1.0,1.130787,0.1862026259206342,0.6109,0.3
1769796715.054532,-0.3180226666666666,0.8457320483759765,2.3249291354789077,0.3,-0.406547,1.026821,2.324779,0.666667,1.0,1.130787,0.18122458609429315,0.6109,0.3
1769796715.074867,-0.32284466666666667,0.8509877857142856,2.312144171765769,0.3,-0.406547,1.026821,2.324779,0.666667,1.0,1.130787,0.1758396428571429,0.6109,0.3
1769796715.094867,-0.32767066666666667,0.8562643801954519,2.321858059448727,0.3,-0.406547,1.026821,2.324779,0.666667,1.0,1.130787,0.17043541390570696,0.6109,0.3
1769796715.115266,-0.33251833333333336,0.8611910461051896,2.3176360143972095,0.3,-0.406547,1.026821,2.324779,0.666667,1.0,1.130787,0.1653948026507945,0.6109,0.3
1769796715.135765,-0.33738833333333335,0.8654359573604307,2.3178573047773106,0.3,-0.406547,1.026821,2.324779,0.666667,1.0,1.130787,0.16105964512793,0.6109,0.3
1769796715.155883,-0.3422606666666667,0.8687364993339752,2.2916847223308197,0.3,-0.406547,1.026821,2.324779,0.666667,1.0,1.130787,0.15770068013998365,0.6109,0.3
1769796715.176069,-0.34711833333333336,0.8708967257585288,2.307343480453056,0.3,-0.406547,1.026821,2.324779,0.666667,1.0,1.130787,0.15549317673016042,0.6109,0.3
1769796715.196431,-0.3519583333333333,0.8718199993339754,2.3270512504517717,0.3,-0.406547,1.026821,2.324779,0.666667,1.0,1.130787,0.15457896585426933,0.6109,0.3
1769796715.216943,-0.356779,0.8715262430747165,2.30932299114831,0.3,-0.406547,1.026821,2.324779,0.666667,1.0,1.130787,0.15493085941364418,0.6109,0.3
1769796715.236925,-0.361581,0.8923926413432849,2.338600406785869,0.3,-0.406547,1.026821,2.324779,0.666667,1.0,1.130787,0.15637444550793717,0.6109,0.3
1769796715.257299,-0.3663396666666667,0.9124869278144997,2.3644792708634843,0.3,-0.473179,1.093453,2.38761,0.666667,1.0,1.22502,0.15861177104856386,0.6109,0.3
1769796715.277773,-0.371054,0.9320989285714288,2.3672741997564613,0.3,-0.473179,1.093453,2.38761,0.666667,1.0,1.22502,0.16127999999999978,0.6109,0.3
1769796715.297799,-0.375762,0.929395405518834,2.368234969665763,0.3,-0.473179,1.093453,2.38761,0.666667,1.0,1.22502,0.16417044323714997,0.6109,0.3
1769796715.31792,-0.380523,0.9269854538948107,2.3993731233202538,0.3,-0.473179,1.093453,2.38761,0.666667,1.0,1.22502,0.1667223402063481,0.6109,0.3
1769796715.337956,-0.3837276666666667,0.925298614068141,2.395384387323953,0.3,-0.473179,1.093453,2.38761,0.666667,1.0,1.22502,0.16850985487206982,0.6109,0.3
1769796715.337956,-0.38698366666666667,0.9246359292374534,2.4062329446142408,0.3,-0.473179,1.093453,2.38761,0.666667,1.0,1.22502,0.16923096271715907,0.6109,0.3
1769796715.358508,-0.39027800000000007,0.9251676313843283,2.388264580463381,0.3,-0.473179,1.093453,2.38761,0.666667,1.0,1.22502,0.16871039469841104,0.6109,0.3
1769796715.379521,-0.3952273333333333,0.9269371435231676,2.3737796625875123,0.3,-0.473179,1.093453,2.38761,0.666667,1.0,1.22502,0.16691474843144496,0.6109,0.3
1769796715.399214,-0.4001953333333333,0.9299292569252837,2.390198462829289,0.3,-0.473179,1.093453,2.38761,0.666667,1.0,1.22502,0.1639224263006415,0.6109,0.3
1769796715.41931,-0.405168,0.9339671681805247,2.38011280685295,0.3,-0.473179,1.093453,2.38761,0.666667,1.0,1.22502,0.1597340544920627,0.6109,0.3
1769796715.439616,-0.410156,0.9387836912331196,2.3793653831695005,0.3,-0.473179,1.093453,2.38761,0.666667,1.0,1.22502,0.15480101466572174,0.6109,0.3
1769796715.459755,-0.41516533333333333,0.9439846428571427,2.3674268905038724,0.3,-0.473179,1.093453,2.38761,0.666667,1.0,1.22502,0.14947285714285719,0.6109,0.3
1769796715.479841,-0.42019633333333334,0.9491990944811661,2.3790444212862893,0.3,-0.473179,1.093453,2.38761,0.666667,1.0,1.22502,0.14413119961999268,0.6109,0.3
1769796715.500019,-0.4252369999999999,0.9540581889623324,2.3890992022528863,0.3,-0.473179,1.093453,2.38761,0.666667,1.0,1.22502,0.13915765979365163,0.6109,0.3
1769796715.52023,-0.4302756666666667,0.9582038145032877,2.413833965477177,0.3,-0.473179,1.093453,2.38761,0.666667,1.0,1.22502,0.13489557369935848,0.6109,0.3
1769796715.540758,-0.4353086666666666,0.9613429279054039,2.3981908139379673,0.3,-0.473179,1.093453,2.38761,0.666667,1.0,1.22502,0.13169432299712644,0.6109,0.3
1769796715.560688,-0.4403323333333333,0.9632698686156719,2.3987122644819747,0.3,-0.473179,1.093453,2.38761,0.666667,1.0,1.22502,0.12974031958730314,0.6109,0.3
1769796715.580994,-0.44534399999999996,0.9846869040958803,2.391104780362402,0.3,-0.473179,1.093453,2.38761,0.666667,1.0,1.22502,0.12911475156855487,0.6109,0.3
1769796715.601454,-0.45034,1.0048814097413832,2.4532614007277775,0.3,-0.543864,1.15577,2.450442,0.666667,1.0,1.319252,0.12976021655650113,0.6109,0.3
1769796715.621739,-0.4552856666666667,1.0240384032480472,2.4176824154292134,0.3,-0.543864,1.15577,2.450442,0.666667,1.0,1.319252,0.1314738026507942,0.6109,0.3
1769796715.642308,-0.4601673333333333,1.0216715944811665,2.428256166180886,0.3,-0.543864,1.15577,2.450442,0.666667,1.0,1.319252,0.13396077104856374,0.6109,0.3
1769796715.662314,-0.465022,1.0189271428571434,2.44188235254346,0.3,-0.543864,1.15577,2.450442,0.666667,1.0,1.319252,0.13686064285714247,0.6109,0.3
1769796715.682719,-0.4699166666666667,1.016213405518834,2.472634770655193,0.3,-0.543864,1.15577,2.450442,0.666667,1.0,1.319252,0.13970715752286414,0.6109,0.3
1769796715.702801,-0.474894,1.0139383824662394,2.4830494635510973,0.3,-0.543864,1.15577,2.450442,0.666667,1.0,1.319252,0.14210198306349092,0.6109,0.3
1769796715.722986,-0.479943,1.0124438283538553,2.4613564008612765,0.3,-0.543864,1.15577,2.450442,0.666667,1.0,1.319252,0.14368571201492694,0.6109,0.3
1769796715.743483,-0.4850583333333333,1.0119850720945962,2.435158926375135,0.3,-0.543864,1.15577,2.450442,0.666667,1.0,1.319252,0.14419081986001628,0.6109,0.3
1769796715.763877,-0.4902136666666667,1.0127077742414714,2.447356053396202,0.3,-0.543864,1.15577,2.450442,0.666667,1.0,1.319252,0.1434782518412681,0.6109,0.3
1769796715.784092,-0.49537800000000004,1.0146403578088818,2.431515024315576,0.3,-0.543864,1.15577,2.450442,0.666667,1.0,1.319252,0.141517605574302,0.6109,0.3
1769796715.80413,-0.5005193333333334,1.0177010426395692,2.471980073244718,0.3,-0.543864,1.15577,2.450442,0.666667,1.0,1.319252,0.13839306915778435,0.6109,0.3
1769796715.824512,-0.5056313333333333,1.021702739609096,2.4827281377404904,0.3,-0.543864,1.15577,2.450442,0.666667,1.0,1.319252,0.1342961973492056,0.6109,0.3
1769796715.844829,-0.5107166666666667,1.026372119804548,2.471911183938741,0.3,-0.543864,1.15577,2.450442,0.666667,1.0,1.319252,0.12951251466572167,0.6109,0.3
1769796715.864909,-0.5157776666666667,1.0313495,2.452257846408957,0.3,-0.543864,1.15577,2.450442,0.666667,1.0,1.319252,0.12438492857142859,0.6109,0.3
1769796715.885197,-0.5208163333333333,1.0362480944811663,2.463700673740581,0.3,-0.543864,1.15577,2.450442,0.666667,1.0,1.319252,0.11936405676284977,0.6109,0.3
1769796715.905547,-0.5258356666666666,1.0406750461051895,2.473116699055799,0.3,-0.543864,1.15577,2.450442,0.666667,1.0,1.319252,0.11481673122222306,0.6109,0.3
1769796715.925855,-0.5308416666666665,1.0635618383128116,2.421017723098361,0.3,-0.543864,1.15577,2.450442,0.666667,1.0,1.319252,0.11110407369935855,0.6109,0.3
1769796715.945912,-0.5358809999999999,1.085413546953023,2.4961960866914183,0.3,-0.618322,1.213525,2.513274,0.666667,1.0,1.413484,0.1084586801399836,0.6109,0.3
1769796715.966254,-0.5409023333333334,1.1060976543299574,2.5005955077059134,0.3,-0.618322,1.213525,2.513274,0.666667,1.0,1.413484,0.10701660530158877,0.6109,0.3
1769796715.986472,-0.545931,1.1063358564768326,2.5293037082325767,0.3,-0.618322,1.213525,2.513274,0.666667,1.0,1.413484,0.1068067515685549,0.6109,0.3
1769796716.006863,-0.5509583333333333,1.105487314503288,2.5082982909710205,0.3,-0.618322,1.213525,2.513274,0.666667,1.0,1.413484,0.10774407369935834,0.6109,0.3
1769796716.026927,-0.5560683333333333,1.1037596889623327,2.4993324904599548,0.3,-0.618322,1.213525,2.513274,0.666667,1.0,1.413484,0.10956223122222276,0.6109,0.3
1769796716.047974,-0.56126,1.1014557373383094,2.5213688358120523,0.3,-0.618322,1.213525,2.513274,0.666667,1.0,1.413484,0.11198962819142086,0.6109,0.3
1769796716.067765,-0.5665196666666666,1.098904285714286,2.496983616969441,0.3,-0.618322,1.213525,2.513274,0.666667,1.0,1.413484,0.11465592857142823,0.6109,0.3
1769796716.087679,-0.571831,1.0964559769474054,2.5009190221759066,0.3,-0.618322,1.213525,2.513274,0.666667,1.0,1.413484,0.11721658609429277,0.6109,0.3
1769796716.107782,-0.5771796666666668,1.0944386681805247,2.514177723122479,0.3,-0.618322,1.213525,2.513274,0.666667,1.0,1.413484,0.11933455449206244,0.6109,0.3
1769796716.12849,-0.582553,1.093147614068141,2.5195835779463334,0.3,-0.618322,1.213525,2.513274,0.666667,1.0,1.413484,0.12070785487206982,0.6109,0.3
1769796716.149024,-0.5879326666666667,1.0928151435231677,2.5027754831361295,0.3,-0.618322,1.213525,2.513274,0.666667,1.0,1.413484,0.12108974843144472,0.6109,0.3
1769796716.169034,-0.593305,1.093584417098614,2.5046971551505264,0.3,-0.618322,1.213525,2.513274,0.666667,1.0,1.413484,0.12033196612698238,0.6109,0.3
1769796716.189665,-0.598668,1.0954846435231673,2.511572779243384,0.3,-0.618322,1.213525,2.513274,0.666667,1.0,1.413484,0.11840003414573064,0.6109,0.3
1769796716.20987,-0.6040139999999999,1.0984177569252835,2.4760490020381862,0.3,-0.618322,1.213525,2.513274,0.666667,1.0,1.413484,0.11538906915778427,0.6109,0.3
1769796716.229962,-0.6092993333333333,1.1021789538948106,2.514295033973944,0.3,-0.618322,1.213525,2.513274,0.666667,1.0,1.413484,0.11153262592063404,0.6109,0.3
1769796716.250273,-0.6145056666666667,1.1241519293283577,2.5047403477987595,0.3,-0.618322,1.213525,2.513274,0.666667,1.0,1.413484,0.10711644323715015,0.6109,0.3
1769796716.27063,-0.6196463333333334,1.1463731190476192,2.5646081947667305,0.3,-0.69626,1.266492,2.576106,0.666667,1.0,1.507716,0.10243714285714281,0.6109,0.3
1769796716.290817,-0.624741,1.1685170944811663,2.5833505563013626,0.3,-0.69626,1.266492,2.576106,0.666667,1.0,1.507716,0.09783605676284977,0.6058250604518512,0.3
1769796716.31091,-0.6298293333333334,1.1726024032480467,2.587116544365674,0.3,-0.69626,1.266492,2.576106,0.666667,1.0,1.507716,0.09365151693650875,0.6058250604518512,0.3
1769796716.331356,-0.6349459999999999,1.1759994573604307,2.5504582793170987,0.3,-0.69626,1.266492,2.576106,0.666667,1.0,1.507716,0.09018121655650133,0.5980491338080465,0.3
1769796716.351759,-0.6401483333333333,1.1785027136196895,2.573258707527267,0.3,-0.69626,1.266492,2.576106,0.666667,1.0,1.507716,0.08764489442569791,0.5840614296849367,0.3
1769796716.371777,-0.6454353333333332,1.179996440044243,2.5935475258295475,0.3,-0.69626,1.266492,2.576106,0.666667,1.0,1.507716,0.08614174815873178,0.5695328241357095,0.3
1769796716.392312,-0.6507953333333334,1.1804494993339754,2.581998540805264,0.3,-0.69626,1.266492,2.576106,0.666667,1.0,1.507716,0.08570003728284072,0.5602236192629432,0.3
1769796716.412591,-0.656219,1.179909814503288,2.5896463850983675,0.3,-0.69626,1.266492,2.576106,0.666667,1.0,1.507716,0.08628571655650122,0.5747011732076998,0.3
1769796716.432794,-0.6616923333333333,1.1785134746766184,2.566358131182756,0.3,-0.69626,1.266492,2.576106,0.666667,1.0,1.507716,0.08776080265079429,0.586271384176392,0.3
1769796716.453286,-0.6672053333333333,1.1764878801954521,2.5697134193420075,0.3,-0.69626,1.266492,2.576106,0.666667,1.0,1.507716,0.08988905676284957,0.6012614618848243,0.3
1769796716.473518,-0.67274,1.1741307142857145,2.57596717974498,0.3,-0.69626,1.266492,2.576106,0.666667,1.0,1.507716,0.09236249999999978,0.596412968257284,0.3
1769796716.493814,-0.6782863333333333,1.1717783340902626,2.6009782013991805,0.3,-0.69626,1.266492,2.576106,0.666667,1.0,1.507716,0.09483230038000712,0.5993713628378189,0.3
1769796716.513986,-0.6838296666666667,1.1697708110376677,2.5803429798960984,0.3,-0.69626,1.266492,2.576106,0.666667,1.0,1.507716,0.09694619734920532,0.6014664166459576,0.3
1769796716.534379,-0.6893646666666666,1.168395971210998,2.5835176205067016,0.3,-0.69626,1.266492,2.576106,0.666667,1.0,1.507716,0.09838506915778415,0.6109,0.3
1769796716.554503,-0.6948866666666667,1.1678657149517389,2.565648841371768,0.3,-0.69626,1.266492,2.576106,0.666667,1.0,1.507716,0.09895681986001628,0.6109,0.3
1769796716.574592,-0.7003919999999999,1.1683061313843284,2.5836421420405977,0.3,-0.69626,1.266492,2.576106,0.666667,1.0,1.507716,0.09853696612698236,0.6109,0.3
1769796716.594715,-0.7058736666666666,1.1857616197136438,2.5810515646701737,0.3,-0.69626,1.266492,2.576106,0.666667,1.0,1.507716,0.09706381986001622,0.5977843112196519,0.3
1769796716.614798,-0.7112823333333332,1.2042109235919503,2.671194813990275,0.3,-0.777369,1.31446,2.638938,0.666667,1.0,1.601949,0.0945583548720699,0.5905690872107466,0.3
1769796716.635088,-0.7165886666666667,1.2235246681805247,2.6465218845974,0.3,-0.777369,1.31446,2.638938,0.666667,1.0,1.601949,0.0911570544920626,0.5850022713294595,0.3
1769796716.655136,-0.721842,1.2274899769474052,2.629204639347783,0.3,-0.777369,1.31446,2.638938,0.666667,1.0,1.601949,0.08709058609429306,0.5796593018112848,0.3
1769796716.675497,-0.7271306666666666,1.2318198571428571,2.6434459538207515,0.3,-0.777369,1.31446,2.638938,0.666667,1.0,1.601949,0.08266242857142858,0.5687486039816236,0.3
1769796716.695736,-0.7325366666666667,1.2362093087668804,2.6277258143160784,0.3,-0.777369,1.31446,2.638938,0.666667,1.0,1.601949,0.07816741390570695,0.5503206075614776,0.3
1769796716.716165,-0.738058,1.2403449032480467,2.6264840412881827,0.3,-0.777369,1.31446,2.638938,0.666667,1.0,1.601949,0.07392223122222312,0.526151053584222,0.3
1769796716.736382,-0.7436533333333332,1.243856028789002,2.654127487760955,0.3,-0.777369,1.31446,2.638938,0.666667,1.0,1.601949,0.07025564512793009,0.49909658464272083,0.3
1769796716.756649,-0.7492733333333333,1.246529142191118,2.6507284126684456,0.3,-0.777369,1.31446,2.638938,0.666667,1.0,1.601949,0.06763403728284088,0.463604626442564,0.3
1769796716.776765,-0.754878,1.2481727971871004,2.674417334022064,0.3,-0.777369,1.31446,2.638938,0.666667,1.0,1.601949,0.06590289101587468,0.465558901624765,0.3
1769796716.797403,-0.7586106666666668,1.248705427905404,2.6335837494932393,0.3,-0.777369,1.31446,2.638938,0.666667,1.0,1.601949,0.06532468013998365,0.46347413894842315,0.3
1769796716.797403,-0.7642616666666667,1.248105028789002,2.6497439960655185,0.3,-0.777369,1.31446,2.638938,0.666667,1.0,1.601949,0.06603614512792991,0.4890554490480233,0.3
1769796716.837897,-0.769943,1.2465208318194752,2.62716102376492,0.3,-0.777369,1.31446,2.638938,0.666667,1.0,1.601949,0.06770408836508005,0.49566025427459004,0.3
1769796716.857883,-0.7756243333333334,1.244255380195452,2.6354211734002675,0.3,-0.777369,1.31446,2.638938,0.666667,1.0,1.601949,0.07007727104856387,0.5061825824421201,0.3
1769796716.857883,-0.779416,1.2416664285714287,2.6502979242016877,0.3,-0.777369,1.31446,2.638938,0.666667,1.0,1.601949,0.07283249999999983,0.5052957040135324,0.3
1769796716.878106,-0.7832020000000001,1.2390163340902625,2.654943101873765,0.3,-0.777369,1.31446,2.638938,0.666667,1.0,1.601949,0.07547094323715009,0.5130129132591797,0.3
1769796716.898726,-0.7888706666666666,1.2366230967519536,2.645302829338161,0.3,-0.777369,1.31446,2.638938,0.666667,1.0,1.601949,0.07802755449206258,0.5319159041536803,0.3
1769796716.918862,-0.7945213333333334,1.2490440188300456,2.633241196454119,0.3,-0.777369,1.31446,2.638938,0.666667,1.0,1.601949,0.0800122120149271,0.5574040700505218,0.3
1769796716.938982,-0.8001573333333334,1.2623378101898342,2.6802053901206473,0.3,-0.861331,1.357241,2.70177,0.666667,1.0,1.696181,0.0809891770028734,0.5636732297142486,0.3
1769796716.959539,-0.8057439999999999,1.2766919885271852,2.704081398602796,0.3,-0.861331,1.357241,2.70177,0.666667,1.0,1.696181,0.08092718041269668,0.5657563098539645,0.3
1769796716.979964,-0.8112136666666667,1.277881214951739,2.6905053363266047,0.3,-0.861331,1.357241,2.70177,0.666667,1.0,1.696181,0.07973067700287348,0.560477965408899,0.3
1769796717.000472,-0.8166083333333333,1.2801540426395694,2.680187892191246,0.3,-0.861331,1.357241,2.70177,0.666667,1.0,1.696181,0.07742149772921289,0.5397943227637981,0.3
1769796717.020766,-0.8220040000000001,1.2833998110376674,2.7258905100025017,0.3,-0.861331,1.357241,2.70177,0.666667,1.0,1.696181,0.0741086973492056,0.5275025469941941,0.3
1769796717.041114,-0.8275093333333333,1.2874123340902621,2.6850326398709243,0.3,-0.861331,1.357241,2.70177,0.666667,1.0,1.696181,0.06999337180857894,0.5068803716027831,0.3
1769796717.061153,-0.8331136666666668,1.291900071428571,2.6850304371886313,0.3,-0.861331,1.357241,2.70177,0.666667,1.0,1.696181,0.06538392857142877,0.5008472433366311,0.3
1769796717.081619,-0.8387920000000001,1.2965043087668802,2.6936389150464692,0.3,-0.861331,1.357241,2.70177,0.666667,1.0,1.696181,0.06064548533427859,0.46896342940196095,0.3
1769796717.102006,-0.8445006666666668,1.3008470461051893,2.7057473855195213,0.3,-0.861331,1.357241,2.70177,0.666667,1.0,1.696181,0.05618065979365188,0.4327046077339101,0.3
1769796717.122041,-0.8502006666666667,1.304572385931859,2.7162042610915167,0.3,-0.861331,1.357241,2.70177,0.666667,1.0,1.696181,0.052355716556501626,0.40563813584403036,0.3
1769796717.142536,-0.85587,1.307395642191118,2.711366821783954,0.3,-0.861331,1.357241,2.70177,0.666667,1.0,1.696181,0.0494694658542695,0.39490341433212284,0.3
1769796717.162699,-0.8615066666666666,1.3091312257585286,2.6991320217095764,0.3,-0.861331,1.357241,2.70177,0.666667,1.0,1.696181,0.047710891015874744,0.3951834558908023,0.3
1769796717.182908,-0.867121,1.3097065707625466,2.6982897566410013,0.3,-0.861331,1.357241,2.70177,0.666667,1.0,1.696181,0.04714896585426933,0.39578507769727844,0.3
1769796717.203091,-0.8727586666666666,1.3091394573604307,2.7044171076605457,0.3,-0.861331,1.357241,2.70177,0.666667,1.0,1.696181,0.04774343084221553,0.40402920050354085,0.3
1769796717.223279,-0.8784623333333333,1.3075496889623324,2.688234849172377,0.3,-0.861331,1.357241,2.70177,0.666667,1.0,1.696181,0.049412231222222915,0.4127054031738446,0.3
1769796717.243571,-0.884235,1.3176376897192614,2.696758896689659,0.3,-0.861331,1.357241,2.70177,0.666667,1.0,1.696181,0.05191827104856393,0.41388984338467044,0.3
1769796717.263709,-0.8900356666666668,1.3272609761904763,2.7887575626853645,0.3,-0.947813,1.394665,2.764602,0.666667,1.0,1.790413,0.05490342857142844,0.43684908526484684,0.3
1769796717.283974,-0.8957323333333332,1.3368032626616912,2.7321683592887487,0.3,-0.947813,1.394665,2.764602,0.666667,1.0,1.790413,0.057966371808578714,0.44298993147841786,0.3
1769796717.304177,-0.9013013333333334,1.334171525323382,2.776429150500149,0.3,-0.947813,1.394665,2.764602,0.666667,1.0,1.790413,0.06071541163491973,0.4716316564932692,0.3
1769796717.324323,-0.9067833333333333,1.3321861854967123,2.7566324185482425,0.3,-0.947813,1.394665,2.764602,0.666667,1.0,1.790413,0.06279864058635569,0.46835308694047956,0.3
1769796717.344858,-0.9123066666666667,1.3311510720945963,2.7589198511372737,0.3,-0.947813,1.394665,2.764602,0.666667,1.0,1.790413,0.06392239128858777,0.47571473777198986,0.3
1769796717.364851,-0.91792,1.3312820599557569,2.7716331098744376,0.3,-0.947813,1.394665,2.764602,0.666667,1.0,1.790413,0.06382075184126818,0.4514995206336736,0.3
1769796717.385553,-0.9236126666666666,1.3326699292374533,2.8049149246680507,0.3,-0.947813,1.394665,2.764602,0.666667,1.0,1.790413,0.06240567700287352,0.43400266117641917,0.3
1769796717.405684,-0.9293716666666666,1.3352493997824266,2.781129513544115,0.3,-0.947813,1.394665,2.764602,0.666667,1.0,1.790413,0.05975878344349873,0.42321996354984787,0.3
1769796717.425814,-0.9351596666666667,1.3388285967519533,2.767957319198929,0.3,-0.947813,1.394665,2.764602,0.666667,1.0,1.790413,0.05608234020634863,0.42856135852706095,0.3
1769796717.446052,-0.9409416666666667,1.3431239055188335,2.7583619923672766,0.3,-0.947813,1.394665,2.764602,0.666667,1.0,1.790413,0.051668086094293346,0.40267899731632917,0.3
1769796717.466277,-0.9466886666666667,1.3477889285714282,2.7896985690160183,0.3,-0.947813,1.394665,2.764602,0.666667,1.0,1.790413,0.04687285714285744,0.3729437651844217,0.3
1769796717.487016,-0.952401,1.3524456659097375,2.7803836660047305,0.3,-0.947813,1.394665,2.764602,0.666667,1.0,1.790413,0.04208727104856439,0.3529733916010289,0.3
1769796717.507007,-0.9580820000000001,1.3567212603909036,2.751590531963035,0.3,-0.947813,1.394665,2.764602,0.666667,1.0,1.790413,0.03769787407936621,0.3388897883957526,0.3
1769796717.527523,-0.9637370000000001,1.360265385931859,2.774261839881452,0.3,-0.947813,1.394665,2.764602,0.666667,1.0,1.790413,0.034046073699358796,0.3351191359268384,0.3
1769796717.547977,-0.9693719999999999,1.3627908564768323,2.752269884301941,0.3,-0.947813,1.394665,2.764602,0.666667,1.0,1.790413,0.03145489442569809,0.3206851588437965,0.3
1769796717.567801,-0.974993,1.364099725758529,2.7544509164662125,0.3,-0.947813,1.394665,2.764602,0.666667,1.0,1.790413,0.03012146244444611,0.32209195073662744,0.3
1769796717.588176,-0.9806046666666667,1.374771785048261,2.7584625971061425,0.3,-0.947813,1.394665,2.764602,0.666667,1.0,1.790413,0.03011946585426941,0.31216378914059545,0.3
1769796717.608396,-0.986214,1.3842407430747163,2.8339345800232163,0.3,-1.036475,1.426585,2.827433,0.666667,1.0,1.884646,0.03135871655650143,0.31340485225280895,0.3
1769796717.628723,-0.9917606666666666,1.3927036889623323,2.8265928468069115,0.3,-1.036475,1.426585,2.827433,0.666667,1.0,1.884646,0.03363458836508019,0.31715690664223056,0.3
1769796717.648814,-0.9972639999999999,1.3898080230525949,2.8358159953708237,0.3,-1.036475,1.426585,2.827433,0.666667,1.0,1.884646,0.036650628191421175,0.3381348993797981,0.3
1769796717.668881,-1.002759,1.3865618571428573,2.822171251931318,0.3,-1.036475,1.426585,2.827433,0.666667,1.0,1.884646,0.04004571428571429,0.3616538329064385,0.3
1769796717.689129,-1.0083423333333332,1.3833711198045482,2.8129078675930517,0.3,-1.036475,1.426585,2.827433,0.666667,1.0,1.884646,0.04337308609429309,0.38244516581710536,0.3
1769796717.709597,-1.0140256666666665,1.3806398824662391,2.826980490535006,0.3,-1.036475,1.426585,2.827433,0.666667,1.0,1.884646,0.04622284020634844,0.3913355854695874,0.3
1769796717.729847,-1.0197973333333332,1.3787028283538552,2.8319099034138144,0.3,-1.036475,1.426585,2.827433,0.666667,1.0,1.884646,0.04823942630064147,0.3868954492404523,0.3
1769796717.750095,-1.0256263333333333,1.3778045720945962,2.841099536613948,0.3,-1.036475,1.426585,2.827433,0.666667,1.0,1.884646,0.04918424843144494,0.4036483908253736,0.3
1769796717.770598,-1.0314683333333334,1.3780813456700425,2.802252851645998,0.3,-1.036475,1.426585,2.827433,0.666667,1.0,1.884646,0.048917608984125435,0.40830222826042917,0.3
1769796717.790705,-1.0372846666666664,1.379561929237453,2.8198537132800388,0.3,-1.036475,1.426585,2.827433,0.666667,1.0,1.884646,0.04740910557430228,0.40549798422631406,0.3
1769796717.810824,-1.0430613333333332,1.382164685496712,2.831836530082301,0.3,-1.036475,1.426585,2.827433,0.666667,1.0,1.884646,0.04474249772921308,0.3836398058087201,0.3
1769796717.831221,-1.0488043333333332,1.385704811037667,2.8200403915792163,0.3,-1.036475,1.426585,2.827433,0.666667,1.0,1.884646,0.0411093402063486,0.3626482851043448,0.3
1769796717.851546,-1.05452,1.3899033340902622,2.8258801662610624,0.3,-1.036475,1.426585,2.827433,0.666667,1.0,1.884646,0.03678872895143621,0.34989886215342664,0.3
1769796717.871955,-1.06022,1.3944006428571427,2.8148010781424735,0.3,-1.036475,1.426585,2.827433,0.666667,1.0,1.884646,0.032146928571428895,0.3291404679137976,0.3
1769796717.892095,-1.0659123333333331,1.3988073087668802,2.8154973241514307,0.3,-1.036475,1.426585,2.827433,0.666667,1.0,1.884646,0.027617413905707218,0.31792524270505274,0.3
1769796717.912259,-1.0716043333333334,1.4115145222956655,2.8035174819821167,0.3,-1.036475,1.426585,2.827433,0.666667,1.0,1.884646,0.023568731222223287,0.2895631892309673,0.3
1769796717.932697,-1.0773059999999999,1.4234536954556685,2.892541424285922,0.3,-1.126965,1.452875,2.890265,0.666667,1.0,1.978878,0.02031528798507296,0.2659101964950616,0.3
1769796717.952766,-1.0829593333333332,1.4343948564768325,2.8916722912931156,0.3,-1.126965,1.452875,2.890265,0.666667,1.0,1.978878,0.018089894425698024,0.24381617335319572,0.3
1769796717.973164,-1.088573,1.4354382971871003,2.8866973879034643,0.3,-1.126965,1.452875,2.890265,0.666667,1.0,1.978878,0.017035248158731885,0.25071094082525136,0.3
1769796717.993432,-1.0941773333333333,1.435322785048261,2.8690115504000966,0.3,-1.126965,1.452875,2.890265,0.666667,1.0,1.978878,0.01718496585426939,0.262381796097979,0.3
1769796718.013663,-1.0998676666666665,1.434151385931859,2.870674841926765,0.3,-1.126965,1.452875,2.890265,0.666667,1.0,1.978878,0.018436430842215627,0.271832624399501,0.3
1769796718.033931,-1.1056643333333331,1.4321273318194752,2.8804772569576076,0.3,-1.126965,1.452875,2.890265,0.666667,1.0,1.978878,0.020549445507937334,0.2597095962724241,0.3
1769796718.05463,-1.1115509999999997,1.429525237338309,2.9122403709982145,0.3,-1.126965,1.452875,2.890265,0.666667,1.0,1.978878,0.023257128191421235,0.25707634190101913,0.3
1769796718.074919,-1.1174926666666665,1.4266527142857142,2.9017092185982767,0.3,-1.126965,1.452875,2.890265,0.666667,1.0,1.978878,0.026242714285714334,0.26607341341373325,0.3
1769796718.094982,-1.1234436666666667,1.423842619804548,2.892014110637996,0.3,-1.126965,1.452875,2.890265,0.666667,1.0,1.978878,0.029167014665721726,0.2985588316735773,0.3
1769796718.114991,-1.1293653333333333,1.4214251681805246,2.8782458432718387,0.3,-1.126965,1.452875,2.890265,0.666667,1.0,1.978878,0.031687411634919865,0.31538026597686913,0.3
1769796718.1357,-1.1352443333333333,1.4196987569252835,2.8936689460271046,0.3,-1.126965,1.452875,2.890265,0.666667,1.0,1.978878,0.03349506915778439,0.31439946817357706,0.3
1769796718.156421,-1.1410873333333333,1.4188995006660245,2.91115824222814,0.3,-1.126965,1.452875,2.890265,0.666667,1.0,1.978878,0.03434624843144508,0.30583045028216554,0.3
1769796718.175785,-1.1469016666666665,1.4191767028128996,2.902785559197644,0.3,-1.126965,1.452875,2.890265,0.666667,1.0,1.978878,0.03408518041269696,0.31466262577700616,0.3
1769796718.195983,-1.1526933333333331,1.4205495006660243,2.8737722415444025,0.3,-1.126965,1.452875,2.890265,0.666667,1.0,1.978878,0.03266346271715939,0.3228716986348766,0.3
1769796718.216158,-1.1584686666666666,1.4229321140681404,2.8816419251470267,0.3,-1.126965,1.452875,2.890265,0.666667,1.0,1.978878,0.030227854872070265,0.319918517099132,0.3
1769796718.237138,-1.1642323333333333,1.4329970967519532,2.8846301045040383,0.3,-1.126965,1.452875,2.890265,0.666667,1.0,1.978878,0.0269373402063487,0.2979854878104532,0.3
1769796718.257131,-1.1699743333333332,1.4436610483759764,2.946727417365535,0.3,-1.218928,1.473431,2.953097,0.666667,1.0,2.07311,0.023024514665721963,0.2830837445808017,0.3
1769796718.277247,-1.175628,1.4546012142857139,2.934930129903161,0.3,-1.218928,1.473431,2.953097,0.666667,1.0,2.07311,0.0187920000000003,0.2667175424546075,0.3
1769796718.297624,-1.1812269999999998,1.458629951624023,2.9377612877311976,0.3,-1.218928,1.473431,2.953097,0.666667,1.0,2.07311,0.014672842477135753,0.23733397787824909,0.3
1769796718.31774,-1.1868216666666667,1.462261188962332,2.9619900820282528,0.3,-1.218928,1.473431,2.953097,0.666667,1.0,2.07311,0.010938302650794643,0.2079082624942693,0.3
1769796718.337905,-1.1905836666666667,1.4652473145032874,2.954212793203593,0.3,-1.218928,1.473431,2.953097,0.666667,1.0,2.07311,0.007898287985072982,0.18772910610863047,0.3
1769796718.337905,-1.194411,1.467375642191118,2.945940495698184,0.3,-1.218928,1.473431,2.953097,0.666667,1.0,2.07311,0.005714465854269472,0.16791494139273913,0.3
1769796718.358133,-1.198288,1.4685106543299575,2.97787653984646,0.3,-1.218928,1.473431,2.953097,0.666667,1.0,2.07311,0.004553319587303253,0.15512776530530104,0.3
1769796718.378508,-1.204129,1.4685829993339752,2.9668519665240796,0.3,-1.218928,1.473431,2.953097,0.666667,1.0,2.07311,0.00449325156855506,0.15148132853767796,0.3
1769796718.398993,-1.2100273333333333,1.4676586002175736,2.9520630514173387,0.3,-1.218928,1.473431,2.953097,0.666667,1.0,2.07311,0.005497430842215702,0.16665797542599134,0.3
1769796718.419271,-1.2159816666666667,1.465884331819475,2.958657992625809,0.3,-1.218928,1.473431,2.953097,0.666667,1.0,2.07311,0.007326516936508783,0.18246334757792496,0.3
1769796718.439458,-1.2219863333333334,1.4634973801954516,2.9549350729437474,0.3,-1.218928,1.473431,2.953097,0.666667,1.0,2.07311,0.00981605676284979,0.18509322129043662,0.3
1769796718.459991,-1.2280229999999996,1.460771357142857,2.9709956568561537,0.3,-1.218928,1.473431,2.953097,0.666667,1.0,2.07311,0.012658285714285691,0.20337917877030823,0.3
1769796718.480303,-1.2340246666666665,1.4580419769474051,2.95151226347024,0.3,-1.218928,1.473431,2.953097,0.666667,1.0,2.07311,0.01550458609429303,0.21694373668696731,0.3
1769796718.500888,-1.2399333333333333,1.4556481681805247,2.9566707696081904,0.3,-1.218928,1.473431,2.953097,0.666667,1.0,2.07311,0.01800419734920549,0.24241566547476986,0.3
1769796718.52101,-1.2457403333333332,1.4538776140681406,2.94687275523249,0.3,-1.218928,1.473431,2.953097,0.666667,1.0,2.07311,0.019839712014927218,0.2521886165842062,0.3
1769796718.540941,-1.251493,1.4529483578088815,2.950713333030339,0.3,-1.218928,1.473431,2.953097,0.666667,1.0,2.07311,0.020816248431444924,0.2528530614772962,0.3
1769796718.560993,-1.2572383333333332,1.452991774241471,2.964707359728068,0.3,-1.218928,1.473431,2.953097,0.666667,1.0,2.07311,0.0207919661269825,0.2386548476454755,0.3
1769796718.581539,-1.2629819999999998,1.4589754530469772,2.9732950657793644,0.3,-1.218928,1.473431,2.953097,0.666667,1.0,2.07311,0.019709462717159305,0.23875023240658858,0.3
1769796718.601814,-1.2687289999999998,1.465946304544331,3.002664058308323,0.3,-1.312,1.488172,3.015929,0.666667,1.0,2.167342,0.017606212014927392,0.2257452249398559,0.3
1769796718.622032,-1.2744736666666665,1.473767882466239,3.03148070928804,0.3,-1.312,1.488172,3.015929,0.666667,1.0,2.167342,0.014620411634920056,0.23019349563178038,0.3
1769796718.642063,-1.2801586666666667,1.4773014055188336,2.9986558515181994,0.3,-1.312,1.488172,3.015929,0.666667,1.0,2.167342,0.010985728951436208,0.2143113250317815,0.3
1769796718.662437,-1.2858043333333333,1.4811864285714285,2.9973545253851084,0.3,-1.312,1.488172,3.015929,0.666667,1.0,2.167342,0.007005642857143134,0.19343311026243523,0.3
1769796718.682676,-1.29145,1.4851175230525946,3.0318077058524753,0.3,-1.312,1.488172,3.015929,0.666667,1.0,2.167342,0.002965342477135751,0.1574178419509674,0.3
1769796718.703073,-1.297184,1.488784617533761,3.0270055419093125,0.3,-1.312,1.488172,3.015929,0.666667,1.0,2.167342,-0.0008075544920624422,0.12075698699697107,0.3
1769796718.724463,-1.303012,1.491881814503288,3.0295001122750627,0.3,-1.312,1.488172,3.015929,0.666667,1.0,2.167342,-0.003995640586355589,0.0924542046597912,0.3
1769796718.743564,-1.308933,1.494147785048261,3.054075500371104,0.3,-1.312,1.488172,3.015929,0.666667,1.0,2.167342,-0.0063262484314448855,0.09032475537040828,0.3
1769796718.763843,-1.3149149999999998,1.4953990829013861,3.0083410481559096,0.3,-1.312,1.488172,3.015929,0.666667,1.0,2.167342,-0.0076054661269824,0.08930920138896299,0.3
1769796718.783771,-1.320915,1.495554142191118,3.0188949890593744,0.3,-1.312,1.488172,3.015929,0.666667,1.0,2.167342,-0.007749534145730558,0.11075916124154195,0.3
1769796718.804127,-1.3268913333333332,1.4946448859318593,3.012139583120911,0.3,-1.312,1.488172,3.015929,0.666667,1.0,2.167342,-0.006791426300641419,0.11421092997270632,0.3
1769796718.824328,-1.3328356666666668,1.4928128318194753,3.010958074077314,0.3,-1.312,1.488172,3.015929,0.666667,1.0,2.167342,-0.0048776973492055025,0.12577484412859574,0.3
1769796718.844585,-1.338751,1.4902802373383093,3.015513613290889,0.3,-1.312,1.488172,3.015929,0.666667,1.0,2.167342,-0.0022533718085788164,0.1334947124630057,0.3
1769796718.864842,-1.344639,1.4873292857142857,3.022985267098728,0.3,-1.312,1.488172,3.015929,0.666667,1.0,2.167342,0.0008063571428570715,0.15316126034145328,0.3
1769796718.885046,-1.3505023333333332,1.4842843340902625,3.0035776452379603,0.3,-1.312,1.488172,3.015929,0.666667,1.0,2.167342,0.003975157522864423,0.17394931614436412,0.3
1769796718.90513,-1.3563483333333333,1.4844550967519534,3.0069581966497863,0.3,-1.312,1.488172,3.015929,0.666667,1.0,2.167342,0.006881483063491107,0.21178061626010977,0.3
1769796718.925621,-1.3621833333333333,1.4852293283538553,3.042489112393177,0.3,-1.405814,1.49704,3.078761,0.666667,1.0,2.261575,0.009162069157784168,0.216320182773158,0.3
1769796718.945775,-1.368044,1.4868917863803104,3.079696534846025,0.3,-1.405814,1.49704,3.078761,0.666667,1.0,2.261575,0.010520462717159094,0.21418341692150636,0.3
1769796718.965682,-1.3740056666666665,1.4866765599557568,3.0867410196510874,0.3,-1.405814,1.49704,3.078761,0.666667,1.0,2.261575,0.010762108984125319,0.18935825289144773,0.3
1769796718.985811,-1.3801386666666666,1.4876321435231674,3.0914286428411177,0.3,-1.405814,1.49704,3.078761,0.666667,1.0,2.261575,0.009807748431444946,0.1981294978487094,0.3
1769796719.00672,-1.386394,1.4897449712109978,3.0536198293214,0.3,-1.405814,1.49704,3.078761,0.666667,1.0,2.261575,0.007653712014927273,0.19574253195415725,0.3
1769796719.026813,-1.3926713333333332,1.4928872396090958,3.0700956843142717,0.3,-1.405814,1.49704,3.078761,0.666667,1.0,2.261575,0.004423625920634279,0.19345476594923824,0.3
1769796719.04726,-1.3988756666666664,1.4968095483759765,3.064298964087282,0.3,-1.405814,1.49704,3.078761,0.666667,1.0,2.261575,0.0003809432371504696,0.15490365178261442,0.3
1769796719.067516,-1.40499,1.501170357142857,3.0867965061845624,0.3,-1.405814,1.49704,3.078761,0.666667,1.0,2.261575,-0.004113214285714055,0.13015229080632604,0.3
1769796719.087865,-1.4110353333333332,1.5055850230525945,3.072917236809872,0.3,-1.405814,1.49704,3.078761,0.666667,1.0,2.261575,-0.008658800380007164,0.10387044671203434,0.3
1769796719.107771,-1.4170223333333334,1.5096715461051893,3.069465507407526,0.3,-1.405814,1.49704,3.078761,0.666667,1.0,2.261575,-0.012863054492062539,0.0866601793132003,0.3
1769796719.12795,-1.4229723333333333,1.5130881716461448,3.078323578968891,0.3,-1.405814,1.49704,3.078761,0.666667,1.0,2.261575,-0.016372783443498445,0.0648536612025102,0.3
1769796719.148693,-1.4288833333333333,1.5155645707625467,3.0798462367780224,0.3,-1.405814,1.49704,3.078761,0.666667,1.0,2.261575,-0.018908677002873336,0.04212102048905595,0.3
1769796719.169131,-1.4347706666666664,1.516898440044243,3.0876639678910367,0.3,-1.405814,1.49704,3.078761,0.666667,1.0,2.261575,-0.020292251841268077,0.05383333855928818,0.3
1769796719.189516,-1.4406766666666666,1.5169957136196894,3.0429201252766354,0.3,-1.405814,1.49704,3.078761,0.666667,1.0,2.261575,-0.020374391288587746,0.05181668719611366,0.3
1769796719.209888,-1.4466783333333335,1.5158807430747163,3.082695911697098,0.3,-1.405814,1.49704,3.078761,0.666667,1.0,2.261575,-0.019200497729212895,0.06904711386555573,0.3
1769796719.229859,-1.4527863333333333,1.514710498486142,3.0662068359766743,0.3,-1.405814,1.49704,3.078761,0.666667,1.0,2.261575,-0.016947340206348464,0.06890292843821888,0.3
1769796719.250479,-1.4589703333333333,1.512773499243071,3.1275922865598798,0.3,-1.5,1.5,3.141593,0.666667,1.0,2.355807,-0.013903657522864672,0.08779835998785505,0.3
1769796719.270805,-1.465032,1.5104171428571431,3.1391042310870216,0.3,-1.5,1.5,3.141593,0.666667,1.0,2.355807,-0.010429500000000267,0.10343641430915947,0.3
1769796719.291074,-1.4708703333333333,1.5070358340902628,3.133079815066599,0.3,-1.5,1.5,3.141593,0.666667,1.0,2.355807,-0.006918271048564363,0.11778649785277055,0.3
1769796719.311238,-1.4765176666666668,1.5040217396090965,3.134470947748886,0.3,-1.5,1.5,3.141593,0.666667,1.0,2.355807,-0.0037597312222233535,0.14596533147106652,0.3
1769796719.331431,-1.4821413333333335,1.501744471210998,3.1163746156534153,0.3,-1.5,1.5,3.141593,0.666667,1.0,2.355807,-0.001387216556501664,0.1435173653927696,0.3
1769796719.35194,-1.487872,1.5004999292374535,3.1604457111726654,0.3,-1.5,1.5,3.141593,0.666667,1.0,2.355807,-8.646585426959391e-05,0.15012873077213673,0.3
1769796719.371855,-1.4937096666666665,1.5004524885271857,3.134519641284482,0.3,-1.5,1.5,3.141593,0.666667,1.0,2.355807,-2.6105301589099653e-05,0.12318859713590961,0.3
1769796719.392543,-1.4996246666666666,1.5016441435231676,3.1673913984532907,0.3,-1.5,1.5,3.141593,0.666667,1.0,2.355807,-0.0012448944256979618,0.12452543139627388,0.3
1769796719.412672,-1.505559333333333,1.503996328353855,3.146020588981551,0.3,-1.5,1.5,3.141593,0.666667,1.0,2.355807,-0.0036614308422155627,0.10829594498739346,0.3
1769796719.432862,-1.5114669999999997,1.507321739609096,3.1414391075291865,0.3,-1.5,1.5,3.141593,0.666667,1.0,2.355807,-0.007082659793651509,0.09865839024886995,0.3
1769796719.452983,-1.517329,1.511342476947405,3.152277678550278,0.3,-1.5,1.5,3.141593,0.666667,1.0,2.355807,-0.011221128191421095,0.08496662646089559,0.3
1769796719.473507,-1.5231469999999998,1.5157167142857144,3.1315446168570857,0.3,-1.5,1.5,3.141593,0.666667,1.0,2.355807,-0.01572364285714275,0.05867333875851172,0.3
1769796719.495183,-1.5289339999999998,1.5200480230525946,3.147308219324188,0.3,-1.5,1.5,3.141593,0.666667,1.0,2.355807,-0.020205371808578655,0.02314924894308031,0.3
1769796719.513941,-1.5347023333333334,1.5239427603909037,3.176749150520401,0.3,-1.5,1.5,3.141593,0.666667,1.0,2.355807,-0.02421505449206254,-0.0031652234778399013,0.3
1769796719.534383,-1.5404736666666665,1.5270537430747162,3.1425198843488436,0.3,-1.5,1.5,3.141593,0.666667,1.0,2.355807,-0.027407854872069936,-0.017659898006953712,0.3
1769796719.554689,-1.5462573333333332,1.5281497612387371,3.1438924603866814,0.3,-1.5,1.5,3.141593,0.666667,1.0,2.355807,-0.029538319860016333,-0.008192113846285968,0.3
1769796719.574949,-1.5520516666666666,1.5280770352823385,3.20049647208198,0.3,-1.594186,1.49704,3.204425,0.666667,1.0,2.450039,-0.030463108984125322,-0.012035755503257028,0.3
1769796719.595299,-1.5577926666666666,1.5268045707625468,3.203585060424905,0.3,-1.594186,1.49704,3.204425,0.666667,1.0,2.450039,-0.030149677002873545,-0.01665379800538892,0.3
1769796719.615425,-1.5634690000000002,1.525399528789002,3.2184805347616314,0.3,-1.594186,1.49704,3.204425,0.666667,1.0,2.450039,-0.02868092630064162,-0.009556457102869056,0.3
1769796719.635724,-1.569119,1.523084403248047,3.2009648734597738,0.3,-1.594186,1.49704,3.204425,0.666667,1.0,2.450039,-0.02624798306349153,0.0028665857867962627,0.3
1769796719.655971,-1.574836333333333,1.520157308766881,3.2029924315074783,0.3,-1.594186,1.49704,3.204425,0.666667,1.0,2.450039,-0.023204300380007682,0.016016896248519142,0.3
1769796719.676516,-1.5806576666666665,1.5169705714285717,3.2225122169781644,0.3,-1.594186,1.49704,3.204425,0.666667,1.0,2.450039,-0.019899642857143213,0.038957624443815474,0.3
1769796719.696826,-1.5865669999999998,1.5138741912331197,3.1893849653512425,0.3,-1.594186,1.49704,3.204425,0.666667,1.0,2.450039,-0.01668777104856444,0.061661451277725716,0.3
1769796719.71671,-1.592525,1.511170668180525,3.1910552338946734,0.3,-1.594186,1.49704,3.204425,0.666667,1.0,2.450039,-0.013915159793651969,0.0870212647806861,0.3
1769796719.736753,-1.5984826666666665,1.5091611854967126,3.20154224641171,0.3,-1.594186,1.49704,3.204425,0.666667,1.0,2.450039,-0.011789073699358828,0.09260335090723464,0.3
1769796719.757416,-1.6044049999999999,1.5080818578088817,3.198980478329549,0.3,-1.594186,1.49704,3.204425,0.666667,1.0,2.450039,-0.010659322997126686,0.08415057459961756,0.3
1769796719.777831,-1.608337,1.508114631384328,3.2177647836142316,0.3,-1.594186,1.49704,3.204425,0.666667,1.0,2.450039,-0.010677176730160396,0.07769302609732383,0.3
1769796719.777831,-1.6122443333333332,1.5093020006660245,3.2133774266996245,0.3,-1.594186,1.49704,3.204425,0.666667,1.0,2.450039,-0.011887394425697962,0.07346717838720256,0.3
1769796719.798979,-1.6161413333333332,1.5115766140681408,3.1950533278722477,0.3,-1.594186,1.49704,3.204425,0.666667,1.0,2.450039,-0.014221430842215685,0.06525796007646945,0.3
1769796719.818747,-1.621987,1.514740239609096,3.2105352731229364,0.3,-1.594186,1.49704,3.204425,0.666667,1.0,2.450039,-0.017501016936508716,0.04843332133681966,0.3
1769796719.838802,-1.627827,1.518539619804548,3.213621786971759,0.3,-1.594186,1.49704,3.204425,0.666667,1.0,2.450039,-0.021378271048563973,0.03161832935658115,0.3
1769796719.859242,-1.6336553333333335,1.5226211428571428,3.1888230534221553,0.3,-1.594186,1.49704,3.204425,0.666667,1.0,2.450039,-0.02561957142857137,0.018582565755858,0.3
1769796719.8792,-1.6394666666666666,1.5236746659097375,3.1945255421226615,0.3,-1.594186,1.49704,3.204425,0.666667,1.0,2.450039,-0.02974558609429304,0.009379400649921469,0.3
1769796719.899675,-1.6452703333333334,1.524277760390904,3.2539577221989413,0.3,-1.688,1.488172,3.267256,0.666667,1.0,2.544271,-0.03340684020634839,-0.014132827949142788,0.3
1769796719.919759,-1.6510766666666665,1.5241324573604305,3.2611033163284544,0.3,-1.688,1.488172,3.267256,0.666667,1.0,2.544271,-0.03629685487207002,-0.02535754979419702,0.3
1769796719.940486,-1.6568866666666668,1.5259647136196897,3.250823386152146,0.3,-1.688,1.488172,3.267256,0.666667,1.0,2.544271,-0.0381776770028735,-0.035960238285466656,0.3
1769796719.960702,-1.6626526666666666,1.526704082901386,3.256098306760869,0.3,-1.688,1.488172,3.267256,0.666667,1.0,2.544271,-0.038903608984125426,-0.05765760767942693,0.3
1769796719.980815,-1.668336,1.5263409993339756,3.296282600005578,0.3,-1.688,1.488172,3.267256,0.666667,1.0,2.544271,-0.03851496271715945,-0.06913341838524464,0.3
1769796720.001117,-1.6739663333333332,1.5249761716461452,3.276771531062428,0.3,-1.688,1.488172,3.267256,0.666667,1.0,2.544271,-0.03708842630064169,-0.06338705304378717,0.3
1769796720.020913,-1.6796133333333334,1.5227812603909043,3.2586289809569196,0.3,-1.688,1.488172,3.267256,0.666667,1.0,2.544271,-0.034809125920634364,-0.03512023787725097,0.3
1769796720.041652,-1.6853339999999999,1.5200063801954524,3.26297893052003,0.3,-1.688,1.488172,3.267256,0.666667,1.0,2.544271,-0.03193022895143627,-0.002436654749890077,0.3
1769796720.062798,-1.6911129999999999,1.516955285714286,3.241612426972449,0.3,-1.688,1.488172,3.267256,0.666667,1.0,2.544271,-0.028763785714286096,-0.004495460301985425,0.3
1769796720.081826,-1.6969173333333332,1.5139636198045485,3.293115433737802,0.3,-1.688,1.488172,3.267256,0.666667,1.0,2.544271,-0.025655842477135846,0.02306924820944242,0.3
1769796720.102134,-1.702710333333333,1.5113670253233822,3.2404398267949266,0.3,-1.688,1.488172,3.267256,0.666667,1.0,2.544271,-0.022955231222223333,0.03559686030587342,0.3
1769796720.122887,-1.708471333333333,1.5094673997824268,3.2438863628553154,0.3,-1.688,1.488172,3.267256,0.666667,1.0,2.544271,-0.02097400227078728,0.0599349325967068,0.3
1769796720.143151,-1.7141929999999999,1.5084754292374534,3.265574471589805,0.3,-1.688,1.488172,3.267256,0.666667,1.0,2.544271,-0.01995696585426954,0.047739053547326125,0.3
1769796720.163725,-1.7198873333333333,1.5085127742414712,3.273443525332962,0.3,-1.688,1.488172,3.267256,0.666667,1.0,2.544271,-0.019979319587303385,0.03138080295089087,0.3
1769796720.183722,-1.7255666666666665,1.5095989292374534,3.2744853496170796,0.3,-1.688,1.488172,3.267256,0.666667,1.0,2.544271,-0.021086037282840867,0.015589690594597241,0.3
1769796720.20403,-1.7312496666666668,1.5067695902586171,3.2847982942276857,0.3,-1.688,1.488172,3.267256,0.666667,1.0,2.544271,-0.02321543084221566,0.007874780207971277,0.3
1769796720.224634,-1.736944,1.5047900491329056,3.3301302773567967,0.3,-1.781072,1.473431,3.330088,0.666667,1.0,2.638504,-0.026232302650794497,-0.012084038353548618,0.3
1769796720.244738,-1.7426190000000001,1.5034298340902623,3.3462819984021697,0.3,-1.781072,1.473431,3.330088,0.666667,1.0,2.638504,-0.029888413905706967,-0.01655921323416144,0.3
1769796720.264984,-1.748228,1.5073017857142859,3.320693024575539,0.3,-1.781072,1.473431,3.330088,0.666667,1.0,2.638504,-0.033875785714285775,-0.04559996184915754,0.3
1769796720.284861,-1.7537823333333333,1.511183951624023,3.3477086822044146,0.3,-1.781072,1.473431,3.330088,0.666667,1.0,2.638504,-0.03784815752286453,-0.04974642891291211,0.3
1769796720.304937,-1.7593416666666666,1.5147652603909039,3.3155135073772004,0.3,-1.781072,1.473431,3.330088,0.666667,1.0,2.638504,-0.041534911634919826,-0.07926811547175193,0.3
1769796720.325396,-1.7649956666666666,1.517764028789002,3.3426832950854046,0.3,-1.781072,1.473431,3.330088,0.666667,1.0,2.638504,-0.04461971201492722,-0.09711488523526758,0.3
1769796720.34601,-1.7707446666666666,1.5199216421911181,3.353363814243393,0.3,-1.781072,1.473431,3.330088,0.666667,1.0,2.638504,-0.04684446271715935,-0.10246531645878448,0.3
1769796720.366485,-1.7765563333333334,1.5210606543299576,3.3043863436041394,0.3,-1.781072,1.473431,3.330088,0.666667,1.0,2.638504,-0.04800775184126828,-0.10922845230277943,0.3
1769796720.386677,-1.7823696666666666,1.5211017136196896,3.344865427642898,0.3,-1.781072,1.473431,3.330088,0.666667,1.0,2.638504,-0.04803674843144502,-0.10126884275943403,0.3
1769796720.406796,-1.7881576666666668,1.5200823145032878,3.3369384021723225,0.3,-1.781072,1.473431,3.330088,0.666667,1.0,2.638504,-0.04696764058635592,-0.1022213566617537,0.3
1769796720.427007,-1.7939126666666667,1.5181461175337612,3.316447706559116,0.3,-1.781072,1.473431,3.330088,0.666667,1.0,2.638504,-0.04494955449206294,-0.10010224329721544,0.3
1769796720.447037,-1.7996416666666668,1.5155260944811664,3.359959299680587,0.3,-1.781072,1.473431,3.330088,0.666667,1.0,2.638504,-0.042228157522864775,-0.10150472877352824,0.3
1769796720.467619,-1.8053496666666664,1.5125025714285716,3.365945929902424,0.3,-1.781072,1.473431,3.330088,0.666667,1.0,2.638504,-0.03910757142857169,-0.08191765042749198,0.3
1769796720.487735,-1.8110436666666665,1.5093939769474056,3.3086898469696,0.3,-1.781072,1.473431,3.330088,0.666667,1.0,2.638504,-0.03587898533427857,-0.04618563759024786,0.3
1769796720.507855,-1.8167316666666666,1.4996845253233821,3.3209246332463405,0.3,-1.781072,1.473431,3.330088,0.666667,1.0,2.638504,-0.032902374079366116,-0.007507285927348849,0.3
1769796720.528247,-1.8224196666666668,1.4905629712109978,3.381778158017203,0.3,-1.873035,1.452875,3.39292,0.666667,1.0,2.732736,-0.03053521655650159,-0.012721586137373028,0.3
1769796720.548311,-1.828151,1.4823118578088816,3.404254288603872,0.3,-1.873035,1.452875,3.39292,0.666667,1.0,2.732736,-0.029070322997126634,0.0053227594871777945,0.3
1769796720.568711,-1.8339906666666665,1.4819738456700424,3.3633207267963185,0.3,-1.873035,1.452875,3.39292,0.666667,1.0,2.732736,-0.028705033873017538,0.004934175735994921,0.3
1769796720.588731,-1.8399503333333334,1.4827818578088818,3.3859019405021415,0.3,-1.873035,1.452875,3.39292,0.666667,1.0,2.732736,-0.029521180139983727,-0.0012675474970225097,0.3
1769796720.609061,-1.8459563333333333,1.484725328353855,3.4081811930892068,0.3,-1.873035,1.452875,3.39292,0.666667,1.0,2.732736,-0.031494359413644354,-0.0390062492696421,0.3
1769796720.629447,-1.8519139999999998,1.4876822396090963,3.416567440798804,0.3,-1.873035,1.452875,3.39292,0.666667,1.0,2.732736,-0.03453544550793742,-0.05139212342162352,0.3
1769796720.649688,-1.8577846666666664,1.4914190483759766,3.3801772357972735,0.3,-1.873035,1.452875,3.39292,0.666667,1.0,2.732736,-0.038391913905706995,-0.0657206420699558,0.3
1769796720.669691,-1.8635816666666667,1.495600642857143,3.398889667553381,0.3,-1.873035,1.452875,3.39292,0.666667,1.0,2.732736,-0.04270478571428575,-0.06795168367733309,0.3
1769796720.69003,-1.8693179999999998,1.499844737338309,3.379141740335442,0.3,-1.873035,1.452875,3.39292,0.666667,1.0,2.732736,-0.047080228951435946,-0.0874363631779733,0.3
1769796720.710446,-1.8750086666666668,1.503769831819475,3.375921428077719,0.3,-1.873035,1.452875,3.39292,0.666667,1.0,2.732736,-0.05112419734920555,-0.09652096617252585,0.3
1769796720.732089,-1.8806613333333333,1.5070311002175736,3.377722688910386,0.3,-1.873035,1.452875,3.39292,0.666667,1.0,2.732736,-0.05448006915778432,-0.11643670244412797,0.3
1769796720.750701,-1.8862856666666665,1.5093535707625467,3.386349514688399,0.3,-1.873035,1.452875,3.39292,0.666667,1.0,2.732736,-0.05686403414573062,-0.14185414251618775,0.3
1769796720.770828,-1.8918903333333332,1.5105367971871004,3.404171487176109,0.3,-1.873035,1.452875,3.39292,0.666667,1.0,2.732736,-0.058091608984125354,-0.1612891888058848,0.3
1769796720.791293,-1.8974863333333332,1.5104869993339751,3.4054750494832913,0.3,-1.873035,1.452875,3.39292,0.666667,1.0,2.732736,-0.05802974843144504,-0.16873564463529322,0.3
1769796720.811762,-1.9030723333333333,1.509225314503288,3.4020685424393293,0.3,-1.873035,1.452875,3.39292,0.666667,1.0,2.732736,-0.05671464058635588,-0.15300329839836416,0.3
1769796720.831791,-1.9086533333333333,1.498151641343285,3.384675553478671,0.3,-1.873035,1.452875,3.39292,0.666667,1.0,2.732736,-0.054306554492062835,-0.15640117771165368,0.3
1769796720.851932,-1.9142363333333332,1.4863018563859285,3.498474248532228,0.3,-1.963525,1.426585,3.455752,0.666667,1.0,2.826968,-0.05109872895143614,-0.14489963568284453,0.3
1769796720.87235,-1.919818,1.4740272142857147,3.472336346406823,0.3,-1.963525,1.426585,3.455752,0.666667,1.0,2.826968,-0.04745528571428592,-0.1317434744383306,0.3
1769796720.892971,-1.925366333333333,1.4704750483759768,3.456385931698155,0.3,-1.963525,1.426585,3.455752,0.666667,1.0,2.826968,-0.0437726281914214,-0.09872877216992826,0.3
1769796720.912862,-1.930853,1.467282882466239,3.467095279262756,0.3,-1.963525,1.426585,3.455752,0.666667,1.0,2.826968,-0.04044223122222319,-0.06963892557775866,0.3
1769796720.933292,-1.9362823333333334,1.4648186854967122,3.4467892448286737,0.3,-1.963525,1.426585,3.455752,0.666667,1.0,2.826968,-0.037878787985072895,-0.06869309098377857,0.3
1769796720.953655,-1.9417013333333333,1.463381357808882,3.479160834372531,0.3,-1.963525,1.426585,3.455752,0.666667,1.0,2.826968,-0.036380037282840845,-0.04101299372993786,0.3
1769796720.973844,-1.9471523333333334,1.4631432028128997,3.4277010224889968,0.3,-1.963525,1.426585,3.455752,0.666667,1.0,2.826968,-0.036130248158731885,-0.0397011368915196,0.3
1769796720.99439,-1.9526509999999997,1.4641496435231678,3.4466284751818774,0.3,-1.963525,1.426585,3.455752,0.666667,1.0,2.826968,-0.03716432299712657,-0.03619387990611486,0.3
1769796721.014904,-1.9581729999999997,1.4663205426395693,3.46219360250135,0.3,-1.963525,1.426585,3.455752,0.666667,1.0,2.826968,-0.03939935941364426,-0.051332455710151714,0.3
1769796721.034973,-1.9636873333333333,1.469469739609096,3.4351918074937746,0.3,-1.963525,1.426585,3.455752,0.666667,1.0,2.826968,-0.042642945507937305,-0.06997286962927853,0.3
1769796721.055177,-1.9691789999999998,1.4733208340902622,3.4516358696856755,0.3,-1.963525,1.426585,3.455752,0.666667,1.0,2.826968,-0.04661191390570684,-0.07673290774484383,0.3
1769796721.07632,-1.9746509999999997,1.4775308571428571,3.4370165979766516,0.3,-1.963525,1.426585,3.455752,0.666667,1.0,2.826968,-0.050952642857142724,-0.10099427457211325,0.3
1769796721.096019,-1.9801156666666664,1.4816981659097372,3.4409976564193205,0.3,-1.963525,1.426585,3.455752,0.666667,1.0,2.826968,-0.05527301466572151,-0.12710720529603364,0.3
1769796721.11633,-1.9855893333333332,1.4854340461051894,3.4627831312637203,0.3,-1.963525,1.426585,3.455752,0.666667,1.0,2.826968,-0.0591138402063482,-0.15852539493266374,0.3
1769796721.136351,-1.9910843333333332,1.477761385931859,3.4634998139483177,0.3,-1.963525,1.426585,3.455752,0.666667,1.0,2.826968,-0.06216028344349842,-0.1780843391033523,0.3
1769796721.156674,-1.9965906666666664,1.4690864279054037,3.5141040314083027,0.3,-2.052187,1.394665,3.518584,0.666667,1.0,2.921201,-0.06417503414573052,-0.1647806320086633,0.3
1769796721.177173,-2.002024666666667,1.4592488686156717,3.478771887747688,0.3,-2.052187,1.394665,3.518584,0.666667,1.0,2.921201,-0.06500896612698247,-0.1701387047537284,0.3
1769796721.197477,-2.00735,1.4588487850482614,3.529563153070478,0.3,-2.052187,1.394665,3.518584,0.666667,1.0,2.921201,-0.0645676055743021,-0.1718961540227492,0.3
1769796721.217772,-2.012648,1.4573226716461452,3.5217643204993636,0.3,-2.052187,1.394665,3.518584,0.666667,1.0,2.921201,-0.06297478344349874,-0.1835864411729613,0.3
1769796721.237824,-2.016186333333333,1.454899403248047,3.517893458922385,0.3,-2.052187,1.394665,3.518584,0.666667,1.0,2.921201,-0.06043062592063433,-0.17722157458712828,0.3
1769796721.237824,-2.019869333333333,1.4518739516240238,3.5404385247341534,0.3,-2.052187,1.394665,3.518584,0.666667,1.0,2.921201,-0.05729780038000758,-0.1684733040877251,0.3
1769796721.258081,-2.023606333333333,1.4485906428571431,3.533922610955424,0.3,-2.052187,1.394665,3.518584,0.666667,1.0,2.921201,-0.05389842857142877,-0.15336080814949407,0.3
1769796721.278434,-2.0291849999999996,1.445390905518834,3.5199697498849853,0.3,-2.052187,1.394665,3.518584,0.666667,1.0,2.921201,-0.05058069961999279,-0.11759541517328216,0.3
1769796721.29881,-2.0347059999999995,1.4426327396090963,3.5001249999342807,0.3,-2.052187,1.394665,3.518584,0.666667,1.0,2.921201,-0.04769858836508027,-0.1021402382086557,0.3
1769796721.318878,-2.040170666666666,1.4406262569252837,3.5302064476806105,0.3,-2.052187,1.394665,3.518584,0.666667,1.0,2.921201,-0.045623930842215776,-0.08873431805216465,0.3
1769796721.339009,-2.0455856666666663,1.439612857808882,3.5133608928193576,0.3,-2.052187,1.394665,3.518584,0.666667,1.0,2.921201,-0.04456125156855516,-0.09200155829831384,0.3
1769796721.359616,-2.050965,1.4397222742414713,3.516700384955182,0.3,-2.052187,1.394665,3.518584,0.666667,1.0,2.921201,-0.04465839101587469,-0.08085800549448512,0.3
1769796721.379751,-2.0563203333333333,1.4409903578088816,3.507004752709178,0.3,-2.052187,1.394665,3.518584,0.666667,1.0,2.921201,-0.045952180139983666,-0.089395911497268,0.3
1769796721.40057,-2.0616616666666663,1.443326971210998,3.5176072724807304,0.3,-2.052187,1.394665,3.518584,0.666667,1.0,2.921201,-0.04836550227078707,-0.11831149346157117,0.3
1769796721.41998,-2.066998,1.4465258110376675,3.551758717036602,0.3,-2.052187,1.394665,3.518584,0.666667,1.0,2.921201,-0.05166823122222292,-0.14378343651490644,0.3
1769796721.440236,-2.0723369999999997,1.4502896198045478,3.5261120348325345,0.3,-2.052187,1.394665,3.518584,0.666667,1.0,2.921201,-0.05554869961999242,-0.16384763852977177,0.3
1769796721.46078,-2.0776846666666664,1.4418024047619047,3.5206450633579163,0.3,-2.052187,1.394665,3.518584,0.666667,1.0,2.921201,-0.059656928571428326,-0.17692434900540852,0.3
1769796721.480862,-2.0830456666666666,1.4331884040049754,3.6021497968824434,0.3,-2.138669,1.357241,3.581416,0.666667,1.0,3.015433,-0.0636305860942928,-0.1895220360592487,0.3
1769796721.500979,-2.0884323333333334,1.4241195461051894,3.5764374433524035,0.3,-2.138669,1.357241,3.581416,0.666667,1.0,3.015433,-0.06713069734920525,-0.20559481924099374,0.3
1769796721.5211,-2.0938809999999997,1.4267869573604302,3.583095426530483,0.3,-2.138669,1.357241,3.581416,0.666667,1.0,3.015433,-0.0698743548720698,-0.202944942021554,0.3
1769796721.541574,-2.099407,1.4285100707625464,3.5698575159473345,0.3,-2.138669,1.357241,3.581416,0.666667,1.0,3.015433,-0.07163281986001617,-0.21712189967740544,0.3
1769796721.561915,-2.104953333333333,1.4291733686156716,3.5893815367266186,0.3,-2.138669,1.357241,3.581416,0.666667,1.0,3.015433,-0.07230003755555384,-0.22650470652084087,0.3
1769796721.582061,-2.1104386666666666,1.4287649993339755,3.596653644534306,0.3,-2.138669,1.357241,3.581416,0.666667,1.0,3.015433,-0.07186424843144498,-0.23333890365133036,0.3
1769796721.602445,-2.1158239999999995,1.4273648859318593,3.588495761078178,0.3,-2.138669,1.357241,3.581416,0.666667,1.0,3.015433,-0.07040771201492732,-0.2174493397460325,0.3
1769796721.622795,-2.1211419999999994,1.425136760390904,3.569622083118644,0.3,-2.138669,1.357241,3.581416,0.666667,1.0,3.015433,-0.06809969734920569,-0.20147082592010856,0.3
1769796721.643416,-2.1264119999999997,1.422312880195452,3.584792746429387,0.3,-2.138669,1.357241,3.581416,0.666667,1.0,3.015433,-0.06517987180857897,-0.17219938737090423,0.3
1769796721.663598,-2.1316436666666667,1.4191817857142859,3.555760048050983,0.3,-2.138669,1.357241,3.581416,0.666667,1.0,3.015433,-0.0619360714285716,-0.16574568096969164,0.3
1769796721.683777,-2.136841333333333,1.4160701912331195,3.5875289267846346,0.3,-2.138669,1.357241,3.581416,0.666667,1.0,3.015433,-0.05870641390570712,-0.15185503399099134,0.3
1769796721.703655,-2.142024333333333,1.4133111681805248,3.587116090450441,0.3,-2.138669,1.357241,3.581416,0.666667,1.0,3.015433,-0.05584508836508036,-0.15393376850003196,0.3
1769796721.724122,-2.1472026666666664,1.4111881140681408,3.5875717234273523,0.3,-2.138669,1.357241,3.581416,0.666667,1.0,3.015433,-0.053659002270787244,-0.15026458938331425,0.3
1769796721.744909,-2.1523843333333335,1.4099148578088816,3.6012106902350896,0.3,-2.138669,1.357241,3.581416,0.666667,1.0,3.015433,-0.05233725156855512,-0.14238156015066808,0.3
1769796721.765112,-2.157576,1.395370440908138,3.58382707187119,0.3,-2.138669,1.357241,3.581416,0.666667,1.0,3.015433,-0.052025319587303255,-0.13940040909255125,0.3
1769796721.785315,-2.162782,1.3818817625707867,3.6471940873653623,0.3,-2.222631,1.31446,3.644247,0.666667,1.0,3.109665,-0.052806751568555015,-0.13433541338914867,0.3
1769796721.805557,-2.168025333333333,1.3694201140681406,3.6459854521062764,0.3,-2.222631,1.31446,3.644247,0.666667,1.0,3.109665,-0.0546522165565012,-0.1448653963734243,0.3
1769796721.825788,-2.173318333333333,1.3721098110376673,3.6501219213393057,0.3,-2.222631,1.31446,3.644247,0.666667,1.0,3.109665,-0.05742137407936567,-0.17255604015617487,0.3
1769796721.846223,-2.1786476666666665,1.375466119804548,3.6777865639840046,0.3,-2.222631,1.31446,3.644247,0.666667,1.0,3.109665,-0.060875842477135136,-0.18832826591870852,0.3
1769796721.867314,-2.1839526666666664,1.3792141428571423,3.644936891785703,0.3,-2.222631,1.31446,3.644247,0.666667,1.0,3.109665,-0.06472114285714246,-0.20843426818286415,0.3
1769796721.886793,-2.1891833333333337,1.3830443087668802,3.654795433071605,0.3,-2.222631,1.31446,3.644247,0.666667,1.0,3.109665,-0.06866544323714983,-0.2117021221783457,0.3
1769796721.906886,-2.1943186666666668,1.386626831819475,3.6464828435175414,0.3,-2.222631,1.31446,3.644247,0.666667,1.0,3.109665,-0.07236634020634804,-0.22944600390661082,0.3
1769796721.927493,-2.199402333333333,1.3896323145032874,3.646936009521882,0.3,-2.222631,1.31446,3.644247,0.666667,1.0,3.109665,-0.0754687120149269,-0.26220189945220534,0.3
1769796721.947848,-2.2044586666666666,1.391779499333975,3.697649109177146,0.3,-2.222631,1.31446,3.644247,0.666667,1.0,3.109665,-0.07768189128858757,-0.27343286703776265,0.3
1769796721.96814,-2.209509666666667,1.3928777257585285,3.6494597823050707,0.3,-2.222631,1.31446,3.644247,0.666667,1.0,3.109665,-0.0788078946984109,-0.2825479644077242,0.3
1769796721.987937,-2.2145423333333327,1.3928456421911182,3.655980091771305,0.3,-2.222631,1.31446,3.644247,0.666667,1.0,3.109665,-0.07876339128858774,-0.26514116915177927,0.3
1769796722.0084,-2.2195663333333333,1.3917194573604306,3.6584927376992864,0.3,-2.222631,1.31446,3.644247,0.666667,1.0,3.109665,-0.07758564058635586,-0.25817664818934793,0.3
1769796722.028562,-2.2245909999999998,1.3896229746766184,3.6454859706920177,0.3,-2.222631,1.31446,3.644247,0.666667,1.0,3.109665,-0.07542934020634853,-0.2409311618981793,0.3
1769796722.048812,-2.2296226666666663,1.3867722373383093,3.63940801975215,0.3,-2.222631,1.31446,3.644247,0.666667,1.0,3.109665,-0.07247394323715031,-0.21526436509367763,0.3
1769796722.070226,-2.2346646666666667,1.3834442142857144,3.6317255262619073,0.3,-2.222631,1.31446,3.644247,0.666667,1.0,3.109665,-0.06903342857142872,-0.20193416739377593,0.3
1769796722.089376,-2.2397196666666663,1.3640000007569293,3.65026328081661,0.3,-2.222631,1.31446,3.644247,0.666667,1.0,3.109665,-0.06544527104856425,-0.19445169464100753,0.3
1769796722.109923,-2.2447916666666665,1.3447978586567153,3.7209434201237666,0.3,-2.30374,1.266492,3.707079,0.666667,1.0,3.203897,-0.06210930265079461,-0.19426416277641542,0.3
1769796722.130153,-2.249961666666666,1.3261931854967124,3.7262928665786825,0.3,-2.30374,1.266492,3.707079,0.666667,1.0,3.203897,-0.05939500227078726,-0.18563437547002548,0.3
1769796722.150585,-2.2552179999999997,1.324463072094596,3.721213171763149,0.3,-2.30374,1.266492,3.707079,0.666667,1.0,3.203897,-0.057599251568555054,-0.17015720976330084,0.3
1769796722.171333,-2.2605186666666666,1.3238339885271853,3.7062028389020236,0.3,-2.30374,1.266492,3.707079,0.666667,1.0,3.203897,-0.05691896244444607,-0.14227254785407467,0.3
1769796722.190711,-2.2657466666666664,1.3244122149517388,3.675655430685495,0.3,-2.30374,1.266492,3.707079,0.666667,1.0,3.203897,-0.05750775156855499,-0.1492746032140497,0.3
1769796722.210843,-2.2708816666666665,1.3261945426395692,3.7300408630067485,0.3,-2.30374,1.266492,3.707079,0.666667,1.0,3.203897,-0.05933393084221551,-0.14912804329791204,0.3
1769796722.231058,-2.275937666666666,1.3290302396090958,3.688080474891263,0.3,-2.30374,1.266492,3.707079,0.666667,1.0,3.203897,-0.062265945507937,-0.17020887122455283,0.3
1769796722.251269,-2.280930333333333,1.3326581198045477,3.6900742387317367,0.3,-2.30374,1.266492,3.707079,0.666667,1.0,3.203897,-0.06601484247713509,-0.18646271529967992,0.3
1769796722.271604,-2.285873666666667,1.336728571428571,3.7285067181844793,0.3,-2.30374,1.266492,3.707079,0.666667,1.0,3.203897,-0.07021757142857103,-0.20644002329571695,0.3
1769796722.291719,-2.2907816666666663,1.3408563087668801,3.6889059906487485,0.3,-2.30374,1.266492,3.707079,0.666667,1.0,3.203897,-0.07447730038000698,-0.23668807698102987,0.3
1769796722.312337,-2.295663,1.3446589032480463,3.713287196356303,0.3,-2.30374,1.266492,3.707079,0.666667,1.0,3.203897,-0.07839805449206225,-0.24359036611954346,0.3
1769796722.332742,-2.300527333333333,1.3477704573604303,3.7056255066568506,0.3,-2.30374,1.266492,3.707079,0.666667,1.0,3.203897,-0.0816253548720697,-0.26299284359723,0.3
1769796722.352899,-2.305385333333333,1.3498862136196894,3.6998272237227363,0.3,-2.30374,1.266492,3.707079,0.666667,1.0,3.203897,-0.08381196271715896,-0.2623176367282872,0.3
1769796722.373174,-2.3102449999999997,1.3507991543299573,3.6906421140694494,0.3,-2.30374,1.266492,3.707079,0.666667,1.0,3.203897,-0.08474532326983952,-0.26532661409751634,0.3
1769796722.393391,-2.3151086666666667,1.3327912612387371,3.703177673989112,0.3,-2.30374,1.266492,3.707079,0.666667,1.0,3.203897,-0.08436417700287338,-0.27229146778536734,0.3
1769796722.413948,-2.319988,1.3135929811699543,3.7817501917919136,0.3,-2.381678,1.213525,3.769911,0.666667,1.0,3.29813,-0.08275528344349854,-0.27362785270004175,0.3
1769796722.43376,-2.3249193333333333,1.293396974676618,3.7718467307089103,0.3,-2.381678,1.213525,3.769911,0.666667,1.0,3.29813,-0.08011748306349117,-0.26518414782195987,0.3
1769796722.453816,-2.329883666666666,1.290140737338309,3.7727861788500245,0.3,-2.381678,1.213525,3.769911,0.666667,1.0,3.29813,-0.07674315752286454,-0.2441080508389457,0.3
1769796722.474196,-2.334832333333333,1.286534785714286,3.767989531790045,0.3,-2.381678,1.213525,3.769911,0.666667,1.0,3.29813,-0.07298657142857147,-0.2234714387402638,0.3
1769796722.494651,-2.339701,1.2829854055188339,3.7633981598242916,0.3,-2.381678,1.213525,3.769911,0.666667,1.0,3.29813,-0.06929962819142123,-0.20280526678181285,0.3
1769796722.515071,-2.3444866666666666,1.2798928110376675,3.7641671248203776,0.3,-2.381678,1.213525,3.769911,0.666667,1.0,3.29813,-0.06609501693650878,-0.18340783652200932,0.3
1769796722.535699,-2.349205,1.2775847569252836,3.7581454016078464,0.3,-2.381678,1.213525,3.769911,0.666667,1.0,3.29813,-0.06370878798507291,-0.16450693416982487,0.3
1769796722.55574,-2.3538723333333333,1.2762733578088818,3.747345269064574,0.3,-2.381678,1.213525,3.769911,0.666667,1.0,3.29813,-0.06237546585426942,-0.178954284614659,0.3
1769796722.575995,-2.3585043333333333,1.2761187028128997,3.807909982318165,0.3,-2.381678,1.213525,3.769911,0.666667,1.0,3.29813,-0.06216081958730322,-0.1720837652304882,0.3
1769796722.596381,-2.363116333333333,1.2771525006660245,3.7456120695914517,0.3,-2.381678,1.213525,3.769911,0.666667,1.0,3.29813,-0.06324482299712635,-0.18003976810460398,0.3
1769796722.616599,-2.366185666666667,1.2793230426395692,3.7533110539382384,0.3,-2.381678,1.213525,3.769911,0.666667,1.0,3.29813,-0.06547685941364415,-0.17030211686716648,0.3
1769796722.616599,-2.3707903333333333,1.2824074538948103,3.7654592919272813,0.3,-2.381678,1.213525,3.769911,0.666667,1.0,3.29813,-0.06867244550793711,-0.19535397270653868,0.3
1769796722.657419,-2.375402,1.2861235483759763,3.7670134370927295,0.3,-2.381678,1.213525,3.769911,0.666667,1.0,3.29813,-0.07249805676284955,-0.22044441708707127,0.3
1769796722.677757,-2.3815579999999996,1.2901134285714282,3.769263550130227,0.3,-2.381678,1.213525,3.769911,0.666667,1.0,3.29813,-0.07662514285714257,-0.229588608909754,0.3
1769796722.697925,-2.3846426666666662,1.2940258801954514,3.7450288784759587,0.3,-2.381678,1.213525,3.769911,0.666667,1.0,3.29813,-0.08064208609429276,-0.2548672003592582,0.3
1769796722.697925,-2.387738666666667,1.2782090937242367,3.7835771149910635,0.3,-2.381678,1.213525,3.769911,0.666667,1.0,3.29813,-0.08423541163491961,-0.28678090206606344,0.3
1769796722.717934,-2.390852,1.2615991954556687,3.869991027606862,0.3,-2.456136,1.15577,3.832743,0.666667,1.0,3.392362,-0.08692978344349846,-0.309694975002239,0.3
1769796722.738619,-2.395542333333333,1.2439389993339753,3.832066202793536,0.3,-2.456136,1.15577,3.832743,0.666667,1.0,3.392362,-0.0885673912885876,-0.3092967237313361,0.3
1769796722.758487,-2.400264,1.2443905114728144,3.8295897979845694,0.3,-2.456136,1.15577,3.832743,0.666667,1.0,3.392362,-0.08900982326983946,-0.3008765713779487,0.3
1769796722.778959,-2.404989666666667,1.2436887136196895,3.8458211911153883,0.3,-2.456136,1.15577,3.832743,0.666667,1.0,3.392362,-0.08828431986001628,-0.28640537660206267,0.3
1769796722.79912,-2.409689333333333,1.241942171646145,3.806789807811229,0.3,-2.456136,1.15577,3.832743,0.666667,1.0,3.392362,-0.08646199772921288,-0.2775305629567237,0.3
1769796722.819163,-2.4143376666666665,1.239348760390904,3.8271345579788214,0.3,-2.456136,1.15577,3.832743,0.666667,1.0,3.392362,-0.08377019734920554,-0.2551882999630192,0.3
1769796722.839767,-2.418927333333333,1.2361955944811662,3.8216728028282683,0.3,-2.456136,1.15577,3.832743,0.666667,1.0,3.392362,-0.08050408609429312,-0.2397048388403634,0.3
1769796722.859695,-2.423453,1.2328080714285716,3.8049697357357646,0.3,-2.456136,1.15577,3.832743,0.666667,1.0,3.392362,-0.07700250000000004,-0.22850774825601108,0.3
1769796722.880322,-2.42792,1.229527119804548,3.8364859952184767,0.3,-2.456136,1.15577,3.832743,0.666667,1.0,3.392362,-0.07360762819142128,-0.2183971972661681,0.3
1769796722.900681,-2.4323433333333333,1.2266828110376677,3.832686851019444,0.3,-2.456136,1.15577,3.832743,0.666667,1.0,3.392362,-0.07066123122222318,-0.21643871564483516,0.3
1769796722.920794,-2.4367379999999996,1.2245706854967122,3.8292735900875727,0.3,-2.456136,1.15577,3.832743,0.666667,1.0,3.392362,-0.0684695736993586,-0.20353195807950566,0.3
1769796722.941019,-2.4411163333333334,1.2234102863803102,3.830095437020208,0.3,-2.456136,1.15577,3.832743,0.666667,1.0,3.392362,-0.06727125156855508,-0.19655843774829865,0.3
1769796722.961653,-2.445489333333333,1.2233166313843282,3.8295336894000336,0.3,-2.456136,1.15577,3.832743,0.666667,1.0,3.392362,-0.06718003387301748,-0.17633143218308533,0.3
1769796722.981848,-2.449866333333333,1.2242942149517388,3.78837095206383,0.3,-2.456136,1.15577,3.832743,0.666667,1.0,3.392362,-0.06818860871141216,-0.1800089070707668,0.3
1769796723.001952,-2.454255,1.2054802807348073,3.828081590070966,0.3,-2.456136,1.15577,3.832743,0.666667,1.0,3.392362,-0.07020400227078691,-0.1982569693211579,0.3
1769796723.022213,-2.458660666666667,1.187481501513858,3.9118758910454274,0.3,-2.526821,1.093453,3.895575,0.666667,1.0,3.486594,-0.0730552312222228,-0.23800081576364476,0.3
1769796723.042446,-2.4631103333333333,1.170062334090262,3.907357458729025,0.3,-2.526821,1.093453,3.895575,0.666667,1.0,3.486594,-0.07650927104856386,-0.24845221506576065,0.3
1769796723.062768,-2.467624333333333,1.1737039285714284,3.879777355027757,0.3,-2.526821,1.093453,3.895575,0.666667,1.0,3.486594,-0.08026349999999974,-0.2625560091335231,0.3
1769796723.082978,-2.4721636666666664,1.1773168087668802,3.906832818511647,0.3,-2.526821,1.093453,3.895575,0.666667,1.0,3.486594,-0.0839800146657215,-0.28419122740761416,0.3
1769796723.103196,-2.4766673333333333,1.1805955461051891,3.9202241818894534,0.3,-2.526821,1.093453,3.895575,0.666667,1.0,3.486594,-0.08734791163491971,-0.3050140950889199,0.3
1769796723.123627,-2.481074,1.1832708145032875,3.893279903980715,0.3,-2.526821,1.093453,3.895575,0.666667,1.0,3.486594,-0.09009971201492704,-0.30646571259012295,0.3
1769796723.143746,-2.4853899999999993,1.1851210707625466,3.8833730177316896,0.3,-2.526821,1.093453,3.895575,0.666667,1.0,3.486594,-0.09200581986001631,-0.310443895733931,0.3
1769796723.164043,-2.4896309999999997,1.1859841543299574,3.9110442899868496,0.3,-2.526821,1.093453,3.895575,0.666667,1.0,3.486594,-0.0928986804126968,-0.30827412842874763,0.3
1769796723.184023,-2.4938209999999996,1.1857839993339754,3.879711580585463,0.3,-2.526821,1.093453,3.895575,0.666667,1.0,3.486594,-0.09268896271715919,-0.3092316653451217,0.3
1769796723.204531,-2.4979796666666663,1.1845468145032878,3.8875535348424815,0.3,-2.526821,1.093453,3.895575,0.666667,1.0,3.486594,-0.0914053548720701,-0.29149362963988995,0.3
1769796723.224776,-2.5021203333333335,1.182408760390904,3.882616911663345,0.3,-2.526821,1.093453,3.895575,0.666667,1.0,3.486594,-0.08918712592063419,-0.28875927232656196,0.3
1769796723.245129,-2.506255666666666,1.179592523052595,3.8949095521639117,0.3,-2.526821,1.093453,3.895575,0.666667,1.0,3.486594,-0.08627480038000754,-0.2885703494127742,0.3
1769796723.265546,-2.5103963333333335,1.1763750714285717,3.915285560725984,0.3,-2.526821,1.093453,3.895575,0.666667,1.0,3.486594,-0.082956642857143,-0.2708057685862792,0.3
1769796723.285706,-2.5145486666666663,1.173063405518834,3.8757363882737876,0.3,-2.526821,1.093453,3.895575,0.666667,1.0,3.486594,-0.0795347710485643,-0.25574389677615317,0.3
1769796723.305936,-2.5187183333333336,1.1477793586567155,3.8947156770682327,0.3,-2.526821,1.093453,3.895575,0.666667,1.0,3.486594,-0.07633980265079464,-0.23481768530591307,0.3
1769796723.326331,-2.5229083333333335,1.1230647807348075,3.962427995094483,0.3,-2.593453,1.026821,3.958407,0.666667,1.0,3.580827,-0.07373650227078722,-0.226428067010933,0.3
1769796723.347008,-2.527155333333333,1.099207357808882,3.9457072726913025,0.3,-2.593453,1.026821,3.958407,0.666667,1.0,3.580827,-0.07202303728284085,-0.2215430930879164,0.3
1769796723.367141,-2.531421,1.098612059955757,3.9634634793418715,0.3,-2.593453,1.026821,3.958407,0.666667,1.0,3.580827,-0.07139953387301753,-0.22309059333316164,0.3
1769796723.38715,-2.535662,1.0991596435231674,3.971734694215502,0.3,-2.593453,1.026821,3.958407,0.666667,1.0,3.580827,-0.07195060871141203,-0.2399673562559037,0.3
1769796723.408018,-2.5398063333333334,1.1008416140681405,3.976584006237941,0.3,-2.593453,1.026821,3.958407,0.666667,1.0,3.580827,-0.0736657879850726,-0.24884736035827326,0.3
1769796723.427538,-2.5438616666666665,1.1035468824662387,3.9659132788252744,0.3,-2.593453,1.026821,3.958407,0.666667,1.0,3.580827,-0.07644544550793711,-0.251607093704658,0.3
1769796723.448069,-2.5478436666666666,1.1070472626616905,3.9506925990771626,0.3,-2.593453,1.026821,3.958407,0.666667,1.0,3.580827,-0.08006641390570661,-0.2659172707893978,0.3
1769796723.467862,-2.5517676666666667,1.1110144999999998,3.9735624870625257,0.3,-2.593453,1.026821,3.958407,0.666667,1.0,3.580827,-0.08416692857142831,-0.2768339937964905,0.3
1769796723.488311,-2.555649333333333,1.1150613087668804,3.950495528181883,0.3,-2.593453,1.026821,3.958407,0.666667,1.0,3.580827,-0.08834715752286433,-0.2801734741902137,0.3
1769796723.508674,-2.559505333333333,1.1188017603909037,3.9175500335030025,0.3,-2.593453,1.026821,3.958407,0.666667,1.0,3.580827,-0.09220684020634819,-0.2932772788816866,0.3
1769796723.528909,-2.563346333333333,1.121888671646145,3.966517297269129,0.3,-2.593453,1.026821,3.958407,0.666667,1.0,3.580827,-0.09538828344349852,-0.30732676467729386,0.3
1769796723.54919,-2.567192333333333,1.124039785048261,3.951864281015,0.3,-2.593453,1.026821,3.958407,0.666667,1.0,3.580827,-0.09760789128858781,-0.3333648975462628,0.3
1769796723.569255,-2.5710529999999996,1.1250474400442432,3.9553363528576106,0.3,-2.593453,1.026821,3.958407,0.666667,1.0,3.580827,-0.09866018041269677,-0.3338921558147156,0.3
1769796723.589691,-2.574939333333333,1.1248047136196897,3.9576856647876806,0.3,-2.593453,1.026821,3.958407,0.666667,1.0,3.580827,-0.09841124843144503,-0.3332404925497525,0.3
1769796723.609777,-2.5788466666666667,1.0997775764080497,3.9527688247390316,0.3,-2.593453,1.026821,3.958407,0.666667,1.0,3.580827,-0.09687971201492737,-0.33051161919772826,0.3
1769796723.630504,-2.582777333333333,1.0736999984861422,4.026411740090703,0.3,-2.65577,0.956136,4.021239,0.666667,1.0,3.675059,-0.0942637687777772,-0.3225007996040785,0.3
1769796723.650879,-2.586761333333333,1.0468590944811664,4.026960282715762,0.3,-2.65577,0.956136,4.021239,0.666667,1.0,3.675059,-0.09086351466572191,-0.3035246608159296,0.3
1769796723.671063,-2.5907586666666664,1.0431692142857145,4.0052026509512,0.3,-2.65577,0.956136,4.021239,0.666667,1.0,3.675059,-0.08704200000000036,-0.2958832740684452,0.3
1769796723.691083,-2.5947256666666667,1.039458048375977,4.045614322948688,0.3,-2.65577,0.956136,4.021239,0.666667,1.0,3.675059,-0.08319412819142154,-0.26994890157910545,0.3
1769796723.71159,-2.598596,1.0361315967519538,4.0061112587443,0.3,-2.65577,0.956136,4.021239,0.666667,1.0,3.675059,-0.07973001693650907,-0.24622321613109674,0.3
1769796723.732009,-2.6023793333333334,1.033566756925284,3.987202177906908,0.3,-2.65577,0.956136,4.021239,0.666667,1.0,3.675059,-0.0770626451279302,-0.22519753338992077,0.3
1769796723.752326,-2.6060936666666663,1.0320519292374533,4.024347670068354,0.3,-2.65577,0.956136,4.021239,0.666667,1.0,3.675059,-0.07549960871141238,-0.2267747416531685,0.3
1769796723.772683,-2.6097563333333333,1.031744917098614,4.024680750233012,0.3,-2.65577,0.956136,4.021239,0.666667,1.0,3.675059,-0.07518553387301748,-0.24079088572019547,0.3
1769796723.792737,-2.613383,1.032671429237453,4.020223762358661,0.3,-2.65577,0.956136,4.021239,0.666667,1.0,3.675059,-0.07614160871141211,-0.2455628134065501,0.3
1769796723.812888,-2.6169866666666666,1.0347451140681407,4.0255182698993615,0.3,-2.65577,0.956136,4.021239,0.666667,1.0,3.675059,-0.0782791451279298,-0.23569820824243756,0.3
1769796723.833457,-2.620586,1.0377771681805246,3.982742760791579,0.3,-2.65577,0.956136,4.021239,0.666667,1.0,3.675059,-0.08140658836507988,-0.24000149583212518,0.3
1769796723.853713,-2.6241939999999997,1.0414870483759764,3.999288791786803,0.3,-2.65577,0.956136,4.021239,0.666667,1.0,3.675059,-0.08523777104856375,-0.24608009890232838,0.3
1769796723.873993,-2.627817,1.0455027142857138,4.001887104871607,0.3,-2.65577,0.956136,4.021239,0.666667,1.0,3.675059,-0.08940878571428547,-0.28642219739160574,0.3
1769796723.893885,-2.6314559999999996,1.0494208087668804,4.032588203508295,0.3,-2.65577,0.956136,4.021239,0.666667,1.0,3.675059,-0.0934535860942928,-0.31061083120942734,0.3
1769796723.914183,-2.6351116666666665,1.028042069914713,4.014774134873801,0.3,-2.65577,0.956136,4.021239,0.666667,1.0,3.675059,-0.09699205449206251,-0.33077246753659484,0.3
1769796723.934682,-2.6388066666666665,1.0058854335509066,4.076526730721731,0.3,-2.713525,0.881678,4.08407,0.666667,1.0,3.769291,-0.09973056915778422,-0.34410897403619883,0.3
1769796723.954884,-2.642531333333333,0.9827295707625466,4.100751323262514,0.3,-2.713525,0.881678,4.08407,0.666667,1.0,3.769291,-0.10144167700287336,-0.35006789758427526,0.3
1769796723.975344,-2.6462419999999995,0.9832587257585289,4.07499188366943,0.3,-2.713525,0.881678,4.08407,0.666667,1.0,3.769291,-0.10198246612698252,-0.33901826678772906,0.3
1769796723.995403,-2.6498776666666664,0.9826245707625468,4.045599204896259,0.3,-2.713525,0.881678,4.08407,0.666667,1.0,3.769291,-0.10131803414573068,-0.324516173889467,0.3
1769796724.016058,-2.6534123333333333,0.9809352430747165,4.0723989281127135,0.3,-2.713525,0.881678,4.08407,0.666667,1.0,3.769291,-0.09953921201492728,-0.31738012725550635,0.3
1769796724.035867,-2.656864,0.978402260390904,4.075121648512681,0.3,-2.713525,0.881678,4.08407,0.666667,1.0,3.769291,-0.09691448306349139,-0.3122219594456563,0.3
1769796724.056051,-2.6602556666666666,0.9753072373383093,4.05922047457243,0.3,-2.713525,0.881678,4.08407,0.666667,1.0,3.769291,-0.09371908609429337,-0.3026328019138312,0.3
1769796724.076852,-2.6636063333333335,0.9719542142857146,4.081181400115358,0.3,-2.713525,0.881678,4.08407,0.666667,1.0,3.769291,-0.0902541428571432,-0.30253071895416545,0.3
1769796724.096893,-2.666930333333333,0.9686691198045484,4.108414503197796,0.3,-2.713525,0.881678,4.08407,0.666667,1.0,3.769291,-0.08685541390570724,-0.29399681555840046,0.3
1769796724.117249,-2.6702403333333335,0.9657813110376678,4.0730353605190945,0.3,-2.713525,0.881678,4.08407,0.666667,1.0,3.769291,-0.08386380265079474,-0.2790288881954716,0.3
1769796724.137522,-2.6735469999999997,0.9635733997824266,4.076551230170498,0.3,-2.713525,0.881678,4.08407,0.666667,1.0,3.769291,-0.0815907165565017,-0.2655237522700598,0.3
1769796724.157703,-2.676859,0.9622850720945962,4.099658140431546,0.3,-2.713525,0.881678,4.08407,0.666667,1.0,3.769291,-0.08023168013998387,-0.27374831537872274,0.3
1769796724.17781,-2.6801833333333334,0.962063417098614,4.104257498736531,0.3,-2.713525,0.881678,4.08407,0.666667,1.0,3.769291,-0.07999881958730339,-0.277968005626194,0.3
1769796724.197937,-2.682404333333333,0.9629456435231676,4.088087677671659,0.3,-2.713525,0.881678,4.08407,0.666667,1.0,3.769291,-0.0809257515685551,-0.2744077833293737,0.3
1769796724.197937,-2.6846386666666664,0.9648363997824264,4.082885308766218,0.3,-2.713525,0.881678,4.08407,0.666667,1.0,3.769291,-0.08287835941364434,-0.28153869775379464,0.3
1769796724.218453,-2.6868886666666665,0.9415663348471913,4.101565593597972,0.3,-2.713525,0.881678,4.08407,0.666667,1.0,3.769291,-0.08567108836508022,-0.2891627290657813,0.3
1769796724.238907,-2.6902749999999997,0.9188770959950244,4.140915478131637,0.3,-2.766492,0.80374,4.146902,0.666667,1.0,3.863523,-0.08905355676284986,-0.2982857309543342,0.3
1769796724.25895,-2.6936889999999996,0.8964982857142858,4.1333347714426765,0.3,-2.766492,0.80374,4.146902,0.666667,1.0,3.863523,-0.0927486428571429,-0.31134693568557187,0.3
1769796724.279284,-2.697098333333333,0.9000840230525947,4.158922383986331,0.3,-2.766492,0.80374,4.146902,0.666667,1.0,3.863523,-0.09647265752286449,-0.3337983409310572,0.3
1769796724.299768,-2.7004376666666663,0.9033216175337611,4.157458474195704,0.3,-2.766492,0.80374,4.146902,0.666667,1.0,3.863523,-0.09981076877777699,-0.3467969738638071,0.3
1769796724.31985,-2.7036619999999996,0.9059126716461449,4.131065805823403,0.3,-2.766492,0.80374,4.146902,0.666667,1.0,3.863523,-0.1024614263006415,-0.35437190144119574,0.3
1769796724.33983,-2.706789,0.9076482136196896,4.151251007320373,0.3,-2.766492,0.80374,4.146902,0.666667,1.0,3.863523,-0.10424581986001634,-0.3642549953006144,0.3
1769796724.360193,-2.7098663333333337,0.9083973686156718,4.164275777408634,0.3,-2.766492,0.80374,4.146902,0.666667,1.0,3.863523,-0.10501739469841108,-0.3703194828255669,0.3
1769796724.380514,-2.7129173333333334,0.9080912136196897,4.138001973761741,0.3,-2.766492,0.80374,4.146902,0.666667,1.0,3.863523,-0.10470889128858787,-0.36604512321358823,0.3
1769796724.400837,-2.715935333333333,0.9067557430747165,4.143970222927762,0.3,-2.766492,0.80374,4.146902,0.666667,1.0,3.863523,-0.10332735487207023,-0.34851450810015366,0.3
1769796724.420945,-2.7189189999999996,0.9045243318194754,4.135236519663974,0.3,-2.766492,0.80374,4.146902,0.666667,1.0,3.863523,-0.10101098306349139,-0.3228626872813033,0.3
1769796724.441332,-2.721871333333333,0.901633523052595,4.100915211166627,0.3,-2.766492,0.80374,4.146902,0.666667,1.0,3.863523,-0.09801465752286474,-0.31509055639086797,0.3
1769796724.46161,-2.724802,0.8983910000000002,4.154402930209692,0.3,-2.766492,0.80374,4.146902,0.666667,1.0,3.863523,-0.09465492857142878,-0.3067288852816221,0.3
1769796724.481773,-2.727724,0.8951124055188341,4.148187471014952,0.3,-2.766492,0.80374,4.146902,0.666667,1.0,3.863523,-0.09128341390570714,-0.30315324926059467,0.3
1769796724.502172,-2.7306483333333333,0.8921172396090964,4.125736730910597,0.3,-2.766492,0.80374,4.146902,0.666667,1.0,3.863523,-0.08817887407936613,-0.30841388775471135,0.3
1769796724.522478,-2.7335853333333326,0.889685971210998,4.196814112060546,0.3,-2.766492,0.80374,4.146902,0.666667,1.0,3.863523,-0.08566943084221582,-0.3077331627758731,0.3
1769796724.542925,-2.736546333333333,0.8610358101898342,4.170934384173579,0.3,-2.766492,0.80374,4.146902,0.666667,1.0,3.863523,-0.08398960871141226,-0.3091920683286438,0.3
1769796724.562855,-2.7395490000000002,0.8333773932890902,4.207948055877431,0.3,-2.81446,0.722631,4.209734,0.666667,1.0,3.957756,-0.08333739101587476,-0.28570803546167023,0.3
1769796724.583375,-2.7426139999999997,0.8067969292374534,4.211619546555083,0.3,-2.81446,0.722631,4.209734,0.666667,1.0,3.957756,-0.08380318013998375,-0.2875037286549393,0.3
1769796724.60362,-2.7456906666666665,0.808302971210998,4.233344306769918,0.3,-2.81446,0.722631,4.209734,0.666667,1.0,3.957756,-0.08535721655650143,-0.29078421032459745,0.3
1769796724.623989,-2.748725,0.8107462396090962,4.200218583106598,0.3,-2.81446,0.722631,4.209734,0.666667,1.0,3.957756,-0.08785551693650877,-0.30383646762719624,0.3
1769796724.64431,-2.7516626666666664,0.813917262661691,4.216906991467027,0.3,-2.81446,0.722631,4.209734,0.666667,1.0,3.957756,-0.09113298533427837,-0.30683170937233223,0.3
1769796724.664397,-2.7545206666666666,0.8175429285714286,4.208579350846425,0.3,-2.81446,0.722631,4.209734,0.666667,1.0,3.957756,-0.0948702857142857,-0.3159949306330873,0.3
1769796724.684797,-2.757313,0.8212746659097375,4.184769878091049,0.3,-2.81446,0.722631,4.209734,0.666667,1.0,3.957756,-0.09873251466572167,-0.3347240414437549,0.3
1769796724.704847,-2.7600556666666667,0.8247503318194753,4.224164335235484,0.3,-2.81446,0.722631,4.209734,0.666667,1.0,3.957756,-0.10232819734920555,-0.3544327454905161,0.3
1769796724.725111,-2.7627669999999998,0.8276232430747164,4.221042685318019,0.3,-2.81446,0.722631,4.209734,0.666667,1.0,3.957756,-0.10529728344349856,-0.3780388228875548,0.3
1769796724.746542,-2.765462666666666,0.8296131421911183,4.212151378202765,0.3,-2.81446,0.722631,4.209734,0.666667,1.0,3.957756,-0.10735124843144496,-0.38168914877172955,0.3
1769796724.765732,-2.768153,0.8305333686156718,4.213245950522914,0.3,-2.81446,0.722631,4.209734,0.666667,1.0,3.957756,-0.10829789469841118,-0.36786707327293033,0.3
1769796724.785993,-2.7708413333333333,0.8302824993339756,4.178440693657523,0.3,-2.81446,0.722631,4.209734,0.666667,1.0,3.957756,-0.10805796271715938,-0.3550854576528404,0.3
1769796724.80597,-2.7735353333333332,0.8288736716461451,4.183803951177655,0.3,-2.81446,0.722631,4.209734,0.666667,1.0,3.957756,-0.10659864058635589,-0.35095568255828397,0.3
1769796724.826313,-2.7762433333333334,0.8264242603909041,4.2171815343324575,0.3,-2.81446,0.722631,4.209734,0.666667,1.0,3.957756,-0.10407141163492008,-0.3384248041547952,0.3
1769796724.846831,-2.7789743333333328,0.7951955468621188,4.1737842403243794,0.3,-2.81446,0.722631,4.209734,0.666667,1.0,3.957756,-0.10070972895143622,-0.33266542287633466,0.3
1769796724.867216,-2.781732,0.763506404761905,4.2655177530432855,0.3,-2.857241,0.638669,4.272566,0.666667,1.0,4.051988,-0.09687450000000021,-0.30887029013422884,0.3
1769796724.88699,-2.7845253333333333,0.7317431198045483,4.260876627405968,0.3,-2.857241,0.638669,4.272566,0.666667,1.0,4.051988,-0.09296598533427858,-0.3028280577916368,0.3
1769796724.90732,-2.7873,0.7282788110376677,4.260668425360978,0.3,-2.857241,0.638669,4.272566,0.666667,1.0,4.051988,-0.08938187407936601,-0.2912709691569625,0.3
1769796724.927385,-2.7900123333333333,0.7254986854967124,4.273644978461666,0.3,-2.857241,0.638669,4.272566,0.666667,1.0,4.051988,-0.08648157369935856,-0.2916986845624248,0.3
1769796724.94764,-2.7926156666666664,0.7237069292374533,4.289654709644673,0.3,-2.857241,0.638669,4.272566,0.666667,1.0,4.051988,-0.08462560871141227,-0.2936318771482647,0.3
1769796724.967972,-2.795132,0.7231189885271855,4.282948152376386,0.3,-2.857241,0.638669,4.272566,0.666667,1.0,4.051988,-0.08400660530158895,-0.2891020564470877,0.3
1769796724.988117,-2.7975779999999997,0.7238033578088818,4.269348936722,0.3,-2.857241,0.638669,4.272566,0.666667,1.0,4.051988,-0.084717751568555,-0.2964887193268259,0.3
1769796725.008436,-2.799967,0.7256980426395693,4.299860017348442,0.3,-2.857241,0.638669,4.272566,0.666667,1.0,4.051988,-0.08667871655650138,-0.2936830423866485,0.3
1769796725.028977,-2.8023146666666663,0.7286130253233818,4.257677489697569,0.3,-2.857241,0.638669,4.272566,0.666667,1.0,4.051988,-0.08969065979365155,-0.3152769317343341,0.3
1769796725.049067,-2.804638666666667,0.7322649055188338,4.2898247299840255,0.3,-2.857241,0.638669,4.272566,0.666667,1.0,4.051988,-0.09346269961999253,-0.31071054364921236,0.3
1769796725.069592,-2.8069563333333334,0.7363042142857142,4.252761266347353,0.3,-2.857241,0.638669,4.272566,0.666667,1.0,4.051988,-0.09763435714285704,-0.35014607701909556,0.3
1769796725.08989,-2.8092783333333333,0.7403277373383089,4.310869401088371,0.3,-2.857241,0.638669,4.272566,0.666667,1.0,4.051988,-0.101808586094293,-0.36817333117614787,0.3
1769796725.109668,-2.8116143333333334,0.7439344032480467,4.293427438306014,0.3,-2.857241,0.638669,4.272566,0.666667,1.0,4.051988,-0.1055332687777768,-0.3922092187182753,0.3
1769796725.129803,-2.813979,0.7467561716461448,4.273972000201574,0.3,-2.857241,0.638669,4.272566,0.666667,1.0,4.051988,-0.10845435487206996,-0.395848913881385,0.3
1769796725.150359,-2.8163700000000005,0.7197010945720707,4.291861486176592,0.3,-2.857241,0.638669,4.272566,0.666667,1.0,4.051988,-0.11027389128858779,-0.389430502640946,0.3
1769796725.170775,-2.818787,0.6914404876632908,4.32265312414094,0.3,-2.894665,0.552187,4.335398,0.666667,1.0,4.14622,-0.11085003755555399,-0.3843551588108338,0.3
1769796725.191159,-2.821222666666666,0.661947570762547,4.318701942484288,0.3,-2.894665,0.552187,4.335398,0.666667,1.0,4.14622,-0.11015453414573075,-0.37515243414902955,0.3
1769796725.211508,-2.823636666666667,0.6601373859318594,4.338267526709982,0.3,-2.894665,0.552187,4.335398,0.666667,1.0,4.14622,-0.10827714058635603,-0.3669340466612281,0.3
1769796725.231725,-2.825985333333333,0.6573974746766184,4.320866042978974,0.3,-2.894665,0.552187,4.335398,0.666667,1.0,4.14622,-0.10541948306349154,-0.36157768446793076,0.3
1769796725.251983,-2.828232,0.6540308801954522,4.333182908606289,0.3,-2.894665,0.552187,4.335398,0.666667,1.0,4.14622,-0.10193480038000761,-0.34637968279076176,0.3
1769796725.272063,-2.8303930000000004,0.6504063571428573,4.3352165463297085,0.3,-2.894665,0.552187,4.335398,0.666667,1.0,4.14622,-0.09817735714285745,-0.3358879068178955,0.3
1769796725.292352,-2.832486333333333,0.6468879769474055,4.3324042092705115,0.3,-2.894665,0.552187,4.335398,0.666667,1.0,4.14622,-0.09454591390570713,-0.3217514694468525,0.3
1769796725.312855,-2.8345249999999997,0.6438221681805248,4.335217628369953,0.3,-2.894665,0.552187,4.335398,0.666667,1.0,4.14622,-0.09137965979365179,-0.3122552542165003,0.3
1769796725.333127,-2.8365186666666666,0.6415008997824266,4.343739281824228,0.3,-2.894665,0.552187,4.335398,0.666667,1.0,4.14622,-0.08897993084221585,-0.3058508945351525,0.3
1769796725.353624,-2.838481,0.640151214951739,4.340885604714818,0.3,-2.894665,0.552187,4.335398,0.666667,1.0,4.14622,-0.08758210871141228,-0.28493687833290304,0.3
1769796725.37364,-2.8404276666666664,0.6399121313843282,4.301902936878354,0.3,-2.894665,0.552187,4.335398,0.666667,1.0,4.14622,-0.0873306053015889,-0.28387213840391434,0.3
1769796725.39379,-2.842376,0.6407995006660245,4.343684105957131,0.3,-2.894665,0.552187,4.335398,0.666667,1.0,4.14622,-0.08826268013998365,-0.28907064782330977,0.3
1769796725.414487,-2.8443353333333334,0.6427123997824263,4.343949912712048,0.3,-2.894665,0.552187,4.335398,0.666667,1.0,4.14622,-0.0902442165565013,-0.3060473108461683,0.3
1769796725.434628,-2.846313,0.6454525967519531,4.320580357442169,0.3,-2.894665,0.552187,4.335398,0.666667,1.0,4.14622,-0.09306930265079431,-0.31577417585623374,0.3
1769796725.45482,-2.8483153333333333,0.6192122626616907,4.33889555079482,0.3,-2.894665,0.552187,4.335398,0.666667,1.0,4.14622,-0.09648327104856383,-0.3182038141621231,0.3
1769796725.474872,-2.8503559999999997,0.5932467857142855,4.379282889539101,0.3,-2.926585,0.463525,4.39823,0.666667,1.0,4.240452,-0.10018521428571407,-0.34698691202003573,0.3
1769796725.495193,-2.852408666666667,0.5672279516240232,4.415720029174249,0.3,-2.926585,0.463525,4.39823,0.666667,1.0,4.240452,-0.10383487180857852,-0.36643111795116684,0.3
1769796725.515707,-2.854425333333333,0.5703782603909036,4.413540376976136,0.3,-2.926585,0.463525,4.39823,0.666667,1.0,4.240452,-0.10708876877777675,-0.38910275097374875,0.3
1769796725.535983,-2.856356333333333,0.5728641002175733,4.402338733422959,0.3,-2.926585,0.463525,4.39823,0.666667,1.0,4.240452,-0.10963614058635551,-0.3868306644719706,0.3
1769796725.556059,-2.8581956666666666,0.5744773564768323,4.385266223229092,0.3,-2.926585,0.463525,4.39823,0.666667,1.0,4.240452,-0.11129239128858763,-0.3998995372875291,0.3
1769796725.576449,-2.8599616666666665,0.575075082901386,4.430757851463019,0.3,-2.926585,0.463525,4.39823,0.666667,1.0,4.240452,-0.11192853755555383,-0.40123372460187195,0.3
1769796725.596697,-2.8616706666666665,0.5746205707625468,4.3996905240791815,0.3,-2.926585,0.463525,4.39823,0.666667,1.0,4.240452,-0.11142931986001647,-0.40313461073823714,0.3
1769796725.616838,-2.8633399999999996,0.5731336002175736,4.394489917665653,0.3,-2.926585,0.463525,4.39823,0.666667,1.0,4.240452,-0.1099288548720702,-0.37934165038761297,0.3
1769796725.637508,-2.8644416666666666,0.5707715461051898,4.385924611160168,0.3,-2.926585,0.463525,4.39823,0.666667,1.0,4.240452,-0.10746762592063429,-0.366036731437076,0.3
1769796725.637508,-2.866077666666667,0.5677521659097379,4.390718511287636,0.3,-2.926585,0.463525,4.39823,0.666667,1.0,4.240452,-0.1043431575228648,-0.34790730029165173,0.3
1769796725.677981,-2.8671663333333335,0.5643975000000002,4.381128628598139,0.3,-2.926585,0.463525,4.39823,0.666667,1.0,4.240452,-0.10087071428571459,-0.3380808153394173,0.3
1769796725.677981,-2.8687993333333335,0.5610496912331198,4.39605653946886,0.3,-2.926585,0.463525,4.39823,0.666667,1.0,4.240452,-0.09740362819142144,-0.32987459820539144,0.3
1769796725.698595,-2.869894,0.5580525253233821,4.404729454130664,0.3,-2.926585,0.463525,4.39823,0.666667,1.0,4.240452,-0.09429973122222327,-0.32739551057588495,0.3
1769796725.718894,-2.871544,0.5556730426395694,4.40532002219772,0.3,-2.926585,0.463525,4.39823,0.666667,1.0,4.240452,-0.09187921655650151,-0.3137856626499986,0.3
1769796725.738912,-2.87321,0.554146214951739,4.388471056665693,0.3,-2.926585,0.463525,4.39823,0.666667,1.0,4.240452,-0.09026518013998372,-0.30228075863794884,0.3
1769796725.759087,-2.8748869999999997,0.5234423694795663,4.393447744539402,0.3,-2.926585,0.463525,4.39823,0.666667,1.0,4.240452,-0.08971924815873189,-0.2928552389579608,0.3
1769796725.779743,-2.876573333333333,0.4938079054279294,4.451933615754032,0.3,-2.952875,0.373035,4.461062,0.666667,1.0,4.334685,-0.0902576801399836,-0.2898165690245973,0.3
1769796725.799882,-2.8782840000000003,0.4651915426395692,4.439161832263726,0.3,-2.952875,0.373035,4.461062,0.666667,1.0,4.334685,-0.09185178798507268,-0.29858608328597386,0.3
1769796725.820215,-2.8799956666666664,0.4676204538948103,4.460971524517916,0.3,-2.952875,0.373035,4.461062,0.666667,1.0,4.334685,-0.0943601597936514,-0.32985360119789436,0.3
1769796725.840685,-2.8816683333333337,0.4707201912331193,4.501654069209576,0.3,-2.952875,0.373035,4.461062,0.666667,1.0,4.334685,-0.09754441390570669,-0.34890370269776283,0.3
1769796725.860767,-2.8832513333333334,0.4742199999999997,4.452058402503289,0.3,-2.952875,0.373035,4.461062,0.666667,1.0,4.334685,-0.10115099999999966,-0.3535060589384565,0.3
1769796725.881081,-2.8847399999999994,0.47781159448116584,4.436750561302821,0.3,-2.952875,0.373035,4.461062,0.666667,1.0,4.334685,-0.1048595860942927,-0.3619009231837537,0.3
1769796725.900881,-2.8861486666666667,0.48115761753376063,4.486819011776584,0.3,-2.952875,0.373035,4.461062,0.666667,1.0,4.334685,-0.10831919734920517,-0.3670789774656382,0.3
1769796725.921425,-2.887492,0.48393031450328755,4.430938423862233,0.3,-2.952875,0.373035,4.461062,0.666667,1.0,4.334685,-0.11118906915778405,-0.3905249381541748,0.3
1769796725.942,-2.888787666666666,0.4858537850482609,4.466258590724367,0.3,-2.952875,0.373035,4.461062,0.666667,1.0,4.334685,-0.1131776770028733,-0.3859856215849635,0.3
1769796725.961966,-2.890050666666666,0.4867378686156716,4.4561154572907915,0.3,-2.952875,0.373035,4.461062,0.666667,1.0,4.334685,-0.1140896089841252,-0.3861017363065444,0.3
1769796725.982224,-2.8912929999999997,0.48650085647683244,4.4223764618449986,0.3,-2.952875,0.373035,4.461062,0.666667,1.0,4.334685,-0.11384131986001629,-0.3789161782959134,0.3
1769796726.002761,-2.8925239999999994,0.4851659573604306,4.450648723140431,0.3,-2.952875,0.373035,4.461062,0.666667,1.0,4.334685,-0.11246664058635576,-0.37947802426758886,0.3
1769796726.022979,-2.8937536666666666,0.48285204610518967,4.470874959602845,0.3,-2.952875,0.373035,4.461062,0.666667,1.0,4.334685,-0.11008491163491997,-0.38280474566745865,0.3
1769796726.043662,-2.894991666666666,0.4797729516240235,4.453546449522099,0.3,-2.952875,0.373035,4.461062,0.666667,1.0,4.334685,-0.10689958609429327,-0.380556380305703,0.3
1769796726.063756,-2.896248,0.4455801666666668,4.475896453944515,0.3,-2.952875,0.373035,4.461062,0.666667,1.0,4.334685,-0.10322935714285726,-0.3716858407509294,0.3
1769796726.084169,-2.8975313333333332,0.4112976674235959,4.547108837939427,0.3,-2.973431,0.281072,4.523893,0.666667,1.0,4.428917,-0.09946955676284992,-0.36390669838951345,0.3
1769796726.104585,-2.8988476666666663,0.3773080967519535,4.534002536726121,0.3,-2.973431,0.281072,4.523893,0.666667,1.0,4.428917,-0.0960150883650804,-0.34921429666175613,0.3
1769796726.124712,-2.90015,0.37461261406814095,4.536766026600545,0.3,-2.973431,0.281072,4.523893,0.666667,1.0,4.428917,-0.09322364512793009,-0.332857886092349,0.3
1769796726.144879,-2.9013953333333333,0.3728455720945962,4.53503911832181,0.3,-2.973431,0.281072,4.523893,0.666667,1.0,4.428917,-0.09138310871141234,-0.3214824968944135,0.3
1769796726.16486,-2.902544333333333,0.3722159885271854,4.525129382344383,0.3,-2.973431,0.281072,4.523893,0.666667,1.0,4.428917,-0.09071396244444604,-0.31620036980276095,0.3
1769796726.185358,-2.9036123333333332,0.3728221435231675,4.530728190467551,0.3,-2.973431,0.281072,4.523893,0.666667,1.0,4.428917,-0.09133489442569787,-0.3183553074384833,0.3
1769796726.20583,-2.904614666666667,0.3746233283538549,4.534014265687899,0.3,-2.973431,0.281072,4.523893,0.666667,1.0,4.428917,-0.0932015736993584,-0.33560129682451795,0.3
1769796726.225671,-2.905569,0.3774426681805245,4.547700616518537,0.3,-2.973431,0.281072,4.523893,0.666667,1.0,4.428917,-0.09611751693650857,-0.3426510860101856,0.3
1769796726.245835,-2.906489666666667,0.3809991912331192,4.519037113187705,0.3,-2.973431,0.281072,4.523893,0.666667,1.0,4.428917,-0.09979291390570656,-0.3520177271329521,0.3
1769796726.266015,-2.9073903333333333,0.3849466428571425,4.520705716041544,0.3,-2.973431,0.281072,4.523893,0.666667,1.0,4.428917,-0.10387114285714247,-0.3605912880614844,0.3
1769796726.286714,-2.908281,0.3889063087668802,4.529178419608077,0.3,-2.973431,0.281072,4.523893,0.666667,1.0,4.428917,-0.10795987180857843,-0.37286370698514015,0.3
1769796726.306822,-2.909171333333333,0.39249997467661774,4.508984530216708,0.3,-2.973431,0.281072,4.523893,0.666667,1.0,4.428917,-0.11167191163491949,-0.3723699635490711,0.3
1769796726.326844,-2.9100719999999995,0.39536717164614466,4.4835805818393135,0.3,-2.973431,0.281072,4.523893,0.666667,1.0,4.428917,-0.11465214058635541,-0.3822429642830509,0.3
1769796726.347277,-2.9109906666666667,0.3972167850482608,4.525339531153942,0.3,-2.973431,0.281072,4.523893,0.666667,1.0,4.428917,-0.11656146271715896,-0.40232559463260414,0.3
1769796726.367481,-2.911936666666666,0.366840940044243,4.541330912544779,0.3,-2.973431,0.281072,4.523893,0.666667,1.0,4.428917,-0.11722075184126804,-0.4308977259351457,0.3
1769796726.388207,-2.9129176666666665,0.33522092790540386,4.611806196810784,0.3,-2.988172,0.188,4.586725,0.666667,1.0,4.523149,-0.11659660557430207,-0.4214037886543478,0.3
1769796726.408328,-2.9139249999999994,0.3024391002175735,4.570237744101579,0.3,-2.988172,0.188,4.586725,0.666667,1.0,4.523149,-0.11477342630064143,-0.40781592975928743,0.3
1769796726.428691,-2.914906,0.29970840324804665,4.586985093673234,0.3,-2.988172,0.188,4.586725,0.666667,1.0,4.523149,-0.11194726877777696,-0.37804683303377346,0.3
1769796726.448812,-2.9158123333333332,0.29628702305259474,4.564364024875732,0.3,-2.988172,0.188,4.586725,0.666667,1.0,4.523149,-0.10840451466572162,-0.3718760702114217,0.3
1769796726.468939,-2.916617,0.2925413571428572,4.589298664488862,0.3,-2.988172,0.188,4.586725,0.666667,1.0,4.523149,-0.10450928571428575,-0.3502421909013685,0.3
1769796726.489189,-2.9173373333333337,0.2888701912331195,4.5720613306594124,0.3,-2.988172,0.188,4.586725,0.666667,1.0,4.523149,-0.10071027104856413,-0.3491606755586993,0.3
1769796726.509445,-2.917988,0.2856545967519533,4.59848761168099,0.3,-2.988172,0.188,4.586725,0.666667,1.0,4.523149,-0.09739101693650874,-0.31940524521455443,0.3
1769796726.529827,-2.918585333333333,0.2832062569252836,4.552072710014133,0.3,-2.988172,0.188,4.586725,0.666667,1.0,4.523149,-0.09486250227078709,-0.3104778243274781,0.3
1769796726.550204,-2.9191453333333333,0.28175778638031035,4.575866285767845,0.3,-2.988172,0.188,4.586725,0.666667,1.0,4.523149,-0.0933652515685551,-0.29473269171861705,0.3
1769796726.570528,-2.9196823333333337,0.28145063138432824,4.57618295644849,0.3,-2.988172,0.188,4.586725,0.666667,1.0,4.523149,-0.09304560530158892,-0.296705412904887,0.3
1769796726.590717,-2.9202076666666663,0.2823202149517388,4.559573147010962,0.3,-2.988172,0.188,4.586725,0.666667,1.0,4.523149,-0.09394103728284067,-0.3011404861813345,0.3
1769796726.610727,-2.9207323333333335,0.28429197121099775,4.577380003462073,0.3,-2.988172,0.188,4.586725,0.666667,1.0,4.523149,-0.09597400227078687,-0.31545252268348084,0.3
1769796726.631032,-2.921265333333333,0.28716523960909596,4.589837941352894,0.3,-2.988172,0.188,4.586725,0.666667,1.0,4.523149,-0.0989608740793657,-0.3413227959168233,0.3
1769796726.651581,-2.921815,0.29064761980454784,4.591154868359866,0.3,-2.988172,0.188,4.586725,0.666667,1.0,4.523149,-0.10256084247713522,-0.36723659214566107,0.3
1769796726.671932,-2.922387,0.294383714285714,4.6048741659231265,0.3,-2.988172,0.188,4.586725,0.666667,1.0,4.523149,-0.10642114285714258,-0.38634675660699114,0.3
1769796726.692082,-2.9229843333333334,0.26674647543354685,4.5992768806854265,0.3,-2.988172,0.188,4.586725,0.666667,1.0,4.523149,-0.11016915752286423,-0.4005766907161807,0.3
1769796726.712355,-2.9236083333333327,0.23866666515280835,4.652824267636474,0.3,-2.99704,0.094186,4.649557,0.666667,1.0,4.617382,-0.11346312592063382,-0.3888844117982586,0.3
1769796726.732706,-2.9242563333333327,0.2098479573604305,4.6070792698808125,0.3,-2.99704,0.094186,4.649557,0.666667,1.0,4.617382,-0.115995712014927,-0.382481620302559,0.3
1769796726.754154,-2.9248816666666664,0.21133007076254665,4.621595207345987,0.3,-2.99704,0.094186,4.649557,0.666667,1.0,4.617382,-0.1175270341457306,-0.3914669796667026,0.3
1769796726.773336,-2.9254416666666665,0.21172101147281452,4.66105216505225,0.3,-2.99704,0.094186,4.649557,0.666667,1.0,4.617382,-0.11790946612698239,-0.4116962507254473,0.3
1769796726.793838,-2.9259020000000002,0.21100814219111816,4.6535224376540105,0.3,-2.99704,0.094186,4.649557,0.666667,1.0,4.617382,-0.11716853414573057,-0.4197272462063492,0.3
1769796726.813652,-2.926278,0.20928702878900207,4.648829038033589,0.3,-2.99704,0.094186,4.649557,0.666667,1.0,4.617382,-0.11538842630064147,-0.4202790064895677,0.3
1769796726.833817,-2.9265849999999998,0.20672511753376102,4.679701065700975,0.3,-2.99704,0.094186,4.649557,0.666667,1.0,4.617382,-0.11274612592063414,-0.40687135927080414,0.3
1769796726.854427,-2.9268396666666665,0.20356530876688053,4.645414504429739,0.3,-2.99704,0.094186,4.649557,0.666667,1.0,4.617382,-0.10948280038000742,-0.3960908177428806,0.3
1769796726.87449,-2.927059,0.20010742857142863,4.653554130040656,0.3,-2.99704,0.094186,4.649557,0.666667,1.0,4.617382,-0.10590900000000007,-0.37120096581509215,0.3
1769796726.894801,-2.9272576666666663,0.19668740551883382,4.651903752538936,0.3,-2.99704,0.094186,4.649557,0.666667,1.0,4.617382,-0.10237248533427838,-0.3535906800848605,0.3
1769796726.914797,-2.9274476666666662,0.19364281103766764,4.637370939767233,0.3,-2.99704,0.094186,4.649557,0.666667,1.0,4.617382,-0.09922273122222307,-0.3408878147739298,0.3
1769796726.934971,-2.927638333333333,0.19126247121099796,4.653450182184547,0.3,-2.99704,0.094186,4.649557,0.666667,1.0,4.617382,-0.09677521655650145,-0.32899993094276975,0.3
1769796726.955508,-2.9278386666666663,0.18976264352316752,4.6475425145958,0.3,-2.99704,0.094186,4.649557,0.666667,1.0,4.617382,-0.09523146585426935,-0.32155928993739247,0.3
1769796726.975878,-2.928055333333333,0.18927927424147106,4.635149941837977,0.3,-2.99704,0.094186,4.649557,0.666667,1.0,4.617382,-0.09472324815873169,-0.3108741208576822,0.3
1769796726.99616,-2.928293333333333,0.15847438161840546,4.633435095358903,0.3,-2.99704,0.094186,4.649557,0.666667,1.0,4.617382,-0.09532510871141205,-0.30659823237116846,0.3
1769796727.016446,-2.9285556666666666,0.12870751883004536,4.694568625677207,0.3,-3.0,0.0,4.712389,0.666667,1.0,4.711614,-0.09700278798507266,-0.31568932622465046,0.3
1769796727.036676,-2.928808,0.09983702532338161,4.702784355178158,0.3,-3.0,0.0,4.712389,0.666667,1.0,4.711614,-0.0996086597936513,-0.33404810930903955,0.3
1769796727.056883,-2.9290056666666664,0.10301333409026207,4.714184178752862,0.3,-3.0,0.0,4.712389,0.666667,1.0,4.711614,-0.10289962819142087,-0.35579906510771364,0.3
1769796727.076788,-2.929109333333333,0.10655071428571398,4.714452979200558,0.3,-3.0,0.0,4.712389,0.666667,1.0,4.711614,-0.10653171428571402,-0.3799659198661658,0.3
1769796727.097049,-2.9291189999999996,0.11013152305259453,4.7262594131905304,0.3,-3.0,0.0,4.712389,0.666667,1.0,4.711614,-0.11022080038000706,-0.40151536027438345,0.3
1769796727.117635,-2.929096,0.11343847467661794,4.732172698530353,0.3,-3.0,0.0,4.712389,0.666667,1.0,4.711614,-0.11364205449206251,-0.41954749537095504,0.3
1769796727.117635,-2.929024666666667,0.11615452878900197,4.726871491167182,0.3,-3.0,0.0,4.712389,0.666667,1.0,4.711614,-0.11645256915778425,-0.4196670567803289,0.3
1769796727.137941,-2.9289166666666664,0.11800835647683243,4.699401082191114,0.3,-3.0,0.0,4.712389,0.666667,1.0,4.711614,-0.11836896271715913,-0.41251090094106796,0.3
1769796727.158159,-2.9287353333333335,0.1188175114728146,4.695360440558394,0.3,-3.0,0.0,4.712389,0.666667,1.0,4.711614,-0.11920353755555389,-0.4140985334859993,0.3
1769796727.178868,-2.928520333333333,0.11851799933397539,4.722914197974433,0.3,-3.0,0.0,4.712389,0.666667,1.0,4.711614,-0.11888003414573074,-0.4185594412609037,0.3
1769796727.198976,-2.9282843333333335,0.11715360021757358,4.71375579801051,0.3,-3.0,0.0,4.712389,0.666667,1.0,4.711614,-0.11747042630064151,-0.4247210872481626,0.3
1769796727.219381,-2.9280396666666664,0.11487654610518964,4.724713167719558,0.3,-3.0,0.0,4.712389,0.666667,1.0,4.711614,-0.11511034020634849,-0.40135417148208136,0.3
1769796727.23943,-2.927797,0.11191338019545205,4.686928632763661,0.3,-3.0,0.0,4.712389,0.666667,1.0,4.711614,-0.11204887180857895,-0.38288981922048176,0.3
1769796727.259689,-2.9275656666666663,0.10854678571428587,4.697393320122878,0.3,-3.0,0.0,4.712389,0.666667,1.0,4.711614,-0.10858092857142873,-0.362219973941915,0.3
1769796727.279681,-2.927353333333333,0.1050975483759768,4.706870389933476,0.3,-3.0,0.0,4.712389,0.666667,1.0,4.711614,-0.10501055676284991,-0.36563537921148015,0.3
1769796727.299954,-2.9271663333333335,0.0705101919900487,4.729741980555959,0.3,-3.0,0.0,4.712389,0.666667,1.0,4.711614,-0.10170115979365181,-0.35179562830433286,0.3
1769796727.320646,-2.927009,0.03651437597290278,4.759315894601011,0.3,-2.99704,-0.094186,4.775221,0.666667,1.0,4.805846,-0.09900485941364434,-0.3493318959025828,0.3
1769796727.341096,-2.926880333333333,0.0033873578088817976,4.789783426290921,0.3,-2.99704,-0.094186,4.775221,0.666667,1.0,4.805846,-0.09720910871141221,-0.3263795518057632,0.3
1769796727.361226,-2.926745,0.0027108456700424785,4.7555340162616515,0.3,-2.99704,-0.094186,4.775221,0.666667,1.0,4.805846,-0.09650610530158886,-0.3383073927639943,0.3
1769796727.381669,-2.926557666666666,0.003174786380310199,4.794296177011214,0.3,-2.99704,-0.094186,4.775221,0.666667,1.0,4.805846,-0.09697532299712638,-0.32946801304946666,0.3
1769796727.401708,-2.926281,0.004767042639569096,4.764236601428566,0.3,-2.99704,-0.094186,4.775221,0.666667,1.0,4.805846,-0.09860093084221537,-0.3490824871313136,0.3
1769796727.422909,-2.9259143333333335,0.007364096751952977,4.7858352393926245,0.3,-2.99704,-0.094186,4.775221,0.666667,1.0,4.805846,-0.10128287407936555,-0.3450472841057189,0.3
1769796727.442082,-2.925471333333333,0.010731119804547731,4.758671677822719,0.3,-2.99704,-0.094186,4.775221,0.666667,1.0,4.805846,-0.10476648533427803,-0.37467568926199163,0.3
1769796727.46268,-2.924967666666666,0.014536214285713963,4.802891848940495,0.3,-2.99704,-0.094186,4.775221,0.666667,1.0,4.805846,-0.10870199999999963,-0.3858709556113696,0.3
1769796727.4827,-2.924419333333333,0.018402880195451637,4.775396352882158,0.3,-2.99704,-0.094186,4.775221,0.666667,1.0,4.805846,-0.11269815752286425,-0.41065613428937736,0.3
1769796727.503242,-2.923844333333333,0.021953903248046473,4.781226779019426,0.3,-2.99704,-0.094186,4.775221,0.666667,1.0,4.805846,-0.11636648306349105,-0.40340460181312904,0.3
1769796727.524037,-2.923260333333333,0.02484867164614477,4.7490657824617095,0.3,-2.99704,-0.094186,4.775221,0.666667,1.0,4.805846,-0.11935506915778414,-0.42053626315868914,0.3
1769796727.543986,-2.922679,0.02681457076254669,4.790669977578669,0.3,-2.99704,-0.094186,4.775221,0.666667,1.0,4.805846,-0.12138246271715913,-0.4367539150595838,0.3
1769796727.564245,-2.9221090000000003,0.02764886861567172,4.804371693507721,0.3,-2.99704,-0.094186,4.775221,0.666667,1.0,4.805846,-0.12226418041269681,-0.4461299778609517,0.3
1769796727.584661,-2.9215546666666667,0.027256856476832538,4.764486702620957,0.3,-2.99704,-0.094186,4.775221,0.666667,1.0,4.805846,-0.12185796271715923,-0.44296922053701665,0.3
1769796727.60525,-2.9210236666666667,0.02566367164614503,4.786240590201113,0.3,-2.99704,-0.094186,4.775221,0.666667,1.0,4.805846,-0.12020642630064159,-0.4260064032174568,0.3
1769796727.62504,-2.9205206666666665,-0.008234144371000734,4.7755882636835505,0.3,-2.99704,-0.094186,4.775221,0.666667,1.0,4.805846,-0.11748462592063429,-0.42200851066315703,0.3
1769796727.645581,-2.9200483333333334,-0.042891929328357364,4.843362725464487,0.3,-2.988172,-0.188,4.838053,0.666667,1.0,4.900078,-0.11397851466572194,-0.40351625310623307,0.3
1769796727.665754,-2.919582666666667,-0.07796328571428542,4.83579829168972,0.3,-2.988172,-0.188,4.838053,0.666667,1.0,4.900078,-0.11004707142857169,-0.39267905870427905,0.3
1769796727.685829,-2.9190693333333333,-0.08179559448116593,4.8491356457438695,0.3,-2.988172,-0.188,4.838053,0.666667,1.0,4.900078,-0.10608455676285011,-0.3783675599850374,0.3
1769796727.706335,-2.9184629999999996,-0.08525776039090355,4.84614617435708,0.3,-2.988172,-0.188,4.838053,0.666667,1.0,4.900078,-0.10248158836508045,-0.3716007383655829,0.3
1769796727.7267,-2.9177503333333337,-0.08798374307471613,4.85384969910109,0.3,-2.988172,-0.188,4.838053,0.666667,1.0,4.900078,-0.09966057369935878,-0.3579047498699515,0.3
1769796727.746746,-2.916954333333333,-0.0896807850482609,4.843197844326256,0.3,-2.988172,-0.188,4.838053,0.666667,1.0,4.900078,-0.09790660871141237,-0.33659366426217474,0.3
1769796727.767177,-2.9160953333333333,-0.09018365432995741,4.812925323065065,0.3,-2.988172,-0.188,4.838053,0.666667,1.0,4.900078,-0.09739046244444617,-0.33598785364996875,0.3
1769796727.787607,-2.9151926666666665,-0.08944928504826115,4.857411464617426,0.3,-2.988172,-0.188,4.838053,0.666667,1.0,4.900078,-0.0981519658542692,-0.3481834211515902,0.3
1769796727.807891,-2.914261666666667,-0.08755538593185941,4.865347270640829,0.3,-2.988172,-0.188,4.838053,0.666667,1.0,4.900078,-0.10010971655650117,-0.3599624663830829,0.3
1769796727.827914,-2.9133153333333333,-0.08468754610518982,4.821350883295053,0.3,-2.988172,-0.188,4.838053,0.666667,1.0,4.900078,-0.10307215979365136,-0.3671913373384886,0.3
1769796727.848073,-2.9123636666666664,-0.08112295162402366,4.846414611339296,0.3,-2.988172,-0.188,4.838053,0.666667,1.0,4.900078,-0.106755485334278,-0.38665664824510615,0.3
1769796727.868388,-2.9114166666666663,-0.0772279285714289,4.879167968000925,0.3,-2.988172,-0.188,4.838053,0.666667,1.0,4.900078,-0.11080349999999962,-0.4201651559388806,0.3
1769796727.888958,-2.910482333333333,-0.07339197694740555,4.8657089246859195,0.3,-2.988172,-0.188,4.838053,0.666667,1.0,4.900078,-0.11475722895143566,-0.4335103119889793,0.3
1769796727.909164,-2.90957,-0.10101616818052496,4.841770414158448,0.3,-2.988172,-0.188,4.838053,0.666667,1.0,4.900078,-0.11826334020634809,-0.43226717626039624,0.3
1769796727.929666,-2.9086893333333332,-0.12938282835385526,4.904747592234778,0.3,-2.973431,-0.281072,4.900885,0.666667,1.0,4.994311,-0.12100292630064133,-0.4381021051205876,0.3
1769796727.949898,-2.9078139999999997,-0.15873078638031046,4.9174211789029965,0.3,-2.973431,-0.281072,4.900885,0.666667,1.0,4.994311,-0.12272924843144484,-0.43642556292640666,0.3
1769796727.970255,-2.90691,-0.15818213138432827,4.8835260127443725,0.3,-2.973431,-0.281072,4.900885,0.666667,1.0,4.994311,-0.1232914661269824,-0.43460711514465805,0.3
1769796727.990957,-2.905929,-0.1587977149517389,4.894525049571813,0.3,-2.973431,-0.281072,4.900885,0.666667,1.0,4.994311,-0.12264889128858784,-0.4257175841276261,0.3
1769796728.011052,-2.9048583333333333,-0.16047768549671204,4.900154057749777,0.3,-2.973431,-0.281072,4.900885,0.666667,1.0,4.994311,-0.12088249772921307,-0.424149660417261,0.3
1769796728.030954,-2.903693,-0.16302602532338162,4.896310792539852,0.3,-2.973431,-0.281072,4.900885,0.666667,1.0,4.994311,-0.11825155449206294,-0.4217380177678763,0.3
1769796728.051218,-2.9024510000000006,-0.16616740551883344,4.913771554745331,0.3,-2.973431,-0.281072,4.900885,0.666667,1.0,4.994311,-0.1150038718085791,-0.41032312507759805,0.3
1769796728.071712,-2.901158,-0.16959578571428532,4.902485654041727,0.3,-2.973431,-0.281072,4.900885,0.666667,1.0,4.994311,-0.11145835714285755,-0.39094845743128953,0.3
1769796728.093313,-2.8998376666666665,-0.17297123733830863,4.882596130389889,0.3,-2.973431,-0.281072,4.900885,0.666667,1.0,4.994311,-0.10796641390570735,-0.38062781917963345,0.3
1769796728.112469,-2.8985056666666664,-0.17595497467661772,4.921382089878978,0.3,-2.973431,-0.281072,4.900885,0.666667,1.0,4.994311,-0.10487751693650917,-0.3720818729963937,0.3
1769796728.132748,-2.8971709999999997,-0.17824302878900175,4.911230472901872,0.3,-2.973431,-0.281072,4.900885,0.666667,1.0,4.994311,-0.10250714512793027,-0.3730650563359396,0.3
1769796728.153005,-2.895843333333333,-0.1795960707625465,4.907844218691317,0.3,-2.973431,-0.281072,4.900885,0.666667,1.0,4.994311,-0.10110225156855528,-0.3579258828709931,0.3
1769796728.173549,-2.894531,-0.1798840114728144,4.898054310640193,0.3,-2.973431,-0.281072,4.900885,0.666667,1.0,4.994311,-0.10081839101587482,-0.3565479478394648,0.3
1769796728.194505,-2.8932423333333332,-0.17908821361968963,4.910760460499834,0.3,-2.973431,-0.281072,4.900885,0.666667,1.0,4.994311,-0.10164332299712654,-0.34858322049152174,0.3
1769796728.213741,-2.8919829999999997,-0.17729167164614504,4.880901651505856,0.3,-2.973431,-0.281072,4.900885,0.666667,1.0,4.994311,-0.1034896451279298,-0.35681347847192063,0.3
1769796728.233774,-2.8907556666666667,-0.2053082365813803,4.89991645965026,0.3,-2.973431,-0.281072,4.900885,0.666667,1.0,4.994311,-0.10620801693650843,-0.3585591650957581,0.3
1769796728.254172,-2.889566,-0.23271761829069038,4.951459473884312,0.3,-2.952875,-0.373035,4.963716,0.666667,1.0,5.088543,-0.10955662819142074,-0.37504116085844214,0.3
1769796728.274603,-2.8883919999999996,-0.259819928571429,4.9510745490757895,0.3,-2.952875,-0.373035,4.963716,0.666667,1.0,5.088543,-0.11322449999999962,-0.38170094551472605,0.3
1769796728.294887,-2.887185666666666,-0.25629704837597705,4.943637365897925,0.3,-2.952875,-0.373035,4.963716,0.666667,1.0,5.088543,-0.11686408609429265,-0.3983449377861456,0.3
1769796728.314926,-2.8858956666666664,-0.2531217396090966,4.957891597616328,0.3,-2.952875,-0.373035,4.963716,0.666667,1.0,5.088543,-0.12012526877777645,-0.4162962390006222,0.3
1769796728.335098,-2.884503666666666,-0.2505738283538555,4.965052489680946,0.3,-2.952875,-0.373035,4.963716,0.666667,1.0,5.088543,-0.12275042630064105,-0.4359058401363052,0.3
1769796728.355554,-2.883022333333333,-0.2488784292374535,4.96856282787989,0.3,-2.952875,-0.373035,4.963716,0.666667,1.0,5.088543,-0.12450781986001609,-0.4387330723879513,0.3
1769796728.375894,-2.881468,-0.24820027424147129,4.948238913069699,0.3,-2.952875,-0.373035,4.963716,0.666667,1.0,5.088543,-0.1252114661269824,-0.4446237699494011,0.3
1769796728.395967,-2.879858,-0.2486136435231676,4.9738803647646845,0.3,-2.952875,-0.373035,4.963716,0.666667,1.0,5.088543,-0.12478489128858772,-0.4510842823424966,0.3
1769796728.415946,-2.878212,-0.25007989978242656,4.990042710514522,0.3,-2.952875,-0.373035,4.963716,0.666667,1.0,5.088543,-0.12326771201492721,-0.45400645419483326,0.3
1769796728.436081,-2.876549333333333,-0.25245202532338185,4.970520472387994,0.3,-2.952875,-0.373035,4.963716,0.666667,1.0,5.088543,-0.12081269734920555,-0.43839850380343287,0.3
1769796728.456806,-2.8748846666666665,-0.25548983409026227,4.956907240845539,0.3,-2.952875,-0.373035,4.963716,0.666667,1.0,5.088543,-0.11766851466572183,-0.42519818182187424,0.3
1769796728.476805,-2.873228333333333,-0.2588925714285713,4.985381631204813,0.3,-2.952875,-0.373035,4.963716,0.666667,1.0,5.088543,-0.11415428571428587,-0.4152519701872491,0.3
1769796728.497108,-2.871586666666666,-0.26234523733830895,4.978913429907105,0.3,-2.952875,-0.373035,4.963716,0.666667,1.0,5.088543,-0.11060448533427847,-0.40806701056379074,0.3
1769796728.517437,-2.869965666666667,-0.2655040461051894,4.973388543957351,0.3,-2.952875,-0.373035,4.963716,0.666667,1.0,5.088543,-0.10731051693650884,-0.3862815538532784,0.3
1769796728.537501,-2.868892333333333,-0.268072528789002,4.962364802866044,0.3,-2.952875,-0.373035,4.963716,0.666667,1.0,5.088543,-0.10467785941364445,-0.3654846100339079,0.3
1769796728.537501,-2.8673196666666665,-0.29995504695302294,4.95354260266092,0.3,-2.952875,-0.373035,4.963716,0.666667,1.0,5.088543,-0.10289903728284079,-0.35652059263813946,0.3
1769796728.577955,-2.866279333333333,-0.3308346067109099,5.03145873627347,0.3,-2.926585,-0.463525,5.026548,0.666667,1.0,5.182775,-0.10215296244444609,-0.3585829958261632,0.3
1769796728.577955,-2.8647316666666662,-0.3606309279054041,5.037370510653594,0.3,-2.926585,-0.463525,5.026548,0.666667,1.0,5.182775,-0.10252918013998337,-0.35884481521923833,0.3
1769796728.598086,-2.8636739999999996,-0.3591996716461452,5.013327529732431,0.3,-2.926585,-0.463525,5.026548,0.666667,1.0,5.182775,-0.10400007369935838,-0.355844911024404,0.3
1769796728.618631,-2.8620226666666664,-0.35681076039090415,5.009930917808659,0.3,-2.926585,-0.463525,5.026548,0.666667,1.0,5.182775,-0.1064467312222227,-0.35838576069572864,0.3
1769796728.638695,-2.860254,-0.353693165909738,5.01969876007282,0.3,-2.926585,-0.463525,5.026548,0.666667,1.0,5.182775,-0.10969591390570659,-0.37384826277052047,0.3
1769796728.658803,-2.8583876666666668,-0.35013257142857185,5.0198261594357785,0.3,-2.926585,-0.463525,5.026548,0.666667,1.0,5.182775,-0.1133528571428567,-0.39193724211932723,0.3
1769796728.679076,-2.856448333333333,-0.3464804055188342,5.018851122601534,0.3,-2.926585,-0.463525,5.026548,0.666667,1.0,5.182775,-0.11712851466572123,-0.4213109925632412,0.3
1769796728.699588,-2.8544516666666664,-0.34307559675195365,5.058858226948061,0.3,-2.926585,-0.463525,5.026548,0.666667,1.0,5.182775,-0.12065241163491947,-0.4431251089309785,0.3
1769796728.719753,-2.852411,-0.34025768549671254,5.042181717398176,0.3,-2.926585,-0.463525,5.026548,0.666667,1.0,5.182775,-0.12356728344349842,-0.45856430096169887,0.3
1769796728.739983,-2.850343666666667,-0.33830742923745344,5.030772785535718,0.3,-2.926585,-0.463525,5.026548,0.666667,1.0,5.182775,-0.1255822484314447,-0.4550990567040931,0.3
1769796728.760494,-2.8482686666666663,-0.337413059955757,5.030036173361617,0.3,-2.926585,-0.463525,5.026548,0.666667,1.0,5.182775,-0.12650318041269662,-0.45997714844315335,0.3
1769796728.780608,-2.846199,-0.33766900066602473,5.046429869947367,0.3,-2.926585,-0.463525,5.026548,0.666667,1.0,5.182775,-0.12625039128858775,-0.46009069181885637,0.3
1769796728.800723,-2.844141666666667,-0.3390630426395694,5.033634883885326,0.3,-2.926585,-0.463525,5.026548,0.666667,1.0,5.182775,-0.12481442630064152,-0.45071243580924697,0.3
1769796728.820748,-2.8421003333333332,-0.3414727396090962,5.019300718682982,0.3,-2.926585,-0.463525,5.026548,0.666667,1.0,5.182775,-0.1223210544920627,-0.43778036268688575,0.3
1769796728.84124,-2.840081,-0.37421397694740527,5.036032845305579,0.3,-2.926585,-0.463525,5.026548,0.666667,1.0,5.182775,-0.1190213003800074,-0.42432630565116386,0.3
1769796728.863119,-2.8380883333333333,-0.40740657142857145,5.093267410493901,0.3,-2.894665,-0.552187,5.08938,0.666667,1.0,5.277008,-0.11525271428571429,-0.4136458958893767,0.3
1769796728.881724,-2.836125333333333,-0.44067695162402326,5.0913343699741755,0.3,-2.894665,-0.552187,5.08938,0.666667,1.0,5.277008,-0.11140527104856404,-0.3979009626529167,0.3
1769796728.902192,-2.834163,-0.4440909032480467,5.095990768196309,0.3,-2.894665,-0.552187,5.08938,0.666667,1.0,5.277008,-0.1078721597936517,-0.38238506155564594,0.3
1769796728.922457,-2.8321436666666666,-0.44684088593185917,5.088813587598647,0.3,-2.894665,-0.552187,5.08938,0.666667,1.0,5.277008,-0.10501085941364416,-0.3692124941765697,0.3
1769796728.942775,-2.830021,-0.4486247850482612,5.086543081678157,0.3,-2.894665,-0.552187,5.08938,0.666667,1.0,5.277008,-0.1031553229971264,-0.35589397250401683,0.3
1769796728.962798,-2.8277923333333335,-0.44923572575852894,5.0814706029975,0.3,-2.894665,-0.552187,5.08938,0.666667,1.0,5.277008,-0.1025204624444459,-0.3565293867313222,0.3
1769796728.982864,-2.8254916666666667,-0.44859907076254696,5.096467300818921,0.3,-2.894665,-0.552187,5.08938,0.666667,1.0,5.277008,-0.10317803728284067,-0.3476180831285074,0.3
1769796729.003399,-2.8231489999999995,-0.4467751002175737,5.059039829740714,0.3,-2.894665,-0.552187,5.08938,0.666667,1.0,5.277008,-0.1050652879850725,-0.3485677475765126,0.3
1769796729.023813,-2.820782666666666,-0.44394397467661845,5.0654958442805365,0.3,-2.894665,-0.552187,5.08938,0.666667,1.0,5.277008,-0.10799237407936556,-0.3643673606955134,0.3
1769796729.04394,-2.8184043333333335,-0.4403838801954522,5.107551546163485,0.3,-2.894665,-0.552187,5.08938,0.666667,1.0,5.277008,-0.11167141390570658,-0.40298633061860273,0.3
1769796729.064335,-2.816021333333333,-0.4364390000000003,5.1193637287187075,0.3,-2.894665,-0.552187,5.08938,0.666667,1.0,5.277008,-0.11574557142857109,-0.4332614845080626,0.3
1769796729.084723,-2.813639333333333,-0.4325019055188341,5.101838749056512,0.3,-2.894665,-0.552187,5.08938,0.666667,1.0,5.277008,-0.11982701466572133,-0.44467457665349047,0.3
1769796729.104841,-2.811266,-0.42897181103766785,5.097920468764087,0.3,-2.894665,-0.552187,5.08938,0.666667,1.0,5.277008,-0.12348269734920533,-0.4521221975390544,0.3
1769796729.1257,-2.8089069999999996,-0.42621204263956947,5.103987767045627,0.3,-2.894665,-0.552187,5.08938,0.666667,1.0,5.277008,-0.1263358548720698,-0.45483949426959674,0.3
1769796729.145812,-2.806570333333333,-0.45331797685650094,5.081415317371987,0.3,-2.894665,-0.552187,5.08938,0.666667,1.0,5.277008,-0.12810631986001628,-0.45993640821337495,0.3
1769796729.166134,-2.804259333333333,-0.48161658376528066,5.157195998395871,0.3,-2.857241,-0.638669,5.152212,0.666667,1.0,5.37124,-0.12864689469841112,-0.45480785335442137,0.3
1769796729.186376,-2.801982666666666,-0.511140714951739,5.147757250561197,0.3,-2.857241,-0.638669,5.152212,0.666667,1.0,5.37124,-0.12792203414573064,-0.45496187280329003,0.3
1769796729.206657,-2.7996819999999993,-0.5129827569252837,5.151623929270521,0.3,-2.857241,-0.638669,5.152212,0.666667,1.0,5.37124,-0.12601592630064148,-0.44620182963304744,0.3
1769796729.227226,-2.7973,-0.515766882466239,5.152289388559828,0.3,-2.857241,-0.638669,5.152212,0.666667,1.0,5.37124,-0.12312076877777701,-0.43836778663854986,0.3
1769796729.247749,-2.7947939999999996,-0.5191910483759766,5.1550163722424,0.3,-2.857241,-0.638669,5.152212,0.666667,1.0,5.37124,-0.11956965752286461,-0.4178111631884877,0.3
1769796729.267914,-2.7921936666666665,-0.5228882857142856,5.1331333096351495,0.3,-2.857241,-0.638669,5.152212,0.666667,1.0,5.37124,-0.11574342857142868,-0.40040063476018134,0.3
1769796729.288136,-2.7895333333333334,-0.5264863087668804,5.1448716140261626,0.3,-2.857241,-0.638669,5.152212,0.666667,1.0,5.37124,-0.11202905676284998,-0.3987493963022355,0.3
1769796729.30863,-2.786831,-0.5296356175337609,5.186726867425543,0.3,-2.857241,-0.638669,5.152212,0.666667,1.0,5.37124,-0.10877558836508025,-0.3882240891935022,0.3
1769796729.328978,-2.784103333333333,-0.532035671646145,5.13892981805162,0.3,-2.857241,-0.638669,5.152212,0.666667,1.0,5.37124,-0.10629550227078724,-0.3837980103900105,0.3
1769796729.349067,-2.781363666666666,-0.5334530707625468,5.157974481484639,0.3,-2.857241,-0.638669,5.152212,0.666667,1.0,5.37124,-0.10482889442569798,-0.3654011076423814,0.3
1769796729.369207,-2.7786239999999993,-0.5337455829013861,5.154835155830195,0.3,-2.857241,-0.638669,5.152212,0.666667,1.0,5.37124,-0.10452339101587474,-0.36987669975757215,0.3
1769796729.389474,-2.775892333333333,-0.5328947850482612,5.152681301226835,0.3,-2.857241,-0.638669,5.152212,0.666667,1.0,5.37124,-0.1054179658542692,-0.37123564226942135,0.3
1769796729.40978,-2.773176,-0.5309980287890023,5.152796617586757,0.3,-2.857241,-0.638669,5.152212,0.666667,1.0,5.37124,-0.10738128798507263,-0.37967271336251956,0.3
1769796729.430599,-2.7704806666666664,-0.5282637603909041,5.156661377897079,0.3,-2.857241,-0.638669,5.152212,0.666667,1.0,5.37124,-0.11021365979365134,-0.38488295064644373,0.3
1769796729.449875,-2.7678093333333336,-0.5529473563859285,5.1381287463672125,0.3,-2.857241,-0.638669,5.152212,0.666667,1.0,5.37124,-0.11362077104856373,-0.40368819165902853,0.3
1769796729.470236,-2.765159,-0.5773749523809527,5.230173909345233,0.3,-2.81446,-0.722631,5.215044,0.666667,1.0,5.465472,-0.11729249999999959,-0.4187667796144247,0.3
1769796729.490785,-2.7625233333333328,-0.6018754055188341,5.222480701630812,0.3,-2.81446,-0.722631,5.215044,0.666667,1.0,5.465472,-0.12089287180857852,-0.43802928913861017,0.3
1769796729.511374,-2.7598529999999997,-0.5987898110376678,5.215262644806284,0.3,-2.81446,-0.722631,5.215044,0.666667,1.0,5.465472,-0.1240814116349195,-0.4436318948146749,0.3
1769796729.531726,-2.757111333333333,-0.5963847569252839,5.214072174505292,0.3,-2.81446,-0.722631,5.215044,0.666667,1.0,5.465472,-0.12654928344349847,-0.4422341876044175,0.3
1769796729.551917,-2.754271333333333,-0.5948710720945962,5.194772403408543,0.3,-2.81446,-0.722631,5.215044,0.666667,1.0,5.465472,-0.1281080341457305,-0.45299527732857303,0.3
1769796729.572082,-2.7513543333333335,-0.5943649170986142,5.2290073084692175,0.3,-2.81446,-0.722631,5.215044,0.666667,1.0,5.465472,-0.12862246612698233,-0.46099688042030795,0.3
1769796729.592779,-2.7483803333333334,-0.5949065720945962,5.230580116032032,0.3,-2.81446,-0.722631,5.215044,0.666667,1.0,5.465472,-0.12806774843144483,-0.4654217051710808,0.3
1769796729.612715,-2.7453656666666664,-0.5964455426395694,5.211828010221581,0.3,-2.81446,-0.722631,5.215044,0.666667,1.0,5.465472,-0.12648306915778432,-0.45160586054685553,0.3
1769796729.632802,-2.7423249999999997,-0.5988442396090962,5.207508627915128,0.3,-2.81446,-0.722631,5.215044,0.666667,1.0,5.465472,-0.12400555449206267,-0.44532724706069776,0.3
1769796729.653112,-2.739270666666666,-0.6018749769474052,5.237591864785221,0.3,-2.81446,-0.722631,5.215044,0.666667,1.0,5.465472,-0.12087165752286458,-0.43293757971625474,0.3
1769796729.673402,-2.736214333333333,-0.6052387857142856,5.209973577982437,0.3,-2.81446,-0.722631,5.215044,0.666667,1.0,5.465472,-0.11739085714285732,-0.4219891226646781,0.3
1769796729.694007,-2.733166666666666,-0.6086203087668803,5.213105566995623,0.3,-2.81446,-0.722631,5.215044,0.666667,1.0,5.465472,-0.11391412819142144,-0.39470100201779595,0.3
1769796729.713943,-2.730134666666667,-0.6117055461051893,5.20163912726047,0.3,-2.81446,-0.722631,5.215044,0.666667,1.0,5.465472,-0.11072708836508047,-0.38325697965381833,0.3
1769796729.734005,-2.727123333333333,-0.6142040287890018,5.212245830617577,0.3,-2.81446,-0.722631,5.215044,0.666667,1.0,5.465472,-0.10813514512793018,-0.36586657768206426,0.3
1769796729.754558,-2.724135,-0.6428950469530227,5.195496683736931,0.3,-2.81446,-0.722631,5.215044,0.666667,1.0,5.465472,-0.10641868013998386,-0.3587065751674879,0.3
1769796729.775015,-2.7211773333333333,-0.6705608924251955,5.263685891909163,0.3,-2.766492,-0.80374,5.277876,0.666667,1.0,5.559704,-0.10576303387301766,-0.35495993374240636,0.3
1769796729.795166,-2.718199333333333,-0.6971246421911181,5.2722348968627175,0.3,-2.766492,-0.80374,5.277876,0.666667,1.0,5.559704,-0.10624660871141227,-0.3682194321710355,0.3
1769796729.815292,-2.715155333333333,-0.6955848145032878,5.285871118361803,0.3,-2.766492,-0.80374,5.277876,0.666667,1.0,5.559704,-0.10783643084221561,-0.3693507183153563,0.3
1769796729.835776,-2.712013333333333,-0.6930990461051897,5.251001506506362,0.3,-2.766492,-0.80374,5.277876,0.666667,1.0,5.559704,-0.11038251693650858,-0.3888100062969584,0.3
1769796729.855649,-2.708795333333333,-0.6898795944811664,5.296027149678071,0.3,-2.766492,-0.80374,5.277876,0.666667,1.0,5.559704,-0.11370391390570665,-0.40267327719703633,0.3
1769796729.876064,-2.705526666666666,-0.6862172142857146,5.288878437429046,0.3,-2.766492,-0.80374,5.277876,0.666667,1.0,5.559704,-0.11749478571428555,-0.4103006530273432,0.3
1769796729.896425,-2.702215666666666,-0.6824696912331197,5.232917309328579,0.3,-2.766492,-0.80374,5.277876,0.666667,1.0,5.559704,-0.12136965752286429,-0.4196725324711564,0.3
1769796729.916558,-2.6988746666666663,-0.6790097396090964,5.283103983941514,0.3,-2.766492,-0.80374,5.277876,0.666667,1.0,5.559704,-0.124946483063491,-0.4291716026619086,0.3
1769796729.936806,-2.6955129999999996,-0.6761774712109981,5.279348524324546,0.3,-2.766492,-0.80374,5.277876,0.666667,1.0,5.559704,-0.12787464058635553,-0.4580694904839972,0.3
1769796729.956998,-2.692140333333333,-0.6742484292374534,5.279069348578168,0.3,-2.766492,-0.80374,5.277876,0.666667,1.0,5.559704,-0.12986646271715904,-0.455965834075529,0.3
1769796729.977454,-2.6887683333333334,-0.6734056313843283,5.258234700778912,0.3,-2.766492,-0.80374,5.277876,0.666667,1.0,5.559704,-0.13073360898412525,-0.45417782190414013,0.3
1769796729.997845,-2.685405,-0.6737283578088819,5.266139539021615,0.3,-2.766492,-0.80374,5.277876,0.666667,1.0,5.559704,-0.13040303414573068,-0.4521368711539693,0.3
1769796730.017693,-2.6820566666666665,-0.6751956140681408,5.276796971000246,0.3,-2.766492,-0.80374,5.277876,0.666667,1.0,5.559704,-0.12889828344349866,-0.45486478542527237,0.3
1769796730.037712,-2.6787276666666666,-0.6776778824662388,5.280149380711796,0.3,-2.766492,-0.80374,5.277876,0.666667,1.0,5.559704,-0.1263318402063486,-0.4489669466311235,0.3
1769796730.057796,-2.676515333333333,-0.6809484055188335,5.27539706698783,0.3,-2.766492,-0.80374,5.277876,0.666667,1.0,5.559704,-0.12295622895143625,-0.42897588649294977,0.3
1769796730.057796,-2.674319333333333,-0.7106739047619044,5.257592016979848,0.3,-2.766492,-0.80374,5.277876,0.666667,1.0,5.559704,-0.11908671428571471,-0.4075499769416009,0.3
1769796730.078498,-2.672140666666667,-0.740511832576404,5.325291398060915,0.3,-2.713525,-0.881678,5.340708,0.666667,1.0,5.653937,-0.1150933424771359,-0.3846846559811267,0.3
1769796730.10032,-2.6688986666666668,-0.7700817603909034,5.319234542578501,0.3,-2.713525,-0.881678,5.340708,0.666667,1.0,5.653937,-0.11138044550793773,-0.373239136639056,0.3
1769796730.118956,-2.6656553333333335,-0.7730414573604302,5.328082342001948,0.3,-2.713525,-0.881678,5.340708,0.666667,1.0,5.653937,-0.10831493084221606,-0.36719572469039735,0.3
1769796730.138859,-2.662362,-0.7750612136196894,5.340005894943062,0.3,-2.713525,-0.881678,5.340708,0.666667,1.0,5.653937,-0.10621425156855535,-0.3712652341793076,0.3
1769796730.159112,-2.6589656666666666,-0.7759265114728144,5.349378505945794,0.3,-2.713525,-0.881678,5.340708,0.666667,1.0,5.653937,-0.10532117673016052,-0.3789565000020039,0.3
1769796730.179688,-2.655473,-0.7755386421911181,5.355606416230285,0.3,-2.713525,-0.881678,5.340708,0.666667,1.0,5.653937,-0.10571903728284078,-0.372609363655654,0.3
1769796730.200403,-2.6519063333333333,-0.7739343145032876,5.320788331512764,0.3,-2.713525,-0.881678,5.340708,0.666667,1.0,5.653937,-0.10737785941364428,-0.3829098924132137,0.3
1769796730.219841,-2.6482843333333332,-0.7712755461051896,5.359081594038886,0.3,-2.713525,-0.881678,5.340708,0.666667,1.0,5.653937,-0.11013415979365153,-0.3810821755261568,0.3
1769796730.240332,-2.644622333333333,-0.7678339516240235,5.324493711345158,0.3,-2.713525,-0.881678,5.340708,0.666667,1.0,5.653937,-0.11369534247713549,-0.3830834791296787,0.3
1769796730.260958,-2.6409336666666667,-0.7639585000000001,5.2911775304140924,0.3,-2.713525,-0.881678,5.340708,0.666667,1.0,5.653937,-0.11770264285714273,-0.38906322832880685,0.3
1769796730.281015,-2.637230333333333,-0.7600349055188339,5.335669470840242,0.3,-2.713525,-0.881678,5.340708,0.666667,1.0,5.653937,-0.12176051466572156,-0.4064818571090918,0.3
1769796730.301429,-2.6335209999999996,-0.7564698824662391,5.329476462957474,0.3,-2.713525,-0.881678,5.340708,0.666667,1.0,5.653937,-0.12546612592063403,-0.4474950430359026,0.3
1769796730.321592,-2.6298166666666667,-0.7536367569252836,5.361023801444755,0.3,-2.713525,-0.881678,5.340708,0.666667,1.0,5.653937,-0.12839771201492717,-0.4604786354743731,0.3
1769796730.341712,-2.6261279999999996,-0.7766510482850723,5.341728082012958,0.3,-2.713525,-0.881678,5.340708,0.666667,1.0,5.653937,-0.13025989128858767,-0.46987802684451463,0.3
1769796730.362082,-2.6224640000000004,-0.8008593694795664,5.399200252583093,0.3,-2.65577,-0.956136,5.403539,0.666667,1.0,5.748169,-0.13088125184126825,-0.46544975052582066,0.3
1769796730.38215,-2.6188293333333337,-0.8263020720945958,5.405643288526816,0.3,-2.65577,-0.956136,5.403539,0.666667,1.0,5.748169,-0.13023074843144497,-0.4584319853526153,0.3
1769796730.402497,-2.615191,-0.8280783997824264,5.392016140364331,0.3,-2.65577,-0.956136,5.403539,0.666667,1.0,5.748169,-0.1283897834434989,-0.4511325577549725,0.3
1769796730.422701,-2.6115086666666665,-0.8308178824662388,5.397524024730093,0.3,-2.65577,-0.956136,5.403539,0.666667,1.0,5.748169,-0.12555226877777714,-0.4562643839857942,0.3
1769796730.442727,-2.607744,-0.8342187626616907,5.447079575667757,0.3,-2.65577,-0.956136,5.403539,0.666667,1.0,5.748169,-0.1220123003800077,-0.43564248295701985,0.3
1769796730.463088,-2.603897333333333,-0.8379117857142854,5.373327533002677,0.3,-2.65577,-0.956136,5.403539,0.666667,1.0,5.748169,-0.11818714285714317,-0.4395662740319755,0.3
1769796730.483412,-2.599987,-0.8415025944811658,5.444843461408982,0.3,-2.65577,-0.956136,5.403539,0.666667,1.0,5.748169,-0.11447319961999301,-0.4051733063225011,0.3
1769796730.504052,-2.596030666666666,-0.8446349032480464,5.393383556310638,0.3,-2.65577,-0.956136,5.403539,0.666667,1.0,5.748169,-0.11123987407936622,-0.39866426300191105,0.3
1769796730.524034,-2.592046,-0.8470058859318589,5.388721600101896,0.3,-2.65577,-0.956136,5.403539,0.666667,1.0,5.748169,-0.10879021655650163,-0.37821595167959804,0.3
1769796730.544613,-2.5880456666666665,-0.8483877850482608,5.415867880679123,0.3,-2.65577,-0.956136,5.403539,0.666667,1.0,5.748169,-0.10736025156855514,-0.3684826455263545,0.3
1769796730.564824,-2.5840403333333333,-0.848641440044243,5.3835882431775435,0.3,-2.65577,-0.956136,5.403539,0.666667,1.0,5.748169,-0.10709417673016046,-0.3699854504133311,0.3
1769796730.584888,-2.5800386666666664,-0.8477387136196897,5.3949078312431,0.3,-2.65577,-0.956136,5.403539,0.666667,1.0,5.748169,-0.10802925156855514,-0.3639733722158936,0.3
1769796730.605327,-2.5760476666666663,-0.8457798859318593,5.391998308388681,0.3,-2.65577,-0.956136,5.403539,0.666667,1.0,5.748169,-0.11006843084221563,-0.3845073357881894,0.3
1769796730.625669,-2.5720733333333334,-0.8429641889623326,5.414663793823528,0.3,-2.65577,-0.956136,5.403539,0.666667,1.0,5.748169,-0.11297065979365153,-0.40115136830116854,0.3
1769796730.645991,-2.5681196666666666,-0.8631198325764043,5.408332704381589,0.3,-2.65577,-0.956136,5.403539,0.666667,1.0,5.748169,-0.11647634247713545,-0.4250048058686596,0.3
1769796730.666187,-2.564189333333333,-0.8829960476190477,5.481379794319102,0.3,-2.593453,-1.026821,5.466371,0.666667,1.0,5.842401,-0.12028649999999998,-0.4321172528127752,0.3
1769796730.686584,-2.5602626666666666,-0.902933119804548,5.458976381109467,0.3,-2.593453,-1.026821,5.466371,0.666667,1.0,5.842401,-0.12402701466572166,-0.4406441063065949,0.3
1769796730.706737,-2.5562786666666666,-0.8997130967519533,5.45710583924115,0.3,-2.593453,-1.026821,5.466371,0.666667,1.0,5.842401,-0.1273501259206342,-0.4474413034708697,0.3
1769796730.726811,-2.552233333333333,-0.8971903283538549,5.467347755486683,0.3,-2.593453,-1.026821,5.466371,0.666667,1.0,5.842401,-0.1299465691577843,-0.4587178035353517,0.3
1769796730.747036,-2.548113,-0.8955747863803102,5.463732761027028,0.3,-2.593453,-1.026821,5.466371,0.666667,1.0,5.842401,-0.13159531986001652,-0.46497896115149134,0.3
1769796730.767916,-2.5439523333333334,-0.8949944885271851,5.457654475848633,0.3,-2.593453,-1.026821,5.466371,0.666667,1.0,5.842401,-0.1321967518412684,-0.4583704537656676,0.3
1769796730.787687,-2.539733333333333,-0.895495572094596,5.44387524540248,0.3,-2.593453,-1.026821,5.466371,0.666667,1.0,5.842401,-0.1316874627171595,-0.4630719053162505,0.3
1769796730.807963,-2.5354883333333333,-0.8970324712109976,5.481594476349076,0.3,-2.593453,-1.026821,5.466371,0.666667,1.0,5.842401,-0.1300920691577845,-0.45715844312301995,0.3
1769796730.828904,-2.5312436666666667,-0.8994567396090959,5.457237670533058,0.3,-2.593453,-1.026821,5.466371,0.666667,1.0,5.842401,-0.12758605449206306,-0.4440442941544494,0.3
1769796730.848886,-2.5270213333333333,-0.9025224055188334,5.434198016533829,0.3,-2.593453,-1.026821,5.466371,0.666667,1.0,5.842401,-0.12441465752286487,-0.41943488086896313,0.3
1769796730.868903,-2.5228243333333333,-0.9059249999999995,5.447220282272782,0.3,-2.593453,-1.026821,5.466371,0.666667,1.0,5.842401,-0.1208950714285718,-0.4128236812990737,0.3
1769796730.889209,-2.518646333333333,-0.9093340230525945,5.473986320211668,0.3,-2.593453,-1.026821,5.466371,0.666667,1.0,5.842401,-0.1173782710485644,-0.41846196132412766,0.3
1769796730.909755,-2.5144626666666663,-0.9124324746766179,5.482691599173624,0.3,-2.593453,-1.026821,5.466371,0.666667,1.0,5.842401,-0.11418758836508044,-0.40587383524720866,0.3
1769796730.929946,-2.5102629999999997,-0.9149436002175734,5.446916153731713,0.3,-2.593453,-1.026821,5.466371,0.666667,1.0,5.842401,-0.11159971655650147,-0.394684393036467,0.3
1769796730.950469,-2.506054333333333,-0.9388430945720705,5.4706981873249845,0.3,-2.593453,-1.026821,5.466371,0.666667,1.0,5.842401,-0.10984489442569803,-0.37861902515610507,0.3
1769796730.970871,-2.5018613333333337,-0.9617472733775765,5.522046137597653,0.3,-2.526821,-1.093453,5.529203,0.666667,1.0,5.936633,-0.10912110530158896,-0.38172354045498563,0.3
1769796730.990755,-2.497719666666667,-0.983571927905404,5.524286078438794,0.3,-2.526821,-1.093453,5.529203,0.666667,1.0,5.936633,-0.10951918013998352,-0.3769810329095355,0.3
1769796731.010988,-2.4935826666666663,-0.9821369573604307,5.517934961530251,0.3,-2.526821,-1.093453,5.529203,0.666667,1.0,5.936633,-0.11100293084221559,-0.3923536972160853,0.3
1769796731.03107,-2.489414333333333,-0.9797826175337611,5.546278271345409,0.3,-2.526821,-1.093453,5.529203,0.666667,1.0,5.936633,-0.11342601693650868,-0.4142435063696641,0.3
1769796731.051414,-2.4851556666666665,-0.9767173087668805,5.55653323713432,0.3,-2.526821,-1.093453,5.529203,0.666667,1.0,5.936633,-0.11658219961999257,-0.4198908611018237,0.3
1769796731.071559,-2.480826,-0.9732099285714287,5.50127582938138,0.3,-2.526821,-1.093453,5.529203,0.666667,1.0,5.936633,-0.12019885714285707,-0.42478839608496416,0.3
1769796731.091697,-2.4764413333333333,-0.9695911912331195,5.523905316621214,0.3,-2.526821,-1.093453,5.529203,0.666667,1.0,5.936633,-0.12394815752286448,-0.42339509402495373,0.3
1769796731.112063,-2.4720119999999994,-0.9662219538948106,5.51667369774717,0.3,-2.526821,-1.093453,5.529203,0.666667,1.0,5.936633,-0.12743841163491967,-0.4256424635546763,0.3
1769796731.132508,-2.4675523333333333,-0.9634501854967121,5.4732218667386165,0.3,-2.526821,-1.093453,5.529203,0.666667,1.0,5.936633,-0.13030656915778438,-0.4328528317252364,0.3
1769796731.152942,-2.4630716666666665,-0.9615581435231674,5.5152716270478805,0.3,-2.526821,-1.093453,5.529203,0.666667,1.0,5.936633,-0.1322634627171593,-0.45351711450296994,0.3
1769796731.172862,-2.4585836666666663,-0.9607341313843282,5.554078171039069,0.3,-2.526821,-1.093453,5.529203,0.666667,1.0,5.936633,-0.1331145375555541,-0.4819197638783364,0.3
1769796731.192966,-2.454092333333333,-0.9610696435231674,5.539984358426348,0.3,-2.526821,-1.093453,5.529203,0.666667,1.0,5.936633,-0.13277860557430218,-0.4888506591520773,0.3
1769796731.21381,-2.4496049999999996,-0.962557185496712,5.537423461291305,0.3,-2.526821,-1.093453,5.529203,0.666667,1.0,5.936633,-0.1312569263006418,-0.4747139331519854,0.3
1769796731.23406,-2.4451276666666666,-0.9650745253233816,5.529984324779102,0.3,-2.526821,-1.093453,5.529203,0.666667,1.0,5.936633,-0.1286519116349202,-0.45857680106916227,0.3
1769796731.254166,-2.4406676666666667,-0.9891508817093095,5.521662960511457,0.3,-2.526821,-1.093453,5.529203,0.666667,1.0,5.936633,-0.12522658609429352,-0.44612809659791114,0.3
1769796731.27427,-2.4362426666666663,-1.013673309523809,5.5998528857729095,0.3,-2.456136,-1.15577,5.592035,0.666667,1.0,6.030866,-0.12134485714285756,-0.42880889859640886,0.3
1769796731.294615,-2.431840333333333,-1.0382566659097374,5.585090266428604,0.3,-2.456136,-1.15577,5.592035,0.666667,1.0,6.030866,-0.11740162819142155,-0.4182859097071834,0.3
1769796731.315095,-2.4274199999999997,-1.0417462603909033,5.595497126356182,0.3,-2.456136,-1.15577,5.592035,0.666667,1.0,6.030866,-0.11379351693650899,-0.41270504357026755,0.3
1769796731.335202,-2.422932,-1.044554885931859,5.620210474606914,0.3,-2.456136,-1.15577,5.592035,0.666667,1.0,6.030866,-0.1108760736993588,-0.4119611038507259,0.3
1769796731.355328,-2.418359,-1.0463761421911182,5.6112912434134445,0.3,-2.456136,-1.15577,5.592035,0.666667,1.0,6.030866,-0.10897575156855518,-0.4076667039023687,0.3
1769796731.37553,-2.413717333333333,-1.0470021543299575,5.602910650055129,0.3,-2.456136,-1.15577,5.592035,0.666667,1.0,6.030866,-0.10832974815873177,-0.3942713349728361,0.3
1769796731.39571,-2.4090219999999998,-1.0463633564768324,5.592638088961953,0.3,-2.456136,-1.15577,5.592035,0.666667,1.0,6.030866,-0.10899803728284076,-0.3890812488062912,0.3
1769796731.415756,-2.4042886666666665,-1.0445353859318594,5.591874700108252,0.3,-2.456136,-1.15577,5.592035,0.666667,1.0,6.030866,-0.1108921451279299,-0.387122637383944,0.3
1769796731.436184,-2.3995306666666667,-1.0417119032480469,5.579754256590609,0.3,-2.456136,-1.15577,5.592035,0.666667,1.0,6.030866,-0.11381365979365152,-0.39898091350933224,0.3
1769796731.455994,-2.3947583333333333,-1.0381732373383092,5.594278709054451,0.3,-2.456136,-1.15577,5.592035,0.666667,1.0,6.030866,-0.1174684853342782,-0.4158608367743953,0.3
1769796731.476669,-2.389981,-1.0342622857142858,5.599678963433975,0.3,-2.456136,-1.15577,5.592035,0.666667,1.0,6.030866,-0.1215081428571427,-0.43227832834925356,0.3
1769796731.49693,-2.3852076666666666,-1.0303594769474054,5.582489326591321,0.3,-2.456136,-1.15577,5.592035,0.666667,1.0,6.030866,-0.1255465146657214,-0.44603082353189044,0.3
1769796731.517403,-2.3804386666666666,-1.0268537396090964,5.591390167553021,0.3,-2.456136,-1.15577,5.592035,0.666667,1.0,6.030866,-0.1291769116349197,-0.46448644844583037,0.3
1769796731.537903,-2.375678333333333,-1.0241032569252837,5.614755285636308,0.3,-2.456136,-1.15577,5.592035,0.666667,1.0,6.030866,-0.13202535487206987,-0.4824312070439893,0.3
1769796731.557952,-2.3725056666666666,-1.022393714951739,5.603445956661345,0.3,-2.456136,-1.15577,5.592035,0.666667,1.0,6.030866,-0.13379796271715913,-0.4814815344325494,0.3
1769796731.557952,-2.3693453333333334,-1.0411541551938521,5.571744460986673,0.3,-2.456136,-1.15577,5.592035,0.666667,1.0,6.030866,-0.13430553755555383,-0.4750448135300715,0.3
1769796731.578469,-2.3662009999999998,-1.0611821911422152,5.6548208946485845,0.3,-2.381678,-1.213525,5.654867,0.666667,1.0,6.125098,-0.1334990341457308,-0.47224749639228164,0.3
1769796731.598798,-2.361516333333333,-1.0823961854967121,5.666285804163895,0.3,-2.381678,-1.213525,5.654867,0.666667,1.0,6.125098,-0.13146885487207027,-0.4682757852914056,0.3
1769796731.618844,-2.356869,-1.0853403110376671,5.643623711573432,0.3,-2.381678,-1.213525,5.654867,0.666667,1.0,6.125098,-0.128418554492063,-0.45907562239337163,0.3
1769796731.639164,-2.3522130000000003,-1.0889626198045474,5.659433544472623,0.3,-2.381678,-1.213525,5.654867,0.666667,1.0,6.125098,-0.12466665752286489,-0.4376994233605096,0.3
1769796731.659574,-2.3474893333333333,-1.0928902857142855,5.645663473325604,0.3,-2.381678,-1.213525,5.654867,0.666667,1.0,6.125098,-0.12060192857142904,-0.42859839513018255,0.3
1769796731.679946,-2.342670333333333,-1.096723451624023,5.659194331840754,0.3,-2.381678,-1.213525,5.654867,0.666667,1.0,6.125098,-0.1166355567628501,-0.4093241201890274,0.3
1769796731.699951,-2.3377719999999997,-1.100080474676618,5.648180623537418,0.3,-2.381678,-1.213525,5.654867,0.666667,1.0,6.125098,-0.11316715979365198,-0.38742830897310915,0.3
1769796731.719672,-2.3328143333333333,-1.1026395287890016,5.624984908545189,0.3,-2.381678,-1.213525,5.654867,0.666667,1.0,6.125098,-0.11053085941364442,-0.3819218920171828,0.3
1769796731.739935,-2.327826,-1.1041652136196893,5.670783372007722,0.3,-2.381678,-1.213525,5.654867,0.666667,1.0,6.125098,-0.10895839442569812,-0.3771352458051645,0.3
1769796731.760213,-2.3228386666666663,-1.1045216543299572,5.651593059897864,0.3,-2.381678,-1.213525,5.654867,0.666667,1.0,6.125098,-0.1085901053015891,-0.38915940231331714,0.3
1769796731.780868,-2.3178733333333335,-1.1036759279054038,5.6578807849481265,0.3,-2.381678,-1.213525,5.654867,0.666667,1.0,6.125098,-0.10946153728284087,-0.39400212440064114,0.3
1769796731.800859,-2.3129346666666666,-1.1017308859318593,5.674626681272052,0.3,-2.381678,-1.213525,5.654867,0.666667,1.0,6.125098,-0.11149557369935852,-0.4022114027788879,0.3
1769796731.821049,-2.3079976666666666,-1.098895617533761,5.652566145147169,0.3,-2.381678,-1.213525,5.654867,0.666667,1.0,6.125098,-0.11442523122222299,-0.4161932343339547,0.3
1769796731.84161,-2.3030346666666666,-1.0954730230525949,5.6650580677143045,0.3,-2.381678,-1.213525,5.654867,0.666667,1.0,6.125098,-0.11796734247713536,-0.4153967246185381,0.3
1769796731.861732,-2.298046333333333,-1.1094559523809524,5.638364295244659,0.3,-2.381678,-1.213525,5.654867,0.666667,1.0,6.125098,-0.12176335714285691,-0.42828868691396066,0.3
1769796731.882177,-2.293052,-1.1235445959950245,5.711854608033686,0.3,-2.30374,-1.266492,5.717699,0.666667,1.0,6.21933,-0.1254434432371499,-0.4354282365020996,0.3
1769796731.902992,-2.288112333333333,-1.138078168180525,5.711005094705437,0.3,-2.30374,-1.266492,5.717699,0.666667,1.0,6.21933,-0.1286684116349195,-0.46128384264524613,0.3
1769796731.922774,-2.283241,-1.135698471210998,5.738959551767521,0.3,-2.30374,-1.266492,5.717699,0.666667,1.0,6.21933,-0.13112964058635548,-0.47469689561225065,0.3
1769796731.94291,-2.2784030000000004,-1.134269072094596,5.72415212879584,0.3,-2.30374,-1.266492,5.717699,0.666667,1.0,6.21933,-0.1325825341457304,-0.4740418078041055,0.3
1769796731.963683,-2.2735273333333335,-1.133907274241471,5.69496844084548,0.3,-2.30374,-1.266492,5.717699,0.666667,1.0,6.21933,-0.13295660898412517,-0.47314917035351206,0.3
1769796731.983743,-2.2685706666666667,-1.1346194292374532,5.732855219180152,0.3,-2.30374,-1.266492,5.717699,0.666667,1.0,6.21933,-0.1322150341457306,-0.47500517147763666,0.3
1769796732.004282,-2.2635443333333334,-1.1363310426395692,5.736402727253599,0.3,-2.30374,-1.266492,5.717699,0.666667,1.0,6.21933,-0.13044606915778442,-0.47791304985839894,0.3
1769796732.023935,-2.258464333333333,-1.1388759538948101,5.719850101491174,0.3,-2.30374,-1.266492,5.717699,0.666667,1.0,6.21933,-0.1278217687777772,-0.4632041087962014,0.3
1769796732.044443,-2.2533436666666664,-1.142015476947405,5.718437816932193,0.3,-2.30374,-1.266492,5.717699,0.666667,1.0,6.21933,-0.1245803003800077,-0.43974407852218395,0.3
1769796732.065085,-2.2481959999999996,-1.1454529285714283,5.705328476556,0.3,-2.30374,-1.266492,5.717699,0.666667,1.0,6.21933,-0.12102750000000022,-0.4263871056122201,0.3
1769796732.085015,-2.2430286666666666,-1.1488552373383085,5.719177205178204,0.3,-2.30374,-1.266492,5.717699,0.666667,1.0,6.21933,-0.11750941390570721,-0.41094467352317166,0.3
1769796732.106636,-2.237849666666667,-1.1519122603909036,5.712692088228723,0.3,-2.30374,-1.266492,5.717699,0.666667,1.0,6.21933,-0.11437337407936618,-0.40811440847869623,0.3
1769796732.125621,-2.2326653333333333,-1.1543536716461447,5.728689690089153,0.3,-2.30374,-1.266492,5.717699,0.666667,1.0,6.21933,-0.11185643084221594,-0.3962840611424711,0.3
1769796732.145691,-2.2274833333333333,-1.171949261238737,5.713808260334601,0.3,-2.30374,-1.266492,5.717699,0.666667,1.0,6.21933,-0.11018518013998384,-0.3864325672620148,0.3
1769796732.16597,-2.22231,-1.1885403209966239,5.767225808954638,0.3,-2.222631,-1.31446,5.78053,0.666667,1.0,6.313563,-0.10955460530158903,-0.376737834031168,0.3
1769796732.186353,-2.2172009999999998,-1.2040435707625468,5.773332407187249,0.3,-2.222631,-1.31446,5.78053,0.666667,1.0,6.313563,-0.11005125156855501,-0.3815544531940663,0.3
1769796732.208247,-2.2121319999999995,-1.202500314503288,5.783768895597177,0.3,-2.222631,-1.31446,5.78053,0.666667,1.0,6.313563,-0.11164343084221558,-0.39948461603356095,0.3
1769796732.226795,-2.2070613333333333,-1.2000416889623329,5.79670553947368,0.3,-2.222631,-1.31446,5.78053,0.666667,1.0,6.313563,-0.11418437407936564,-0.41073628363974174,0.3
1769796732.247222,-2.2019029999999997,-1.1968791659097382,5.776909190727951,0.3,-2.222631,-1.31446,5.78053,0.666667,1.0,6.313563,-0.11742712819142083,-0.42436368218424914,0.3
1769796732.267283,-2.196655666666666,-1.1932867142857146,5.787092778857931,0.3,-2.222631,-1.31446,5.78053,0.666667,1.0,6.313563,-0.1211309999999995,-0.43046745634371675,0.3
1769796732.287603,-2.1913329999999998,-1.1895872626616912,5.776675537890067,0.3,-2.222631,-1.31446,5.78053,0.666667,1.0,6.313563,-0.12496172895143545,-0.4468978206124925,0.3
1769796732.307829,-2.185968,-1.1861441681805251,5.782948517989604,0.3,-2.222631,-1.31446,5.78053,0.666667,1.0,6.313563,-0.12852548306349076,-0.45754827513292423,0.3
1769796732.328107,-2.180585,-1.1833058997824268,5.781110498403708,0.3,-2.222631,-1.31446,5.78053,0.666667,1.0,6.313563,-0.1314602834434982,-0.46146220032527996,0.3
1769796732.348734,-2.175205,-1.1813541435231678,5.758658339394638,0.3,-2.222631,-1.31446,5.78053,0.666667,1.0,6.313563,-0.13347653414573032,-0.4678816883032571,0.3
1769796732.368773,-2.1698113333333335,-1.1804752742414713,5.780913306146084,0.3,-2.222631,-1.31446,5.78053,0.666667,1.0,6.313563,-0.13438075184126805,-0.4731335180695429,0.3
1769796732.388963,-2.164388666666667,-1.1807507863803104,5.786742729310256,0.3,-2.222631,-1.31446,5.78053,0.666667,1.0,6.313563,-0.13409689128858782,-0.4765044223884118,0.3
1769796732.409406,-2.1589403333333332,-1.1821660426395693,5.770452966904438,0.3,-2.222631,-1.31446,5.78053,0.666667,1.0,6.313563,-0.1326499977292129,-0.4704891734487866,0.3
1769796732.429665,-2.153485,-1.184603382466239,5.778672871446288,0.3,-2.222631,-1.31446,5.78053,0.666667,1.0,6.313563,-0.13013498306349136,-0.4568115172000091,0.3
1769796732.449954,-2.148044,-1.2020944531378812,5.77410339993593,0.3,-2.222631,-1.31446,5.78053,0.666667,1.0,6.313563,-0.12678487180857886,-0.44420072485274514,0.3
1769796732.47018,-2.1426243333333335,-1.220049595238095,5.8323003743145385,0.3,-2.138669,-1.357241,5.843362,0.666667,1.0,6.407795,-0.12295778571428591,-0.4308880418926506,0.3
1769796732.490593,-2.1372889999999996,-1.2380850944811659,5.84335638584591,0.3,-2.138669,-1.357241,5.843362,0.666667,1.0,6.407795,-0.11905055676284994,-0.4269194431813756,0.3
1769796732.510839,-2.132014,-1.2415569032480465,5.86426939701953,0.3,-2.138669,-1.357241,5.843362,0.666667,1.0,6.407795,-0.11545937407936603,-0.41433077158500914,0.3
1769796732.530997,-2.126758,-1.2443718859318589,5.835141808621847,0.3,-2.138669,-1.357241,5.843362,0.666667,1.0,6.407795,-0.11254235941364431,-0.407916669558776,0.3
1769796732.551564,-2.121424333333333,-1.2462267136196894,5.855143909161377,0.3,-2.138669,-1.357241,5.843362,0.666667,1.0,6.407795,-0.11060560871141237,-0.3957041905735688,0.3
1769796732.571652,-2.116006666666667,-1.246907440044243,5.851604416836023,0.3,-2.138669,-1.357241,5.843362,0.666667,1.0,6.407795,-0.10989489101587462,-0.40297298798874454,0.3
1769796732.591704,-2.1105196666666663,-1.2463301421911182,5.86019684291642,0.3,-2.138669,-1.357241,5.843362,0.666667,1.0,6.407795,-0.11050018013998357,-0.4080743325023975,0.3
1769796732.611808,-2.1049973333333334,-1.2445593859318593,5.862356474666749,0.3,-2.138669,-1.357241,5.843362,0.666667,1.0,6.407795,-0.11233750227078677,-0.4044896645768851,0.3
1769796732.63224,-2.0994756666666667,-1.2417853318194754,5.824965240179538,0.3,-2.138669,-1.357241,5.843362,0.666667,1.0,6.407795,-0.11520715979365137,-0.4129842473902787,0.3
1769796732.652784,-2.093985,-1.2382873087668809,5.854333129686939,0.3,-2.138669,-1.357241,5.843362,0.666667,1.0,6.407795,-0.11882234247713509,-0.4190073436368049,0.3
1769796732.672998,-2.0885296666666666,-1.2344076428571433,5.842990908374683,0.3,-2.138669,-1.357241,5.843362,0.666667,1.0,6.407795,-0.12283157142857104,-0.44307182104673526,0.3
1769796732.693253,-2.0831006666666667,-1.2305311198045483,5.848175059206215,0.3,-2.138669,-1.357241,5.843362,0.666667,1.0,6.407795,-0.12684615752286407,-0.447008551109431,0.3
1769796732.713691,-2.077648,-1.2270609538948107,5.8259183822860665,0.3,-2.138669,-1.357241,5.843362,0.666667,1.0,6.407795,-0.13045191163491945,-0.45598351599338766,0.3
1769796732.733982,-2.0721506666666665,-1.2243585426395696,5.832153419379009,0.3,-2.138669,-1.357241,5.843362,0.666667,1.0,6.407795,-0.13324206915778405,-0.46255105931988466,0.3
1769796732.754627,-2.066610333333333,-1.2351682387612628,5.838966786816248,0.3,-2.138669,-1.357241,5.843362,0.666667,1.0,6.407795,-0.1349533912885877,-0.4705605940321497,0.3
1769796732.775443,-2.0611093333333335,-1.247161036146233,5.8935945385061626,0.3,-2.052187,-1.394665,5.906194,0.666667,1.0,6.502027,-0.13544682326983953,-0.4696405575795321,0.3
1769796732.794704,-2.0557163333333333,-1.2603688578088816,5.887686401096463,0.3,-2.052187,-1.394665,5.906194,0.666667,1.0,6.502027,-0.13468767700287346,-0.4722732290902661,0.3
1769796732.815176,-2.050393333333333,-1.2622392569252836,5.916388149299058,0.3,-2.052187,-1.394665,5.906194,0.666667,1.0,6.502027,-0.13275392630064156,-0.47786222571682196,0.3
1769796732.835073,-2.0450673333333333,-1.2650526681805248,5.927656620833772,0.3,-2.052187,-1.394665,5.906194,0.666667,1.0,6.502027,-0.12983562592063422,-0.4718945312341678,0.3
1769796732.855521,-2.039655333333333,-1.2685039769474054,5.899921570279818,0.3,-2.052187,-1.394665,5.906194,0.666667,1.0,6.502027,-0.12624744323715031,-0.4476860900681856,0.3
1769796732.875684,-2.034169,-1.2722277857142856,5.886583776533552,0.3,-2.052187,-1.394665,5.906194,0.666667,1.0,6.502027,-0.12240000000000008,-0.42434556208517443,0.3
1769796732.895707,-2.0286216666666665,-1.2758498087668804,5.90267549362706,0.3,-2.052187,-1.394665,5.906194,0.666667,1.0,6.502027,-0.11866419961999268,-0.41600197294057883,0.3
1769796732.916214,-2.0230256666666664,-1.2790299032480468,5.914443754164275,0.3,-2.052187,-1.394665,5.906194,0.666667,1.0,6.502027,-0.11538137407936587,-0.4102302990703552,0.3
1769796732.936524,-2.017393,-1.2814823859318594,5.9038020757356975,0.3,-2.052187,-1.394665,5.906194,0.666667,1.0,6.502027,-0.11285971655650147,-0.4015821206890298,0.3
1769796732.956784,-2.0117333333333334,-1.2829626421911184,5.905350013108804,0.3,-2.052187,-1.394665,5.906194,0.666667,1.0,6.502027,-0.11130675156855493,-0.4079765143208656,0.3
1769796732.976829,-2.006055333333333,-1.2833344400442435,5.94582101301333,0.3,-2.052187,-1.394665,5.906194,0.666667,1.0,6.502027,-0.11094060530158875,-0.40742710489418427,0.3
1769796732.997196,-2.002265,-1.2825438564768328,5.906145886043709,0.3,-2.052187,-1.394665,5.906194,0.666667,1.0,6.502027,-0.11174432299712621,-0.4122568969542196,0.3
1769796732.997196,-1.9965743333333332,-1.2806823859318595,5.909572125080621,0.3,-2.052187,-1.394665,5.906194,0.666667,1.0,6.502027,-0.11367850227078688,-0.4002038605290023,0.3
1769796733.037893,-1.9927806666666665,-1.277941403248047,5.896251245910626,0.3,-2.052187,-1.394665,5.906194,0.666667,1.0,6.502027,-0.11652501693650831,-0.40977855827507453,0.3
1769796733.037893,-1.987094,-1.2746158801954524,5.903034441120624,0.3,-2.052187,-1.394665,5.906194,0.666667,1.0,6.502027,-0.11996727104856363,-0.4185304418472929,0.3
1769796733.058317,-1.9833086666666666,-1.2816757857142862,5.898782459372603,0.3,-2.052187,-1.394665,5.906194,0.666667,1.0,6.502027,-0.123655071428571,-0.4311407354085352,0.3
1769796733.078632,-1.9776646666666664,-1.2888402626616913,5.955698642436341,0.3,-1.963525,-1.426585,5.969026,0.666667,1.0,6.596259,-0.12726530038000697,-0.4460342445322949,0.3
1769796733.098792,-1.9721063333333333,-1.2964327396090967,5.970477456943438,0.3,-1.963525,-1.426585,5.969026,0.666667,1.0,6.596259,-0.1303938402063481,-0.46287623264306005,0.3
1769796733.119198,-1.9666409999999999,-1.2941185426395696,5.9762840132481445,0.3,-1.963525,-1.426585,5.969026,0.666667,1.0,6.596259,-0.13279764058635563,-0.4807019652310826,0.3
1769796733.139478,-1.9611976666666664,-1.2927442863803105,5.980810980774657,0.3,-1.963525,-1.426585,5.969026,0.666667,1.0,6.596259,-0.13420789128858765,-0.4853760766795044,0.3
1769796733.159844,-1.955693,-1.292433417098614,5.9695118296022,0.3,-1.963525,-1.426585,5.969026,0.666667,1.0,6.596259,-0.13451660898412532,-0.47298827914644065,0.3
1769796733.180212,-1.9500909999999998,-1.2931919292374532,5.93971738252923,0.3,-1.963525,-1.426585,5.969026,0.666667,1.0,6.596259,-0.13373024843144507,-0.4772555846662296,0.3
1769796733.200694,-1.9444056666666665,-1.2949352569252837,6.00040492016136,0.3,-1.963525,-1.426585,5.969026,0.666667,1.0,6.596259,-0.13193235487207014,-0.4749467508680736,0.3
1769796733.220851,-1.9386533333333331,-1.2975024538948103,5.980607559562262,0.3,-1.963525,-1.426585,5.969026,0.666667,1.0,6.596259,-0.12928662592063422,-0.479136814934183,0.3
1769796733.241286,-1.9328646666666665,-1.3006584055188337,5.976545811080496,0.3,-1.963525,-1.426585,5.969026,0.666667,1.0,6.596259,-0.12602865752286466,-0.45693346081833636,0.3
1769796733.261545,-1.9270766666666665,-1.304107857142857,5.971411813987787,0.3,-1.963525,-1.426585,5.969026,0.666667,1.0,6.596259,-0.12246450000000013,-0.44775070210233564,0.3
1769796733.28179,-1.9213176666666667,-1.3075184516240232,5.990395312245162,0.3,-1.963525,-1.426585,5.969026,0.666667,1.0,6.596259,-0.11893827104856415,-0.4336870871632647,0.3
1769796733.301897,-1.9155966666666664,-1.3105676175337608,5.973821427524694,0.3,-1.963525,-1.426585,5.969026,0.666667,1.0,6.596259,-0.11579687407936608,-0.4212255963627727,0.3
1769796733.322259,-1.9099103333333332,-1.312978028789002,5.969873551479104,0.3,-1.963525,-1.426585,5.969026,0.666667,1.0,6.596259,-0.11331700227078709,-0.3968995784207074,0.3
1769796733.34264,-1.9042543333333333,-1.3145369993339753,5.952593489603753,0.3,-1.963525,-1.426585,5.969026,0.666667,1.0,6.596259,-0.11170703728284073,-0.3837608820061809,0.3
1769796733.362654,-1.8986253333333334,-1.3238582019490053,5.956499861770669,0.3,-1.963525,-1.426585,5.969026,0.666667,1.0,6.596259,-0.1111199624444459,-0.37835354701816587,0.3
1769796733.383041,-1.8930183333333332,-1.3321068802863565,6.024781865020031,0.3,-1.873035,-1.452875,6.031858,0.666667,1.0,6.690492,-0.11164339442569779,-0.3933638969444028,0.3
1769796733.403309,-1.887450333333333,-1.3393118859318596,6.047897338783355,0.3,-1.873035,-1.452875,6.031858,0.666667,1.0,6.690492,-0.1132510022707867,-0.40544755907785063,0.3
1769796733.423579,-1.8818759999999999,-1.3368507603909041,6.033965731506573,0.3,-1.873035,-1.452875,6.031858,0.666667,1.0,6.690492,-0.11579494550793688,-0.42323938712692083,0.3
1769796733.444511,-1.8762526666666666,-1.333712880195452,6.0455009132304625,0.3,-1.873035,-1.452875,6.031858,0.666667,1.0,6.690492,-0.1190267710485636,-0.42592792090366566,0.3
1769796733.463853,-1.8705309999999997,-1.3301802142857149,6.0234506887246875,0.3,-1.873035,-1.452875,6.031858,0.666667,1.0,6.690492,-0.12266464285714239,-0.4413577242214059,0.3
1769796733.484155,-1.8647313333333333,-1.3265699055188342,6.038998426193152,0.3,-1.873035,-1.452875,6.031858,0.666667,1.0,6.690492,-0.1263929432371498,-0.45680096792722585,0.3
1769796733.504101,-1.8588936666666667,-1.3232260253233823,6.050999864390314,0.3,-1.873035,-1.452875,6.031858,0.666667,1.0,6.690492,-0.12985769734920524,-0.46507083331517896,0.3
1769796733.524569,-1.8530603333333333,-1.3204864712109983,6.0117298530236605,0.3,-1.873035,-1.452875,6.031858,0.666667,1.0,6.690492,-0.1326962834434983,-0.4718265251191142,0.3
1769796733.544716,-1.847264,-1.3186349292374533,6.02995467066898,0.3,-1.873035,-1.452875,6.031858,0.666667,1.0,6.690492,-0.13461160557430193,-0.4731884442434824,0.3
1769796733.564883,-1.8415126666666666,-1.317858917098614,6.036262278504368,0.3,-1.873035,-1.452875,6.031858,0.666667,1.0,6.690492,-0.13541232326983968,-0.48370232686970205,0.3
1769796733.585409,-1.8357969999999997,-1.3182319292374531,6.032486494440356,0.3,-1.873035,-1.452875,6.031858,0.666667,1.0,6.690492,-0.13502431986001642,-0.4856339120023507,0.3
1769796733.605762,-1.8301079999999998,-1.3197191140681406,6.039012492933455,0.3,-1.873035,-1.452875,6.031858,0.666667,1.0,6.690492,-0.1334925691577844,-0.48700923719045547,0.3
1769796733.626056,-1.8244399999999998,-1.3221931681805243,6.0549678017587665,0.3,-1.873035,-1.452875,6.031858,0.666667,1.0,6.690492,-0.1309507687777771,-0.4873209652119465,0.3
1769796733.646515,-1.818787333333333,-1.3254345483759764,6.058088696018365,0.3,-1.873035,-1.452875,6.031858,0.666667,1.0,6.690492,-0.12760215752286472,-0.4701815084003611,0.3
1769796733.666777,-1.8131436666666663,-1.3359879285714282,6.025380213266462,0.3,-1.873035,-1.452875,6.031858,0.666667,1.0,6.690492,-0.12376842857142879,-0.45277507801102707,0.3
1769796733.686918,-1.8074909999999997,-1.3466296659097374,6.1076331221111415,0.3,-1.781072,-1.473431,6.09469,0.666667,1.0,6.784724,-0.11984662819142151,-0.42082251856358904,0.3
1769796733.707206,-1.8018819999999998,-1.356975974676618,6.075111124539977,0.3,-1.781072,-1.473431,6.09469,0.666667,1.0,6.784724,-0.11623294550793747,-0.4108786946872424,0.3
1769796733.727603,-1.7963049999999996,-1.3598277430747163,6.097637273389316,0.3,-1.781072,-1.473431,6.09469,0.666667,1.0,6.784724,-0.11328550227078733,-0.3770481611411219,0.3
1769796733.747782,-1.7907433333333331,-1.3617505707625466,6.051856187421812,0.3,-1.781072,-1.473431,6.09469,0.666667,1.0,6.784724,-0.1112913229971266,-0.3711830999761278,0.3
1769796733.768241,-1.785113333333333,-1.362535440044243,6.07989871411383,0.3,-1.781072,-1.473431,6.09469,0.666667,1.0,6.784724,-0.11046446244444619,-0.3691688303171525,0.3
1769796733.788785,-1.7794016666666665,-1.362082785048261,6.100416486213187,0.3,-1.781072,-1.473431,6.09469,0.666667,1.0,6.784724,-0.11093089442569773,-0.3915986963188051,0.3
1769796733.808792,-1.773616333333333,-1.3604286002175738,6.1022030104217,0.3,-1.781072,-1.473431,6.09469,0.666667,1.0,6.784724,-0.11264928798507255,-0.4046041298256728,0.3
1769796733.828938,-1.7677676666666666,-1.3577464746766186,6.09574091147101,0.3,-1.781072,-1.473431,6.09469,0.666667,1.0,6.784724,-0.11542701693650839,-0.413963316667012,0.3
1769796733.849318,-1.7618656666666663,-1.3543145944811663,6.097432572784628,0.3,-1.781072,-1.473431,6.09469,0.666667,1.0,6.784724,-0.11897727104856362,-0.4281495769914712,0.3
1769796733.86968,-1.755920333333333,-1.3504773571428574,6.104666103197165,0.3,-1.781072,-1.473431,6.09469,0.666667,1.0,6.784724,-0.12294492857142804,-0.4376361764751742,0.3
1769796733.889702,-1.7499396666666664,-1.346614048375977,6.081860976504447,0.3,-1.781072,-1.473431,6.09469,0.666667,1.0,6.784724,-0.12693872895143554,-0.4466371910886104,0.3
1769796733.910059,-1.7439316666666667,-1.343108525323382,6.082431852926338,0.3,-1.781072,-1.473431,6.09469,0.666667,1.0,6.784724,-0.1305671973492051,-0.45449169073440415,0.3
1769796733.930567,-1.7379216666666666,-1.340325756925284,6.090748956520523,0.3,-1.781072,-1.473431,6.09469,0.666667,1.0,6.784724,-0.1334614977292127,-0.46844164052513776,0.3
1769796733.950813,-1.7319726666666666,-1.3385591435231676,6.091509138376264,0.3,-1.781072,-1.473431,6.09469,0.666667,1.0,6.784724,-0.13528703414573043,-0.4774039259127341,0.3
1769796733.970812,-1.7261119999999999,-1.3429031551938522,6.0890322612926795,0.3,-1.781072,-1.473431,6.09469,0.666667,1.0,6.784724,-0.13586703755555377,-0.4807094477418696,0.3
1769796733.990816,-1.72033,-1.3484846197136438,6.156954949609357,0.3,-1.688,-1.488172,6.157522,0.666667,1.0,6.878956,-0.13517046271715913,-0.47829185073239117,0.3
1769796734.011632,-1.7145439999999998,-1.3552208283538552,6.154393612100163,0.3,-1.688,-1.488172,6.157522,0.666667,1.0,6.878956,-0.1332836405863558,-0.4698665229862193,0.3
1769796734.031719,-1.7086566666666663,-1.3580093824662391,6.14725588183049,0.3,-1.688,-1.488172,6.157522,0.666667,1.0,6.878956,-0.13039941163491992,-0.4546089007861544,0.3
1769796734.052023,-1.7026053333333333,-1.3614804055188336,6.1438283404371345,0.3,-1.688,-1.488172,6.157522,0.666667,1.0,6.878956,-0.12680480038000755,-0.4476879805159503,0.3
1769796734.072314,-1.696438,-1.3652684285714285,6.170443106311543,0.3,-1.688,-1.488172,6.157522,0.666667,1.0,6.878956,-0.1228705714285717,-0.444559266053147,0.3
1769796734.09282,-1.690251,-1.368978451624023,6.176824774868059,0.3,-1.688,-1.488172,6.157522,0.666667,1.0,6.878956,-0.11903534247713586,-0.4385864046257047,0.3
1769796734.113357,-1.6841223333333335,-1.372237474676618,6.165444397852613,0.3,-1.688,-1.488172,6.157522,0.666667,1.0,6.878956,-0.11567473122222341,-0.4146073315053102,0.3
1769796734.13315,-1.6780576666666664,-1.3747401002175732,6.14162742029067,0.3,-1.688,-1.488172,6.157522,0.666667,1.0,6.878956,-0.1130935022707874,-0.399651499856966,0.3
1769796734.153599,-1.6720516666666665,-1.3762567136196893,6.163301163203359,0.3,-1.688,-1.488172,6.157522,0.666667,1.0,6.878956,-0.1115274658542696,-0.39501759093887534,0.3
1769796734.173904,-1.6660976666666665,-1.376646082901386,6.168805176870735,0.3,-1.688,-1.488172,6.157522,0.666667,1.0,6.878956,-0.11112489101587482,-0.40874189414963724,0.3
1769796734.194265,-1.6601813333333333,-1.3758702136196899,6.180075169150347,0.3,-1.688,-1.488172,6.157522,0.666667,1.0,6.878956,-0.11192539442569796,-0.41089631777831936,0.3
1769796734.21477,-1.6542966666666665,-1.3740118859318595,6.1609800285275815,0.3,-1.688,-1.488172,6.157522,0.666667,1.0,6.878956,-0.1138550736993584,-0.41256296679910737,0.3
1769796734.234933,-1.6484376666666665,-1.37127354610519,6.154447429175938,0.3,-1.688,-1.488172,6.157522,0.666667,1.0,6.878956,-0.11669987407936586,-0.40577124560630407,0.3
1769796734.255035,-1.6425976666666664,-1.367939237338309,6.135402714103991,0.3,-1.688,-1.488172,6.157522,0.666667,1.0,6.878956,-0.12014041390570675,-0.4275773266657084,0.3
1769796734.27553,-1.6367663333333333,-1.3672920714285715,6.184914226979158,0.3,-1.688,-1.488172,6.157522,0.666667,1.0,6.878956,-0.12385799999999994,-0.43989155426134907,0.3
1769796734.295861,-1.6309529999999999,-1.3667119769474052,6.2131958240262035,0.3,-1.594186,-1.49704,6.220353,0.666667,1.0,6.973189,-0.1275093718085787,-0.46133712362443474,0.3
1769796734.3162,-1.6252013333333333,-1.3665319538948104,6.218822843186478,0.3,-1.594186,-1.49704,6.220353,0.666667,1.0,6.973189,-0.1307486973492054,-0.4670250685241637,0.3
1769796734.336535,-1.6194773333333332,-1.3640966854967125,6.23204538321335,0.3,-1.594186,-1.49704,6.220353,0.666667,1.0,6.973189,-0.13326606915778424,-0.4894654786389218,0.3
1769796734.357039,-1.613732333333333,-1.3625884292374533,6.250665558773301,0.3,-1.594186,-1.49704,6.220353,0.666667,1.0,6.973189,-0.13481517700287352,-0.4996141120326149,0.3
1769796734.37695,-1.6078883333333334,-1.3621401313843282,6.231687729122598,0.3,-1.594186,-1.49704,6.220353,0.666667,1.0,6.973189,-0.1352734661269824,-0.4972178815400335,0.3
1769796734.397182,-1.6019630000000002,-1.3627783578088817,6.2209265373331,0.3,-1.594186,-1.49704,6.220353,0.666667,1.0,6.973189,-0.1346109627171593,-0.48928122254367024,0.3
1769796734.417728,-1.5959946666666667,-1.364439328353855,6.234618376535414,0.3,-1.594186,-1.49704,6.220353,0.666667,1.0,6.973189,-0.13290049772921303,-0.4709514372291621,0.3
1769796734.437845,-1.5920056666666664,-1.366967096751953,6.198529466370694,0.3,-1.594186,-1.49704,6.220353,0.666667,1.0,6.973189,-0.13029055449206298,-0.4589631972080303,0.3
1769796734.437845,-1.588039,-1.3701249055188331,6.213829376419204,0.3,-1.594186,-1.49704,6.220353,0.666667,1.0,6.973189,-0.12702765752286477,-0.44777444016527834,0.3
1769796734.458171,-1.5840936666666667,-1.373607071428571,6.235632875266179,0.3,-1.594186,-1.49704,6.220353,0.666667,1.0,6.973189,-0.12342707142857177,-0.443492116429045,0.3
1769796734.478579,-1.5781826666666667,-1.3770707373383086,6.222168871496621,0.3,-1.594186,-1.49704,6.220353,0.666667,1.0,6.973189,-0.1198440567628501,-0.42817507218182077,0.3
1769796734.498714,-1.5722919999999998,-1.3801605461051893,6.208968057968082,0.3,-1.594186,-1.49704,6.220353,0.666667,1.0,6.973189,-0.11663665979365191,-0.40290431922353037,0.3
1769796734.518979,-1.566426333333333,-1.3825689573604303,6.201615379012923,0.3,-1.594186,-1.49704,6.220353,0.666667,1.0,6.973189,-0.11415764512793021,-0.39815290580264096,0.3
1769796734.538946,-1.560587333333333,-1.3840742136196893,6.234030492527311,0.3,-1.594186,-1.49704,6.220353,0.666667,1.0,6.973189,-0.11261882299712664,-0.39686050238461074,0.3
1769796734.559156,-1.5547686666666667,-1.3845554400442428,6.220777181505391,0.3,-1.594186,-1.49704,6.220353,0.666667,1.0,6.973189,-0.11212089101587462,-0.40634592315115975,0.3
1769796734.579427,-1.5489603333333333,-1.3849633802863561,6.230168029650029,0.3,-1.594186,-1.49704,6.220353,0.666667,1.0,6.973189,-0.1127139658542693,-0.40191606561048365,0.3
1769796734.599872,-1.5431493333333333,-1.384357933550907,6.279849090352627,0.3,-1.5,-1.5,6.283185,0.666667,1.0,7.067421,-0.11435500227078707,-0.4007464927995225,0.3
1769796734.620071,-1.5373589999999997,-1.3828828318194752,6.26476430292424,0.3,-1.5,-1.5,6.283185,0.666667,1.0,7.067421,-0.11689723122222288,-0.4050285800804951,0.3
1769796734.639903,-1.5316459999999996,-1.3797849516240233,6.279338900374048,0.3,-1.5,-1.5,6.283185,0.666667,1.0,7.067421,-0.12009927104856395,-0.4105167676011559,0.3
1769796734.660508,-1.5259869999999998,-1.3763464285714289,6.262802379206027,0.3,-1.5,-1.5,6.283185,0.666667,1.0,7.067421,-0.12364864285714276,-0.4302182315238811,0.3
1769796734.681081,-1.5203263333333332,-1.372879762661691,6.281145974491447,0.3,-1.5,-1.5,6.283185,0.666667,1.0,7.067421,-0.1272128003800073,-0.4377977378463121,0.3
1769796734.700861,-1.5145819999999999,-1.3697001681805248,6.264450969812507,0.3,-1.5,-1.5,6.283185,0.666667,1.0,7.067421,-0.13049926877777693,-0.45069827546050895,0.3
1769796734.721381,-1.5087606666666664,-1.3671041854967123,6.264767869890189,0.3,-1.5,-1.5,6.283185,0.666667,1.0,7.067421,-0.13318742630064154,-0.45638196959098326,0.3
1769796734.741664,-1.502869333333333,-1.3653545720945959,6.270468272630047,0.3,-1.5,-1.5,6.283185,0.666667,1.0,7.067421,-0.1350007484314449,-0.4669950422717129,0.3
1769796734.761689,-1.4969196666666666,-1.3646335599557566,6.275522904449569,0.3,-1.5,-1.5,6.283185,0.666667,1.0,7.067421,-0.13574810898412554,-0.48528668067568265,0.3
1769796734.782183,-1.4909356666666664,-1.365018072094596,6.308086269053029,0.3,-1.5,-1.5,6.283185,0.666667,1.0,7.067421,-0.13535046271715948,-0.48517860063983376,0.3
1769796734.802441,-1.4849516666666664,-1.3664706854967117,6.274019971961064,0.3,-1.5,-1.5,6.283185,0.666667,1.0,7.067421,-0.13384721201492752,-0.480032598518689,0.3
1769796734.82281,-1.4789943333333333,-1.3688452396090958,6.276065969903729,0.3,-1.5,-1.5,6.283185,0.666667,1.0,7.067421,-0.13139026877777726,-0.46641904685711005,0.3
1769796734.842808,-1.473073,-1.3719285483759762,6.293917342198652,0.3,-1.5,-1.5,6.283185,0.666667,1.0,7.067421,-0.12822680038000783,-0.4586389443310683,0.3
1769796734.862935,-1.4671816666666666,-1.375434357142857,6.28401693823114,0.3,-1.5,-1.5,6.283185,0.666667,1.0,7.067421,-0.12459728571428616,-0.44921648199339853,0.3
1769796734.883228,-1.4613209999999999,-1.3780417135287848,6.286154854763939,0.3,-1.5,-1.5,6.283185,0.666667,1.0,7.067421,-0.1208728424771359,-0.4236185310509802,0.3
1769796734.903831,-1.4554826666666667,-1.3803647842004274,6.326038705230292,0.3,-1.405814,-1.49704,6.346017,0.666667,1.0,7.161653,-0.11744473122222339,-0.41778572853934137,0.3
1769796734.923892,-1.4496120000000001,-1.3820601002175732,6.364683399597764,0.3,-1.405814,-1.49704,6.346017,0.666667,1.0,7.161653,-0.11466807369935876,-0.41768273508737314,0.3
1769796734.943962,-1.4435993333333332,-1.3838389279054037,6.375538131114774,0.3,-1.405814,-1.49704,6.346017,0.666667,1.0,7.161653,-0.11282689442569796,-0.41291194103449885,0.3
1769796734.964353,-1.4374396666666664,-1.3845327971871002,6.3320072449330915,0.3,-1.405814,-1.49704,6.346017,0.666667,1.0,7.161653,-0.11210824815873181,-0.406471593129264,0.3
1769796734.984699,-1.4312129999999998,-1.384043927905404,6.35510897496429,0.3,-1.405814,-1.49704,6.346017,0.666667,1.0,7.161653,-0.11258646585426932,-0.40232440916595463,0.3
1769796735.004932,-1.425042333333333,-1.382394171646145,6.359911954643789,0.3,-1.405814,-1.49704,6.346017,0.666667,1.0,7.161653,-0.1142935022707869,-0.4290657924115992,0.3
1769796735.025082,-1.4189429999999998,-1.3797255461051894,6.384181649377506,0.3,-1.405814,-1.49704,6.346017,0.666667,1.0,7.161653,-0.11705751693650861,-0.44194667459233,0.3
1769796735.045508,-1.412892333333333,-1.3763093087668805,6.361806375779823,0.3,-1.405814,-1.49704,6.346017,0.666667,1.0,7.161653,-0.12059234247713534,-0.4556915575881164,0.3
1769796735.065777,-1.40688,-1.3724889999999998,6.361919392028233,0.3,-1.405814,-1.49704,6.346017,0.666667,1.0,7.161653,-0.12454221428571415,-0.4579067468901064,0.3
1769796735.086034,-1.400914,-1.3686414769474053,6.351947783665465,0.3,-1.405814,-1.49704,6.346017,0.666667,1.0,7.161653,-0.12851844323715012,-0.4658915104451884,0.3
1769796735.105991,-1.3950146666666665,-1.365140882466239,6.344767888383063,0.3,-1.405814,-1.49704,6.346017,0.666667,1.0,7.161653,-0.13213491163491978,-0.4705998890953917,0.3
1769796735.12626,-1.389172333333333,-1.362326185496712,6.339700772010352,0.3,-1.405814,-1.49704,6.346017,0.666667,1.0,7.161653,-0.1350439977292128,-0.4834699806058191,0.3
1769796735.146512,-1.3833709999999997,-1.3604906435231674,6.35941726490398,0.3,-1.405814,-1.49704,6.346017,0.666667,1.0,7.161653,-0.13696253414573079,-0.4844530247732111,0.3
1769796735.166714,-1.3775813333333333,-1.3598284170986137,6.329092993754775,0.3,-1.405814,-1.49704,6.346017,0.666667,1.0,7.161653,-0.1376415375555541,-0.48443302005390626,0.3
1769796735.187016,-1.371797,-1.3574561435231673,6.333023730466009,0.3,-1.405814,-1.49704,6.346017,0.666667,1.0,7.161653,-0.13703067700287383,-0.4873338064878556,0.3
1769796735.207093,-1.3660119999999998,-1.3562558283538546,6.436343240933848,0.3,-1.312,-1.488172,6.408849,0.666667,1.0,7.255885,-0.1352113548720703,-0.488323463239408,0.3
1769796735.227586,-1.3602686666666666,-1.3560414538948102,6.412189760018336,0.3,-1.312,-1.488172,6.408849,0.666667,1.0,7.255885,-0.13237448306349173,-0.48960337497109024,0.3
1769796735.247968,-1.354577,-1.3594927626616904,6.426784454711632,0.3,-1.312,-1.488172,6.408849,0.666667,1.0,7.255885,-0.12880580038000786,-0.46637416258755976,0.3
1769796735.267859,-1.3489066666666665,-1.363309928571428,6.407065374000498,0.3,-1.312,-1.488172,6.408849,0.666667,1.0,7.255885,-0.12485742857142905,-0.45442206371753,0.3
1769796735.288327,-1.3431829999999998,-1.3670937373383085,6.4182722417995235,0.3,-1.312,-1.488172,6.408849,0.666667,1.0,7.255885,-0.12092298533427881,-0.4299682878599544,0.3
1769796735.308697,-1.3373683333333333,-1.370452546105189,6.400111684726382,0.3,-1.312,-1.488172,6.408849,0.666667,1.0,7.255885,-0.11745437407936625,-0.43406920849087016,0.3
1769796735.328806,-1.3314736666666667,-1.3730441002175733,6.451541925995418,0.3,-1.312,-1.488172,6.408849,0.666667,1.0,7.255885,-0.11478100227078734,-0.4308335251006663,0.3
1769796735.349102,-1.3255480000000002,-1.374626285048261,6.43572356478384,0.3,-1.312,-1.488172,6.408849,0.666667,1.0,7.255885,-0.11314832299712672,-0.4350499523474957,0.3
1769796735.369435,-1.319635,-1.3750536543299576,6.426682855527668,0.3,-1.312,-1.488172,6.408849,0.666667,1.0,7.255885,-0.11270781958730332,-0.40887997914684676,0.3
1769796735.389674,-1.3137679999999998,-1.3742877136196896,6.3888012391118805,0.3,-1.312,-1.488172,6.408849,0.666667,1.0,7.255885,-0.11349889442569784,-0.4010213734985019,0.3
1769796735.409846,-1.3079253333333332,-1.3724018859318594,6.407881049889108,0.3,-1.312,-1.488172,6.408849,0.666667,1.0,7.255885,-0.11544614512792988,-0.39673187160802276,0.3
1769796735.429929,-1.3020969999999998,-1.3695749032480469,6.396890252248836,0.3,-1.312,-1.488172,6.408849,0.666667,1.0,7.255885,-0.11836530265079438,-0.4140022462565498,0.3
1769796735.450348,-1.2962753333333332,-1.366099523052595,6.404106716111978,0.3,-1.312,-1.488172,6.408849,0.666667,1.0,7.255885,-0.12197984247713536,-0.4280346035212279,0.3
1769796735.470615,-1.2904653333333334,-1.3623351428571429,6.409540824164989,0.3,-1.312,-1.488172,6.408849,0.666667,1.0,7.255885,-0.12587228571428552,-0.43984709718677034,0.3
1769796735.490767,-1.2846606666666665,-1.3586707626616912,6.389734875720441,0.3,-1.312,-1.488172,6.408849,0.666667,1.0,7.255885,-0.1296584432371501,-0.4499165955087722,0.3
1769796735.51097,-1.2788566666666665,-1.350544930085287,6.394036389448071,0.3,-1.312,-1.488172,6.408849,0.666667,1.0,7.255885,-0.132972983063491,-0.46135450052829335,0.3
1769796735.531084,-1.273051333333333,-1.343175495020522,6.471246405919484,0.3,-1.218928,-1.473431,6.471681,0.666667,1.0,7.350118,-0.1355087834434986,-0.4744434673744678,0.3
1769796735.551632,-1.2672653333333332,-1.3367945006660247,6.463247677219829,0.3,-1.218928,-1.473431,6.471681,0.666667,1.0,7.350118,-0.13702574843144483,-0.49334314583723843,0.3
1769796735.572266,-1.2615383333333332,-1.336458417098614,6.494661192333652,0.3,-1.218928,-1.473431,6.471681,0.666667,1.0,7.350118,-0.13737496612698252,-0.4892503407972555,0.3
1769796735.592294,-1.2558843333333332,-1.3372668578088815,6.456652135970231,0.3,-1.218928,-1.473431,6.471681,0.666667,1.0,7.350118,-0.13651703414573066,-0.49651563122600995,0.3
1769796735.612687,-1.2502593333333332,-1.3391203997824261,6.491602867701697,0.3,-1.218928,-1.473431,6.471681,0.666667,1.0,7.350118,-0.13460042630064176,-0.4893463340813326,0.3
1769796735.632736,-1.2446013333333332,-1.3418183110376674,6.492877248025339,0.3,-1.218928,-1.473431,6.471681,0.666667,1.0,7.350118,-0.13181434020634872,-0.4785493090875346,0.3
1769796735.653182,-1.2388763333333332,-1.345105834090262,6.454752834208434,0.3,-1.218928,-1.473431,6.471681,0.666667,1.0,7.350118,-0.12842330038000774,-0.4529216461280798,0.3
1769796735.673312,-1.2330809999999996,-1.3486751428571424,6.455210763191954,0.3,-1.218928,-1.473431,6.471681,0.666667,1.0,7.350118,-0.12473785714285753,-0.4415675532625925,0.3
1769796735.69368,-1.2272376666666667,-1.3521895944811657,6.497434466010047,0.3,-1.218928,-1.473431,6.471681,0.666667,1.0,7.350118,-0.1211064139057074,-0.4324771781244217,0.3
1769796735.713705,-1.221379,-1.3553108318194749,6.4663875051797435,0.3,-1.218928,-1.473431,6.471681,0.666667,1.0,7.350118,-0.11787994550793766,-0.4195744957691853,0.3
1769796735.733783,-1.2155416666666665,-1.3577335287890018,6.453746236233625,0.3,-1.218928,-1.473431,6.471681,0.666667,1.0,7.350118,-0.1153741451279303,-0.3943861919761809,0.3
1769796735.754219,-1.2097326666666666,-1.359236785048261,6.4567316938275265,0.3,-1.218928,-1.473431,6.471681,0.666667,1.0,7.350118,-0.11383832299712664,-0.39112233410121267,0.3
1769796735.774294,-1.2039449999999998,-1.359695582901386,6.4731483292239655,0.3,-1.218928,-1.473431,6.471681,0.666667,1.0,7.350118,-0.11337017673016052,-0.4050537700232934,0.3
1769796735.79451,-1.198171333333333,-1.3590845707625465,6.493676088501067,0.3,-1.218928,-1.473431,6.471681,0.666667,1.0,7.350118,-0.1139977515685552,-0.4173242236224188,0.3
1769796735.815089,-1.1924059999999999,-1.3506079573604304,6.481579472007474,0.3,-1.218928,-1.473431,6.471681,0.666667,1.0,7.350118,-0.11567135941364433,-0.41781741477577156,0.3
1769796735.835298,-1.1866333333333332,-1.3412629032480468,6.520978542934323,0.3,-1.126965,-1.452875,6.534513,0.666667,1.0,7.44435,-0.11824401693650875,-0.42059496427372495,0.3
1769796735.855884,-1.1807833333333333,-1.3312818087668805,6.53881858094335,0.3,-1.126965,-1.452875,6.534513,0.666667,1.0,7.44435,-0.12147691390570685,-0.4202860276794196,0.3
1769796735.87584,-1.174823333333333,-1.3278173571428573,6.51232593010925,0.3,-1.126965,-1.452875,6.534513,0.666667,1.0,7.44435,-0.12505864285714277,-0.4410258945969101,0.3
1769796735.896238,-1.1688033333333332,-1.3243371912331197,6.54054014205398,0.3,-1.126965,-1.452875,6.534513,0.666667,1.0,7.44435,-0.12863737180857862,-0.44598396246042177,0.3
1769796735.916767,-1.1628206666666665,-1.3211574538948105,6.517112367512352,0.3,-1.126965,-1.452875,6.534513,0.666667,1.0,7.44435,-0.1319174116349196,-0.4658196298366916,0.3
1769796735.936707,-1.1569299999999998,-1.3185675426395695,6.533266492333961,0.3,-1.126965,-1.452875,6.534513,0.666667,1.0,7.44435,-0.1345978548720698,-0.46987636342565314,0.3
1769796735.956987,-1.1511103333333332,-1.3168347863803105,6.525699925628535,0.3,-1.126965,-1.452875,6.534513,0.666667,1.0,7.44435,-0.13640710557430197,-0.4843396015482351,0.3
1769796735.977003,-1.1453466666666665,-1.3161410599557568,6.539295979696517,0.3,-1.126965,-1.452875,6.534513,0.666667,1.0,7.44435,-0.13711568041269667,-0.480996096194568,0.3
1769796735.997466,-1.139627,-1.3165648578088816,6.517185349203577,0.3,-1.126965,-1.452875,6.534513,0.666667,1.0,7.44435,-0.13667903414573063,-0.4779929717022376,0.3
1769796736.017854,-1.1358273333333333,-1.318056328353855,6.5217361262076246,0.3,-1.126965,-1.452875,6.534513,0.666667,1.0,7.44435,-0.13513571201492727,-0.47233275590821283,0.3
1769796736.017854,-1.1320466666666666,-1.3204661681805245,6.538508189558933,0.3,-1.126965,-1.452875,6.534513,0.666667,1.0,7.44435,-0.13264126877777713,-0.4678285921319228,0.3
1769796736.038049,-1.1282729999999999,-1.3235500483759763,6.529133247368414,0.3,-1.126965,-1.452875,6.534513,0.666667,1.0,7.44435,-0.1294495146657219,-0.4578097513469867,0.3
1769796736.058327,-1.1226109999999998,-1.3270177142857138,6.52582209378578,0.3,-1.126965,-1.452875,6.534513,0.666667,1.0,7.44435,-0.12588407142857178,-0.44512498137906836,0.3
1769796736.078808,-1.1169509999999996,-1.3305336659097373,6.5391048714768525,0.3,-1.126965,-1.452875,6.534513,0.666667,1.0,7.44435,-0.12223827104856429,-0.4320156488180269,0.3
1769796736.098813,-1.1112959999999998,-1.333772831819475,6.529971854444582,0.3,-1.126965,-1.452875,6.534513,0.666667,1.0,7.44435,-0.11890165979365185,-0.42391163982792035,0.3
1769796736.120003,-1.1056469999999998,-1.327646909741383,6.537226966256972,0.3,-1.126965,-1.452875,6.534513,0.666667,1.0,7.44435,-0.11616657369935877,-0.4140146465143549,0.3
1769796736.139443,-1.099998,-1.3206611183815942,6.602719674055826,0.3,-1.036475,-1.426585,6.597345,0.666667,1.0,7.538582,-0.114326037282841,-0.41245930613623516,0.3
1769796736.159574,-1.0943569999999998,-1.3126311543299574,6.606605683604743,0.3,-1.036475,-1.426585,6.597345,0.666667,1.0,7.538582,-0.11356903387301767,-0.40696382346537163,0.3
1769796736.179735,-1.0887826666666667,-1.3122468564768324,6.593474621216201,0.3,-1.036475,-1.426585,6.597345,0.666667,1.0,7.538582,-0.11396646585426941,-0.40532745536752773,0.3
1769796736.199881,-1.0832626666666665,-1.3107626002175736,6.594724909729325,0.3,-1.036475,-1.426585,6.597345,0.666667,1.0,7.538582,-0.1154789308422156,-0.40476996532693144,0.3
1769796736.220309,-1.0777713333333332,-1.308299117533761,6.590343732729159,0.3,-1.036475,-1.426585,6.597345,0.666667,1.0,7.538582,-0.11802180265079433,-0.4199737192431454,0.3
1769796736.241042,-1.0722259999999997,-1.3050718087668807,6.607966989695664,0.3,-1.036475,-1.426585,6.597345,0.666667,1.0,7.538582,-0.12135691390570669,-0.4336789840373157,0.3
1769796736.261437,-1.0666186666666666,-1.3013985714285716,6.597925157164,0.3,-1.036475,-1.426585,6.597345,0.666667,1.0,7.538582,-0.1251608571428568,-0.45552541898097204,0.3
1769796736.281792,-1.0609529999999998,-1.2976463340902626,6.611261379128372,0.3,-1.036475,-1.426585,6.597345,0.666667,1.0,7.538582,-0.12904151466572125,-0.4656865020961061,0.3
1769796736.30182,-1.0552586666666666,-1.294188311037668,6.597734399466481,0.3,-1.036475,-1.426585,6.597345,0.666667,1.0,7.538582,-0.1326136259206337,-0.48059431716020096,0.3
1769796736.322099,-1.049574,-1.2913610426395696,6.603859543409357,0.3,-1.036475,-1.426585,6.597345,0.666667,1.0,7.538582,-0.13553492630064115,-0.49482996664083645,0.3
1769796736.342422,-1.043923,-1.2894347149517391,6.622988826917841,0.3,-1.036475,-1.426585,6.597345,0.666667,1.0,7.538582,-0.13752331986001612,-0.5026173047361331,0.3
1769796736.362777,-1.0383066666666665,-1.288610559955757,6.600053273036955,0.3,-1.036475,-1.426585,6.597345,0.666667,1.0,7.538582,-0.13839260898412517,-0.48834121196107977,0.3
1769796736.382725,-1.0327146666666664,-1.2889862863803103,6.556778036970722,0.3,-1.036475,-1.426585,6.597345,0.666667,1.0,7.538582,-0.13800739128858777,-0.48155100170230875,0.3
1769796736.402658,-1.0271383333333333,-1.290545971210998,6.607411377500373,0.3,-1.036475,-1.426585,6.597345,0.666667,1.0,7.538582,-0.1363961405863559,-0.4684683442665037,0.3
1769796736.423244,-1.021572,-1.282493739609096,6.579726766749817,0.3,-1.036475,-1.426585,6.597345,0.666667,1.0,7.538582,-0.13371355449206276,-0.4695460392303737,0.3
1769796736.44364,-1.0160129999999998,-1.2752051912331195,6.64835198194678,0.3,-0.947813,-1.394665,6.660176,0.666667,1.0,7.632814,-0.1302440860942933,-0.4553929721011629,0.3
1769796736.463777,-1.0104343333333332,-1.2683370714285713,6.664932262140107,0.3,-0.947813,-1.394665,6.660176,0.666667,1.0,7.632814,-0.12634178571428584,-0.44452739074667474,0.3
1769796736.48416,-1.0048199999999998,-1.2721508801954517,6.651652571465432,0.3,-0.947813,-1.394665,6.660176,0.666667,1.0,7.632814,-0.12239791390570709,-0.43843652102940506,0.3
1769796736.504437,-0.9991696666666665,-1.275609474676618,6.670433319133784,0.3,-0.947813,-1.394665,6.660176,0.666667,1.0,7.632814,-0.11880265979365177,-0.4149181705492461,0.3
1769796736.5251,-0.9935313333333332,-1.2783483145032877,6.638995429460432,0.3,-0.947813,-1.394665,6.660176,0.666667,1.0,7.632814,-0.11596600227078722,-0.4126080503915053,0.3
1769796736.54495,-0.9879586666666667,-1.2800713564768325,6.673088448415497,0.3,-0.947813,-1.394665,6.660176,0.666667,1.0,7.632814,-0.11418139442569794,-0.4082993830747559,0.3
1769796736.565522,-0.9824396666666665,-1.2806074400442433,6.676501827261455,0.3,-0.947813,-1.394665,6.660176,0.666667,1.0,7.632814,-0.11363353387301763,-0.41038417544555955,0.3
1769796736.586116,-0.9769353333333332,-1.279911427905404,6.649536833354045,0.3,-0.947813,-1.394665,6.660176,0.666667,1.0,7.632814,-0.11435775156855499,-0.4167519079869831,0.3
1769796736.606405,-0.9714156666666666,-1.2780646002175737,6.682647353411816,0.3,-0.947813,-1.394665,6.660176,0.666667,1.0,7.632814,-0.11626943084221553,-0.42581547301494194,0.3
1769796736.626462,-0.9658959999999999,-1.2752524746766185,6.681701837637129,0.3,-0.947813,-1.394665,6.660176,0.666667,1.0,7.632814,-0.1191740169365084,-0.43051142822785665,0.3
1769796736.646702,-0.9603933333333332,-1.2717474516240237,6.633210569780758,0.3,-0.947813,-1.394665,6.660176,0.666667,1.0,7.632814,-0.12279412819142091,-0.43436288926344324,0.3
1769796736.666782,-0.9548999999999999,-1.267906428571429,6.657761193951567,0.3,-0.947813,-1.394665,6.660176,0.666667,1.0,7.632814,-0.12678449999999958,-0.4352674251418476,0.3
1769796736.687034,-0.9494286666666665,-1.2641243340902628,6.645693657457263,0.3,-0.947813,-1.394665,6.660176,0.666667,1.0,7.632814,-0.13069708609429267,-0.45422518044444127,0.3
1769796736.707124,-0.9439836666666664,-1.2607977396090966,6.644900504970834,0.3,-0.947813,-1.394665,6.660176,0.666667,1.0,7.632814,-0.13414041163491947,-0.4598890225810976,0.3
1769796736.727444,-0.9385599999999998,-1.2457779474014743,6.639687831329444,0.3,-0.947813,-1.394665,6.660176,0.666667,1.0,7.632814,-0.1367642834434983,-0.48783657505155203,0.3
1769796736.747864,-0.9331339999999999,-1.231780953046977,6.761190311286585,0.3,-0.861331,-1.357241,6.723008,0.666667,1.0,7.727047,-0.13833246271715907,-0.4939994551550176,0.3
1769796736.76831,-0.9276216666666666,-1.2189445599557567,6.70930746860466,0.3,-0.861331,-1.357241,6.723008,0.666667,1.0,7.727047,-0.13870739469841112,-0.5047167163116251,0.3
1769796736.789617,-0.9220106666666665,-1.2197760006660245,6.728488235078264,0.3,-0.861331,-1.357241,6.723008,0.666667,1.0,7.727047,-0.13784946271715928,-0.4873447595945712,0.3
1769796736.808734,-0.9163396666666666,-1.2217022569252836,6.7200378472229865,0.3,-0.861331,-1.357241,6.723008,0.666667,1.0,7.727047,-0.13583814058635582,-0.48934647584143104,0.3
1769796736.828843,-0.9107153333333332,-1.2245143824662388,6.734105066125132,0.3,-0.861331,-1.357241,6.723008,0.666667,1.0,7.727047,-0.13292862592063434,-0.4753245033019407,0.3
1769796736.849185,-0.9051796666666666,-1.227910976947405,6.7181232810140505,0.3,-0.861331,-1.357241,6.723008,0.666667,1.0,7.727047,-0.12941308609429328,-0.46179282821071554,0.3
1769796736.869355,-0.8997176666666665,-1.231559714285714,6.717532046137312,0.3,-0.861331,-1.357241,6.723008,0.666667,1.0,7.727047,-0.1256483571428573,-0.44915462287778624,0.3
1769796736.889928,-0.8943156666666665,-1.2351115944811661,6.7362888125290965,0.3,-0.861331,-1.357241,6.723008,0.666667,1.0,7.727047,-0.12198241390570706,-0.43775624270711244,0.3
1769796736.910015,-0.8889589999999998,-1.2382336889623322,6.723701659206986,0.3,-0.861331,-1.357241,6.723008,0.666667,1.0,7.727047,-0.11875744550793742,-0.4295914653946018,0.3
1769796736.930055,-0.8836373333333332,-1.2406282430747162,6.727545913094675,0.3,-0.861331,-1.357241,6.723008,0.666667,1.0,7.727047,-0.11628207369935852,-0.4127884385788175,0.3
1769796736.950542,-0.8783396666666664,-1.2420612136196896,6.716847369513645,0.3,-0.861331,-1.357241,6.723008,0.666667,1.0,7.727047,-0.11479875156855512,-0.40214541911005713,0.3
1769796736.970709,-0.8730566666666665,-1.2424134400442433,6.7110737926778725,0.3,-0.861331,-1.357241,6.723008,0.666667,1.0,7.727047,-0.11445853387301733,-0.3911927840325582,0.3
1769796736.990991,-0.8677799999999998,-1.24166871361969,6.703492121254693,0.3,-0.861331,-1.357241,6.723008,0.666667,1.0,7.727047,-0.11522539442569767,-0.3936839968203863,0.3
1769796737.01094,-0.8624949999999999,-1.2256513383128118,6.715682790903565,0.3,-0.861331,-1.357241,6.723008,0.666667,1.0,7.727047,-0.11703293084221529,-0.3962577731682577,0.3
1769796737.031348,-0.8571966666666665,-1.2087765937242374,6.762770314715093,0.3,-0.777369,-1.31446,6.78584,0.666667,1.0,7.821279,-0.11972965979365127,-0.42234273963551444,0.3
1769796737.051682,-0.8519013333333332,-1.191282451624024,6.807528943029456,0.3,-0.777369,-1.31446,6.78584,0.666667,1.0,7.821279,-0.1230686281914207,-0.4340710739796465,0.3
1769796737.071737,-0.846645,-1.187732428571429,6.776451237166613,0.3,-0.777369,-1.31446,6.78584,0.666667,1.0,7.821279,-0.12673435714285664,-0.45979307946855297,0.3
1769796737.092067,-0.8413909999999998,-1.1842031198045484,6.794664985871241,0.3,-0.777369,-1.31446,6.78584,0.666667,1.0,7.821279,-0.1303797289514355,-0.461217581488149,0.3
1769796737.112178,-0.8360899999999999,-1.1810068824662394,6.776086812336052,0.3,-0.777369,-1.31446,6.78584,0.666667,1.0,7.821279,-0.1336565544920623,-0.47348411750158803,0.3
1769796737.132659,-0.8307406666666665,-1.1784274712109981,6.7774646039568545,0.3,-0.777369,-1.31446,6.78584,0.666667,1.0,7.821279,-0.13632306915778408,-0.47944350385528783,0.3
1769796737.152781,-0.8254043333333332,-1.1766964292374533,6.785354206989149,0.3,-0.777369,-1.31446,6.78584,0.666667,1.0,7.821279,-0.13811796271715918,-0.4872459198794951,0.3
1769796737.173448,-0.8201399999999999,-1.1759909885271853,6.780214153127731,0.3,-0.777369,-1.31446,6.78584,0.666667,1.0,7.821279,-0.13884968041269677,-0.5035975293333715,0.3
1769796737.193703,-0.8149389999999999,-1.1763880006660246,6.816653814743199,0.3,-0.777369,-1.31446,6.78584,0.666667,1.0,7.821279,-0.13843939128858787,-0.5011247385900206,0.3
1769796737.213782,-0.8097909999999998,-1.177849828353855,6.782442367855362,0.3,-0.777369,-1.31446,6.78584,0.666667,1.0,7.821279,-0.1369269263006417,-0.501153929969577,0.3
1769796737.233961,-0.8046766666666665,-1.180230596751953,6.794913753410387,0.3,-0.777369,-1.31446,6.78584,0.666667,1.0,7.821279,-0.13446419734920573,-0.48000331753562375,0.3
1769796737.254467,-0.7995813333333333,-1.183293834090262,6.781149801385911,0.3,-0.777369,-1.31446,6.78584,0.666667,1.0,7.821279,-0.13129708609429327,-0.4748069542002882,0.3
1769796737.274941,-0.7944839999999999,-1.1867604999999999,6.798807946911263,0.3,-0.777369,-1.31446,6.78584,0.666667,1.0,7.821279,-0.12773721428571447,-0.4482155713169855,0.3
1769796737.295228,-0.7893706666666666,-1.1903091659097376,6.758812846410208,0.3,-0.777369,-1.31446,6.78584,0.666667,1.0,7.821279,-0.12406419961999281,-0.4418278694242829,0.3
1769796737.315431,-0.7842353333333332,-1.1776129270575704,6.799576182605812,0.3,-0.777369,-1.31446,6.78584,0.666667,1.0,7.821279,-0.12065108836508025,-0.4170213571525038,0.3
1769796737.335711,-0.7790736666666666,-1.1643193621223353,6.829849975103272,0.3,-0.69626,-1.266492,6.848672,0.666667,1.0,7.915511,-0.11785793084221582,-0.4120748163533863,0.3
1769796737.35612,-0.7738623333333332,-1.1501474993339753,6.836117655571636,0.3,-0.69626,-1.266492,6.848672,0.666667,1.0,7.915511,-0.11597689442569782,-0.3990715442502046,0.3
1769796737.376275,-0.7686063333333332,-1.1509044400442432,6.846967110078609,0.3,-0.69626,-1.266492,6.848672,0.666667,1.0,7.915511,-0.11519867673016018,-0.400042175784387,0.3
1769796737.396611,-0.7633516666666665,-1.1505252136196897,6.839853670107491,0.3,-0.69626,-1.266492,6.848672,0.666667,1.0,7.915511,-0.11558710871141188,-0.4020804798162563,0.3
1769796737.416885,-0.7581679999999998,-1.149011957360431,6.837446030163501,0.3,-0.69626,-1.266492,6.848672,0.666667,1.0,7.915511,-0.11711457369935822,-0.41465608161798967,0.3
1769796737.437334,-0.7547463333333333,-1.146482688962333,6.864321364402906,0.3,-0.69626,-1.266492,6.848672,0.666667,1.0,7.915511,-0.11973844550793679,-0.4257226384730248,0.3
1769796737.437334,-0.7513969999999999,-1.1431778801954524,6.842862171424476,0.3,-0.69626,-1.266492,6.848672,0.666667,1.0,7.915511,-0.12317491390570637,-0.43946834524061756,0.3
1769796737.459207,-0.7464273333333332,-1.139441928571429,6.83983176396974,0.3,-0.69626,-1.266492,6.848672,0.666667,1.0,7.915511,-0.12702899999999945,-0.44761608646221696,0.3
1769796737.497743,-0.7398156666666664,-1.1356559055188342,6.84875727124922,0.3,-0.69626,-1.266492,6.848672,0.666667,1.0,7.915511,-0.13094630038000685,-0.4617388322176126,0.3
1769796737.51786,-0.7348619999999998,-1.1321814538948107,6.8426781383762325,0.3,-0.69626,-1.266492,6.848672,0.666667,1.0,7.915511,-0.13453298306349085,-0.476516439363824,0.3
1769796737.51786,-0.7315859999999997,-1.1293561854967125,6.84506995469017,0.3,-0.69626,-1.266492,6.848672,0.666667,1.0,7.915511,-0.13745235487206975,-0.48739596269334834,0.3
1769796737.538453,-0.7283143333333332,-1.127457000666025,6.850593328934928,0.3,-0.69626,-1.266492,6.848672,0.666667,1.0,7.915511,-0.13942210557430182,-0.5003595233997501,0.3
1769796737.558868,-0.7234026666666665,-1.1266700599557569,6.859951567467077,0.3,-0.69626,-1.266492,6.848672,0.666667,1.0,7.915511,-0.1402305375555538,-0.5023309949378859,0.3
1769796737.578731,-0.7184843333333332,-1.127078072094596,6.8426933031297,0.3,-0.69626,-1.266492,6.848672,0.666667,1.0,7.915511,-0.1398131770028736,-0.5058968256871866,0.3
1769796737.59903,-0.7135603333333331,-1.1286563997824264,6.864792769334592,0.3,-0.69626,-1.266492,6.848672,0.666667,1.0,7.915511,-0.13819806915778443,-0.4853917958749851,0.3
1769796737.619681,-0.7086286666666665,-1.1136137872281437,6.819123808540143,0.3,-0.69626,-1.266492,6.848672,0.666667,1.0,7.915511,-0.13549555449206283,-0.48485136637918186,0.3
1769796737.639788,-0.7036846666666664,-1.0993575721855002,6.93014629395342,0.3,-0.618322,-1.213525,6.911504,0.666667,1.0,8.009744,-0.1319740146657218,-0.46561007943220806,0.3
1769796737.660047,-0.6987009999999999,-1.0855436428571428,6.9085081113465385,0.3,-0.618322,-1.213525,6.911504,0.666667,1.0,8.009744,-0.12799971428571455,-0.4714972063070429,0.3
1769796737.680284,-0.6936406666666666,-1.0894413087668802,6.936209957152731,0.3,-0.618322,-1.213525,6.911504,0.666667,1.0,8.009744,-0.1239703424771357,-0.4501096361895783,0.3
1769796737.700741,-0.6885433333333332,-1.0930063318194752,6.911617383708426,0.3,-0.618322,-1.213525,6.911504,0.666667,1.0,8.009744,-0.12028101693650904,-0.43693456390674795,0.3
1769796737.720832,-0.6834693333333332,-1.0958676716461448,6.909774914489616,0.3,-0.618322,-1.213525,6.911504,0.666667,1.0,8.009744,-0.11730464512793003,-0.42369807492414296,0.3
1769796737.741397,-0.6784866666666666,-1.0977200707625467,6.929658452367944,0.3,-0.618322,-1.213525,6.911504,0.666667,1.0,8.009744,-0.11538632299712663,-0.42671889469227225,0.3
1769796737.76177,-0.6735829999999998,-1.0983620829013858,6.938010308856111,0.3,-0.618322,-1.213525,6.911504,0.666667,1.0,8.009744,-0.11472381958730318,-0.41306609079877726,0.3
1769796737.781695,-0.6687443333333332,-1.0977362136196895,6.882086636424137,0.3,-0.618322,-1.213525,6.911504,0.666667,1.0,8.009744,-0.11537860871141216,-0.4119275026573234,0.3
1769796737.801802,-0.6639553333333331,-1.0959166002175738,6.920447824333616,0.3,-0.618322,-1.213525,6.911504,0.666667,1.0,8.009744,-0.11726393084221534,-0.40751037386773686,0.3
1769796737.821902,-0.6591936666666665,-1.0930941889623327,6.908334650122601,0.3,-0.618322,-1.213525,6.911504,0.666667,1.0,8.009744,-0.12018265979365124,-0.43448915811309446,0.3
1769796737.842505,-0.6544453333333332,-1.0895490944811665,6.922757110807114,0.3,-0.618322,-1.213525,6.911504,0.666667,1.0,8.009744,-0.12384584247713505,-0.44449773920022756,0.3
1769796737.862669,-0.6496989999999999,-1.0856370000000004,6.911336735496846,0.3,-0.618322,-1.213525,6.911504,0.666667,1.0,8.009744,-0.12789921428571382,-0.4602296409736965,0.3
1769796737.882814,-0.6449553333333332,-1.0817602626616913,6.910895296031031,0.3,-0.618322,-1.213525,6.911504,0.666667,1.0,8.009744,-0.13191894323714967,-0.4825623733963309,0.3
1769796737.903128,-0.6402109999999998,-1.078325811037668,6.946013901126886,0.3,-0.618322,-1.213525,6.911504,0.666667,1.0,8.009744,-0.1354760544920623,-0.49751996170769947,0.3
1769796737.923776,-0.6354649999999998,-1.05642773311576,6.918097467495111,0.3,-0.618322,-1.213525,6.911504,0.666667,1.0,8.009744,-0.13820256915778398,-0.5141166560397475,0.3
1769796737.943844,-0.6307113333333332,-1.0355671673326914,6.993795982810297,0.3,-0.543864,-1.15577,6.974336,0.666667,1.0,8.103976,-0.13985817700287334,-0.5053991013361449,0.3
1769796737.96425,-0.6258896666666666,-1.0158818456700427,6.967956569853511,0.3,-0.543864,-1.15577,6.974336,0.666667,1.0,8.103976,-0.14030275184126806,-0.5049824198074762,0.3
1769796737.984677,-0.6210149999999999,-1.0166540720945962,6.975418003048379,0.3,-0.543864,-1.15577,6.974336,0.666667,1.0,8.103976,-0.13950353414573055,-0.4952298031807701,0.3
1769796738.005035,-0.6161246666666665,-1.0185408997824263,6.97384007933406,0.3,-0.543864,-1.15577,6.974336,0.666667,1.0,8.103976,-0.13754149772921287,-0.4933968466452459,0.3
1769796738.025466,-0.6113073333333332,-1.0213333110376674,6.981708715406805,0.3,-0.543864,-1.15577,6.974336,0.666667,1.0,8.103976,-0.13464226877777702,-0.4880177508811121,0.3
1769796738.045576,-0.6065719999999999,-1.024727119804548,6.988331170785754,0.3,-0.543864,-1.15577,6.974336,0.666667,1.0,8.103976,-0.13112630038000747,-0.4697244808791101,0.3
1769796738.06622,-0.6019049999999998,-1.0283791428571425,6.958369626028246,0.3,-0.543864,-1.15577,6.974336,0.666667,1.0,8.103976,-0.12736007142857156,-0.45556095775591077,0.3
1769796738.086533,-0.5972956666666666,-1.031939951624023,6.979789978323894,0.3,-0.543864,-1.15577,6.974336,0.666667,1.0,8.103976,-0.12368619961999286,-0.4348354188667831,0.3
1769796738.106693,-0.5927356666666665,-1.0350796175337607,6.9686660468626735,0.3,-0.543864,-1.15577,6.974336,0.666667,1.0,8.103976,-0.12044387407936614,-0.4281466435325369,0.3
1769796738.128022,-0.5882179999999999,-1.037499385931859,6.9724558479345005,0.3,-0.543864,-1.15577,6.974336,0.666667,1.0,8.103976,-0.11794107369935881,-0.42685266429159524,0.3
1769796738.146865,-0.5837329999999998,-1.0389622136196894,7.000568796294537,0.3,-0.543864,-1.15577,6.974336,0.666667,1.0,8.103976,-0.11642689442569806,-0.4165335814980105,0.3
1769796738.167127,-0.579266,-1.0393367257585286,6.957168052223561,0.3,-0.543864,-1.15577,6.974336,0.666667,1.0,8.103976,-0.11605539101587474,-0.4219822712828454,0.3
1769796738.18754,-0.5747909999999998,-1.038606427905404,6.990272949151438,0.3,-0.543864,-1.15577,6.974336,0.666667,1.0,8.103976,-0.1168175372828408,-0.40892610661048384,0.3
1769796738.207762,-0.5702986666666665,-1.0368708145032877,6.959583104593841,0.3,-0.543864,-1.15577,6.974336,0.666667,1.0,8.103976,-0.11861778798507272,-0.4196146261146749,0.3
1769796738.228252,-0.5657836666666665,-1.0135347127718564,6.966889871271186,0.3,-0.543864,-1.15577,6.974336,0.666667,1.0,8.103976,-0.12126223122222281,-0.41462563299862004,0.3
1769796738.248499,-0.561252,-0.9896168563859282,7.014572776350064,0.3,-0.473179,-1.093453,7.037168,0.666667,1.0,8.198208,-0.12450884247713519,-0.4440229505889759,0.3
1769796738.269042,-0.5566993333333332,-0.9654154285714288,7.0689626739379054,0.3,-0.473179,-1.093453,7.037168,0.666667,1.0,8.198208,-0.1280543571428567,-0.46174372303114497,0.3
1769796738.288832,-0.5521243333333332,-0.9620362626616913,7.0425024167327805,0.3,-0.473179,-1.093453,7.037168,0.666667,1.0,8.198208,-0.13154951466572137,-0.4833809351839042,0.3
1769796738.309124,-0.5475656666666665,-0.9590245967519536,7.038318681415063,0.3,-0.473179,-1.093453,7.037168,0.666667,1.0,8.198208,-0.1346463402063481,-0.4857762215409642,0.3
1769796738.329642,-0.5430579999999998,-0.9566551854967126,7.045559667954861,0.3,-0.473179,-1.093453,7.037168,0.666667,1.0,8.198208,-0.13708935487206975,-0.49826488159300847,0.3
1769796738.349783,-0.5386306666666666,-0.9551330720945964,7.053778225839416,0.3,-0.473179,-1.093453,7.037168,0.666667,1.0,8.198208,-0.13865774843144468,-0.4957738474544355,0.3
1769796738.370289,-0.5342723333333331,-0.9546033456700428,7.016252467203987,0.3,-0.473179,-1.093453,7.037168,0.666667,1.0,8.198208,-0.1392126804126966,-0.49345674235037285,0.3
1769796738.390858,-0.5299659999999998,-0.9551270720945961,7.033766973584679,0.3,-0.473179,-1.093453,7.037168,0.666667,1.0,8.198208,-0.13867853414573061,-0.4860964015670956,0.3
1769796738.410976,-0.5256969999999999,-0.9566708283538551,7.038216702317445,0.3,-0.473179,-1.093453,7.037168,0.666667,1.0,8.198208,-0.13708656915778444,-0.49177419390172944,0.3
1769796738.430901,-0.5214513333333332,-0.9590953824662388,7.047380549961842,0.3,-0.473179,-1.093453,7.037168,0.666667,1.0,8.198208,-0.13458141163492002,-0.48478181664694914,0.3
1769796738.451203,-0.5172189999999999,-0.9621674769474048,7.038732725227181,0.3,-0.473179,-1.093453,7.037168,0.666667,1.0,8.198208,-0.1314048718085791,-0.47270131811056215,0.3
1769796738.471891,-0.5129906666666665,-0.9656057857142852,7.035958493135748,0.3,-0.473179,-1.093453,7.037168,0.666667,1.0,8.198208,-0.12787028571428613,-0.45502255833675065,0.3
1769796738.491826,-0.5087586666666666,-0.9690958087668801,7.033914717127395,0.3,-0.473179,-1.093453,7.037168,0.666667,1.0,8.198208,-0.12426648533427884,-0.43391317085481934,0.3
1769796738.511988,-0.5045166666666665,-0.9723291175337606,7.018168262119245,0.3,-0.473179,-1.093453,7.037168,0.666667,1.0,8.198208,-0.12093480265079494,-0.42517625632743145,0.3
1769796738.53198,-0.5002593333333332,-0.952785862122335,7.045282610339326,0.3,-0.473179,-1.093453,7.037168,0.666667,1.0,8.198208,-0.11817035941364462,-0.40750612330622227,0.3
1769796738.552253,-0.4959826666666665,-0.9324130231434989,7.078359119018345,0.3,-0.406547,-1.026821,7.099999,0.666667,1.0,8.29244,-0.11626425156855535,-0.40996426664231805,0.3
1769796738.572808,-0.4916446666666665,-0.9110165829013859,7.1056370942220575,0.3,-0.406547,-1.026821,7.099999,0.666667,1.0,8.29244,-0.11542131958730338,-0.41117012723769913,0.3
1769796738.593048,-0.48727933333333323,-0.9107224993339753,7.119391390216341,0.3,-0.406547,-1.026821,7.099999,0.666667,1.0,8.29244,-0.11572768013998365,-0.4178623010059308,0.3
1769796738.613287,-0.4829303333333332,-0.909332171646145,7.092181193461915,0.3,-0.406547,-1.026821,7.099999,0.666667,1.0,8.29244,-0.1171465022707869,-0.41675512863308634,0.3
1769796738.63361,-0.47867033333333325,-0.9069641889623327,7.0889082663030205,0.3,-0.406547,-1.026821,7.099999,0.666667,1.0,8.29244,-0.11959230265079432,-0.4081587106734537,0.3
1769796738.653909,-0.4744823333333332,-0.9038223087668807,7.073628948068428,0.3,-0.406547,-1.026821,7.099999,0.666667,1.0,8.29244,-0.12283162819142092,-0.41354698138833523,0.3
1769796738.674296,-0.47034566666666655,-0.900213142857143,7.074523699539408,0.3,-0.406547,-1.026821,7.099999,0.666667,1.0,8.29244,-0.1265721428571427,-0.4373224061588005,0.3
1769796738.694855,-0.46624699999999986,-0.8964996912331197,7.115864840492869,0.3,-0.406547,-1.026821,7.099999,0.666667,1.0,8.29244,-0.13041980038000714,-0.47035867170645657,0.3
1769796738.714946,-0.4621836666666665,-0.8930673110376678,7.125010979999266,0.3,-0.406547,-1.026821,7.099999,0.666667,1.0,8.29244,-0.13397198306349106,-0.4951252182126809,0.3
1769796738.735186,-0.4581446666666665,-0.8902650426395695,7.106778452719856,0.3,-0.406547,-1.026821,7.099999,0.666667,1.0,8.29244,-0.13686928344349847,-0.5022765241463993,0.3
1769796738.755548,-0.45411933333333315,-0.8883726435231676,7.107849863674394,0.3,-0.406547,-1.026821,7.099999,0.666667,1.0,8.29244,-0.13882660557430207,-0.499013029466318,0.3
1769796738.775836,-0.45009966666666656,-0.8876048456700425,7.096881459114098,0.3,-0.406547,-1.026821,7.099999,0.666667,1.0,8.29244,-0.1396491804126967,-0.49282161904223676,0.3
1769796738.795835,-0.4460779999999998,-0.8880630006660245,7.081914863631602,0.3,-0.406547,-1.026821,7.099999,0.666667,1.0,8.29244,-0.13917267700287364,-0.48236557022279697,0.3
1769796738.816089,-0.44204899999999986,-0.8661557331157596,7.08334836754433,0.3,-0.406547,-1.026821,7.099999,0.666667,1.0,8.29244,-0.13745214058635596,-0.47602683085272823,0.3
1769796738.836132,-0.4379876666666665,-0.8452582634186196,7.158681535629514,0.3,-0.34423,-0.956136,7.162831,0.666667,1.0,8.386673,-0.13468598306349164,-0.4795921786426475,0.3
1769796738.856674,-0.43389433333333316,-0.8250959769474048,7.181238945514402,0.3,-0.34423,-0.956136,7.162831,0.666667,1.0,8.386673,-0.13118008609429344,-0.4715595890193413,0.3
1769796738.877162,-0.4298083333333332,-0.8288912857142853,7.158547158409788,0.3,-0.34423,-0.956136,7.162831,0.666667,1.0,8.386673,-0.12725400000000048,-0.46307316986078645,0.3
1769796738.897754,-0.4270943333333332,-0.8327125230525944,7.173708353609388,0.3,-0.34423,-0.956136,7.162831,0.666667,1.0,8.386673,-0.12330005676285023,-0.4411159422859985,0.3
1769796738.897754,-0.4244453333333332,-0.8361486175337607,7.160680567754163,0.3,-0.34423,-0.956136,7.162831,0.666667,1.0,8.386673,-0.1197163740793663,-0.431429268955065,0.3
1769796738.91798,-0.42184833333333316,-0.8388291716461446,7.167602860244114,0.3,-0.34423,-0.956136,7.162831,0.666667,1.0,8.386673,-0.1169457165565017,-0.4196605474675091,0.3
1769796738.938083,-0.41798333333333315,-0.8404690707625466,7.169798611548657,0.3,-0.34423,-0.956136,7.162831,0.666667,1.0,8.386673,-0.11525839442569809,-0.4055388677880292,0.3
1769796738.958727,-0.4141793333333332,-0.840924440044243,7.1414913050026065,0.3,-0.34423,-0.956136,7.162831,0.666667,1.0,8.386673,-0.11479667673016034,-0.40533471257652987,0.3
1769796738.979192,-0.4104273333333332,-0.8401569993339754,7.171631957017857,0.3,-0.34423,-0.956136,7.162831,0.666667,1.0,8.386673,-0.11557960871141212,-0.4180250680136885,0.3
1769796738.999177,-0.40671566666666653,-0.8382399573604308,7.195296825339815,0.3,-0.34423,-0.956136,7.162831,0.666667,1.0,8.386673,-0.11756071655650129,-0.43512461544961584,0.3
1769796739.019839,-0.40303899999999987,-0.8353458318194754,7.165624301641359,0.3,-0.34423,-0.956136,7.162831,0.666667,1.0,8.386673,-0.1205478026507942,-0.4538250101691273,0.3
1769796739.039966,-0.39939733333333316,-0.8317490944811664,7.192271755669434,0.3,-0.34423,-0.956136,7.162831,0.666667,1.0,8.386673,-0.12426198533427811,-0.45648328151323403,0.3
1769796739.059998,-0.3957846666666665,-0.8277977142857145,7.16646099225186,0.3,-0.34423,-0.956136,7.162831,0.666667,1.0,8.386673,-0.12835092857142835,-0.4771279191602941,0.3
1769796739.080246,-0.3921689999999998,-0.8238917626616912,7.181809785710851,0.3,-0.34423,-0.956136,7.162831,0.666667,1.0,8.386673,-0.13240194323715002,-0.4747407081246877,0.3
1769796739.100374,-0.38852699999999984,-0.820434025323382,7.146704140730543,0.3,-0.34423,-0.956136,7.162831,0.666667,1.0,8.386673,-0.13597984020634826,-0.4756917733938453,0.3
1769796739.120713,-0.38484766666666653,-0.7929576378776647,7.134451089467057,0.3,-0.34423,-0.956136,7.162831,0.666667,1.0,8.386673,-0.13872414058635574,-0.4722337811440303,0.3
1769796739.140732,-0.3811379999999998,-0.7665350482850721,7.208459188695815,0.3,-0.286475,-0.881678,7.225663,0.666667,1.0,8.480905,-0.140373105574302,-0.4776996093427542,0.3
1769796739.160999,-0.37738499999999986,-0.7413110599557567,7.208485870634166,0.3,-0.286475,-0.881678,7.225663,0.666667,1.0,8.480905,-0.14078960898412554,-0.48930292571861433,0.3
1769796739.181408,-0.3736063333333332,-0.7421339292374528,7.2252621216270905,0.3,-0.286475,-0.881678,7.225663,0.666667,1.0,8.480905,-0.13993810557430233,-0.49072797923981365,0.3
1769796739.201687,-0.36984699999999987,-0.7440935426395691,7.220634714952621,0.3,-0.286475,-0.881678,7.225663,0.666667,1.0,8.480905,-0.13790449772921334,-0.4889984099938555,0.3
1769796739.222096,-0.3661596666666665,-0.7469744538948099,7.223309850809182,0.3,-0.286475,-0.881678,7.225663,0.666667,1.0,8.480905,-0.13491076877777736,-0.48833601357548745,0.3
1769796739.242233,-0.36256066666666653,-0.7504677626616904,7.252207182769137,0.3,-0.286475,-0.881678,7.225663,0.666667,1.0,8.480905,-0.13129537180857936,-0.4817336254263274,0.3
1769796739.262886,-0.35903599999999986,-0.754213428571428,7.237447848780879,0.3,-0.286475,-0.881678,7.225663,0.666667,1.0,8.480905,-0.127424571428572,-0.4686779672844324,0.3
1769796739.282745,-0.3555696666666665,-0.7578500944811656,7.225658536411972,0.3,-0.286475,-0.881678,7.225663,0.666667,1.0,8.480905,-0.12367377104856458,-0.4425573809632364,0.3
1769796739.302808,-0.3521456666666665,-0.7610357603909034,7.2184123304543535,0.3,-0.286475,-0.881678,7.225663,0.666667,1.0,8.480905,-0.12038537407936635,-0.4279018305634017,0.3
1769796739.322892,-0.3487493333333332,-0.763474243074716,7.230530665867638,0.3,-0.286475,-0.881678,7.225663,0.666667,1.0,8.480905,-0.11786757369935884,-0.41233590125925473,0.3
1769796739.342985,-0.3453686666666665,-0.7649348564768322,7.2101520050789025,0.3,-0.286475,-0.881678,7.225663,0.666667,1.0,8.480905,-0.1163583229971267,-0.4161505204102994,0.3
1769796739.363497,-0.34199366666666653,-0.7652892257585288,7.242878758467919,0.3,-0.286475,-0.881678,7.225663,0.666667,1.0,8.480905,-0.11600353387301766,-0.414685526720743,0.3
1769796739.383659,-0.3386103333333332,-0.7645266421911181,7.230302475574218,0.3,-0.286475,-0.881678,7.225663,0.666667,1.0,8.480905,-0.11680446585426942,-0.41408407382134765,0.3
1769796739.403829,-0.33520833333333316,-0.7627540287890021,7.201024721598957,0.3,-0.286475,-0.881678,7.225663,0.666667,1.0,8.480905,-0.11864607369935841,-0.42382778226567996,0.3
1769796739.424245,-0.33177999999999985,-0.7341787127718563,7.250920469317552,0.3,-0.286475,-0.881678,7.225663,0.666667,1.0,8.480905,-0.12132137407936579,-0.42691116967800263,0.3
1769796739.444824,-0.3283266666666665,-0.7050306421002138,7.275134655589068,0.3,-0.233508,-0.80374,7.288495,0.666667,1.0,8.575137,-0.12459241390570679,-0.454162103250819,0.3
1769796739.46527,-0.3248293333333332,-0.6756042857142859,7.303264224464969,0.3,-0.233508,-0.80374,7.288495,0.666667,1.0,8.575137,-0.12815228571428558,-0.4612290997541229,0.3
1769796739.485529,-0.3213313333333332,-0.672208405518834,7.298520530579336,0.3,-0.233508,-0.80374,7.288495,0.666667,1.0,8.575137,-0.13166244323715,-0.48943109847889127,0.3
1769796739.505897,-0.3178689999999999,-0.6691817396090963,7.318025141115353,0.3,-0.233508,-0.80374,7.288495,0.666667,1.0,8.575137,-0.13478005449206254,-0.4923190392167858,0.3
1769796739.525797,-0.3144973333333332,-0.6667992569252837,7.280926756970742,0.3,-0.233508,-0.80374,7.288495,0.666667,1.0,8.575137,-0.13723228344349844,-0.496565524058471,0.3
1769796739.546121,-0.3112046666666665,-0.6652665006660247,7.286488633166982,0.3,-0.233508,-0.80374,7.288495,0.666667,1.0,8.575137,-0.13880989128858787,-0.48822479813449676,0.3
1769796739.566553,-0.30797899999999984,-0.6647269170986139,7.279169861727669,0.3,-0.233508,-0.80374,7.288495,0.666667,1.0,8.575137,-0.13937832326983962,-0.49383412601035026,0.3
1769796739.586654,-0.3048083333333332,-0.6652436435231673,7.291166338092365,0.3,-0.233508,-0.80374,7.288495,0.666667,1.0,8.575137,-0.1388510341457308,-0.4966318100832938,0.3
1769796739.607167,-0.3016826666666665,-0.6667866854967119,7.299523795695647,0.3,-0.233508,-0.80374,7.288495,0.666667,1.0,8.575137,-0.13725971201492732,-0.48894458467391316,0.3
1769796739.627726,-0.29859299999999983,-0.6692150253233815,7.273526552369236,0.3,-0.233508,-0.80374,7.288495,0.666667,1.0,8.575137,-0.13474919734920593,-0.47803492735426584,0.3
1769796739.647809,-0.2955266666666665,-0.6722939055188334,7.285323010068824,0.3,-0.233508,-0.80374,7.288495,0.666667,1.0,8.575137,-0.13156601466572207,-0.46965754941116966,0.3
1769796739.668131,-0.2924649999999998,-0.6757371428571425,7.306985814002312,0.3,-0.233508,-0.80374,7.288495,0.666667,1.0,8.575137,-0.12802307142857183,-0.4600094943772404,0.3
1769796739.688371,-0.2893856666666665,-0.6792296659097371,7.282293195000772,0.3,-0.233508,-0.80374,7.288495,0.666667,1.0,8.575137,-0.12441948533427871,-0.43886811514526447,0.3
1769796739.708783,-0.2862779999999998,-0.6824596175337606,7.264990450962043,0.3,-0.233508,-0.80374,7.288495,0.666667,1.0,8.575137,-0.12108844550793776,-0.41518852820043656,0.3
1769796739.728978,-0.28314066666666654,-0.6580799097413826,7.276895379426514,0.3,-0.233508,-0.80374,7.288495,0.666667,1.0,8.575137,-0.11833321655650171,-0.40081939729739613,0.3
1769796739.7489,-0.2799793333333332,-0.6328539755244513,7.334966642297251,0.3,-0.18554,-0.722631,7.351327,0.666667,1.0,8.66937,-0.11644960871141248,-0.39804581720407767,0.3
1769796739.76915,-0.2767863333333332,-0.6065855829013859,7.3389582565357765,0.3,-0.18554,-0.722631,7.351327,0.666667,1.0,8.66937,-0.11565724815873188,-0.4041375039858049,0.3
1769796739.789231,-0.2736089999999998,-0.6062302850482609,7.362986056023558,0.3,-0.18554,-0.722631,7.351327,0.666667,1.0,8.66937,-0.11602939442569804,-0.4117439610773916,0.3
1769796739.809589,-0.2705146666666665,-0.6047757430747164,7.35063974103552,0.3,-0.18554,-0.722631,7.351327,0.666667,1.0,8.66937,-0.1175155022707872,-0.42137433428824256,0.3
1769796739.830012,-0.2675393333333332,-0.6023444746766181,7.34887758272621,0.3,-0.18554,-0.722631,7.351327,0.666667,1.0,8.66937,-0.12002087407936594,-0.42726284387123076,0.3
1769796739.849878,-0.2646476666666665,-0.599142380195452,7.354034253105974,0.3,-0.18554,-0.722631,7.351327,0.666667,1.0,8.66937,-0.12332319961999264,-0.43534879486427136,0.3
1769796739.870126,-0.2618006666666665,-0.5954780714285715,7.339587987202555,0.3,-0.18554,-0.722631,7.351327,0.666667,1.0,8.66937,-0.12712178571428562,-0.45492896136154615,0.3
1769796739.890462,-0.2589883333333332,-0.5917268340902625,7.364473928220373,0.3,-0.18554,-0.722631,7.351327,0.666667,1.0,8.66937,-0.13101380038000734,-0.4601926039802571,0.3
1769796739.910821,-0.25621633333333316,-0.5882813110376677,7.330514151838725,0.3,-0.18554,-0.722631,7.351327,0.666667,1.0,8.66937,-0.13457691163491975,-0.4752363993866302,0.3
1769796739.931704,-0.2534766666666665,-0.5854902569252838,7.3457159125332545,0.3,-0.18554,-0.722631,7.351327,0.666667,1.0,8.66937,-0.13745835487206995,-0.4872023498370015,0.3
1769796739.951688,-0.2507623333333332,-0.5836235720945963,7.370302380482211,0.3,-0.18554,-0.722631,7.351327,0.666667,1.0,8.66937,-0.13938696271715909,-0.4988186214440024,0.3
1769796739.971711,-0.24806299999999984,-0.5828762742414711,7.343647560114612,0.3,-0.18554,-0.722631,7.351327,0.666667,1.0,8.66937,-0.14017696612698252,-0.5114664392294905,0.3
1769796739.991852,-0.24536366666666654,-0.5833421435231675,7.374075986517124,0.3,-0.18554,-0.722631,7.351327,0.666667,1.0,8.66937,-0.139700248431445,-0.5043782456572298,0.3
1769796740.012119,-0.24265399999999984,-0.585004828353855,7.354800254799431,0.3,-0.18554,-0.722631,7.351327,0.666667,1.0,8.66937,-0.13798935487207015,-0.5060614734824772,0.3
1769796740.032411,-0.23991966666666653,-0.5597198348471913,7.364991886961345,0.3,-0.18554,-0.722631,7.351327,0.666667,1.0,8.66937,-0.13518891163492,-0.4984233396190718,0.3
1769796740.052428,-0.23714099999999985,-0.5352075245664527,7.442096232960391,0.3,-0.142759,-0.638669,7.414159,0.666667,1.0,8.763602,-0.1315932289514362,-0.48206005146669423,0.3
1769796740.073167,-0.23431399999999988,-0.5111174999999998,7.407737497495371,0.3,-0.142759,-0.638669,7.414159,0.666667,1.0,8.763602,-0.127564285714286,-0.46914848481167226,0.3
1769796740.093236,-0.2314933333333332,-0.5150544516240231,7.431320510447489,0.3,-0.142759,-0.638669,7.414159,0.666667,1.0,8.763602,-0.1234969853342787,-0.44366113535005897,0.3
1769796740.113708,-0.2287336666666665,-0.5186336175337608,7.412731219458017,0.3,-0.142759,-0.638669,7.414159,0.666667,1.0,8.763602,-0.1197823740793661,-0.4217080990438024,0.3
1769796740.134638,-0.22607099999999983,-0.5214907430747162,7.387386253120123,0.3,-0.142759,-0.638669,7.414159,0.666667,1.0,8.763602,-0.11682678798507297,-0.4062286298614352,0.3
1769796740.153833,-0.22348533333333317,-0.5233249279054037,7.419387187887725,0.3,-0.142759,-0.638669,7.414159,0.666667,1.0,8.763602,-0.1149256087114124,-0.39918838249565997,0.3
1769796740.17413,-0.22095899999999988,-0.5239595829013859,7.4131085663832605,0.3,-0.142759,-0.638669,7.414159,0.666667,1.0,8.763602,-0.11427981958730338,-0.39336036382664963,0.3
1769796740.194388,-0.2184746666666665,-0.5233445707625467,7.37947501391679,0.3,-0.142759,-0.638669,7.414159,0.666667,1.0,8.763602,-0.11492282299712661,-0.3873192029778507,0.3
1769796740.214804,-0.21601399999999985,-0.5215610287890021,7.397981552158,0.3,-0.142759,-0.638669,7.414159,0.666667,1.0,8.763602,-0.11677064512792998,-0.40480632638316916,0.3
1769796740.235221,-0.21356466666666654,-0.5187961175337611,7.44068059324139,0.3,-0.142759,-0.638669,7.414159,0.666667,1.0,8.763602,-0.11963044550793722,-0.4255531525665823,0.3
1769796740.254777,-0.21111866666666654,-0.515325880195452,7.403795092589219,0.3,-0.142759,-0.638669,7.414159,0.666667,1.0,8.763602,-0.1232175567628496,-0.43557050594377755,0.3
1769796740.2752,-0.20867033333333318,-0.5115134285714289,7.388739932140825,0.3,-0.142759,-0.638669,7.414159,0.666667,1.0,8.763602,-0.12718135714285694,-0.44047855716504736,0.3
1769796740.29572,-0.20621299999999987,-0.5077619769474055,7.415791203716054,0.3,-0.142759,-0.638669,7.414159,0.666667,1.0,8.763602,-0.1310678003800071,-0.45697100500945953,0.3
1769796740.316215,-0.2037406666666665,-0.5044674538948108,7.4102043154044335,0.3,-0.142759,-0.638669,7.414159,0.666667,1.0,8.763602,-0.1344719116349195,-0.47290595075366254,0.3
1769796740.335896,-0.20125199999999985,-0.4731255664490935,7.398089371602255,0.3,-0.142759,-0.638669,7.414159,0.666667,1.0,8.763602,-0.13706492630064115,-0.48641292895621496,0.3
1769796740.356326,-0.19873999999999983,-0.4427990482850725,7.491106319724653,0.3,-0.105335,-0.552187,7.476991,0.666667,1.0,8.857834,-0.13861146271715905,-0.4982600853978683,0.3
1769796740.376717,-0.19622899999999985,-0.41362405995575685,7.491199126008502,0.3,-0.105335,-0.552187,7.476991,0.666667,1.0,8.857834,-0.1389694661269824,-0.5032989294935033,0.3
1769796740.39691,-0.19375899999999988,-0.4144653578088818,7.471312152519973,0.3,-0.105335,-0.552187,7.476991,0.666667,1.0,8.857834,-0.1381078912885878,-0.49015201675604264,0.3
1769796740.417232,-0.19136999999999985,-0.4163981140681406,7.462870528949854,0.3,-0.105335,-0.552187,7.476991,0.666667,1.0,8.857834,-0.13608756915778447,-0.474922351940785,0.3
1769796740.437403,-0.18906299999999984,-0.4192130967519531,7.468159017010514,0.3,-0.105335,-0.552187,7.476991,0.666667,1.0,8.857834,-0.13317119734920582,-0.46144354220519235,0.3
1769796740.457665,-0.18754999999999986,-0.4226103340902621,7.462907106985267,0.3,-0.105335,-0.552187,7.476991,0.666667,1.0,8.857834,-0.1296629432371504,-0.4540960681820588,0.3
1769796740.457665,-0.18607699999999985,-0.4262628571428569,7.477087921136158,0.3,-0.105335,-0.552187,7.476991,0.666667,1.0,8.857834,-0.12589585714285742,-0.44040988781970086,0.3
1769796740.478179,-0.18464099999999983,-0.429830094481166,7.468482762051531,0.3,-0.105335,-0.552187,7.476991,0.666667,1.0,8.857834,-0.12221362819142134,-0.4282511519984589,0.3
1769796740.498621,-0.1825083333333332,-0.4329800461051894,7.467015831967274,0.3,-0.105335,-0.552187,7.476991,0.666667,1.0,8.857834,-0.11896123122222317,-0.42310408498315466,0.3
1769796740.518826,-0.18041633333333318,-0.43540795736043053,7.495041635641195,0.3,-0.105335,-0.552187,7.476991,0.666667,1.0,8.857834,-0.11644600227078723,-0.4118557007957559,0.3
1769796740.538865,-0.17835733333333317,-0.4368725707625467,7.464215771032244,0.3,-0.105335,-0.552187,7.476991,0.666667,1.0,8.857834,-0.114929894425698,-0.40562576992098337,0.3
1769796740.559045,-0.1763203333333332,-0.43721751147281457,7.465969074640407,0.3,-0.105335,-0.552187,7.476991,0.666667,1.0,8.857834,-0.11456739101587463,-0.3923963930439956,0.3
1769796740.579602,-0.17428933333333319,-0.43642449933397537,7.464715603957722,0.3,-0.105335,-0.552187,7.476991,0.666667,1.0,8.857834,-0.11541118013998365,-0.39590326825397054,0.3
1769796740.599749,-0.17225399999999988,-0.43459081450328796,7.465074700056709,0.3,-0.105335,-0.552187,7.476991,0.666667,1.0,8.857834,-0.11730893084221553,-0.4102651256036274,0.3
1769796740.619805,-0.1701986666666665,-0.4023644746766184,7.484293184414329,0.3,-0.105335,-0.552187,7.476991,0.666667,1.0,8.857834,-0.12006844550793708,-0.42559820704887596,0.3
1769796740.639795,-0.16811699999999985,-0.3695522373383094,7.540106613534448,0.3,-0.073415,-0.463525,7.539822,0.666667,1.0,8.952066,-0.12342819961999228,-0.4422692661503169,0.3
1769796740.659879,-0.1659966666666665,-0.3364565000000004,7.538508115511773,0.3,-0.073415,-0.463525,7.539822,0.666667,1.0,8.952066,-0.12708364285714252,-0.4486330349847372,0.3
1769796740.680269,-0.16387799999999986,-0.33296304837597707,7.528518387115407,0.3,-0.073415,-0.463525,7.539822,0.666667,1.0,8.952066,-0.1306936575228641,-0.46143525660988854,0.3
1769796740.700642,-0.16180566666666651,-0.32985516818052507,7.539559299699123,0.3,-0.073415,-0.463525,7.539822,0.666667,1.0,8.952066,-0.1339085544920623,-0.4690616633576685,0.3
1769796740.720777,-0.1598236666666665,-0.3274128283538554,7.528012500749338,0.3,-0.073415,-0.463525,7.539822,0.666667,1.0,8.952066,-0.13640728344349837,-0.4820677930435911,0.3
1769796740.740844,-0.15792999999999985,-0.325848357808882,7.539627699967424,0.3,-0.073415,-0.463525,7.539822,0.666667,1.0,8.952066,-0.13802067700287335,-0.4934967377004864,0.3
1769796740.761295,-0.15610999999999986,-0.3252874885271854,7.555950441823658,0.3,-0.073415,-0.463525,7.539822,0.666667,1.0,8.952066,-0.13860196612698247,-0.5012117598321133,0.3
1769796740.781945,-0.1543493333333332,-0.3257891435231674,7.543795185590003,0.3,-0.073415,-0.463525,7.539822,0.666667,1.0,8.952066,-0.13808989128858798,-0.49879180384647137,0.3
1769796740.803341,-0.1526353333333332,-0.32731525692528346,7.537908981346887,0.3,-0.073415,-0.463525,7.539822,0.666667,1.0,8.952066,-0.13651571201492743,-0.49548019082214784,0.3
1769796740.822122,-0.15095666666666652,-0.32972745389481023,7.561793250090231,0.3,-0.073415,-0.463525,7.539822,0.666667,1.0,8.952066,-0.1340236259206343,-0.4739665323679445,0.3
1769796740.842774,-0.14930133333333317,-0.332793476947405,7.509674095617835,0.3,-0.073415,-0.463525,7.539822,0.666667,1.0,8.952066,-0.1308533003800077,-0.46517158266003206,0.3
1769796740.862752,-0.14765666666666652,-0.33621092857142837,7.544570062630832,0.3,-0.073415,-0.463525,7.539822,0.666667,1.0,8.952066,-0.12731764285714306,-0.4481904416155305,0.3
1769796740.882977,-0.14601166666666654,-0.3396632373383089,7.549380689662218,0.3,-0.073415,-0.463525,7.539822,0.666667,1.0,8.952066,-0.12377127104856427,-0.44174147175148865,0.3
1769796740.903247,-0.14435766666666652,-0.34283111753376083,7.527554366801705,0.3,-0.073415,-0.463525,7.539822,0.666667,1.0,8.952066,-0.12049637407936607,-0.4166832522821247,0.3
1769796740.923873,-0.1426833333333332,-0.3454293145032878,7.511664900663487,0.3,-0.073415,-0.463525,7.539822,0.666667,1.0,8.952066,-0.1178140022707872,-0.40239958415283467,0.3
1769796740.944001,-0.14097999999999986,-0.31703873742921346,7.538225650431816,0.3,-0.073415,-0.463525,7.539822,0.666667,1.0,8.952066,-0.1159766801399836,-0.4008398883521667,0.3
1769796740.964626,-0.1392376666666665,-0.28764548766329084,7.604141444533295,0.3,-0.047125,-0.373035,7.602654,0.666667,1.0,9.046299,-0.11517810530158896,-0.4132546471825836,0.3
1769796740.984794,-0.1374616666666665,-0.2571674279054041,7.613528876474465,0.3,-0.047125,-0.373035,7.602654,0.666667,1.0,9.046299,-0.11550375156855486,-0.4211521510065093,0.3
1769796741.004851,-0.1356973333333332,-0.25579910021757385,7.618224679173833,0.3,-0.047125,-0.373035,7.602654,0.666667,1.0,9.046299,-0.11692085941364394,-0.4321537121862544,0.3
1769796741.025257,-0.13398966666666653,-0.25349304610518997,7.618919542410051,0.3,-0.047125,-0.373035,7.602654,0.666667,1.0,9.046299,-0.11928308836507973,-0.43252789197864444,0.3
1769796741.045638,-0.1323686666666665,-0.25045852305259525,7.591432338749106,0.3,-0.047125,-0.373035,7.602654,0.666667,1.0,9.046299,-0.12242191390570652,-0.4370670835756629,0.3
1769796741.065825,-0.13082299999999986,-0.24697371428571477,7.599799284710143,0.3,-0.047125,-0.373035,7.602654,0.666667,1.0,9.046299,-0.12602442857142804,-0.4359605254151932,0.3
1769796741.086215,-0.12933966666666652,-0.2433899055188343,7.581161318322614,0.3,-0.047125,-0.373035,7.602654,0.666667,1.0,9.046299,-0.12973751466572114,-0.4603604494397922,0.3
1769796741.106403,-0.1279066666666665,-0.24007259675195378,7.621181416049059,0.3,-0.047125,-0.373035,7.602654,0.666667,1.0,9.046299,-0.13317334020634794,-0.4722116113452362,0.3
1769796741.126859,-0.1265083333333332,-0.23736489978242684,7.598636782163164,0.3,-0.047125,-0.373035,7.602654,0.666667,1.0,9.046299,-0.1359763548720697,-0.4907503451459729,0.3
1769796741.147431,-0.12513166666666653,-0.23554457209459626,7.604337389329476,0.3,-0.047125,-0.373035,7.602654,0.666667,1.0,9.046299,-0.13786060557430188,-0.48533241748704087,0.3
1769796741.167782,-0.12376499999999985,-0.23479720281289973,7.587929832101084,0.3,-0.047125,-0.373035,7.602654,0.666667,1.0,9.046299,-0.13863432326983965,-0.4808070516264899,0.3
1769796741.187755,-0.12239999999999984,-0.23522357209459602,7.578783816898473,0.3,-0.047125,-0.373035,7.602654,0.666667,1.0,9.046299,-0.13821846271715935,-0.4794546578669438,0.3
1769796741.207821,-0.12102966666666652,-0.23680918549671204,7.604823428975708,0.3,-0.047125,-0.373035,7.602654,0.666667,1.0,9.046299,-0.13658149772921302,-0.48466219928741555,0.3
1769796741.228374,-0.11965033333333319,-0.23942931103766737,7.618244478819058,0.3,-0.047125,-0.373035,7.602654,0.666667,1.0,9.046299,-0.13387748306349156,-0.4821311143548197,0.3
1769796741.24884,-0.11825799999999985,-0.2121751436140716,7.598146187866494,0.3,-0.047125,-0.373035,7.602654,0.666667,1.0,9.046299,-0.1303580860942934,-0.4705698623497561,0.3
1769796741.268842,-0.11684766666666652,-0.18536576190476162,7.670089436006419,0.3,-0.026569,-0.281072,7.665486,0.666667,1.0,9.140531,-0.12638100000000027,-0.4526858466172918,0.3
1769796741.288814,-0.11541033333333318,-0.15861723733830882,7.67095538168029,0.3,-0.026569,-0.281072,7.665486,0.666667,1.0,9.140531,-0.12234262819142146,-0.4349073348939207,0.3
1769796741.309007,-0.11399266666666652,-0.16219990324804653,7.6536217582276675,0.3,-0.026569,-0.281072,7.665486,0.666667,1.0,9.140531,-0.11864065979365179,-0.41138548206431597,0.3
1769796741.329332,-0.11263533333333318,-0.16508917164614478,7.645386287782617,0.3,-0.026569,-0.281072,7.665486,0.666667,1.0,9.140531,-0.11563300227078714,-0.4047010819198345,0.3
1769796741.34995,-0.11137699999999984,-0.16698407076254676,7.682445208325278,0.3,-0.026569,-0.281072,7.665486,0.666667,1.0,9.140531,-0.1136748229971266,-0.3954546542288204,0.3
1769796741.370328,-0.11020099999999984,-0.16767908290138614,7.649475310001207,0.3,-0.026569,-0.281072,7.665486,0.666667,1.0,9.140531,-0.1129559624444459,-0.4006175745514448,0.3
1769796741.39018,-0.10909599999999986,-0.16711521361968995,7.66522798636756,0.3,-0.026569,-0.281072,7.665486,0.666667,1.0,9.140531,-0.11354796585426907,-0.3826380644155303,0.3
1769796741.410538,-0.10804899999999985,-0.16536202878900244,7.6318246640958325,0.3,-0.026569,-0.281072,7.665486,0.666667,1.0,9.140531,-0.11536643084221522,-0.39414590476306993,0.3
1769796741.430907,-0.10704566666666653,-0.16260976039090433,7.66079187954478,0.3,-0.026569,-0.281072,7.665486,0.666667,1.0,9.140531,-0.11821551693650834,-0.4022938454503242,0.3
1769796741.451108,-0.10607099999999986,-0.15913866590973816,7.658489903208907,0.3,-0.026569,-0.281072,7.665486,0.666667,1.0,9.140531,-0.12180477104856344,-0.42979271748167475,0.3
1769796741.4728,-0.10511299999999985,-0.15529207142857201,7.666998355256811,0.3,-0.026569,-0.281072,7.665486,0.666667,1.0,9.140531,-0.1257797142857137,-0.444287490004779,0.3
1769796741.49192,-0.10415966666666653,-0.15146719123312005,7.660242161429446,0.3,-0.026569,-0.281072,7.665486,0.666667,1.0,9.140531,-0.1297553003800068,-0.4595122695946005,0.3
1769796741.512213,-0.10320033333333319,-0.14806059675195377,7.660627729331704,0.3,-0.026569,-0.281072,7.665486,0.666667,1.0,9.140531,-0.13327941163491935,-0.47712025654220436,0.3
1769796741.532769,-0.10222699999999985,-0.14543061406814112,7.681207141187223,0.3,-0.026569,-0.281072,7.665486,0.666667,1.0,9.140531,-0.13599949772921255,-0.5005790400961242,0.3
1769796741.552826,-0.10123333333333318,-0.11280864352316773,7.699506988169473,0.3,-0.026569,-0.281072,7.665486,0.666667,1.0,9.140531,-0.1376452484314447,-0.5110194881520004,0.3
1769796741.572911,-0.10021366666666652,-0.0813676313843284,7.7364387167129545,0.3,-0.011828,-0.188,7.728318,0.666667,1.0,9.234763,-0.13807332326983948,-0.5069117323204902,0.3
1769796741.593079,-0.09917099999999986,-0.051139143523167514,7.728336671548235,0.3,-0.011828,-0.188,7.728318,0.666667,1.0,9.234763,-0.1372505341457306,-0.4936730073241555,0.3
1769796741.613476,-0.09815066666666651,-0.053067542639569254,7.7326197710996025,0.3,-0.011828,-0.188,7.728318,0.666667,1.0,9.234763,-0.13525871201492737,-0.48111060300691993,0.3
1769796741.633925,-0.09719499999999985,-0.055922025323381704,7.72100774062879,0.3,-0.011828,-0.188,7.728318,0.666667,1.0,9.234763,-0.13228812592063427,-0.47287353301927365,0.3
1769796741.654116,-0.09633466666666653,-0.05940461980454791,7.734257691929767,0.3,-0.011828,-0.188,7.728318,0.666667,1.0,9.234763,-0.12868708609429325,-0.4487725101938021,0.3
1769796741.674412,-0.09555466666666652,-0.06315457142857123,7.703207998003193,0.3,-0.011828,-0.188,7.728318,0.666667,1.0,9.234763,-0.12481092857142875,-0.44170004145318176,0.3
1769796741.694661,-0.0948373333333332,-0.06681223733830886,7.739623730504736,0.3,-0.011828,-0.188,7.728318,0.666667,1.0,9.234763,-0.12103827104856434,-0.4146258730071644,0.3
1769796741.714826,-0.09416699999999985,-0.0700334746766179,7.700786995013823,0.3,-0.011828,-0.188,7.728318,0.666667,1.0,9.234763,-0.11771408836508035,-0.41115304441998307,0.3
1769796741.734919,-0.09352899999999986,-0.07251967164614483,7.7265852848214,0.3,-0.011828,-0.188,7.728318,0.666667,1.0,9.234763,-0.1151472165565016,-0.3969714973804022,0.3
1769796741.755219,-0.0929116666666665,-0.07403742790540387,7.727946086008058,0.3,-0.011828,-0.188,7.728318,0.666667,1.0,9.234763,-0.11357968013998357,-0.39713455827297844,0.3
1769796741.775593,-0.09230333333333318,-0.07444165432995752,7.716368269744338,0.3,-0.011828,-0.188,7.728318,0.666667,1.0,9.234763,-0.11316081958730326,-0.3852040368022244,0.3
1769796741.795814,-0.09169366666666652,-0.07371128504826116,7.701007220290304,0.3,-0.011828,-0.188,7.728318,0.666667,1.0,9.234763,-0.11393453728284061,-0.3878889794999017,0.3
1769796741.816166,-0.09107366666666651,-0.07194160021757376,7.7274306924027885,0.3,-0.011828,-0.188,7.728318,0.666667,1.0,9.234763,-0.11577078798507265,-0.40165773119701975,0.3
1769796741.836335,-0.09043699999999984,-0.0693260461051899,7.733528069129393,0.3,-0.011828,-0.188,7.728318,0.666667,1.0,9.234763,-0.11846987407936546,-0.4206650195102837,0.3
1769796741.856705,-0.08977866666666652,-0.03483390400497619,7.722582358573291,0.3,-0.011828,-0.188,7.728318,0.666667,1.0,9.234763,-0.12178119961999216,-0.419010800880596,0.3
1769796741.876994,-0.08909333333333319,-4.5190476190943664e-05,7.753865346400952,0.3,-0.00296,-0.094186,7.79115,0.666667,1.0,9.328995,-0.1254332142857138,-0.4295661682878924,0.3
1769796741.897312,-0.08841433333333319,0.034700094481165726,7.789001542724742,0.3,-0.00296,-0.094186,7.79115,0.666667,1.0,9.328995,-0.12902201466572122,-0.45542663744339285,0.3
1769796741.917818,-0.08796266666666652,0.03777768896233198,7.820683106544398,0.3,-0.00296,-0.094186,7.79115,0.666667,1.0,9.328995,-0.13220305449206218,-0.47525293685292674,0.3
1769796741.917818,-0.08757299999999985,0.040179528789001696,7.774841289092108,0.3,-0.00296,-0.094186,7.79115,0.666667,1.0,9.328995,-0.13466599772921256,-0.48396905068260637,0.3
1769796741.938093,-0.08724866666666652,0.04169757076254652,7.788726160031663,0.3,-0.00296,-0.094186,7.79115,0.666667,1.0,9.328995,-0.13622753414573036,-0.48029510197826025,0.3
1769796741.958465,-0.08680399999999984,0.04220558290138585,7.795165052508344,0.3,-0.00296,-0.094186,7.79115,0.666667,1.0,9.328995,-0.1367571804126967,-0.49316355730415035,0.3
1769796741.97878,-0.08643933333333319,0.04163942790540383,7.805291410749142,0.3,-0.00296,-0.094186,7.79115,0.666667,1.0,9.328995,-0.13619003414573055,-0.5007935671685945,0.3
1769796741.998792,-0.08614266666666652,0.04004788593185916,7.8157828170572,0.3,-0.00296,-0.094186,7.79115,0.666667,1.0,9.328995,-0.13452906915778426,-0.49032818347798,0.3
1769796742.019359,-0.08589933333333317,0.03758247467661811,7.782362766363629,0.3,-0.00296,-0.094186,7.79115,0.666667,1.0,9.328995,-0.13198255449206267,-0.4848249103056686,0.3
1769796742.039629,-0.08569299999999985,0.03449773733830912,7.814552177027024,0.3,-0.00296,-0.094186,7.79115,0.666667,1.0,9.328995,-0.12879380038000743,-0.478168007339759,0.3
1769796742.059779,-0.08550899999999985,0.031095142857142946,7.827931367860309,0.3,-0.00296,-0.094186,7.79115,0.666667,1.0,9.328995,-0.12527485714285727,-0.46062241951682353,0.3
1769796742.079978,-0.08533399999999985,0.027711762661691054,7.770499949220629,0.3,-0.00296,-0.094186,7.79115,0.666667,1.0,9.328995,-0.12177477104856416,-0.4372718603362388,0.3
1769796742.10056,-0.08515699999999986,0.02468645389481056,7.786258745986849,0.3,-0.00296,-0.094186,7.79115,0.666667,1.0,9.328995,-0.11864365979365175,-0.4112525778635418,0.3
1769796742.120807,-0.08496799999999984,0.022325756925283772,7.789122161631577,0.3,-0.00296,-0.094186,7.79115,0.666667,1.0,9.328995,-0.11619893084221579,-0.41940955260021334,0.3
1769796742.140871,-0.08475933333333319,0.020873286380310444,7.815105120411113,0.3,-0.00296,-0.094186,7.79115,0.666667,1.0,9.328995,-0.1146926801399838,-0.41982641828209005,0.3
1769796742.161094,-0.08452466666666651,0.02048413138432827,7.801850245298121,0.3,-0.00296,-0.094186,7.79115,0.666667,1.0,9.328995,-0.11428624815873177,-0.4175530652341597,0.3
1769796742.181611,-0.08425933333333319,0.021207929237453127,7.78726014583378,0.3,-0.00296,-0.094186,7.79115,0.666667,1.0,9.328995,-0.11503146585426927,-0.4127778653368403,0.3
1769796742.201788,-0.08396099999999986,0.022982756925283468,7.795506194401643,0.3,-0.00296,-0.094186,7.79115,0.666667,1.0,9.328995,-0.11686407369935836,-0.42256789865453886,0.3
1769796742.222028,-0.08362866666666652,0.025641096751953057,7.809583942233597,0.3,-0.00296,-0.094186,7.79115,0.666667,1.0,9.328995,-0.1196107312222228,-0.4396902607796334,0.3
1769796742.242038,-0.0832603333333332,0.02892590551883349,7.805089962783027,0.3,-0.00296,-0.094186,7.79115,0.666667,1.0,9.328995,-0.12300648533427803,-0.45292071105109694,0.3
1769796742.262575,-0.08285466666666652,0.03251514285714249,7.797399158212841,0.3,-0.00296,-0.094186,7.79115,0.666667,1.0,9.328995,-0.12671849999999965,-0.451828065990064,0.3
1769796742.282898,-0.08241133333333318,0.036052523052594425,7.770805909468669,0.3,-0.00296,-0.094186,7.79115,0.666667,1.0,9.328995,-0.1303784432371498,-0.4647822865721041,0.3
1769796742.3033,-0.08193266666666651,0.03918254610518925,7.805086099580703,0.3,-0.00296,-0.094186,7.79115,0.666667,1.0,9.328995,-0.13361862592063384,-0.4742050906603547,0.3
1769796742.323664,-0.08142066666666652,0.04158588593185899,7.791823277798726,0.3,-0.00296,-0.094186,7.79115,0.666667,1.0,9.328995,-0.13610856915778413,-0.4877747074751471,0.3
1769796742.343772,-0.08087733333333319,0.043010713619689445,7.783392271975086,0.3,-0.00296,-0.094186,7.79115,0.666667,1.0,9.328995,-0.13758846271715902,-0.48474392977925557,0.3
1769796742.364141,-0.08030633333333319,0.04329744004424302,7.7824174881776855,0.3,-0.00296,-0.094186,7.79115,0.666667,1.0,9.328995,-0.13789310898412518,-0.4820257525655545,0.3
1769796742.384564,-0.07971066666666653,0.04239435647683241,7.781447690430183,0.3,-0.00296,-0.094186,7.79115,0.666667,1.0,9.328995,-0.13696874843144485,-0.4770188669447288,0.3
1769796742.404887,-0.07909466666666652,0.04036338593185925,7.778709646304205,0.3,-0.00296,-0.094186,7.79115,0.666667,1.0,9.328995,-0.13487921201492722,-0.4730599985175748,0.3
1769796742.425219,-0.07846166666666653,0.0373740461051897,7.79186367119491,0.3,-0.00296,-0.094186,7.79115,0.666667,1.0,9.328995,-0.1318001973492057,-0.4660764006813534,0.3
1769796742.445651,-0.07781599999999984,0.03368723733830928,7.792376287636965,0.3,-0.00296,-0.094186,7.79115,0.666667,1.0,9.328995,-0.1280007289514362,-0.46075063028863994,0.3
1769796742.465724,-0.07716199999999986,0.02962985714285742,7.8012515190595195,0.3,-0.00296,-0.094186,7.79115,0.666667,1.0,9.328995,-0.12381878571428596,-0.44255179955994334,0.3
1769796742.486004,-0.07650333333333319,0.02556347694740554,7.784361916520463,0.3,-0.00296,-0.094186,7.79115,0.666667,1.0,9.328995,-0.11962805676285013,-0.42069735747157916,0.3
1769796742.505991,-0.07584266666666652,0.02184931103766795,7.776509990909377,0.3,-0.00296,-0.094186,7.79115,0.666667,1.0,9.328995,-0.11580158836508055,-0.404209481051719,0.3
1769796742.526404,-0.07518199999999985,0.018813114068141082,7.795641829205478,0.3,-0.00296,-0.094186,7.79115,0.666667,1.0,9.328995,-0.11267628798507319,-0.3966143472746642,0.3
1769796742.54673,-0.07452266666666651,0.016713500666024863,7.795503380753388,0.3,-0.00296,-0.094186,7.79115,0.666667,1.0,9.328995,-0.11051946585426953,-0.3853647831243103,0.3
1769796742.567019,-0.07386699999999985,0.01571720281289976,7.769914738717754,0.3,-0.00296,-0.094186,7.79115,0.666667,1.0,9.328995,-0.10950274815873189,-0.3872857726659155,0.3
1769796742.586916,-0.07321599999999985,0.01588278638031032,7.810467116905411,0.3,-0.00296,-0.094186,7.79115,0.666667,1.0,9.328995,-0.10968739442569789,-0.3880718192380795,0.3
1769796742.607258,-0.07257099999999984,0.01715554263956917,7.795815115204785,0.3,-0.00296,-0.094186,7.79115,0.666667,1.0,9.328995,-0.11101621655650121,-0.40169986718657086,0.3
1769796742.62759,-0.07193299999999984,0.019372525323381632,7.790736781726936,0.3,-0.00296,-0.094186,7.79115,0.666667,1.0,9.328995,-0.11332101693650844,-0.3957965248819903,0.3
1769796742.648024,-0.07130233333333319,0.022279048375976353,7.773449629355711,0.3,-0.00296,-0.094186,7.79115,0.666667,1.0,9.328995,-0.11633834247713527,-0.40578005517769933,0.3
1769796742.668074,-0.07067899999999985,0.02555335714285689,7.7921779044653565,0.3,-0.00296,-0.094186,7.79115,0.666667,1.0,9.328995,-0.11973578571428536,-0.41724443072006884,0.3
1769796742.688342,-0.07006266666666651,0.028838594481165963,7.787364086729099,0.3,-0.00296,-0.094186,7.79115,0.666667,1.0,9.328995,-0.12314394323715004,-0.43743402582260904,0.3
1769796742.708736,-0.06945366666666652,0.03177740324804652,7.7925863307656975,0.3,-0.00296,-0.094186,7.79115,0.666667,1.0,9.328995,-0.1261940544920625,-0.44662705078900883,0.3
1769796742.728737,-0.06885199999999984,0.034047528789001934,7.786959860192005,0.3,-0.00296,-0.094186,7.79115,0.666667,1.0,9.328995,-0.12855221201492703,-0.45916696724765743,0.3
1769796742.749058,-0.06825733333333318,0.03539278504826098,7.798108709896723,0.3,-0.00296,-0.094186,7.79115,0.666667,1.0,9.328995,-0.1299543198600163,-0.4629310565386935,0.3
1769796742.769568,-0.06766866666666652,0.03564865432995743,7.789221888790183,0.3,-0.00296,-0.094186,7.79115,0.666667,1.0,9.328995,-0.13022982326983965,-0.4708761680411857,0.3
1769796742.789753,-0.06708633333333319,0.03475778504826112,7.805913060110615,0.3,-0.00296,-0.094186,7.79115,0.666667,1.0,9.328995,-0.12931981986001637,-0.46741268419502147,0.3
1769796742.810403,-0.06650933333333318,0.03277610021757365,7.797635015714812,0.3,-0.00296,-0.094186,7.79115,0.666667,1.0,9.328995,-0.12728171201492736,-0.45621750778174786,0.3
1769796742.830381,-0.06593733333333318,0.029866831819475553,7.779410741291418,0.3,-0.00296,-0.094186,7.79115,0.666667,1.0,9.328995,-0.12428476877777725,-0.44268507542892,0.3
1769796742.850625,-0.06536933333333318,0.026284951624023705,7.798714582897497,0.3,-0.00296,-0.094186,7.79115,0.666667,1.0,9.328995,-0.12059201466572207,-0.4361893644013762,0.3
1769796742.870681,-0.06480499999999985,0.022351714285714693,7.816156945625486,0.3,-0.00296,-0.094186,7.79115,0.666667,1.0,9.328995,-0.11653607142857181,-0.4345438006162669,0.3
1769796742.890868,-0.06424366666666652,0.018423476947405634,7.81448162912488,0.3,-0.00296,-0.094186,7.79115,0.666667,1.0,9.328995,-0.11248505676285021,-0.40652476046826047,0.3
1769796742.910957,-0.06368499999999985,0.014856525323382256,7.767810715925604,0.3,-0.00296,-0.094186,7.79115,0.666667,1.0,9.328995,-0.1088073026507949,-0.3901674679045782,0.3
1769796742.931338,-0.06312833333333319,0.01197232835385536,7.809896678780175,0.3,-0.00296,-0.094186,7.79115,0.666667,1.0,9.328995,-0.10583521655650167,-0.36238095144229865,0.3
1769796742.95176,-0.06257366666666651,0.010025929237453384,7.774633716681074,0.3,-0.00296,-0.094186,7.79115,0.666667,1.0,9.328995,-0.10383246585426953,-0.3701761722962604,0.3
1769796742.971768,-0.06201999999999985,0.009180917098613975,7.806186324128272,0.3,-0.00296,-0.094186,7.79115,0.666667,1.0,9.328995,-0.10296810530158897,-0.36675189283485404,0.3
1769796742.992069,-0.061467333333333186,0.009493286380310217,7.809845033573286,0.3,-0.00296,-0.094186,7.79115,0.666667,1.0,9.328995,-0.10330018013998345,-0.3735559902873207,0.3
1769796743.012354,-0.06091533333333319,0.010905971210997683,7.787793039555857,0.3,-0.00296,-0.094186,7.79115,0.666667,1.0,9.328995,-0.10476957369935826,-0.37300024868385245,0.3
1769796743.032586,-0.060363999999999855,0.013254453894810137,7.7906963854037174,0.3,-0.00296,-0.094186,7.79115,0.666667,1.0,9.328995,-0.10720615979365136,-0.37226263539834514,0.3
1769796743.052917,-0.05981299999999986,0.016282762661690625,7.784540714487531,0.3,-0.00296,-0.094186,7.79115,0.666667,1.0,9.328995,-0.11034562819142081,-0.38196793911011023,0.3
1769796743.073042,-0.05926199999999985,0.019668499999999686,7.781320156976259,0.3,-0.00296,-0.094186,7.79115,0.666667,1.0,9.328995,-0.11385449999999972,-0.4002629078132039,0.3
1769796743.09352,-0.05871099999999985,0.023054237338308803,7.802993700196753,0.3,-0.00296,-0.094186,7.79115,0.666667,1.0,9.328995,-0.11736337180857855,-0.41503303434743505,0.3
1769796743.113839,-0.05815999999999985,0.026082688962332203,7.787939976585583,0.3,-0.00296,-0.094186,7.79115,0.666667,1.0,9.328995,-0.12050284020634816,-0.4348638869043648,0.3
1769796743.133923,-0.057608999999999855,0.028431600217573388,7.802042505330671,0.3,-0.00296,-0.094186,7.79115,0.666667,1.0,9.328995,-0.12293985487206992,-0.4390668515762958,0.3
1769796743.154001,-0.057057666666666514,0.029845285048261016,7.790503128465113,0.3,-0.00296,-0.094186,7.79115,0.666667,1.0,9.328995,-0.1244101055743021,-0.44924983694560305,0.3
1769796743.174116,-0.056505999999999855,0.0301595829013861,7.8005624521474815,0.3,-0.00296,-0.094186,7.79115,0.666667,1.0,9.328995,-0.12474389469841105,-0.4451468082630801,0.3
1769796743.194695,-0.05595399999999986,0.029317927905404096,7.788069363458391,0.3,-0.00296,-0.094186,7.79115,0.666667,1.0,9.328995,-0.12388274843144517,-0.4397206312456385,0.3
1769796743.214936,-0.05540199999999986,0.027377028789002427,7.784749115059855,0.3,-0.00296,-0.094186,7.79115,0.666667,1.0,9.328995,-0.12188514058635609,-0.4335619182293546,0.3
1769796743.235438,-0.05484999999999985,0.02450111753376141,7.803677646537643,0.3,-0.00296,-0.094186,7.79115,0.666667,1.0,9.328995,-0.11892119734920603,-0.42994444482079625,0.3
1769796743.255596,-0.054297999999999846,0.02094609448116672,7.80740334131397,0.3,-0.00296,-0.094186,7.79115,0.666667,1.0,9.328995,-0.11525501466572212,-0.41140156078427026,0.3
1769796743.275948,-0.05374599999999985,0.017034214285714822,7.773719551457074,0.3,-0.00296,-0.094186,7.79115,0.666667,1.0,9.328995,-0.11122007142857203,-0.37996508360595277,0.3
1769796743.295857,-0.053194333333333184,0.01312276266169149,7.764513392793509,0.3,-0.00296,-0.094186,7.79115,0.666667,1.0,9.328995,-0.10718555676285034,-0.360999526374274,0.3
1769796743.316137,-0.05264299999999985,0.00956895389481093,7.798875130015138,0.3,-0.00296,-0.094186,7.79115,0.666667,1.0,9.328995,-0.10352065979365212,-0.3621382055358658,0.3
1769796743.336847,-0.052092333333333185,0.0066951140681411475,7.812040466685918,0.3,-0.00296,-0.094186,7.79115,0.666667,1.0,9.328995,-0.10055864512793035,-0.36889719633721524,0.3
1769796743.356801,-0.051541999999999845,0.004769286380310554,7.809446988674671,0.3,-0.00296,-0.094186,7.79115,0.666667,1.0,9.328995,-0.098564037282841,-0.3474266893650242,0.3
1769796743.377023,-0.05099233333333319,0.003943559955756848,7.767393945128242,0.3,-0.00296,-0.094186,7.79115,0.666667,1.0,9.328995,-0.09774317673016034,-0.3496906104206243,0.3
1769796743.397458,-0.05044299999999985,0.004286643523167395,7.825859478551509,0.3,-0.00296,-0.094186,7.79115,0.666667,1.0,9.328995,-0.09808146585426923,-0.35940641149127855,0.3
1769796743.417768,-0.05007699999999985,0.0057297569252834175,7.82988185251472,0.3,-0.00296,-0.094186,7.79115,0.666667,1.0,9.328995,-0.09959328798507264,-0.3809769387677977,0.3
1769796743.417768,-0.04952933333333318,0.008120953894810152,7.803946171823654,0.3,-0.00296,-0.094186,7.79115,0.666667,1.0,9.328995,-0.1020725169365084,-0.3762508566611771,0.3
1769796743.457878,-0.04916466666666652,0.011192476947404875,7.790380546826932,0.3,-0.00296,-0.094186,7.79115,0.666667,1.0,9.328995,-0.10525505676284944,-0.3659920175956987,0.3
1769796743.457878,-0.048617999999999856,0.014622214285713952,7.773987749466022,0.3,-0.00296,-0.094186,7.79115,0.666667,1.0,9.328995,-0.1088078571428568,-0.373447514485735,0.3
1769796743.478728,-0.048254333333333184,0.018040808766880193,7.7880419944572274,0.3,-0.00296,-0.094186,7.79115,0.666667,1.0,9.328995,-0.11236172895143563,-0.3922841414790605,0.3
1769796743.498652,-0.04770933333333319,0.02110340324804649,7.8033364313082725,0.3,-0.00296,-0.094186,7.79115,0.666667,1.0,9.328995,-0.11551084020634816,-0.41359879857811216,0.3
1769796743.518925,-0.04716533333333319,0.02347567164614479,7.796603236704382,0.3,-0.00296,-0.094186,7.79115,0.666667,1.0,9.328995,-0.11799564058635569,-0.42424000663204525,0.3
1769796743.538794,-0.04662199999999985,0.024914285048261056,7.791336384860528,0.3,-0.00296,-0.094186,7.79115,0.666667,1.0,9.328995,-0.11947853414573054,-0.43556132655454866,0.3
1769796743.559029,-0.04607966666666652,0.025242868615671862,7.81871050827975,0.3,-0.00296,-0.094186,7.79115,0.666667,1.0,9.328995,-0.11982668041269696,-0.4428115598036073,0.3
1769796743.579576,-0.045537999999999856,0.02441714219111853,7.812282641907133,0.3,-0.00296,-0.094186,7.79115,0.666667,1.0,9.328995,-0.1189813912885881,-0.4389498945494979,0.3
1769796743.599895,-0.04499733333333319,0.02249360021757393,7.78968139021042,0.3,-0.00296,-0.094186,7.79115,0.666667,1.0,9.328995,-0.11700135487207054,-0.4254750487761589,0.3
1769796743.620184,-0.04445766666666653,0.019636403248047246,7.802651141325446,0.3,-0.00296,-0.094186,7.79115,0.666667,1.0,9.328995,-0.11405605449206316,-0.403159866761754,0.3
1769796743.640348,-0.043918999999999854,0.016101165909738244,7.7838922488970095,0.3,-0.00296,-0.094186,7.79115,0.666667,1.0,9.328995,-0.11040980038000806,-0.3948312394844821,0.3
1769796743.660669,-0.04338133333333319,0.012210142857143525,7.804072092486767,0.3,-0.00296,-0.094186,7.79115,0.666667,1.0,9.328995,-0.10639564285714354,-0.376230677194288,0.3
1769796743.680696,-0.042844333333333186,0.008320405518834414,7.795308286869049,0.3,-0.00296,-0.094186,7.79115,0.666667,1.0,9.328995,-0.102382985334279,-0.3549249240373564,0.3
1769796743.700786,-0.042307999999999846,0.004789168180525244,7.771951348643364,0.3,-0.00296,-0.094186,7.79115,0.666667,1.0,9.328995,-0.09874058836508072,-0.34358342925740115,0.3
1769796743.721506,-0.041772666666666514,0.0019384712109982993,7.811700546814875,0.3,-0.00296,-0.094186,7.79115,0.666667,1.0,9.328995,-0.09580193084221603,-0.34093302231570694,0.3
1769796743.741667,-0.04123799999999985,2.407209459633075e-05,7.817437193983657,0.3,-0.00296,-0.094186,7.79115,0.666667,1.0,9.328995,-0.09383089442569817,-0.35759621519684054,0.3
1769796743.761793,-0.04070433333333318,-0.0007900114728144567,7.8305819189348895,0.3,-0.00296,-0.094186,7.79115,0.666667,1.0,9.328995,-0.09299739101587481,-0.3474627744753151,0.3
1769796743.783507,-0.04017133333333319,-0.00044714219111821146,7.7958798463299095,0.3,-0.00296,-0.094186,7.79115,0.666667,1.0,9.328995,-0.09335968013998366,-0.33194789836733535,0.3
1769796743.802896,-0.039639333333333186,0.0009960426395692241,7.777632438452017,0.3,-0.00296,-0.094186,7.79115,0.666667,1.0,9.328995,-0.0948595022707869,-0.3256896999447188,0.3
1769796743.8227,-0.03910799999999985,0.003375453894810231,7.801096566205953,0.3,-0.00296,-0.094186,7.79115,0.666667,1.0,9.328995,-0.09732694550793712,-0.3400034243652315,0.3
1769796743.842754,-0.038577333333333186,0.006435262661690709,7.806140379365867,0.3,-0.00296,-0.094186,7.79115,0.666667,1.0,9.328995,-0.10049791390570668,-0.3534214431204765,0.3
1769796743.862819,-0.03804733333333318,0.009853285714285445,7.778399646089459,0.3,-0.00296,-0.094186,7.79115,0.666667,1.0,9.328995,-0.10403892857142834,-0.3627390536121247,0.3
1769796743.883168,-0.03751833333333319,0.013272308766880228,7.789432409661213,0.3,-0.00296,-0.094186,7.79115,0.666667,1.0,9.328995,-0.10758101466572133,-0.37234465450801957,0.3
1769796743.903612,-0.036989999999999856,0.016335331819475,7.795635513365574,0.3,-0.00296,-0.094186,7.79115,0.666667,1.0,9.328995,-0.11075498306349103,-0.39464851727056,0.3
1769796743.923721,-0.03646233333333319,0.018720100217573362,7.80274235812231,0.3,-0.00296,-0.094186,7.79115,0.666667,1.0,9.328995,-0.11322799772921266,-0.4116326344480766,0.3
1769796743.943863,-0.03593533333333319,0.020170927905403837,7.808339814950198,0.3,-0.00296,-0.094186,7.79115,0.666667,1.0,9.328995,-0.11473531986001641,-0.4206331330547011,0.3
1769796743.963904,-0.03540899999999986,0.020523511472814657,7.803983471369792,0.3,-0.00296,-0.094186,7.79115,0.666667,1.0,9.328995,-0.11510746612698246,-0.411979910463725,0.3
1769796743.98454,-0.03488333333333318,0.019721427905404033,7.777435896491819,0.3,-0.00296,-0.094186,7.79115,0.666667,1.0,9.328995,-0.11428574843144512,-0.41007010615555406,0.3
1769796744.004717,-0.034357999999999854,0.01782117164614522,7.811435311331112,0.3,-0.00296,-0.094186,7.79115,0.666667,1.0,9.328995,-0.11232906915778454,-0.3965919040449964,0.3
1769796744.024751,-0.03383366666666652,0.014986974676618525,7.789001057113281,0.3,-0.00296,-0.094186,7.79115,0.666667,1.0,9.328995,-0.10940669734920602,-0.400835313496475,0.3
1769796744.045007,-0.033309999999999854,0.011474380195452424,7.81638356183944,0.3,-0.00296,-0.094186,7.79115,0.666667,1.0,9.328995,-0.10578315752286503,-0.3758361751666668,0.3
1769796744.065434,-0.03278699999999985,0.007605642857143362,7.7847695463254905,0.3,-0.00296,-0.094186,7.79115,0.666667,1.0,9.328995,-0.10179128571428624,-0.35813170631686236,0.3
1769796744.085977,-0.03226433333333318,0.0037378340902628807,7.785135838387404,0.3,-0.00296,-0.094186,7.79115,0.666667,1.0,9.328995,-0.09780048533427883,-0.3124882712414018,0.3
1769796744.106168,-0.031742333333333185,0.00022816818052520207,7.747620946497531,0.3,-0.00296,-0.094186,7.79115,0.666667,1.0,9.328995,-0.09417973122222359,-0.2985149088175606,0.3
1769796744.12652,-0.031221333333333184,-0.0026012430747159496,7.78727055403763,0.3,-0.00296,-0.094186,7.79115,0.666667,1.0,9.328995,-0.0912622879850732,-0.29512240085401004,0.3
1769796744.14718,-0.03070099999999985,-0.004494642191117948,7.805521934478202,0.3,-0.00296,-0.094186,7.79115,0.666667,1.0,9.328995,-0.08931225156855538,-0.29163832272797846,0.3
1769796744.166967,-0.030181333333333185,-0.005287868615671584,7.758881172975786,0.3,-0.00296,-0.094186,7.79115,0.666667,1.0,9.328995,-0.0884995338730176,-0.29570492892979566,0.3
1769796744.187508,-0.02966199999999985,-0.00492435647683243,7.804559126614987,0.3,-0.00296,-0.094186,7.79115,0.666667,1.0,9.328995,-0.08888260871141229,-0.2943801101856474,0.3
1769796744.207628,-0.029143333333333188,-0.0034606716461449186,7.798818731150769,0.3,-0.00296,-0.094186,7.79115,0.666667,1.0,9.328995,-0.09040278798507284,-0.31165448725321326,0.3
1769796744.227874,-0.028625333333333187,-0.0010609746766181798,7.7829549081735285,0.3,-0.00296,-0.094186,7.79115,0.666667,1.0,9.328995,-0.09289058836508013,-0.3193837068362492,0.3
1769796744.24825,-0.028107999999999852,0.0020190483759765184,7.798637257755836,0.3,-0.00296,-0.094186,7.79115,0.666667,1.0,9.328995,-0.09608169961999251,-0.31959874760293133,0.3
1769796744.268664,-0.027591333333333187,0.005457142857142688,7.768515745479233,0.3,-0.00296,-0.094186,7.79115,0.666667,1.0,9.328995,-0.09964285714285694,-0.33635120226797177,0.3
1769796744.288874,-0.027075333333333184,0.008896165909737441,7.787861867327678,0.3,-0.00296,-0.094186,7.79115,0.666667,1.0,9.328995,-0.10320487180857864,-0.34417514917738484,0.3
1769796744.308831,-0.02655999999999985,0.01197897467661794,7.78295643731777,0.3,-0.00296,-0.094186,7.79115,0.666667,1.0,9.328995,-0.10639876877777676,-0.3602808808706019,0.3
1769796744.329054,-0.026045333333333184,0.014383457360430452,7.7758016270323,0.3,-0.00296,-0.094186,7.79115,0.666667,1.0,9.328995,-0.10889128344349844,-0.36765485880077087,0.3
1769796744.349521,-0.025531333333333184,0.015853856476832375,7.781726159389204,0.3,-0.00296,-0.094186,7.79115,0.666667,1.0,9.328995,-0.11041831986001617,-0.37808053017839466,0.3
1769796744.369825,-0.02501799999999985,0.016226011472814567,7.793878007363786,0.3,-0.00296,-0.094186,7.79115,0.666667,1.0,9.328995,-0.11080996612698253,-0.39162983411031105,0.3
1769796744.389978,-0.024505333333333185,0.015443356476832593,7.80559664238056,0.3,-0.00296,-0.094186,7.79115,0.666667,1.0,9.328995,-0.11000774843144502,-0.39488383441034713,0.3
1769796744.410049,-0.02399299999999985,0.013562528789002262,7.797584819326452,0.3,-0.00296,-0.094186,7.79115,0.666667,1.0,9.328995,-0.10807035487207024,-0.38614802878458354,0.3
1769796744.430362,-0.023481333333333188,0.010747688962332691,7.791158975741355,0.3,-0.00296,-0.094186,7.79115,0.666667,1.0,9.328995,-0.10516748306349154,-0.37106384379140156,0.3
1769796744.450736,-0.022970333333333186,0.007254451624023647,7.7965187576981245,0.3,-0.00296,-0.094186,7.79115,0.666667,1.0,9.328995,-0.10156322895143631,-0.34888006531196786,0.3
1769796744.470821,-0.02245999999999985,0.0034050000000003106,7.779278594771167,0.3,-0.00296,-0.094186,7.79115,0.666667,1.0,9.328995,-0.09759064285714311,-0.34536888800701027,0.3
1769796744.490916,-0.021950333333333183,-0.00044352305259454106,7.821161371618936,0.3,-0.00296,-0.094186,7.79115,0.666667,1.0,9.328995,-0.09361912819142153,-0.322918887351934,0.3
1769796744.511327,-0.021441333333333187,-0.003933903248046512,7.782567099681219,0.3,-0.00296,-0.094186,7.79115,0.666667,1.0,9.328995,-0.09001765979365176,-0.3081046352713133,0.3
1769796744.531591,-0.02093299999999985,-0.006744028789001974,7.780431756139965,0.3,-0.00296,-0.094186,7.79115,0.666667,1.0,9.328995,-0.0871195022707872,-0.2936827693522596,0.3
1769796744.551848,-0.020425333333333184,-0.008618213619689572,7.81527715514887,0.3,-0.00296,-0.094186,7.79115,0.666667,1.0,9.328995,-0.08518875156855514,-0.2902757010502701,0.3
1769796744.57201,-0.019917999999999852,-0.00939229718710031,7.793626196581569,0.3,-0.00296,-0.094186,7.79115,0.666667,1.0,9.328995,-0.08439510530158896,-0.2879815871892471,0.3
1769796744.592294,-0.019411333333333187,-0.009009713619689682,7.7830605026630435,0.3,-0.00296,-0.094186,7.79115,0.666667,1.0,9.328995,-0.08479725156855498,-0.2732944674877458,0.3
1769796744.612786,-0.018905333333333187,-0.007527028789002198,7.77818639125609,0.3,-0.00296,-0.094186,7.79115,0.666667,1.0,9.328995,-0.08633650227078703,-0.27336383486758087,0.3
1769796744.632834,-0.01839999999999985,-0.005108474676618319,7.778955100159786,0.3,-0.00296,-0.094186,7.79115,0.666667,1.0,9.328995,-0.08884315979365141,-0.29005551751185027,0.3
1769796744.653454,-0.017895333333333183,-0.0020097373383093364,7.796769960161935,0.3,-0.00296,-0.094186,7.79115,0.666667,1.0,9.328995,-0.09205291390570662,-0.3047057713258545,0.3
1769796744.673829,-0.01739099999999985,0.00144699999999968,7.780378822147836,0.3,-0.00296,-0.094186,7.79115,0.666667,1.0,9.328995,-0.09563271428571397,-0.32749519837682767,0.3
1769796744.693803,-0.016887333333333185,0.004904594481165879,7.797153583011028,0.3,-0.00296,-0.094186,7.79115,0.666667,1.0,9.328995,-0.09921337180857846,-0.3337326268171596,0.3
1769796744.714112,-0.016384333333333185,0.00800590324804637,7.776798756133274,0.3,-0.00296,-0.094186,7.79115,0.666667,1.0,9.328995,-0.10242569734920522,-0.359374057877593,0.3
1769796744.734521,-0.01588199999999985,0.010428743074716104,7.810801706998886,0.3,-0.00296,-0.094186,7.79115,0.666667,1.0,9.328995,-0.10493664058635545,-0.3797394227705966,0.3
1769796744.754977,-0.015379999999999852,0.01191742790540376,7.823139080498555,0.3,-0.00296,-0.094186,7.79115,0.666667,1.0,9.328995,-0.10648189128858766,-0.3908607528025085,0.3
1769796744.774846,-0.01487866666666652,0.012307868615671727,7.7886144597295335,0.3,-0.00296,-0.094186,7.79115,0.666667,1.0,9.328995,-0.10689175184126819,-0.383084414373608,0.3
1769796744.795244,-0.014377999999999854,0.011543499333975476,7.787769235659539,0.3,-0.00296,-0.094186,7.79115,0.666667,1.0,9.328995,-0.10610796271715935,-0.36321277673597385,0.3
1769796744.816346,-0.01387799999999985,0.009680885931859473,7.781749807170333,0.3,-0.00296,-0.094186,7.79115,0.666667,1.0,9.328995,-0.10418878344349891,-0.3595439539440466,0.3
1769796744.835852,-0.013378333333333185,0.00688411753376129,7.798334164841388,0.3,-0.00296,-0.094186,7.79115,0.666667,1.0,9.328995,-0.10130391163492018,-0.3448555261615902,0.3
1769796744.856221,-0.012879333333333185,0.0034088801954522637,7.780795672006898,0.3,-0.00296,-0.094186,7.79115,0.666667,1.0,9.328995,-0.09771765752286479,-0.34589479565225933,0.3
1769796744.876193,-0.01238099999999985,-0.0004226428571425476,7.818993585988307,0.3,-0.00296,-0.094186,7.79115,0.666667,1.0,9.328995,-0.09376307142857183,-0.33050774541026806,0.3
1769796744.896651,-0.011883333333333185,-0.0042533087668801955,7.800318488710599,0.3,-0.00296,-0.094186,7.79115,0.666667,1.0,9.328995,-0.08980934247713575,-0.3240570439213138,0.3
1769796744.916736,-0.011385999999999853,-0.00772604610518933,7.804209645664233,0.3,-0.00296,-0.094186,7.79115,0.666667,1.0,9.328995,-0.08622565979365185,-0.3021564586728024,0.3
1769796744.936805,-0.010889333333333187,-0.010518671646144765,7.802737918143039,0.3,-0.00296,-0.094186,7.79115,0.666667,1.0,9.328995,-0.08334485941364443,-0.29185313360068266,0.3
1769796744.957094,-0.010392999999999852,-0.012375427905403844,7.804765057630099,0.3,-0.00296,-0.094186,7.79115,0.666667,1.0,9.328995,-0.08143146585426944,-0.287239161231835,0.3
1769796744.977413,-0.009897333333333183,-0.013123725758528876,7.812281800570221,0.3,-0.00296,-0.094186,7.79115,0.666667,1.0,9.328995,-0.08065539101587461,-0.2781485186992729,0.3
1769796744.997612,-0.009402333333333185,-0.012707070762546874,7.789915141697716,0.3,-0.00296,-0.094186,7.79115,0.666667,1.0,9.328995,-0.08109996585426933,-0.27296079914267796,0.3
1769796745.017881,-0.008907999999999852,-0.011182171646145133,7.7890107363797005,0.3,-0.00296,-0.094186,7.79115,0.666667,1.0,9.328995,-0.08268143084221545,-0.2582272846046207,0.3
1769796745.03795,-0.008578666666666518,-0.008721617533761336,7.764327160819887,0.3,-0.00296,-0.094186,7.79115,0.666667,1.0,9.328995,-0.08523008836507984,-0.25749818154061277,0.3
1769796745.03795,-0.008249333333333185,-0.005581023052595201,7.763700701692144,0.3,-0.00296,-0.094186,7.79115,0.666667,1.0,9.328995,-0.08848162819142072,-0.26910208406630914,0.3
1769796745.058259,-0.007920333333333184,-0.0020825714285719055,7.783738713332732,0.3,-0.00296,-0.094186,7.79115,0.666667,1.0,9.328995,-0.09210321428571386,-0.29764632744435254,0.3
1769796745.078686,-0.007427333333333185,0.00141659448116573,7.793857052328915,0.3,-0.00296,-0.094186,7.79115,0.666667,1.0,9.328995,-0.09572544323714972,-0.33387123691761134,0.3
1769796745.098788,-0.006934999999999852,0.004550903248046231,7.812494881367624,0.3,-0.00296,-0.094186,7.79115,0.666667,1.0,9.328995,-0.09897912592063363,-0.36676681064864874,0.3
1769796745.118859,-0.006443333333333186,0.006998243074715975,7.831239748510198,0.3,-0.00296,-0.094186,7.79115,0.666667,1.0,9.328995,-0.10150614058635536,-0.37907882447889024,0.3
1769796745.139344,-0.005951999999999852,0.00850299933397509,7.798803189544141,0.3,-0.00296,-0.094186,7.79115,0.666667,1.0,9.328995,-0.10306746271715896,-0.3806793123482328,0.3
1769796745.159717,-0.005461333333333185,0.008909440044243091,7.801351613691597,0.3,-0.00296,-0.094186,7.79115,0.666667,1.0,9.328995,-0.10349339469841097,-0.37158187918629504,0.3
1769796745.179892,-0.004971333333333185,0.008160999333975433,7.804592253715416,0.3,-0.00296,-0.094186,7.79115,0.666667,1.0,9.328995,-0.10272546271715936,-0.3636290254592023,0.3
1769796745.200334,-0.0044816666666665185,0.006314171646145121,7.787163610084422,0.3,-0.00296,-0.094186,7.79115,0.666667,1.0,9.328995,-0.10082214058635598,-0.35713218936500696,0.3
1769796745.220831,-0.003992666666666519,0.003533117533761246,7.804087379637501,0.3,-0.00296,-0.094186,7.79115,0.666667,1.0,9.328995,-0.09795291163492004,-0.34426725715696,0.3
1769796745.240767,-0.0035039999999998523,7.35230525950777e-05,7.801513995209354,0.3,-0.00296,-0.094186,7.79115,0.666667,1.0,9.328995,-0.09438230038000774,-0.338863773141935,0.3
1769796745.26118,-0.003015999999999852,-0.00374242857142823,7.809016399390524,0.3,-0.00296,-0.094186,7.79115,0.666667,1.0,9.328995,-0.09044335714285748,-0.32156717511364447,0.3
1769796745.281566,-0.002528333333333185,-0.007557594481165895,7.801773937677643,0.3,-0.00296,-0.094186,7.79115,0.666667,1.0,9.328995,-0.08650505676285011,-0.2968139937709577,0.3
1769796745.301678,-0.0020413333333331855,-0.011014831819475013,7.783254690214487,0.3,-0.00296,-0.094186,7.79115,0.666667,1.0,9.328995,-0.08293680265079474,-0.2740143846138215,0.3
1769796745.322124,-0.0015549999999998519,-0.013791957360430504,7.791828130687843,0.3,-0.00296,-0.094186,7.79115,0.666667,1.0,9.328995,-0.08007164512793012,-0.25462601132952334,0.3
1769796745.341934,-0.001068999999999852,-0.015633285048261003,7.786325997834843,0.3,-0.00296,-0.094186,7.79115,0.666667,1.0,9.328995,-0.07817368013998365,-0.25324092322061764,0.3
1769796745.362095,-0.0005833333333331853,-0.016374725758528958,7.7986157257569655,0.3,-0.00296,-0.094186,7.79115,0.666667,1.0,9.328995,-0.07741281958730324,-0.2480617985242921,0.3
1769796745.382228,-9.83333333331853e-05,-0.015959713619689838,7.787892889359465,0.3,-0.00296,-0.094186,7.79115,0.666667,1.0,9.328995,-0.07784732299712625,-0.2624343744518647,0.3
1769796745.402542,0.000386000000000148,-0.014444814503288184,7.81401125189146,0.3,-0.00296,-0.094186,7.79115,0.666667,1.0,9.328995,-0.07941871655650101,-0.26932353388370367,0.3
1769796745.42302,0.0008700000000001481,-0.01199411753376147,7.798750649117223,0.3,-0.00296,-0.094186,7.79115,0.666667,1.0,9.328995,-0.0819575169365082,-0.27339297241017885,0.3
1769796745.442837,0.0013536666666668147,-0.008863308766881073,7.77229201076653,0.3,-0.00296,-0.094186,7.79115,0.666667,1.0,9.328995,-0.0851994139057064,-0.2798432036043354,0.3
1769796745.462984,0.0018366666666668147,-0.005374642857143462,7.797370353089143,0.3,-0.00296,-0.094186,7.79115,0.666667,1.0,9.328995,-0.0888111428571422,-0.2952167597188594,0.3
1769796745.484432,0.0023190000000001478,-0.0018852626616915568,7.79896154727429,0.3,-0.00296,-0.094186,7.79115,0.666667,1.0,9.328995,-0.09242351466572103,-0.30887625295191806,0.3
1769796745.503695,0.0028010000000001484,0.0012476889623318683,7.767949979195898,0.3,-0.00296,-0.094186,7.79115,0.666667,1.0,9.328995,-0.09566755449206212,-0.32722692022818584,0.3
1769796745.523957,0.0032826666666668143,0.0037021002175730935,7.809220325005466,0.3,-0.00296,-0.094186,7.79115,0.666667,1.0,9.328995,-0.09820999772921248,-0.328995292117412,0.3
1769796745.54399,0.003764000000000148,0.005222213619689349,7.778549038725862,0.3,-0.00296,-0.094186,7.79115,0.666667,1.0,9.328995,-0.09978674843144471,-0.3296607843743539,0.3
1769796745.564326,0.004244666666666815,0.0056438686156715795,7.7542647734162085,0.3,-0.00296,-0.094186,7.79115,0.666667,1.0,9.328995,-0.10022789469841088,-0.32752529185212437,0.3
1769796745.58465,0.004725000000000148,0.00491042790540384,7.7998608954776945,0.3,-0.00296,-0.094186,7.79115,0.666667,1.0,9.328995,-0.09947496271715917,-0.3312466533617953,0.3
1769796745.60472,0.005204666666666815,0.0030785287890021293,7.7946456891895055,0.3,-0.00296,-0.094186,7.79115,0.666667,1.0,9.328995,-0.09758642630064149,-0.33189148724029943,0.3
1769796745.624982,0.005683666666666815,0.00031233181947540784,7.774055182163903,0.3,-0.00296,-0.094186,7.79115,0.666667,1.0,9.328995,-0.09473219734920575,-0.32297699393310886,0.3
1769796745.645382,0.006162333333333481,-0.003132405518833592,7.8063969696978175,0.3,-0.00296,-0.094186,7.79115,0.666667,1.0,9.328995,-0.091176371808579,-0.3063050978009948,0.3
1769796745.665734,0.0066403333333334815,-0.006933571428571243,7.790530171930392,0.3,-0.00296,-0.094186,7.79115,0.666667,1.0,9.328995,-0.08725221428571449,-0.28592030946299224,0.3
1769796745.686014,0.0071180000000001485,-0.010733951624023139,7.766695478447781,0.3,-0.00296,-0.094186,7.79115,0.666667,1.0,9.328995,-0.0833286996199928,-0.26876733365518995,0.3
1769796745.706636,0.007595000000000148,-0.014176474676617942,7.805184998242288,0.3,-0.00296,-0.094186,7.79115,0.666667,1.0,9.328995,-0.07977523122222331,-0.24820544893672902,0.3
1769796745.726738,0.008072000000000149,-0.01693895736043047,7.779613896799172,0.3,-0.00296,-0.094186,7.79115,0.666667,1.0,9.328995,-0.07692464512793008,-0.24387208176670686,0.3
1769796745.746765,0.008548333333333482,-0.018765785048261038,7.784957167162091,0.3,-0.00296,-0.094186,7.79115,0.666667,1.0,9.328995,-0.0750412515685552,-0.23640956392877668,0.3
1769796745.766994,0.009024333333333481,-0.019492725758528926,7.806924057344925,0.3,-0.00296,-0.094186,7.79115,0.666667,1.0,9.328995,-0.07429474815873162,-0.23367611422602963,0.3
1769796745.787319,0.009499666666666814,-0.019063213619689823,7.78101784832483,0.3,-0.00296,-0.094186,7.79115,0.666667,1.0,9.328995,-0.07474382299712641,-0.23866530550631013,0.3
1769796745.80777,0.009974666666666814,-0.017533814503288017,7.791450284233955,0.3,-0.00296,-0.094186,7.79115,0.666667,1.0,9.328995,-0.07632978798507252,-0.241330057426093,0.3
1769796745.827826,0.010449000000000147,-0.015068760390904207,7.797497896903217,0.3,-0.00296,-0.094186,7.79115,0.666667,1.0,9.328995,-0.07888294550793704,-0.25594123688808396,0.3
1769796745.847967,0.010923000000000148,-0.0119237373383095,7.788149114171047,0.3,-0.00296,-0.094186,7.79115,0.666667,1.0,9.328995,-0.08213898533427784,-0.2702646325416645,0.3
1769796745.868231,0.011396666666666814,-0.008420857142857638,7.791688201858356,0.3,-0.00296,-0.094186,7.79115,0.666667,1.0,9.328995,-0.08576485714285664,-0.29053092404443426,0.3
1769796745.888768,0.011869666666666815,-0.0049172626616913835,7.808414273623963,0.3,-0.00296,-0.094186,7.79115,0.666667,1.0,9.328995,-0.08939158609429262,-0.30860510538740155,0.3
1769796745.908982,0.01234200000000015,-0.0017700967519537157,7.7940409364065175,0.3,-0.00296,-0.094186,7.79115,0.666667,1.0,9.328995,-0.0926497687777766,-0.320489458966952,0.3
1769796745.929489,0.01281400000000015,0.0006983859318588637,7.7874007875237234,0.3,-0.00296,-0.094186,7.79115,0.666667,1.0,9.328995,-0.09520635487206965,-0.3190419103685636,0.3
1769796745.949854,0.01328600000000015,0.0022324993339750596,7.780365140055443,0.3,-0.00296,-0.094186,7.79115,0.666667,1.0,9.328995,-0.09679703414573036,-0.32066450760799753,0.3
1769796745.969807,0.01375733333333348,0.002668082901385866,7.782471194394907,0.3,-0.00296,-0.094186,7.79115,0.666667,1.0,9.328995,-0.09725210898412519,-0.31439386783234696,0.3
1769796745.990006,0.014228333333333482,0.001948642191118131,7.7685943164204305,0.3,-0.00296,-0.094186,7.79115,0.666667,1.0,9.328995,-0.09651310557430207,-0.3091714732142928,0.3
1769796746.010193,0.014698666666666813,0.00013074307471634683,7.775531987700499,0.3,-0.00296,-0.094186,7.79115,0.666667,1.0,9.328995,-0.09463871201492716,-0.29732582604547125,0.3
1769796746.030605,0.015168666666666816,-0.0026214538948104438,7.773494229471438,0.3,-0.00296,-0.094186,7.79115,0.666667,1.0,9.328995,-0.09179841163491984,-0.29609315828531085,0.3
1769796746.050803,0.01563833333333348,-0.006052334090262341,7.793304152681214,0.3,-0.00296,-0.094186,7.79115,0.666667,1.0,9.328995,-0.0882565146657217,-0.2824373722487115,0.3
1769796746.070812,0.01610733333333348,-0.009839714285714216,7.779156182853873,0.3,-0.00296,-0.094186,7.79115,0.666667,1.0,9.328995,-0.08434607142857146,-0.283216377345275,0.3
1769796746.091386,0.016576333333333484,-0.013626451624023284,7.813127822284952,0.3,-0.00296,-0.094186,7.79115,0.666667,1.0,9.328995,-0.08043627104856421,-0.25846662916358604,0.3
1769796746.111626,0.01704433333333348,-0.017055403248046632,7.776505437029699,0.3,-0.00296,-0.094186,7.79115,0.666667,1.0,9.328995,-0.07689630265079449,-0.2431445992994985,0.3
1769796746.131704,0.01751233333333348,-0.01980445736043064,7.780200815130702,0.3,-0.00296,-0.094186,7.79115,0.666667,1.0,9.328995,-0.07405921655650143,-0.2182628942075192,0.3
1769796746.152099,0.017979666666666814,-0.021617927905403914,7.786030376594353,0.3,-0.00296,-0.094186,7.79115,0.666667,1.0,9.328995,-0.07218910871141218,-0.21360249866263184,0.3
1769796746.171988,0.018446666666666816,-0.022331654329957536,7.784693046775472,0.3,-0.00296,-0.094186,7.79115,0.666667,1.0,9.328995,-0.07145589101587467,-0.20720378653583163,0.3
1769796746.192486,0.01891300000000015,-0.021888999333975496,7.773783527265042,0.3,-0.00296,-0.094186,7.79115,0.666667,1.0,9.328995,-0.07191803728284056,-0.21552270335492454,0.3
1769796746.212733,0.019379000000000146,-0.020346528789002328,7.799501231274055,0.3,-0.00296,-0.094186,7.79115,0.666667,1.0,9.328995,-0.0735170736993583,-0.22992535156410834,0.3
1769796746.233059,0.019844666666666816,-0.01786840324804699,7.800346130242669,0.3,-0.00296,-0.094186,7.79115,0.666667,1.0,9.328995,-0.07608330265079417,-0.23803277518680943,0.3
1769796746.253492,0.02031000000000015,-0.014710308766880828,7.7662076859473546,0.3,-0.00296,-0.094186,7.79115,0.666667,1.0,9.328995,-0.07935241390570658,-0.23396119660810707,0.3
1769796746.273752,0.020775000000000144,-0.011194428571428916,7.759119295240366,0.3,-0.00296,-0.094186,7.79115,0.666667,1.0,9.328995,-0.08299135714285678,-0.2464756722156324,0.3
1769796746.293998,0.021239666666666813,-0.007677905518834151,7.793063096575699,0.3,-0.00296,-0.094186,7.79115,0.666667,1.0,9.328995,-0.08663094323714991,-0.27766558583106754,0.3
1769796746.314254,0.02170400000000015,-0.004517882466239316,7.8003350105506986,0.3,-0.00296,-0.094186,7.79115,0.666667,1.0,9.328995,-0.08990198306349087,-0.3096526453094251,0.3
1769796746.334655,0.022167666666666818,-0.00203654263956958,7.799073430072721,0.3,-0.00296,-0.094186,7.79115,0.666667,1.0,9.328995,-0.09247142630064129,-0.32738860431313105,0.3
1769796746.354821,0.02263100000000015,-0.000489643523167646,7.809358260560146,0.3,-0.00296,-0.094186,7.79115,0.666667,1.0,9.328995,-0.09407496271715912,-0.32781763713851436,0.3
1769796746.375325,0.023093666666666814,-4.127424147121195e-05,7.785858194927347,0.3,-0.00296,-0.094186,7.79115,0.666667,1.0,9.328995,-0.09454268041269667,-0.31870410253251413,0.3
1769796746.395447,0.023556000000000146,-0.0007480720945961435,7.773605138203107,0.3,-0.00296,-0.094186,7.79115,0.666667,1.0,9.328995,-0.09381653414573059,-0.3119117604189312,0.3
1769796746.415728,0.02401800000000015,-0.0025533997824264917,7.800444734817414,0.3,-0.00296,-0.094186,7.79115,0.666667,1.0,9.328995,-0.09195456915778433,-0.31926243197807147,0.3
1769796746.435804,0.024479666666666816,-0.005293168180524652,7.8210955593311215,0.3,-0.00296,-0.094186,7.79115,0.666667,1.0,9.328995,-0.08912669734920563,-0.31784781696481285,0.3
1769796746.456406,0.024941000000000147,-0.008711691233119342,7.797791164115953,0.3,-0.00296,-0.094186,7.79115,0.666667,1.0,9.328995,-0.08559722895143611,-0.2910330147304892,0.3
1769796746.476999,0.025402000000000147,-0.012486785714285511,7.774293091337863,0.3,-0.00296,-0.094186,7.79115,0.666667,1.0,9.328995,-0.08169900000000026,-0.2717222168214006,0.3
1769796746.4968,0.02586266666666681,-0.016261308766880266,7.814424710791326,0.3,-0.00296,-0.094186,7.79115,0.666667,1.0,9.328995,-0.07780141390570712,-0.2569842511858699,0.3
1769796746.517346,0.026323000000000152,-0.019678117533760777,7.802750259112706,0.3,-0.00296,-0.094186,7.79115,0.666667,1.0,9.328995,-0.07427365979365184,-0.24687398635769667,0.3
1769796746.537385,0.026782666666666816,-0.02240917164614473,7.786706543904031,0.3,-0.00296,-0.094186,7.79115,0.666667,1.0,9.328995,-0.07144857369935873,-0.22998015884581172,0.3
1769796746.557839,0.027242000000000145,-0.02419878504826095,7.804624947965789,0.3,-0.00296,-0.094186,7.79115,0.666667,1.0,9.328995,-0.06960825156855525,-0.21843179559001616,0.3
1769796746.577815,0.027700666666666814,-0.024882868615671735,7.79574215612472,0.3,-0.00296,-0.094186,7.79115,0.666667,1.0,9.328995,-0.06890481958730318,-0.22328776810414186,0.3
1769796746.597887,0.02800633333333348,-0.024410642191118336,7.803935166651392,0.3,-0.00296,-0.094186,7.79115,0.666667,1.0,9.328995,-0.06939632299712638,-0.2252073953817421,0.3
1769796746.597887,0.028311666666666815,-0.02283881450328802,7.804045865510437,0.3,-0.00296,-0.094186,7.79115,0.666667,1.0,9.328995,-0.07102493084221545,-0.23300697810682006,0.3
1769796746.618262,0.028617000000000146,-0.02033140324804703,7.796772666857667,0.3,-0.00296,-0.094186,7.79115,0.666667,1.0,9.328995,-0.07362030265079413,-0.24920674283265412,0.3
1769796746.638636,0.029075000000000146,-0.017144237338309425,7.81436189064828,0.3,-0.00296,-0.094186,7.79115,0.666667,1.0,9.328995,-0.07691855676284935,-0.2618344993758699,0.3
1769796746.658966,0.029532666666666815,-0.01360521428571466,7.799895817755148,0.3,-0.00296,-0.094186,7.79115,0.666667,1.0,9.328995,-0.08058642857142827,-0.2741271849316565,0.3
1769796746.6789,0.029989666666666814,-0.010071548375976949,7.788398435848134,0.3,-0.00296,-0.094186,7.79115,0.666667,1.0,9.328995,-0.08423737180857842,-0.2839909661209616,0.3
1769796746.699071,0.03044600000000015,-0.006900311037667829,7.801347678100356,0.3,-0.00296,-0.094186,7.79115,0.666667,1.0,9.328995,-0.08751955449206249,-0.29494201008396986,0.3
1769796746.719492,0.030902000000000148,-0.00440789978242664,7.792937488426025,0.3,-0.00296,-0.094186,7.79115,0.666667,1.0,9.328995,-0.09010014058635563,-0.3050019185624679,0.3
1769796746.73969,0.03135800000000014,-0.002849929237453313,7.786205126050901,0.3,-0.00296,-0.094186,7.79115,0.666667,1.0,9.328995,-0.09171460557430199,-0.3144170034471582,0.3
1769796746.760011,0.031813666666666816,-0.0023905599557568443,7.807632072379056,0.3,-0.00296,-0.094186,7.79115,0.666667,1.0,9.328995,-0.09219346612698247,-0.3205410789144978,0.3
1769796746.78007,0.03226900000000015,-0.0030862863803103185,7.802503732273099,0.3,-0.00296,-0.094186,7.79115,0.666667,1.0,9.328995,-0.09147824843144503,-0.31672690787036734,0.3
1769796746.800583,0.03272366666666681,-0.004880614068140647,7.784474288144476,0.3,-0.00296,-0.094186,7.79115,0.666667,1.0,9.328995,-0.08962742630064156,-0.31178262555548325,0.3
1769796746.8214,0.03317800000000015,-0.0076093824662388,7.814022719698917,0.3,-0.00296,-0.094186,7.79115,0.666667,1.0,9.328995,-0.08681048306349148,-0.30504408989348547,0.3
1769796746.84092,0.03363200000000015,-0.011016905518833478,7.814223685120456,0.3,-0.00296,-0.094186,7.79115,0.666667,1.0,9.328995,-0.08329194323715057,-0.29710726122184244,0.3
1769796746.861225,0.03408566666666681,-0.014780999999999642,7.800742537991897,0.3,-0.00296,-0.094186,7.79115,0.666667,1.0,9.328995,-0.07940485714285753,-0.2776999918720318,0.3
1769796746.881415,0.034539000000000146,-0.018544523052594408,7.807765530159108,0.3,-0.00296,-0.094186,7.79115,0.666667,1.0,9.328995,-0.075518199619993,-0.24675685574901673,0.3
1769796746.901824,0.03499200000000015,-0.02195040324804634,7.7836847441698,0.3,-0.00296,-0.094186,7.79115,0.666667,1.0,9.328995,-0.07200137407936627,-0.22484210307198071,0.3
1769796746.922018,0.03544466666666681,-0.02467645736043037,7.787347614449522,0.3,-0.00296,-0.094186,7.79115,0.666667,1.0,9.328995,-0.06918721655650173,-0.2054932313526772,0.3
1769796746.942596,0.035897000000000144,-0.02646699933397519,7.793264698285472,0.3,-0.00296,-0.094186,7.79115,0.666667,1.0,9.328995,-0.06734003728284091,-0.19869586356716665,0.3
1769796746.962736,0.036348666666666814,-0.027157868615671748,7.787244343893942,0.3,-0.00296,-0.094186,7.79115,0.666667,1.0,9.328995,-0.06662974815873181,-0.20276748847855172,0.3
1769796746.982828,0.03680033333333348,-0.026692499333975505,7.802898410797585,0.3,-0.00296,-0.094186,7.79115,0.666667,1.0,9.328995,-0.06711460871141206,-0.19953747365524807,0.3
1769796747.003069,0.03725133333333348,-0.02512745736043095,7.781808656112558,0.3,-0.00296,-0.094186,7.79115,0.666667,1.0,9.328995,-0.06873614512792964,-0.20765475154111032,0.3
1769796747.023495,0.037702333333333476,-0.02262690324804707,7.788749110690277,0.3,-0.00296,-0.094186,7.79115,0.666667,1.0,9.328995,-0.07132487407936547,-0.22309258547434344,0.3
1769796747.04396,0.038152666666666814,-0.019446523052595196,7.8113773601014245,0.3,-0.00296,-0.094186,7.79115,0.666667,1.0,9.328995,-0.0746162710485637,-0.2601400818853241,0.3
1769796747.064207,0.038603000000000144,-0.01590850000000038,7.8310833599620375,0.3,-0.00296,-0.094186,7.79115,0.666667,1.0,9.328995,-0.07827728571428526,-0.2844854853186334,0.3
1769796747.084827,0.03905266666666682,-0.01236997694740558,7.806735366882675,0.3,-0.00296,-0.094186,7.79115,0.666667,1.0,9.328995,-0.08193894323714991,-0.29522379506323904,0.3
1769796747.104795,0.03950200000000015,-0.009188025323382157,7.800024645450034,0.3,-0.00296,-0.094186,7.79115,0.666667,1.0,9.328995,-0.08523184020634811,-0.29380137664602396,0.3
1769796747.124986,0.039951000000000146,-0.0066848997824267105,7.796013222395863,0.3,-0.00296,-0.094186,7.79115,0.666667,1.0,9.328995,-0.08782314058635553,-0.3024332153487413,0.3
1769796747.145151,0.04040000000000015,-0.005116286380310475,7.801415276268873,0.3,-0.00296,-0.094186,7.79115,0.666667,1.0,9.328995,-0.08944831986001625,-0.28961892227550146,0.3
1769796747.165703,0.04084866666666681,-0.004646345670042559,7.75573312643659,0.3,-0.00296,-0.094186,7.79115,0.666667,1.0,9.328995,-0.08993768041269681,-0.29820022465778173,0.3
1769796747.185682,0.041297000000000146,-0.005331572094595972,7.811115721967201,0.3,-0.00296,-0.094186,7.79115,0.666667,1.0,9.328995,-0.08923296271715928,-0.28829633499386004,0.3
1769796747.206397,0.04174466666666682,-0.007115399782426271,7.785689129974083,0.3,-0.00296,-0.094186,7.79115,0.666667,1.0,9.328995,-0.08739264058635601,-0.2943351404852899,0.3
1769796747.226731,0.04219200000000015,-0.009833739609095777,7.786937804294092,0.3,-0.00296,-0.094186,7.79115,0.666667,1.0,9.328995,-0.08458619734920592,-0.28435915981910315,0.3
1769796747.247029,0.04263900000000015,-0.013230976947404762,7.815321851264507,0.3,-0.00296,-0.094186,7.79115,0.666667,1.0,9.328995,-0.08107794323715076,-0.2775526086521333,0.3
1769796747.266911,0.043086000000000145,-0.016984857142856625,7.804474804444081,0.3,-0.00296,-0.094186,7.79115,0.666667,1.0,9.328995,-0.07720092857142906,-0.26272720918810605,0.3
1769796747.28728,0.04353266666666681,-0.02073823733830855,7.792000360612113,0.3,-0.00296,-0.094186,7.79115,0.666667,1.0,9.328995,-0.07332455676285032,-0.23217565692457484,0.3
1769796747.307529,0.04397900000000015,-0.02413397467661763,7.785954291130339,0.3,-0.00296,-0.094186,7.79115,0.666667,1.0,9.328995,-0.06981780265079499,-0.21577099900065977,0.3
1769796747.327788,0.044424666666666814,-0.02684995736043024,7.802825843640166,0.3,-0.00296,-0.094186,7.79115,0.666667,1.0,9.328995,-0.06701371655650182,-0.19828511688592934,0.3
1769796747.347769,0.04487000000000015,-0.028630499333975084,7.782201202995247,0.3,-0.00296,-0.094186,7.79115,0.666667,1.0,9.328995,-0.0651766087114125,-0.18017974261634473,0.3
1769796747.367878,0.045315000000000154,-0.02931136861567167,7.766143123212883,0.3,-0.00296,-0.094186,7.79115,0.666667,1.0,9.328995,-0.06447617673016046,-0.17319889018054627,0.3
1769796747.388063,0.045760000000000155,-0.028835999333975463,7.794868132969486,0.3,-0.00296,-0.094186,7.79115,0.666667,1.0,9.328995,-0.06497110871141205,-0.18902539508131186,0.3
1769796747.408521,0.04620466666666682,-0.027260957360430882,7.81084017012413,0.3,-0.00296,-0.094186,7.79115,0.666667,1.0,9.328995,-0.06660271655650112,-0.20023704786077876,0.3
1769796747.42882,0.046649000000000156,-0.024750403248047018,7.773531452259867,0.3,-0.00296,-0.094186,7.79115,0.666667,1.0,9.328995,-0.0692013026507942,-0.20980777923913307,0.3
1769796747.449019,0.04709266666666682,-0.021560023052595145,7.790063040159751,0.3,-0.00296,-0.094186,7.79115,0.666667,1.0,9.328995,-0.07250277104856365,-0.2149484099359944,0.3
1769796747.469309,0.047536333333333486,-0.018012000000000406,7.7900278066768704,0.3,-0.00296,-0.094186,7.79115,0.666667,1.0,9.328995,-0.07617385714285674,-0.23720714321341255,0.3
1769796747.490066,0.047979666666666816,-0.014463476947405596,7.7855734906926255,0.3,-0.00296,-0.094186,7.79115,0.666667,1.0,9.328995,-0.07984537180857841,-0.24841356440586715,0.3
1769796747.509901,0.048422666666666815,-0.011271596751953614,7.778897480449349,0.3,-0.00296,-0.094186,7.79115,0.666667,1.0,9.328995,-0.08314834020634808,-0.2758086915496117,0.3
1769796747.529973,0.04886500000000015,-0.008758542639569544,7.819605681786647,0.3,-0.00296,-0.094186,7.79115,0.666667,1.0,9.328995,-0.08574949772921268,-0.2994475362766107,0.3
1769796747.549947,0.04930700000000015,-0.007180072094596174,7.813727120869919,0.3,-0.00296,-0.094186,7.79115,0.666667,1.0,9.328995,-0.08738453414573062,-0.31421268485744186,0.3
1769796747.570359,0.04974900000000015,-0.006700345670042476,7.796175807968018,0.3,-0.00296,-0.094186,7.79115,0.666667,1.0,9.328995,-0.08788375184126819,-0.3030998293387564,0.3
1769796747.590672,0.05019100000000015,-0.0073759292374530145,7.789343203413568,0.3,-0.00296,-0.094186,7.79115,0.666667,1.0,9.328995,-0.08718867700287378,-0.2995488060480365,0.3
1769796747.610858,0.050632666666666805,-0.00915025692528323,7.812267044521727,0.3,-0.00296,-0.094186,7.79115,0.666667,1.0,9.328995,-0.08535778344349901,-0.2886728378854468,0.3
1769796747.63093,0.05107400000000015,-0.011859168180524224,7.789446841422949,0.3,-0.00296,-0.094186,7.79115,0.666667,1.0,9.328995,-0.08256076877777754,-0.27597241898407116,0.3
1769796747.651314,0.05151466666666681,-0.015246976947404614,7.788206363591494,0.3,-0.00296,-0.094186,7.79115,0.666667,1.0,9.328995,-0.0790619432371508,-0.241178300012819,0.3
1769796747.671617,0.05195500000000015,-0.018991499999999356,7.769426538980806,0.3,-0.00296,-0.094186,7.79115,0.666667,1.0,9.328995,-0.07519435714285784,-0.21389821532931463,0.3
1769796747.691983,0.05239500000000014,-0.02273552305259412,7.768206355551691,0.3,-0.00296,-0.094186,7.79115,0.666667,1.0,9.328995,-0.07132719961999331,-0.1906647209680464,0.3
1769796747.712096,0.05283500000000015,-0.026121903248046124,7.7760921257208615,0.3,-0.00296,-0.094186,7.79115,0.666667,1.0,9.328995,-0.0678298740793665,-0.190051303242916,0.3
1769796747.732548,0.05327466666666681,-0.02882845736043022,7.8019920486267615,0.3,-0.00296,-0.094186,7.79115,0.666667,1.0,9.328995,-0.06503521655650184,-0.20188028032324135,0.3
1769796747.752797,0.05371400000000015,-0.030599570762546564,7.820285663591302,0.3,-0.00296,-0.094186,7.79115,0.666667,1.0,9.328995,-0.06320753728284102,-0.20448577592775385,0.3
1769796747.772981,0.054153000000000145,-0.03127108290138602,7.799241243391938,0.3,-0.00296,-0.094186,7.79115,0.666667,1.0,9.328995,-0.06251653387301746,-0.2015847740175849,0.3
1769796747.793201,0.054591666666666816,-0.030786427905404073,7.802589478823266,0.3,-0.00296,-0.094186,7.79115,0.666667,1.0,9.328995,-0.06302068013998348,-0.19279722594472326,0.3
1769796747.813247,0.055030000000000155,-0.029202100217573718,7.796798708265047,0.3,-0.00296,-0.094186,7.79115,0.666667,1.0,9.328995,-0.06466150227078686,-0.19744223547392847,0.3
1769796747.833682,0.05546800000000015,-0.026682331819475505,7.793163130290255,0.3,-0.00296,-0.094186,7.79115,0.666667,1.0,9.328995,-0.06726951693650852,-0.20511900629184976,0.3
1769796747.853779,0.05590600000000015,-0.02348280876688077,7.793661940914376,0.3,-0.00296,-0.094186,7.79115,0.666667,1.0,9.328995,-0.07057998533427812,-0.2141727416024469,0.3
1769796747.873915,0.05634366666666681,-0.01992578571428603,7.784013996930389,0.3,-0.00296,-0.094186,7.79115,0.666667,1.0,9.328995,-0.07426007142857106,-0.2295869282355724,0.3
1769796747.894478,0.056781000000000144,-0.016368334090262684,7.790700338742191,0.3,-0.00296,-0.094186,7.79115,0.666667,1.0,9.328995,-0.07794058609429275,-0.254491798257382,0.3
1769796747.914783,0.05721800000000014,-0.013167596751953522,7.812866262354036,0.3,-0.00296,-0.094186,7.79115,0.666667,1.0,9.328995,-0.08125234020634815,-0.27479803374348005,0.3
1769796747.934878,0.057654666666666805,-0.010645756925283814,7.796547381779677,0.3,-0.00296,-0.094186,7.79115,0.666667,1.0,9.328995,-0.08386228344349855,-0.2958269709776577,0.3
1769796747.955354,0.058091333333333474,-0.009058572094596212,7.8126529019670485,0.3,-0.00296,-0.094186,7.79115,0.666667,1.0,9.328995,-0.08550610557430187,-0.28955821526331843,0.3
1769796747.975706,0.05852733333333348,-0.008570131384328347,7.782892829370733,0.3,-0.00296,-0.094186,7.79115,0.666667,1.0,9.328995,-0.08601389469841096,-0.27314871448859956,0.3
1769796747.995851,0.05896333333333348,-0.009237000666024528,7.755506668867088,0.3,-0.00296,-0.094186,7.79115,0.666667,1.0,9.328995,-0.08532760557430215,-0.26847390948771316,0.3
1769796748.015883,0.059398666666666815,-0.01100254263956905,7.808614184928391,0.3,-0.00296,-0.094186,7.79115,0.666667,1.0,9.328995,-0.08350549772921333,-0.27002051715654757,0.3
1769796748.036095,0.05983433333333348,-0.0137026681805243,7.804006469322599,0.3,-0.00296,-0.094186,7.79115,0.666667,1.0,9.328995,-0.08071726877777739,-0.2730347426157362,0.3
1769796748.056668,0.06026933333333348,-0.017081691233119114,7.7890442061776755,0.3,-0.00296,-0.094186,7.79115,0.666667,1.0,9.328995,-0.0772272289514364,-0.24962433750590296,0.3
1769796748.077194,0.06070433333333348,-0.02081335714285673,7.7906448710028045,0.3,-0.00296,-0.094186,7.79115,0.666667,1.0,9.328995,-0.07336842857142889,-0.23394497655153598,0.3
1769796748.0975,0.06113866666666682,-0.024540523052594396,7.806857662060067,0.3,-0.00296,-0.094186,7.79115,0.666667,1.0,9.328995,-0.06952227104856454,-0.209139438092923,0.3
1769796748.117393,0.06157300000000015,-0.02790611753376065,7.773762948012946,0.3,-0.00296,-0.094186,7.79115,0.666667,1.0,9.328995,-0.0660457312222234,-0.1933282657465076,0.3
1769796748.137827,0.061862333333333484,-0.03059210021757332,7.7908642100993895,0.3,-0.00296,-0.094186,7.79115,0.666667,1.0,9.328995,-0.06327164512793013,-0.1704600137558665,0.3
1769796748.137827,0.06215166666666682,-0.03234278504826097,7.78553902505781,0.3,-0.00296,-0.094186,7.79115,0.666667,1.0,9.328995,-0.061464322997126515,-0.1722072134278869,0.3
1769796748.158521,0.06244066666666681,-0.03299394004424317,7.7948855658904135,0.3,-0.00296,-0.094186,7.79115,0.666667,1.0,9.328995,-0.06079367673016046,-0.16841460750879167,0.3
1769796748.178013,0.06287400000000015,-0.03248899933397544,7.7895118918188455,0.3,-0.00296,-0.094186,7.79115,0.666667,1.0,9.328995,-0.06131818013998352,-0.1721902607697153,0.3
1769796748.19804,0.06330700000000015,-0.030888600217573742,7.788293321982502,0.3,-0.00296,-0.094186,7.79115,0.666667,1.0,9.328995,-0.06297914512792972,-0.1798443482549643,0.3
1769796748.218101,0.06374000000000014,-0.02835697467661845,7.794866146442855,0.3,-0.00296,-0.094186,7.79115,0.666667,1.0,9.328995,-0.06559487407936555,-0.1945404360303361,0.3
1769796748.238596,0.06417266666666681,-0.02514966590973801,7.794998805409083,0.3,-0.00296,-0.094186,7.79115,0.666667,1.0,9.328995,-0.0689130567628494,-0.20396843075010937,0.3
1769796748.258765,0.06460500000000015,-0.02158478571428611,7.775957528372351,0.3,-0.00296,-0.094186,7.79115,0.666667,1.0,9.328995,-0.07260107142857104,-0.21171816717126016,0.3
1769796748.278886,0.06503700000000014,-0.018019476947405657,7.775657486697282,0.3,-0.00296,-0.094186,7.79115,0.666667,1.0,9.328995,-0.07628951466572124,-0.2219787228391625,0.3
1769796748.299313,0.06546900000000015,-0.01481095389481083,7.781423813777109,0.3,-0.00296,-0.094186,7.79115,0.666667,1.0,9.328995,-0.07960898306349076,-0.24098457694957184,0.3
1769796748.319625,0.06590066666666682,-0.012281399782426714,7.784887015382125,0.3,-0.00296,-0.094186,7.79115,0.666667,1.0,9.328995,-0.08222664058635552,-0.2501789140000384,0.3
1769796748.33967,0.06633200000000015,-0.010686429237453268,7.770231008006372,0.3,-0.00296,-0.094186,7.79115,0.666667,1.0,9.328995,-0.08387817700287359,-0.24605786656647957,0.3
1769796748.359944,0.06676300000000014,-0.010190202812899627,7.756545934336902,0.3,-0.00296,-0.094186,7.79115,0.666667,1.0,9.328995,-0.0843938946984111,-0.253463667471503,0.3
1769796748.380569,0.06719366666666682,-0.010849357808881641,7.796408212218094,0.3,-0.00296,-0.094186,7.79115,0.666667,1.0,9.328995,-0.08371531986001644,-0.24865437093097334,0.3
1769796748.400733,0.06762433333333348,-0.01260732835385473,7.766378201638431,0.3,-0.00296,-0.094186,7.79115,0.666667,1.0,9.328995,-0.08190071201492755,-0.24652540667299797,0.3
1769796748.420864,0.06805466666666682,-0.01529995389480992,7.769545655365678,0.3,-0.00296,-0.094186,7.79115,0.666667,1.0,9.328995,-0.07911998306349184,-0.23774750588807034,0.3
1769796748.44117,0.06848466666666682,-0.01867147694740459,7.80382976075514,0.3,-0.00296,-0.094186,7.79115,0.666667,1.0,9.328995,-0.07563744323715087,-0.23105283708640112,0.3
1769796748.461845,0.06891433333333348,-0.022399714285713673,7.785740908097921,0.3,-0.00296,-0.094186,7.79115,0.666667,1.0,9.328995,-0.07178614285714353,-0.2305818575609556,0.3
1769796748.481766,0.06934366666666682,-0.02612759448116561,7.8058177346953315,0.3,-0.00296,-0.094186,7.79115,0.666667,1.0,9.328995,-0.0679352710485646,-0.21221721591274503,0.3
1769796748.50189,0.06977300000000014,-0.029497974676617567,7.801571568616156,0.3,-0.00296,-0.094186,7.79115,0.666667,1.0,9.328995,-0.06445380265079505,-0.2037186499647212,0.3
1769796748.521981,0.07020200000000015,-0.032188671646144494,7.801516250691158,0.3,-0.00296,-0.094186,7.79115,0.666667,1.0,9.328995,-0.061675002270787656,-0.1878628200531797,0.3
1769796748.542439,0.07063100000000015,-0.033943927905403695,7.7992897567188715,0.3,-0.00296,-0.094186,7.79115,0.666667,1.0,9.328995,-0.059863180139983825,-0.1670907853450956,0.3
1769796748.562967,0.07105966666666681,-0.03459958290138602,7.7761593620830585,0.3,-0.00296,-0.094186,7.79115,0.666667,1.0,9.328995,-0.05918803387301745,-0.15978917611109347,0.3
1769796748.582918,0.07148800000000015,-0.034099142191118335,7.792909447341874,0.3,-0.00296,-0.094186,7.79115,0.666667,1.0,9.328995,-0.05970803728284067,-0.15639671692287227,0.3
1769796748.603317,0.07191600000000015,-0.032499243074716626,7.78726728636551,0.3,-0.00296,-0.094186,7.79115,0.666667,1.0,9.328995,-0.061364502270786894,-0.17482345820537618,0.3
1769796748.623788,0.07234400000000014,-0.02996404610518996,7.798187832337432,0.3,-0.00296,-0.094186,7.79115,0.666667,1.0,9.328995,-0.06398773122222258,-0.18523879131696597,0.3
1769796748.643706,0.07277166666666683,-0.026749165909738155,7.7892532695883405,0.3,-0.00296,-0.094186,7.79115,0.666667,1.0,9.328995,-0.06731362819142067,-0.20120879237024902,0.3
1769796748.663857,0.07319900000000014,-0.023176785714286247,7.788567906298391,0.3,-0.00296,-0.094186,7.79115,0.666667,1.0,9.328995,-0.0710091428571423,-0.22004361506438638,0.3
1769796748.683996,0.07362600000000015,-0.01960404837597718,7.802825465833367,0.3,-0.00296,-0.094186,7.79115,0.666667,1.0,9.328995,-0.07470487180857831,-0.24120040829219422,0.3
1769796748.704426,0.07405300000000015,-0.016388168180525256,7.799086414585489,0.3,-0.00296,-0.094186,7.79115,0.666667,1.0,9.328995,-0.07803184020634787,-0.24059986991858948,0.3
1769796748.724784,0.07447966666666682,-0.013851256925284125,7.755131486319403,0.3,-0.00296,-0.094186,7.79115,0.666667,1.0,9.328995,-0.08065678344349807,-0.24526865969289235,0.3
1769796748.74516,0.07490600000000015,-0.012249000666024934,7.787731232944757,0.3,-0.00296,-0.094186,7.79115,0.666667,1.0,9.328995,-0.0823156055743017,-0.244453930959844,0.3
1769796748.765416,0.07533200000000013,-0.011745488527185438,7.7812682641497135,0.3,-0.00296,-0.094186,7.79115,0.666667,1.0,9.328995,-0.08283860898412544,-0.28307859239758926,0.3
1769796748.78575,0.07575800000000016,-0.012397357808881598,7.836069751016987,0.3,-0.00296,-0.094186,7.79115,0.666667,1.0,9.328995,-0.08216731986001656,-0.28921233790482953,0.3
1769796748.80585,0.07618366666666682,-0.014148042639569114,7.807928574743541,0.3,-0.00296,-0.094186,7.79115,0.666667,1.0,9.328995,-0.08035999772921322,-0.29236156234986327,0.3
1769796748.826504,0.07660933333333349,-0.016833453894810103,7.805735407345036,0.3,-0.00296,-0.094186,7.79115,0.666667,1.0,9.328995,-0.07758655449206289,-0.25812459080940003,0.3
1769796748.846584,0.0770346666666668,-0.020197834090261924,7.786323288638914,0.3,-0.00296,-0.094186,7.79115,0.666667,1.0,9.328995,-0.0741110860942936,-0.22981980161822171,0.3
1769796748.866807,0.07746000000000015,-0.02391899999999945,7.7800598357586725,0.3,-0.00296,-0.094186,7.79115,0.666667,1.0,9.328995,-0.07026685714285776,-0.2143895520989447,0.3
1769796748.887059,0.07788466666666682,-0.027639737338308563,7.809330057491109,0.3,-0.00296,-0.094186,7.79115,0.666667,1.0,9.328995,-0.06642305676285032,-0.20001354731208756,0.3
1769796748.9074,0.07830933333333347,-0.031002974676617712,7.793139239042517,0.3,-0.00296,-0.094186,7.79115,0.666667,1.0,9.328995,-0.06294887407936625,-0.195318692413435,0.3
1769796748.927808,0.07873366666666681,-0.03368652878900175,7.803852023586519,0.3,-0.00296,-0.094186,7.79115,0.666667,1.0,9.328995,-0.0601771451279303,-0.16445544449340568,0.3
1769796748.947905,0.07915800000000014,-0.03543478504826078,7.772093439798263,0.3,-0.00296,-0.094186,7.79115,0.666667,1.0,9.328995,-0.058372394425698214,-0.1551016233636928,0.3
1769796748.968202,0.07958166666666681,-0.03608351147281447,7.791305843199857,0.3,-0.00296,-0.094186,7.79115,0.666667,1.0,9.328995,-0.05770410530158917,-0.1549848043392529,0.3
1769796748.988731,0.08000533333333348,-0.03557614219111825,7.810095608156767,0.3,-0.00296,-0.094186,7.79115,0.666667,1.0,9.328995,-0.05823096585426925,-0.17719960908368515,0.3
1769796749.008749,0.08042866666666681,-0.033969243074716625,7.81274820787244,0.3,-0.00296,-0.094186,7.79115,0.666667,1.0,9.328995,-0.05989450227078685,-0.17100337021885992,0.3
1769796749.028979,0.08085200000000015,-0.03142704610518989,7.762618758360633,0.3,-0.00296,-0.094186,7.79115,0.666667,1.0,9.328995,-0.06252480265079405,-0.17497593344762383,0.3
1769796749.049119,0.08127500000000014,-0.02820530876688089,7.792991951068386,0.3,-0.00296,-0.094186,7.79115,0.666667,1.0,9.328995,-0.06585755676284945,-0.17363045911967726,0.3
1769796749.069553,0.08169766666666682,-0.02462614285714328,7.777706431562622,0.3,-0.00296,-0.094186,7.79115,0.666667,1.0,9.328995,-0.06955971428571385,-0.19381121200394344,0.3
1769796749.08974,0.08212033333333349,-0.021046619804548496,7.768452567327682,0.3,-0.00296,-0.094186,7.79115,0.666667,1.0,9.328995,-0.07326230038000688,-0.21656779773945045,0.3
1769796749.110308,0.08254266666666682,-0.01782388246623937,7.80623514704783,0.3,-0.00296,-0.094186,7.79115,0.666667,1.0,9.328995,-0.0765961259206338,-0.25372091539992875,0.3
1769796749.130639,0.08296500000000015,-0.015280185496712456,7.826676151980721,0.3,-0.00296,-0.094186,7.79115,0.666667,1.0,9.328995,-0.07922792630064122,-0.270515139619183,0.3
1769796749.150713,0.08338700000000014,-0.01367121495173916,7.778965671417642,0.3,-0.00296,-0.094186,7.79115,0.666667,1.0,9.328995,-0.08089339128858762,-0.285939564939301,0.3
1769796749.171044,0.08380866666666681,-0.013161059955756981,7.8249346368425465,0.3,-0.00296,-0.094186,7.79115,0.666667,1.0,9.328995,-0.08142303755555369,-0.2833703350104923,0.3
1769796749.191586,0.08423000000000014,-0.013806214951738971,7.815720490859996,0.3,-0.00296,-0.094186,7.79115,0.666667,1.0,9.328995,-0.08075839128858776,-0.2885477456131605,0.3
1769796749.212097,0.08465100000000014,-0.015550185496712046,7.796778239931023,0.3,-0.00296,-0.094186,7.79115,0.666667,1.0,9.328995,-0.07895792630064165,-0.26107897712439887,0.3
1769796749.232162,0.08507200000000015,-0.018228882466238744,7.781321055589686,0.3,-0.00296,-0.094186,7.79115,0.666667,1.0,9.328995,-0.07619112592063447,-0.24209466793913684,0.3
1769796749.252585,0.08549300000000015,-0.021586619804547773,7.800407087270558,0.3,-0.00296,-0.094186,7.79115,0.666667,1.0,9.328995,-0.07272230038000767,-0.2201410436590232,0.3
1769796749.272765,0.08591366666666682,-0.02530114285714256,7.783082390142446,0.3,-0.00296,-0.094186,7.79115,0.666667,1.0,9.328995,-0.06888471428571456,-0.20792913604316018,0.3
1769796749.293071,0.08633433333333347,-0.029015308766880122,7.7925439966905685,0.3,-0.00296,-0.094186,7.79115,0.666667,1.0,9.328995,-0.06504755676285011,-0.17168903367557511,0.3
1769796749.313049,0.08675466666666681,-0.03237204610518921,7.76186401711242,0.3,-0.00296,-0.094186,7.79115,0.666667,1.0,9.328995,-0.06157980265079497,-0.15737744487519406,0.3
1769796749.333022,0.08717500000000016,-0.03504924307471611,7.786971916788816,0.3,-0.00296,-0.094186,7.79115,0.666667,1.0,9.328995,-0.05881450227078729,-0.15197742401851985,0.3
1769796749.353068,0.08759466666666682,-0.036791142191118155,7.808057726999249,0.3,-0.00296,-0.094186,7.79115,0.666667,1.0,9.328995,-0.05701596585426943,-0.174771264810668,0.3
1769796749.373439,0.08801433333333349,-0.037433511472814575,7.8262490409478875,0.3,-0.00296,-0.094186,7.79115,0.666667,1.0,9.328995,-0.05635410530158884,-0.1748410921135204,0.3
1769796749.393839,0.08843366666666681,-0.03691978504826106,7.793538504211038,0.3,-0.00296,-0.094186,7.79115,0.666667,1.0,9.328995,-0.056887394425698026,-0.17614859404184477,0.3
1769796749.413893,0.08885300000000014,-0.03530660021757354,7.805635583636981,0.3,-0.00296,-0.094186,7.79115,0.666667,1.0,9.328995,-0.05855714512792997,-0.16464999592610083,0.3
1769796749.433837,0.08927200000000014,-0.0327581889623326,7.78617929272928,0.3,-0.00296,-0.094186,7.79115,0.666667,1.0,9.328995,-0.0611936597936514,-0.1778910069021006,0.3
1769796749.454057,0.08969100000000015,-0.02953016590973794,7.795487244085427,0.3,-0.00296,-0.094186,7.79115,0.666667,1.0,9.328995,-0.06453262819142085,-0.17666075254347868,0.3
1769796749.474571,0.09010966666666681,-0.025944642857143194,7.770800453867799,0.3,-0.00296,-0.094186,7.79115,0.666667,1.0,9.328995,-0.06824121428571396,-0.18929960548096628,0.3
1769796749.495334,0.09052800000000015,-0.022358834090262677,7.776665565981863,0.3,-0.00296,-0.094186,7.79115,0.666667,1.0,9.328995,-0.07195022895143563,-0.19584249838438347,0.3
1769796749.515182,0.09094600000000015,-0.019129882466239326,7.773451275535683,0.3,-0.00296,-0.094186,7.79115,0.666667,1.0,9.328995,-0.0752900544920624,-0.22785085122022034,0.3
1769796749.535601,0.09136400000000015,-0.01658004263956961,7.807184560622949,0.3,-0.00296,-0.094186,7.79115,0.666667,1.0,9.328995,-0.07792806915778401,-0.2508739094730491,0.3
1769796749.555671,0.09178200000000014,-0.01496485780888194,7.801007011176396,0.3,-0.00296,-0.094186,7.79115,0.666667,1.0,9.328995,-0.07959974843144478,-0.2633921795209254,0.3
1769796749.575766,0.09219966666666683,-0.014448559955756843,7.784296605755431,0.3,-0.00296,-0.094186,7.79115,0.666667,1.0,9.328995,-0.0801356089841254,-0.2633274008360314,0.3
1769796749.59618,0.09261733333333348,-0.015087714951738912,7.801877458074995,0.3,-0.00296,-0.094186,7.79115,0.666667,1.0,9.328995,-0.0794769627171593,-0.2556004273565557,0.3
1769796749.61673,0.09303466666666682,-0.016825828353855016,7.790377420316486,0.3,-0.00296,-0.094186,7.79115,0.666667,1.0,9.328995,-0.07768228344349858,-0.24913326949963518,0.3
1769796749.636838,0.09345200000000015,-0.019498596751953177,7.787636016617228,0.3,-0.00296,-0.094186,7.79115,0.666667,1.0,9.328995,-0.07492126877777709,-0.23774054928580904,0.3
1769796749.656814,0.09386866666666681,-0.02285040551883358,7.803604638592928,0.3,-0.00296,-0.094186,7.79115,0.666667,1.0,9.328995,-0.07145865752286482,-0.2238286454815905,0.3
1769796749.677263,0.09428533333333348,-0.026556214285714055,7.7940022004630345,0.3,-0.00296,-0.094186,7.79115,0.666667,1.0,9.328995,-0.06762685714285736,-0.21236009147742782,0.3
1769796749.697855,0.09470166666666681,-0.030259023052594605,7.8002808642845505,0.3,-0.00296,-0.094186,7.79115,0.666667,1.0,9.328995,-0.06380384247713568,-0.18378847163324563,0.3
1769796749.717687,0.09511800000000015,-0.0336015461051894,7.780589551071177,0.3,-0.00296,-0.094186,7.79115,0.666667,1.0,9.328995,-0.06035023122222316,-0.178176884578188,0.3
1769796749.737819,0.09539533333333348,-0.03626445736043049,7.815618698257664,0.3,-0.00296,-0.094186,7.79115,0.666667,1.0,9.328995,-0.05759928798507297,-0.1509743178897972,0.3
1769796749.737819,0.09567266666666681,-0.03799207076254668,7.771126819284885,0.3,-0.00296,-0.094186,7.79115,0.666667,1.0,9.328995,-0.05581510871141241,-0.1493602206866577,0.3
1769796749.758006,0.09595000000000015,-0.038620368615671814,7.794571048566821,0.3,-0.00296,-0.094186,7.79115,0.666667,1.0,9.328995,-0.055167391015874596,-0.13857869002970613,0.3
1769796749.778501,0.09636600000000013,-0.038092713619689876,7.799573702104538,0.3,-0.00296,-0.094186,7.79115,0.666667,1.0,9.328995,-0.05571439442569757,-0.14003469543871624,0.3
1769796749.798846,0.09678166666666682,-0.036468457360430945,7.768770691430169,0.3,-0.00296,-0.094186,7.79115,0.666667,1.0,9.328995,-0.057398073699358246,-0.12933388406585847,0.3
1769796749.818954,0.09719700000000014,-0.03391168896233274,7.756710135079068,0.3,-0.00296,-0.094186,7.79115,0.666667,1.0,9.328995,-0.06004015979365136,-0.1441708079420441,0.3
1769796749.839361,0.09761233333333348,-0.03067816590973803,7.80485437482529,0.3,-0.00296,-0.094186,7.79115,0.666667,1.0,9.328995,-0.0633846996199922,-0.1708476152498645,0.3
1769796749.859672,0.09802733333333348,-0.027087285714286185,7.791256527142925,0.3,-0.00296,-0.094186,7.79115,0.666667,1.0,9.328995,-0.06709864285714236,-0.21472512490884413,0.3
1769796749.879806,0.09844233333333348,-0.02349611980454853,7.812256057583587,0.3,-0.00296,-0.094186,7.79115,0.666667,1.0,9.328995,-0.07081280038000691,-0.22223866982941112,0.3
1769796749.900024,0.09885700000000015,-0.02026181103766797,7.78491976481314,0.3,-0.00296,-0.094186,7.79115,0.666667,1.0,9.328995,-0.07415819734920516,-0.23992242235751227,0.3
1769796749.920334,0.09927166666666681,-0.01770654263956963,7.796895029416419,0.3,-0.00296,-0.094186,7.79115,0.666667,1.0,9.328995,-0.07680156915778404,-0.23989676269320273,0.3
1769796749.94066,0.09968600000000015,-0.016086072094596265,7.78664743122175,0.3,-0.00296,-0.094186,7.79115,0.666667,1.0,9.328995,-0.07847860557430193,-0.2526557098872369,0.3
1769796749.960826,0.10010000000000015,-0.015564488527185403,7.796465583512062,0.3,-0.00296,-0.094186,7.79115,0.666667,1.0,9.328995,-0.07901960898412526,-0.24906421747495258,0.3
1769796749.982546,0.10051400000000014,-0.01619835780888163,7.783843152412423,0.3,-0.00296,-0.094186,7.79115,0.666667,1.0,9.328995,-0.07836631986001662,-0.240155085770171,0.3
1769796750.00156,0.10092766666666682,-0.017931114068140467,7.773758738235016,0.3,-0.00296,-0.094186,7.79115,0.666667,1.0,9.328995,-0.07657699772921325,-0.22901106675385866,0.3
1769796750.021693,0.10134133333333349,-0.020598668180524388,7.789510614738203,0.3,-0.00296,-0.094186,7.79115,0.666667,1.0,9.328995,-0.07382134020634874,-0.2187699135050941,0.3
1769796750.041985,0.10175466666666681,-0.02394526266169052,7.788520544508731,0.3,-0.00296,-0.094186,7.79115,0.666667,1.0,9.328995,-0.07036365752286486,-0.20481220139207282,0.3
1769796750.06217,0.10216800000000015,-0.027648714285713857,7.777828186814272,0.3,-0.00296,-0.094186,7.79115,0.666667,1.0,9.328995,-0.06653721428571485,-0.1891318568212369,0.3
1769796750.082787,0.10258100000000014,-0.031351880195451515,7.793368766574459,0.3,-0.00296,-0.094186,7.79115,0.666667,1.0,9.328995,-0.06271098533427874,-0.18379868117294396,0.3
1769796750.102711,0.10299400000000014,-0.03469768896233216,7.814286538600043,0.3,-0.00296,-0.094186,7.79115,0.666667,1.0,9.328995,-0.05925415979365189,-0.17094957986659362,0.3
1769796750.12289,0.10340666666666681,-0.03736395736043046,7.784913147571061,0.3,-0.00296,-0.094186,7.79115,0.666667,1.0,9.328995,-0.0564997879850729,-0.15327073756260798,0.3
1769796750.14343,0.10381933333333349,-0.03909492790540379,7.783810156277164,0.3,-0.00296,-0.094186,7.79115,0.666667,1.0,9.328995,-0.05471218013998385,-0.12664140158516504,0.3
1769796750.165276,0.10423166666666682,-0.03972644004424309,7.777015913068536,0.3,-0.00296,-0.094186,7.79115,0.666667,1.0,9.328995,-0.0540612481587319,-0.13061696068138848,0.3
1769796750.183885,0.10464400000000014,-0.03920192790540406,7.799323707539766,0.3,-0.00296,-0.094186,7.79115,0.666667,1.0,9.328995,-0.05460525156855499,-0.13546738660063892,0.3
1769796750.204127,0.10505600000000015,-0.037578028789002425,7.788391181167922,0.3,-0.00296,-0.094186,7.79115,0.666667,1.0,9.328995,-0.05628571655650093,-0.1425282777851593,0.3
1769796750.224535,0.10546800000000016,-0.03501883181947576,7.775003300749391,0.3,-0.00296,-0.094186,7.79115,0.666667,1.0,9.328995,-0.05893294550793684,-0.14896787052532204,0.3
1769796750.244981,0.10587966666666682,-0.031780094481166664,7.786966133648638,0.3,-0.00296,-0.094186,7.79115,0.666667,1.0,9.328995,-0.06228284247713498,-0.16594306573856535,0.3
1769796750.26541,0.10629133333333347,-0.02818392857142905,7.791068761693275,0.3,-0.00296,-0.094186,7.79115,0.666667,1.0,9.328995,-0.0660019285714282,-0.1830694394646025,0.3
1769796750.285641,0.10670266666666682,-0.0245875483759771,7.774277758504051,0.3,-0.00296,-0.094186,7.79115,0.666667,1.0,9.328995,-0.06972144323714968,-0.18978567416913336,0.3
1769796750.305981,0.10711400000000015,-0.02134802532338227,7.764976387117227,0.3,-0.00296,-0.094186,7.79115,0.666667,1.0,9.328995,-0.07307198306349083,-0.21073722488486837,0.3
1769796750.326281,0.10752500000000015,-0.018787614068141004,7.8036599759451954,0.3,-0.00296,-0.094186,7.79115,0.666667,1.0,9.328995,-0.0757204977292127,-0.2329636623816179,0.3
1769796750.34666,0.10793600000000014,-0.01716192923745334,7.796247581445747,0.3,-0.00296,-0.094186,7.79115,0.666667,1.0,9.328995,-0.07740267700287347,-0.24143085329617983,0.3
1769796750.366981,0.10834700000000015,-0.016635202812899694,7.766606776209748,0.3,-0.00296,-0.094186,7.79115,0.666667,1.0,9.328995,-0.07794903755555382,-0.2343017752985996,0.3
1769796750.387017,0.10875766666666681,-0.017263929237453127,7.782849571463038,0.3,-0.00296,-0.094186,7.79115,0.666667,1.0,9.328995,-0.07730067700287364,-0.23002889594909526,0.3
1769796750.407335,0.10916800000000015,-0.01899161406814052,7.793206030010132,0.3,-0.00296,-0.094186,7.79115,0.666667,1.0,9.328995,-0.07551649772921316,-0.24165544142379222,0.3
1769796750.427728,0.10957800000000013,-0.02165402532338151,7.808985476354598,0.3,-0.00296,-0.094186,7.79115,0.666667,1.0,9.328995,-0.07276598306349165,-0.22954323598932605,0.3
1769796750.448029,0.10998800000000016,-0.024995548375976225,7.783627085495702,0.3,-0.00296,-0.094186,7.79115,0.666667,1.0,9.328995,-0.06931344323715068,-0.19225216951724197,0.3
1769796750.468031,0.11039800000000015,-0.028693999999999553,7.748667586505318,0.3,-0.00296,-0.094186,7.79115,0.666667,1.0,9.328995,-0.06549192857142902,-0.16547755131426445,0.3
1769796750.488573,0.11080800000000014,-0.032392237338308594,7.7890799357158045,0.3,-0.00296,-0.094186,7.79115,0.666667,1.0,9.328995,-0.06167062819142167,-0.1620017343876079,0.3
1769796750.50862,0.11121766666666681,-0.035733117533760565,7.81331276182432,0.3,-0.00296,-0.094186,7.79115,0.666667,1.0,9.328995,-0.058218731222223555,-0.16475432252539304,0.3
1769796750.528713,0.11162733333333348,-0.03839452878900184,7.7876465171236955,0.3,-0.00296,-0.094186,7.79115,0.666667,1.0,9.328995,-0.05546928798507309,-0.15456040555886663,0.3
1769796750.548991,0.11203666666666683,-0.04012085647683244,7.794811958238392,0.3,-0.00296,-0.094186,7.79115,0.666667,1.0,9.328995,-0.05368639442569786,-0.128569147884128,0.3
1769796750.569371,0.11244600000000016,-0.04074801147281467,7.777473366721039,0.3,-0.00296,-0.094186,7.79115,0.666667,1.0,9.328995,-0.05303974815873174,-0.13154225520459398,0.3
1769796750.589678,0.11285533333333349,-0.040219356476832675,7.799963406179035,0.3,-0.00296,-0.094186,7.79115,0.666667,1.0,9.328995,-0.0535878229971264,-0.13710202032285004,0.3
1769796750.609683,0.11326500000000016,-0.038591457360431035,7.800867455995062,0.3,-0.00296,-0.094186,7.79115,0.666667,1.0,9.328995,-0.05527235941364384,-0.15368345725956717,0.3
1769796750.62999,0.11367466666666681,-0.03602847467661872,7.794789243179016,0.3,-0.00296,-0.094186,7.79115,0.666667,1.0,9.328995,-0.057923445507936676,-0.13953068663083926,0.3
1769796750.650539,0.1140843333333335,-0.03278602305259548,7.745816130647997,0.3,-0.00296,-0.094186,7.79115,0.666667,1.0,9.328995,-0.06127677104856334,-0.14451104562684766,0.3
1769796750.670799,0.11449333333333349,-0.02918621428571497,7.778698978949618,0.3,-0.00296,-0.094186,7.79115,0.666667,1.0,9.328995,-0.06499971428571356,-0.1550975881982691,0.3
1769796750.690985,0.11490233333333348,-0.02558604837597731,7.78076351569035,0.3,-0.00296,-0.094186,7.79115,0.666667,1.0,9.328995,-0.0687228718085782,-0.19243327919582806,0.3
1769796750.711337,0.11531066666666683,-0.02234266818052535,7.786630466079975,0.3,-0.00296,-0.094186,7.79115,0.666667,1.0,9.328995,-0.07207726877777633,-0.20633011011839208,0.3
1769796750.731891,0.11571900000000014,-0.0197781854967127,7.775410328824513,0.3,-0.00296,-0.094186,7.79115,0.666667,1.0,9.328995,-0.07472985487206944,-0.22436564318832744,0.3
1769796750.751942,0.11612700000000015,-0.018148286380310626,7.793666911124602,0.3,-0.00296,-0.094186,7.79115,0.666667,1.0,9.328995,-0.07641631986001615,-0.23927371536317196,0.3
1769796750.772132,0.11653500000000015,-0.017617131384328275,7.802656351137567,0.3,-0.00296,-0.094186,7.79115,0.666667,1.0,9.328995,-0.07696696612698255,-0.25270043147304216,0.3
1769796750.792622,0.11694266666666682,-0.018241357808881666,7.799088151257107,0.3,-0.00296,-0.094186,7.79115,0.666667,1.0,9.328995,-0.07632331986001649,-0.24248781064619765,0.3
1769796750.812775,0.11735000000000013,-0.019964399782426215,7.777897020462931,0.3,-0.00296,-0.094186,7.79115,0.666667,1.0,9.328995,-0.07454364058635599,-0.22063236524698748,0.3
1769796750.834342,0.11775700000000015,-0.0226221681805243,7.772855984564145,0.3,-0.00296,-0.094186,7.79115,0.666667,1.0,9.328995,-0.0717978402063489,-0.208179291020421,0.3
1769796750.853239,0.11816400000000016,-0.025958905518833234,7.798749754253061,0.3,-0.00296,-0.094186,7.79115,0.666667,1.0,9.328995,-0.06835001466572224,-0.20120178641646014,0.3
1769796750.87362,0.11857066666666682,-0.02965257142857086,7.796502556753392,0.3,-0.00296,-0.094186,7.79115,0.666667,1.0,9.328995,-0.06453342857142917,-0.17926928791144325,0.3
1769796750.893784,0.11897733333333349,-0.033346023052594216,7.764642576525122,0.3,-0.00296,-0.094186,7.79115,0.666667,1.0,9.328995,-0.06071684247713603,-0.1586879320496137,0.3
1769796750.914239,0.11938366666666682,-0.03668226039090328,7.792713197392035,0.3,-0.00296,-0.094186,7.79115,0.666667,1.0,9.328995,-0.05726965979365217,-0.1290668126949763,0.3
1769796750.934876,0.11979000000000013,-0.039339100217573,7.769313354959948,0.3,-0.00296,-0.094186,7.79115,0.666667,1.0,9.328995,-0.05452471655650195,-0.1276246085186049,0.3
1769796750.954895,0.12019600000000015,-0.041060999333975064,7.788302390087236,0.3,-0.00296,-0.094186,7.79115,0.666667,1.0,9.328995,-0.05274632299712689,-0.12782848337836175,0.3
1769796750.975097,0.12060233333333348,-0.041683725758528856,7.810349661710718,0.3,-0.00296,-0.094186,7.79115,0.666667,1.0,9.328995,-0.05210396244444598,-0.1386907151517479,0.3
1769796750.995469,0.12100900000000014,-0.04115078504826129,7.7973861892399166,0.3,-0.00296,-0.094186,7.79115,0.666667,1.0,9.328995,-0.05265653728284057,-0.13610940468193422,0.3
1769796751.01574,0.12141600000000015,-0.039518600217573786,7.777783757724551,0.3,-0.00296,-0.094186,7.79115,0.666667,1.0,9.328995,-0.0543451451279296,-0.13888430799423027,0.3
1769796751.035829,0.12182300000000014,-0.036951331819475665,7.799725172001019,0.3,-0.00296,-0.094186,7.79115,0.666667,1.0,9.328995,-0.05700051693650849,-0.14622497786195912,0.3
1769796751.055805,0.12222966666666683,-0.03370452305259528,7.7867011399554045,0.3,-0.00296,-0.094186,7.79115,0.666667,1.0,9.328995,-0.06035834247713493,-0.1689738058548472,0.3
1769796751.075897,0.12263600000000015,-0.030100285714286325,7.791844935426042,0.3,-0.00296,-0.094186,7.79115,0.666667,1.0,9.328995,-0.06408557142857076,-0.17574562357785728,0.3
1769796751.09618,0.12304200000000015,-0.026495619804548638,7.7777101064382865,0.3,-0.00296,-0.094186,7.79115,0.666667,1.0,9.328995,-0.06781322895143535,-0.18500676758322307,0.3
1769796751.116716,0.1234476666666668,-0.023247668180525195,7.769851803083041,0.3,-0.00296,-0.094186,7.79115,0.666667,1.0,9.328995,-0.071172340206348,-0.2024780617886781,0.3
1769796751.136995,0.12385300000000016,-0.020676614068141152,7.796517234689352,0.3,-0.00296,-0.094186,7.79115,0.666667,1.0,9.328995,-0.07382942630064109,-0.21133140102931788,0.3
1769796751.15728,0.12425800000000015,-0.019038286380310687,7.770622236609661,0.3,-0.00296,-0.094186,7.79115,0.666667,1.0,9.328995,-0.07552639128858749,-0.23572194554587303,0.3
1769796751.177822,0.12466266666666681,-0.0184968456700427,7.805825944224357,0.3,-0.00296,-0.094186,7.79115,0.666667,1.0,9.328995,-0.07608732326983939,-0.23466132293882716,0.3
1769796751.197926,0.12493233333333349,-0.019110857808881748,7.788807083871606,0.3,-0.00296,-0.094186,7.79115,0.666667,1.0,9.328995,-0.07545374843144505,-0.2378828682905838,0.3
1769796751.197926,0.12520200000000015,-0.020823756925283352,7.783624202164323,0.3,-0.00296,-0.094186,7.79115,0.666667,1.0,9.328995,-0.07368435487207034,-0.2128058789840672,0.3
1769796751.218044,0.12547166666666684,-0.02347138246623864,7.76916284964154,0.3,-0.00296,-0.094186,7.79115,0.666667,1.0,9.328995,-0.07094862592063457,-0.20987204653346223,0.3
1769796751.238509,0.12587600000000013,-0.026796191233119063,7.8089614588660154,0.3,-0.00296,-0.094186,7.79115,0.666667,1.0,9.328995,-0.06751087180857919,-0.19591624505480487,0.3
1769796751.258785,0.12628000000000014,-0.03047607142857095,7.787473486246426,0.3,-0.00296,-0.094186,7.79115,0.666667,1.0,9.328995,-0.06370992857142907,-0.1926898816207739,0.3
1769796751.278897,0.12668400000000016,-0.03415195162402288,7.7992442578316306,0.3,-0.00296,-0.094186,7.79115,0.666667,1.0,9.328995,-0.059908985334278915,-0.18210154336992768,0.3
1769796751.299238,0.1269533333333335,-0.03746668896233201,7.823235148778546,0.3,-0.00296,-0.094186,7.79115,0.666667,1.0,9.328995,-0.05648323122222339,-0.16719742838813892,0.3
1769796751.299238,0.127088,-0.04009617164614466,7.790078643561659,0.3,-0.00296,-0.094186,7.79115,0.666667,1.0,9.328995,-0.05376571655650168,-0.1588822404799143,0.3
1769796751.299238,0.127088,-0.04178478504826081,7.808413128614929,0.3,-0.00296,-0.094186,7.79115,0.666667,1.0,9.328995,-0.052020537282840985,-0.136383069631925,0.3
1769796751.299238,0.127088,-0.042368440044243026,7.793854391307553,0.3,-0.00296,-0.094186,7.79115,0.666667,1.0,9.328995,-0.05141739101587489,-0.13714777694128794,0.3
1769796751.299238,0.127088,-0.04179249933397534,7.797463042190877,0.3,-0.00296,-0.094186,7.79115,0.666667,1.0,9.328995,-0.05201475156855507,-0.11990876056288369,0.3
1769796751.299238,0.127088,-0.04011545736043085,7.76791261896503,0.3,-0.00296,-0.094186,7.79115,0.666667,1.0,9.328995,-0.05374835941364404,-0.12119220866937395,0.3
1769796751.299238,0.127088,-0.037503403248047025,7.779674382878206,0.3,-0.00296,-0.094186,7.79115,0.666667,1.0,9.328995,-0.05644851693650834,-0.1333232460878921,0.3
1769796751.299238,0.127088,-0.034212023052595145,7.796172889848349,0.3,-0.00296,-0.094186,7.79115,0.666667,1.0,9.328995,-0.059850913905706564,-0.1579227851865818,0.3
1769796751.299238,0.127088,-0.030563500000000358,7.784886209141254,0.3,-0.00296,-0.094186,7.79115,0.666667,1.0,9.328995,-0.06362249999999968,-0.17803690525423388,0.3
1769796751.299238,0.127088,-0.026914976947405644,7.784554552203556,0.3,-0.00296,-0.094186,7.79115,0.666667,1.0,9.328995,-0.0673940860942927,-0.19144371513050043,0.3
1769796751.299238,0.127088,-0.023623596751953694,7.787799439708723,0.3,-0.00296,-0.094186,7.79115,0.666667,1.0,9.328995,-0.0707964830634907,-0.20159880130667526,0.3
1769796751.299238,0.127088,-0.021011542639569645,7.773221762520927,0.3,-0.00296,-0.094186,7.79115,0.666667,1.0,9.328995,-0.07349664058635552,-0.22869094351237554,0.3
1769796751.299238,0.127088,-0.01933450066602473,7.8169041887905815,0.3,-0.00296,-0.094186,7.79115,0.666667,1.0,9.328995,-0.07523024843144485,-0.2350632731992596,0.3
1769796751.299238,0.127088,-0.018756631384328287,7.784668210990038,0.3,-0.00296,-0.094186,7.79115,0.666667,1.0,9.328995,-0.07582760898412545,-0.24184145662786274,0.3
1769796751.299238,0.127088,-0.019334500666024646,7.781875165166433,0.3,-0.00296,-0.094186,7.79115,0.666667,1.0,9.328995,-0.07523024843144485,-0.21910419801411254,0.3
1769796751.299238,0.127088,-0.021011542639569298,7.773379190173236,0.3,-0.00296,-0.094186,7.79115,0.666667,1.0,9.328995,-0.07349664058635577,-0.22497871639381914,0.3
1769796751.299238,0.127088,-0.023623596751953083,7.814185563336495,0.3,-0.00296,-0.094186,7.79115,0.666667,1.0,9.328995,-0.0707964830634915,-0.20744445354454957,0.3
1769796751.299238,0.127088,-0.02691497694740488,7.771069825061507,0.3,-0.00296,-0.094186,7.79115,0.666667,1.0,9.328995,-0.0673940860942935,-0.19572520879067767,0.3
1769796751.299238,0.127088,-0.030563499999999615,7.781804188826489,0.3,-0.00296,-0.094186,7.79115,0.666667,1.0,9.328995,-0.06362250000000039,-0.1741026221629541,0.3
1769796751.299238,0.127088,-0.03421202305259443,7.80454679654048,0.3,-0.00296,-0.094186,7.79115,0.666667,1.0,9.328995,-0.05985091390570729,-0.1584064031224254,0.3
1769796751.299238,0.127088,-0.03750340324804636,7.77552375567601,0.3,-0.00296,-0.094186,7.79115,0.666667,1.0,9.328995,-0.056448516936509055,-0.14731107802590335,0.3
1769796751.299238,0.127088,-0.04011545736043037,7.792022125558364,0.3,-0.00296,-0.094186,7.79115,0.666667,1.0,9.328995,-0.05374835941364459,-0.13579681290448067,0.3
1769796751.299238,0.127088,-0.04179249933397519,7.806913784440258,0.3,-0.00296,-0.094186,7.79115,0.666667,1.0,9.328995,-0.05201475156855524,-0.13181716224445147,0.3
1769796751.299238,0.127088,-0.04237036861567175,7.784305296795647,0.3,-0.00296,-0.094186,7.79115,0.666667,1.0,9.328995,-0.0514173910158746,-0.12431968584262726,0.3
1769796751.299238,0.127088,-0.04179249933397541,7.782703130722864,0.3,-0.00296,-0.094186,7.79115,0.666667,1.0,9.328995,-0.05201475156855496,-0.11916832106484421,0.3
1769796751.299238,0.127088,-0.040115457360430755,7.790664949070846,0.3,-0.00296,-0.094186,7.79115,0.666667,1.0,9.328995,-0.053748359413644246,-0.11769703535927423,0.3
1769796751.299238,0.127088,-0.03750340324804688,7.764593748747603,0.3,-0.00296,-0.094186,7.79115,0.666667,1.0,9.328995,-0.05644851693650856,-0.13467166098478098,0.3
1769796751.299238,0.127088,-0.034212023052595054,7.791037991038912,0.3,-0.00296,-0.094186,7.79115,0.666667,1.0,9.328995,-0.059850913905706564,-0.14631917661051558,0.3
1769796751.299238,0.127088,-0.0305635000000003,7.78156026432024,0.3,-0.00296,-0.094186,7.79115,0.666667,1.0,9.328995,-0.06362249999999972,-0.17970550394868723,0.3
1769796751.299238,0.127088,-0.026914976947405456,7.796703663265977,0.3,-0.00296,-0.094186,7.79115,0.666667,1.0,9.328995,-0.06739408609429284,-0.2163117597811719,0.3
1769796751.299238,0.127088,-0.0236235967519535,7.832867930841437,0.3,-0.00296,-0.094186,7.79115,0.666667,1.0,9.328995,-0.07079648306349108,-0.24214476454104125,0.3
1769796751.299238,0.127088,-0.02101154263956954,7.803422200499087,0.3,-0.00296,-0.094186,7.79115,0.666667,1.0,9.328995,-0.07349664058635559,-0.259651940891359,0.3
1769796751.299238,0.127088,-0.019334500666024764,7.808434281270302,0.3,-0.00296,-0.094186,7.79115,0.666667,1.0,9.328995,-0.07523024843144473,-0.2388783939278117,0.3
1769796751.299238,0.127088,-0.01875663138432819,7.770898849697637,0.3,-0.00296,-0.094186,7.79115,0.666667,1.0,9.328995,-0.07582760898412541,-0.23706041699158745,0.3
1769796751.299238,0.127088,-0.019334500666024407,7.793687758897262,0.3,-0.00296,-0.094186,7.79115,0.666667,1.0,9.328995,-0.07523024843144531,-0.2200070522410463,0.3
1769796751.299238,0.127088,-0.02101154263956903,7.777324592111099,0.3,-0.00296,-0.094186,7.79115,0.666667,1.0,9.328995,-0.07349664058635608,-0.21408477053434735,0.3
1769796751.299238,0.127088,-0.02362359675195294,7.775159533295566,0.3,-0.00296,-0.094186,7.79115,0.666667,1.0,9.328995,-0.07079648306349154,-0.20094338045433305,0.3
1769796751.299238,0.127088,-0.026914976947404783,7.791685561053635,0.3,-0.00296,-0.094186,7.79115,0.666667,1.0,9.328995,-0.06739408609429358,-0.1811241182300566,0.3
1769796751.299238,0.127088,-0.03056349999999948,7.768990471563045,0.3,-0.00296,-0.094186,7.79115,0.666667,1.0,9.328995,-0.06362250000000055,-0.1729092319854262,0.3
1769796751.299238,0.127088,-0.03421202305259428,7.794535990841106,0.3,-0.00296,-0.094186,7.79115,0.666667,1.0,9.328995,-0.059850913905707445,-0.1638211605875898,0.3
1769796751.299238,0.127088,-0.037503403248046276,7.80916790101596,0.3,-0.00296,-0.094186,7.79115,0.666667,1.0,9.328995,-0.05644851693650917,-0.15872827313365803,0.3
1769796751.299238,0.127088,-0.04011545736043024,7.791545835981217,0.3,-0.00296,-0.094186,7.79115,0.666667,1.0,9.328995,-0.05374835941364457,-0.14230013565813923,0.3
1769796751.299238,0.127088,-0.04179249933397496,7.787199092234241,0.3,-0.00296,-0.094186,7.79115,0.666667,1.0,9.328995,-0.05201475156855554,-0.11212536050799947,0.3
1769796751.299238,0.127088,-0.04237036861567145,7.764990936618467,0.3,-0.00296,-0.094186,7.79115,0.666667,1.0,9.328995,-0.05141739101587502,-0.11904695171548584,0.3
1769796751.299238,0.127088,-0.041792499333975254,7.811424729511978,0.3,-0.00296,-0.094186,7.79115,0.666667,1.0,9.328995,-0.05201475156855508,-0.128166022368535,0.3
1769796751.299238,0.127088,-0.040115457360430706,7.799875207719333,0.3,-0.00296,-0.094186,7.79115,0.666667,1.0,9.328995,-0.05374835941364415,-0.15152977106453897,0.3
1769796751.299238,0.127088,-0.0375034032480468,7.795140838241712,0.3,-0.00296,-0.094186,7.79115,0.666667,1.0,9.328995,-0.05644851693650865,-0.15874879621710894,0.3
1769796751.299238,0.127088,-0.03421202305259497,7.800197317909493,0.3,-0.00296,-0.094186,7.79115,0.666667,1.0,9.328995,-0.05985091390570679,-0.17519278240227257,0.3
1769796751.299238,0.127088,-0.03056350000000031,7.801006230360784,0.3,-0.00296,-0.094186,7.79115,0.666667,1.0,9.328995,-0.06362249999999965,-0.19102342458521862,0.3
1769796751.299238,0.127088,-0.026914976947405602,7.791541124392636,0.3,-0.00296,-0.094186,7.79115,0.666667,1.0,9.328995,-0.06739408609429265,-0.21325855290337614,0.3
1769796751.299238,0.127088,-0.023623596751953607,7.81096369988235,0.3,-0.00296,-0.094186,7.79115,0.666667,1.0,9.328995,-0.07079648306349091,-0.23232293440681698,0.3
1769796751.299238,0.127088,-0.02101154263956959,7.809024863730759,0.3,-0.00296,-0.094186,7.79115,0.666667,1.0,9.328995,-0.07349664058635563,-0.24880940639122773,0.3
1769796751.299238,0.127088,-0.019334500666024882,7.800829512570095,0.3,-0.00296,-0.094186,7.79115,0.666667,1.0,9.328995,-0.0752302484314447,-0.2392953442496372,0.3
1769796751.299238,0.127088,-0.01875663138432848,7.773701250631281,0.3,-0.00296,-0.094186,7.79115,0.666667,1.0,9.328995,-0.07582760898412504,-0.24176184917611795,0.3
1769796751.299238,0.127088,-0.019334500666024695,7.808672839813334,0.3,-0.00296,-0.094186,7.79115,0.666667,1.0,9.328995,-0.07523024843144484,-0.23108908845597195,0.3
1769796751.299238,0.127088,-0.02101154263956918,7.783539878478851,0.3,-0.00296,-0.094186,7.79115,0.666667,1.0,9.328995,-0.07349664058635606,-0.2272728981136917,0.3
1769796751.299238,0.127088,-0.023623596751952972,7.782370797111944,0.3,-0.00296,-0.094186,7.79115,0.666667,1.0,9.328995,-0.07079648306349158,-0.19601957966885344,0.3
1769796751.299238,0.127088,-0.026914976947404915,7.7681787663662005,0.3,-0.00296,-0.094186,7.79115,0.666667,1.0,9.328995,-0.06739408609429345,-0.19375291505156833,0.3
1769796751.299238,0.127088,-0.03056349999999967,7.811624241333289,0.3,-0.00296,-0.094186,7.79115,0.666667,1.0,9.328995,-0.06362250000000023,-0.18314070084955478,0.3
1769796751.299238,0.127088,-0.03421202305259441,7.796656915523516,0.3,-0.00296,-0.094186,7.79115,0.666667,1.0,9.328995,-0.05985091390570733,-0.17851505128394832,0.3
1769796751.299238,0.127088,-0.037503403248046324,7.795156683498529,0.3,-0.00296,-0.094186,7.79115,0.666667,1.0,9.328995,-0.05644851693650922,-0.15179267286233264,0.3
1769796751.299238,0.127088,-0.040115457360430394,7.789203425150761,0.3,-0.00296,-0.094186,7.79115,0.666667,1.0,9.328995,-0.05374835941364449,-0.12320203359979404,0.3
1769796751.299238,0.127088,-0.04179249933397522,7.7650130097578955,0.3,-0.00296,-0.094186,7.79115,0.666667,1.0,9.328995,-0.05201475156855513,-0.12597103040434826,0.3
1769796751.299238,0.127088,-0.042370368615671665,7.817608750387013,0.3,-0.00296,-0.094186,7.79115,0.666667,1.0,9.328995,-0.051417391015874746,-0.12729812516821412,0.3
1769796751.299238,0.127088,-0.04179249933397531,7.797667501083044,0.3,-0.00296,-0.094186,7.79115,0.666667,1.0,9.328995,-0.05201475156855515,-0.14896346348239906,0.3
1769796751.299238,0.127088,-0.04011545736043071,7.802752540558795,0.3,-0.00296,-0.094186,7.79115,0.666667,1.0,9.328995,-0.053748359413644184,-0.13204908170324148,0.3
1769796751.299238,0.127088,-0.03750340324804687,7.766546604985905,0.3,-0.00296,-0.094186,7.79115,0.666667,1.0,9.328995,-0.05644851693650855,-0.13261294032144133,0.3
1769796751.299238,0.127088,-0.03421202305259503,7.772689721130819,0.3,-0.00296,-0.094186,7.79115,0.666667,1.0,9.328995,-0.05985091390570666,-0.1479593845633765,0.3
1769796751.299238,0.127088,-0.03056350000000028,7.8016620163040535,0.3,-0.00296,-0.094186,7.79115,0.666667,1.0,9.328995,-0.06362249999999972,-0.17477599657626083,0.3
1769796751.299238,0.127088,-0.026914976947405526,7.784913106717882,0.3,-0.00296,-0.094186,7.79115,0.666667,1.0,9.328995,-0.0673940860942928,-0.2087603874009856,0.3
1769796751.299238,0.127088,-0.023623596751953618,7.807360598437811,0.3,-0.00296,-0.094186,7.79115,0.666667,1.0,9.328995,-0.07079648306349091,-0.20706285195186744,0.3
1769796751.299238,0.127088,-0.021011542639569555,7.765181447312925,0.3,-0.00296,-0.094186,7.79115,0.666667,1.0,9.328995,-0.07349664058635545,-0.23289698706274345,0.3
1769796751.299238,0.127088,-0.019334500666024722,7.814486996266605,0.3,-0.00296,-0.094186,7.79115,0.666667,1.0,9.328995,-0.07523024843144499,-0.23486203281657705,0.3
1769796751.299238,0.127088,-0.018756631384328187,7.794861633512469,0.3,-0.00296,-0.094186,7.79115,0.666667,1.0,9.328995,-0.07582760898412541,-0.24672119376868962,0.3
1769796751.299238,0.127088,-0.01933450066602461,7.784587005339896,0.3,-0.00296,-0.094186,7.79115,0.666667,1.0,9.328995,-0.07523024843144506,-0.23131146899170962,0.3
1769796751.299238,0.127088,-0.021011542639569267,7.786661054547149,0.3,-0.00296,-0.094186,7.79115,0.666667,1.0,9.328995,-0.07349664058635572,-0.2153913401598184,0.3
1769796751.299238,0.127088,-0.023623596751953167,7.777555281625589,0.3,-0.00296,-0.094186,7.79115,0.666667,1.0,9.328995,-0.07079648306349144,-0.1931974657664305,0.3
1769796751.299238,0.127088,-0.02691497694740497,7.76406208527738,0.3,-0.00296,-0.094186,7.79115,0.666667,1.0,9.328995,-0.06739408609429336,-0.18612226295920822,0.3
1769796751.299238,0.127088,-0.03056349999999976,7.804529916148374,0.3,-0.00296,-0.094186,7.79115,0.666667,1.0,9.328995,-0.0636225000000003,-0.1795154104307143,0.3
1769796751.299238,0.127088,-0.03421202305259457,7.800228534714789,0.3,-0.00296,-0.094186,7.79115,0.666667,1.0,9.328995,-0.05985091390570708,-0.1742435948545864,0.3
1769796751.299238,0.127088,-0.03750340324804654,7.789756850035175,0.3,-0.00296,-0.094186,7.79115,0.666667,1.0,9.328995,-0.05644851693650894,-0.15987033943437848,0.3
1769796751.299238,0.127088,-0.04011545736043046,7.807533610726307,0.3,-0.00296,-0.094186,7.79115,0.666667,1.0,9.328995,-0.05374835941364438,-0.14369667003715428,0.3
1769796751.299238,0.127088,-0.04179249933397525,7.793244499097385,0.3,-0.00296,-0.094186,7.79115,0.666667,1.0,9.328995,-0.05201475156855529,-0.11896884099302851,0.3
1769796751.299238,0.127088,-0.042370368615671734,7.75711664714541,0.3,-0.00296,-0.094186,7.79115,0.666667,1.0,9.328995,-0.0514173910158746,-0.10510114703933582,0.3
1769796751.299238,0.127088,-0.04179249933397552,7.785180742427094,0.3,-0.00296,-0.094186,7.79115,0.666667,1.0,9.328995,-0.052014751568554916,-0.11049928787816514,0.3
1769796751.299238,0.127088,-0.040115457360430824,7.798410586400979,0.3,-0.00296,-0.094186,7.79115,0.666667,1.0,9.328995,-0.053748359413643976,-0.1469593113051335,0.3
1769796751.299238,0.127088,-0.03750340324804688,7.813913061258133,0.3,-0.00296,-0.094186,7.79115,0.666667,1.0,9.328995,-0.056448516936508666,-0.16018601753021022,0.3
1769796751.299238,0.127088,-0.03421202305259494,7.785876678073124,0.3,-0.00296,-0.094186,7.79115,0.666667,1.0,9.328995,-0.05985091390570674,-0.17202716599061704,0.3
1769796751.299238,0.127088,-0.030563500000000184,7.789872220823479,0.3,-0.00296,-0.094186,7.79115,0.666667,1.0,9.328995,-0.06362249999999979,-0.17178125249320822,0.3
1769796751.299238,0.127088,-0.026914976947405397,7.776916062056594,0.3,-0.00296,-0.094186,7.79115,0.666667,1.0,9.328995,-0.06739408609429294,-0.1877277570342225,0.3
1769796751.299238,0.127088,-0.023623596751953455,7.782586205005177,0.3,-0.00296,-0.094186,7.79115,0.666667,1.0,9.328995,-0.0707964830634911,-0.20612750179701333,0.3
1769796751.299238,0.127088,-0.021011542639569444,7.795984788293117,0.3,-0.00296,-0.094186,7.79115,0.666667,1.0,9.328995,-0.07349664058635562,-0.2195274549450191,0.3
1769796751.299238,0.127088,-0.019334500666024657,7.779054875623737,0.3,-0.00296,-0.094186,7.79115,0.666667,1.0,9.328995,-0.07523024843144498,-0.21094871218411101,0.3
1769796751.299238,0.127088,-0.018756631384328135,7.747831005274849,0.3,-0.00296,-0.094186,7.79115,0.666667,1.0,9.328995,-0.07582760898412545,-0.20528094819441434,0.3
1769796751.299238,0.127088,-0.019334500666024407,7.778021719420057,0.3,-0.00296,-0.094186,7.79115,0.666667,1.0,9.328995,-0.07523024843144518,-0.19459190386448078,0.3
1769796751.299238,0.127088,-0.021011542639569034,7.762229447038799,0.3,-0.00296,-0.094186,7.79115,0.666667,1.0,9.328995,-0.07349664058635616,-0.20449303853355272,0.3
1769796751.299238,0.127088,-0.023623596751952993,7.7853865526646,0.3,-0.00296,-0.094186,7.79115,0.666667,1.0,9.328995,-0.07079648306349157,-0.20060807272986794,0.3
1769796751.299238,0.127088,-0.02691497694740493,7.795876876778171,0.3,-0.00296,-0.094186,7.79115,0.666667,1.0,9.328995,-0.06739408609429332,-0.19916084863394967,0.3
1769796751.299238,0.127088,-0.030563499999999726,7.792120460115572,0.3,-0.00296,-0.094186,7.79115,0.666667,1.0,9.328995,-0.06362250000000035,-0.18456969019336197,0.3
1769796751.299238,0.127088,-0.034212023052594555,7.791380610045843,0.3,-0.00296,-0.094186,7.79115,0.666667,1.0,9.328995,-0.05985091390570718,-0.17132913752624643,0.3
1769796751.299238,0.127088,-0.03750340324804658,7.804679291849544,0.3,-0.00296,-0.094186,7.79115,0.666667,1.0,9.328995,-0.05644851693650881,-0.15240337023151865,0.3
1769796751.299238,0.127088,-0.040115457360430644,7.786240353856499,0.3,-0.00296,-0.094186,7.79115,0.666667,1.0,9.328995,-0.05374835941364427,-0.1465259281848863,0.3
1769796751.299238,0.127088,-0.041792499333975414,7.805454865871518,0.3,-0.00296,-0.094186,7.79115,0.666667,1.0,9.328995,-0.052014751568555014,-0.12354898939781067,0.3
1769796751.299238,0.127088,-0.04237036861567186,7.774947325590839,0.3,-0.00296,-0.094186,7.79115,0.666667,1.0,9.328995,-0.051417391015874496,-0.12556111301423303,0.3
1769796751.299238,0.127088,-0.04179249933397556,7.796083086790653,0.3,-0.00296,-0.094186,7.79115,0.666667,1.0,9.328995,-0.05201475156855493,-0.130996121663735,0.3
1769796751.299238,0.127088,-0.04011545736043098,7.81081121187231,0.3,-0.00296,-0.094186,7.79115,0.666667,1.0,9.328995,-0.05374835941364391,-0.14085448303102419,0.3
1769796751.299238,0.127088,-0.03750340324804713,7.777914715079659,0.3,-0.00296,-0.094186,7.79115,0.666667,1.0,9.328995,-0.05644851693650825,-0.14291564023759842,0.3
1769796751.299238,0.127088,-0.034212023052595235,7.774139629804626,0.3,-0.00296,-0.094186,7.79115,0.666667,1.0,9.328995,-0.059850913905706474,-0.15268279695973616,0.3
1769796751.299238,0.127088,-0.030563500000000448,7.798192653998664,0.3,-0.00296,-0.094186,7.79115,0.666667,1.0,9.328995,-0.06362249999999958,-0.17654479273864276,0.3
1769796751.299238,0.127088,-0.02691497694740561,7.79059970241119,0.3,-0.00296,-0.094186,7.79115,0.666667,1.0,9.328995,-0.06739408609429261,-0.19468613136283228,0.3
1769796751.299238,0.127088,-0.023623596751953618,7.775089113313273,0.3,-0.00296,-0.094186,7.79115,0.666667,1.0,9.328995,-0.070796483063491,-0.21049594214424913,0.3
1769796751.299238,0.127088,-0.02101154263956953,7.79900128354695,0.3,-0.00296,-0.094186,7.79115,0.666667,1.0,9.328995,-0.07349664058635556,-0.227330925521782,0.3
1769796751.299238,0.127088,-0.01933450066602478,7.800615311902922,0.3,-0.00296,-0.094186,7.79115,0.666667,1.0,9.328995,-0.07523024843144487,-0.24445075232526023,0.3
1769796751.299238,0.127088,-0.018756631384328273,7.794919095624615,0.3,-0.00296,-0.094186,7.79115,0.666667,1.0,9.328995,-0.07582760898412524,-0.23420011853614012,0.3
1769796751.299238,0.127088,-0.019334500666024563,7.771228306420222,0.3,-0.00296,-0.094186,7.79115,0.666667,1.0,9.328995,-0.07523024843144509,-0.23531355812748056,0.3
1769796751.299238,0.127088,-0.021011542639569076,7.808832801463841,0.3,-0.00296,-0.094186,7.79115,0.666667,1.0,9.328995,-0.073496640586356,-0.22085844890286066,0.3
1769796751.299238,0.127088,-0.02362359675195294,7.780698512739033,0.3,-0.00296,-0.094186,7.79115,0.666667,1.0,9.328995,-0.0707964830634917,-0.22089651466330085,0.3
1769796751.299238,0.127088,-0.02691497694740481,7.797429621757213,0.3,-0.00296,-0.094186,7.79115,0.666667,1.0,9.328995,-0.0673940860942935,-0.19152207342660277,0.3
1769796751.299238,0.127088,-0.030563499999999615,7.779357966457984,0.3,-0.00296,-0.094186,7.79115,0.666667,1.0,9.328995,-0.06362250000000039,-0.16145992358970404,0.3
1769796751.299238,0.127088,-0.03421202305259436,7.7554901944622845,0.3,-0.00296,-0.094186,7.79115,0.666667,1.0,9.328995,-0.059850913905707286,-0.14165221485269266,0.3
1769796751.299238,0.127088,-0.037503403248046345,7.79269941704844,0.3,-0.00296,-0.094186,7.79115,0.666667,1.0,9.328995,-0.05644851693650927,-0.13620386633273607,0.3
1769796751.299238,0.127088,-0.0401154573604304,7.801095372163315,0.3,-0.00296,-0.094186,7.79115,0.666667,1.0,9.328995,-0.053748359413644434,-0.13291986495101407,0.3
1769796751.299238,0.127088,-0.04179249933397533,7.775058287074828,0.3,-0.00296,-0.094186,7.79115,0.666667,1.0,9.328995,-0.052014751568555104,-0.12127748901946034,0.3
1769796751.299238,0.127088,-0.04237036861567179,7.785921669213959,0.3,-0.00296,-0.094186,7.79115,0.666667,1.0,9.328995,-0.05141739101587448,-0.11476224094164639,0.3
1769796751.299238,0.127088,-0.04179249933397545,7.793647358339587,0.3,-0.00296,-0.094186,7.79115,0.666667,1.0,9.328995,-0.05201475156855506,-0.12466644870464794,0.3
1769796751.299238,0.127088,-0.04011545736043079,7.789142204695902,0.3,-0.00296,-0.094186,7.79115,0.666667,1.0,9.328995,-0.05374835941364412,-0.13237196019029357,0.3
1769796751.299238,0.127088,-0.03750340324804699,7.7846857419332025,0.3,-0.00296,-0.094186,7.79115,0.666667,1.0,9.328995,-0.056448516936508465,-0.14880138049230723,0.3
1769796751.299238,0.127088,-0.03421202305259518,7.801174651977766,0.3,-0.00296,-0.094186,7.79115,0.666667,1.0,9.328995,-0.05985091390570646,-0.16889923277928073,0.3
1769796751.299238,0.127088,-0.030563500000000448,7.79757710495598,0.3,-0.00296,-0.094186,7.79115,0.666667,1.0,9.328995,-0.06362249999999955,-0.18634735344342238,0.3
1769796751.299238,0.127088,-0.026914976947405637,7.784154963408189,0.3,-0.00296,-0.094186,7.79115,0.666667,1.0,9.328995,-0.06739408609429266,-0.1927427131436196,0.3
1769796751.299238,0.127088,-0.0236235967519537,7.778068481621491,0.3,-0.00296,-0.094186,7.79115,0.666667,1.0,9.328995,-0.07079648306349089,-0.20824415774780594,0.3
1769796751.299238,0.127088,-0.02101154263956967,7.797695921063263,0.3,-0.00296,-0.094186,7.79115,0.666667,1.0,9.328995,-0.07349664058635537,-0.22859124616463813,0.3
1769796751.299238,0.127088,-0.019334500666024827,7.801589391175017,0.3,-0.00296,-0.094186,7.79115,0.666667,1.0,9.328995,-0.07523024843144475,-0.23426398984441596,0.3
1769796751.299238,0.127088,-0.018756631384328263,7.7733120795274155,0.3,-0.00296,-0.094186,7.79115,0.666667,1.0,9.328995,-0.07582760898412541,-0.22036744651587825,0.3
1769796751.299238,0.127088,-0.019334500666024587,7.762254741109673,0.3,-0.00296,-0.094186,7.79115,0.666667,1.0,9.328995,-0.07523024843144506,-0.2198820797979348,0.3
1769796751.299238,0.127088,-0.02101154263956923,7.80630586174997,0.3,-0.00296,-0.094186,7.79115,0.666667,1.0,9.328995,-0.07349664058635579,-0.21476941834350213,0.3
1769796751.299238,0.127088,-0.023623596751953083,7.779248361394752,0.3,-0.00296,-0.094186,7.79115,0.666667,1.0,9.328995,-0.07079648306349148,-0.1988044846010459,0.3
1769796751.299238,0.127088,-0.026914976947404898,7.755309544133208,0.3,-0.00296,-0.094186,7.79115,0.666667,1.0,9.328995,-0.0673940860942935,-0.1660211093745054,0.3
1769796751.299238,0.127088,-0.03056349999999965,7.769991011118863,0.3,-0.00296,-0.094186,7.79115,0.666667,1.0,9.328995,-0.06362250000000035,-0.15935136705302141,0.3
1769796751.299238,0.127088,-0.03421202305259449,7.801768753576188,0.3,-0.00296,-0.094186,7.79115,0.666667,1.0,9.328995,-0.05985091390570722,-0.16442573760761578,0.3
1769796751.299238,0.127088,-0.0375034032480464,7.802197753714194,0.3,-0.00296,-0.094186,7.79115,0.666667,1.0,9.328995,-0.05644851693650897,-0.15381091222371682,0.3
1769796751.299238,0.127088,-0.04011545736043032,7.781396172067955,0.3,-0.00296,-0.094186,7.79115,0.666667,1.0,9.328995,-0.05374835941364463,-0.13673786600321813,0.3
1769796751.299238,0.127088,-0.04179249933397506,7.792924874227245,0.3,-0.00296,-0.094186,7.79115,0.666667,1.0,9.328995,-0.05201475156855546,-0.12348290751827377,0.3
1769796751.299238,0.127088,-0.042370368615671665,7.791984570267347,0.3,-0.00296,-0.094186,7.79115,0.666667,1.0,9.328995,-0.05141739101587474,-0.13102150843045002,0.3
1769796751.299238,0.127088,-0.041792499333975476,7.802410717499354,0.3,-0.00296,-0.094186,7.79115,0.666667,1.0,9.328995,-0.052014751568554826,-0.13860660085553753,0.3
1769796751.299238,0.127088,-0.040115457360430866,7.802549599232351,0.3,-0.00296,-0.094186,7.79115,0.666667,1.0,9.328995,-0.05374835941364404,-0.14606281969916116,0.3
1769796751.299238,0.127088,-0.03750340324804697,7.790317344334303,0.3,-0.00296,-0.094186,7.79115,0.666667,1.0,9.328995,-0.056448516936508555,-0.1541008122312038,0.3
1769796751.299238,0.127088,-0.034212023052595186,7.7927529521395416,0.3,-0.00296,-0.094186,7.79115,0.666667,1.0,9.328995,-0.059850913905706515,-0.16821557248374663,0.3
1769796751.299238,0.127088,-0.030563500000000535,7.798864435398884,0.3,-0.00296,-0.094186,7.79115,0.666667,1.0,9.328995,-0.06362249999999939,-0.18646899268872333,0.3
1769796751.299238,0.127088,-0.026914976947405782,7.791670358040988,0.3,-0.00296,-0.094186,7.79115,0.666667,1.0,9.328995,-0.06739408609429251,-0.18990517030225063,0.3
1769796751.299238,0.127088,-0.023623596751953777,7.76337937402347,0.3,-0.00296,-0.094186,7.79115,0.666667,1.0,9.328995,-0.07079648306349078,-0.1978295044441766,0.3
1769796751.299238,0.127088,-0.021011542639569798,7.782721151364912,0.3,-0.00296,-0.094186,7.79115,0.666667,1.0,9.328995,-0.0734966405863554,-0.21136161626303263,0.3
1769796751.299238,0.127088,-0.019334500666025062,7.794520874062737,0.3,-0.00296,-0.094186,7.79115,0.666667,1.0,9.328995,-0.07523024843144445,-0.2257383321703217,0.3
1769796751.299238,0.127088,-0.018756631384328547,7.7768937277312835,0.3,-0.00296,-0.094186,7.79115,0.666667,1.0,9.328995,-0.07582760898412498,-0.22426379469166804,0.3
1769796751.299238,0.127088,-0.019334500666024736,7.773800678805611,0.3,-0.00296,-0.094186,7.79115,0.666667,1.0,9.328995,-0.07523024843144495,-0.22618582306742815,0.3
1769796751.299238,0.127088,-0.021011542639569256,7.804485944769173,0.3,-0.00296,-0.094186,7.79115,0.666667,1.0,9.328995,-0.07349664058635588,-0.23880849757396017,0.3
1769796751.299238,0.127088,-0.023623596751953153,7.8210414856261075,0.3,-0.00296,-0.094186,7.79115,0.666667,1.0,9.328995,-0.07079648306349141,-0.22848192560908764,0.3
1769796751.299238,0.127088,-0.02691497694740498,7.778186069628778,0.3,-0.00296,-0.094186,7.79115,0.666667,1.0,9.328995,-0.06739408609429326,-0.20268089407643078,0.3
1769796751.299238,0.127088,-0.030563499999999643,7.782633925369796,0.3,-0.00296,-0.094186,7.79115,0.666667,1.0,9.328995,-0.0636225000000004,-0.16357879637420214,0.3
1769796751.299238,0.127088,-0.034212023052594354,7.775012592995069,0.3,-0.00296,-0.094186,7.79115,0.666667,1.0,9.328995,-0.059850913905707424,-0.15315201034168704,0.3
1769796751.299238,0.127088,-0.03750340324804635,7.793163235487173,0.3,-0.00296,-0.094186,7.79115,0.666667,1.0,9.328995,-0.05644851693650913,-0.13834335136235193,0.3
1769796751.299238,0.127088,-0.04011545736043038,7.78533067691216,0.3,-0.00296,-0.094186,7.79115,0.666667,1.0,9.328995,-0.05374835941364441,-0.13462597001513402,0.3
1769796751.299238,0.127088,-0.04179249933397511,7.793604520155589,0.3,-0.00296,-0.094186,7.79115,0.666667,1.0,9.328995,-0.052014751568555326,-0.1317257293944198,0.3
1769796751.299238,0.127088,-0.042370368615671526,7.804022534037256,0.3,-0.00296,-0.094186,7.79115,0.666667,1.0,9.328995,-0.051417391015874954,-0.13455270496583505,0.3
1769796751.299238,0.127088,-0.04179249933397533,7.796818839891126,0.3,-0.00296,-0.094186,7.79115,0.666667,1.0,9.328995,-0.05201475156855516,-0.13529995777362788,0.3
1769796751.299238,0.127088,-0.04011545736043086,7.7893354842331455,0.3,-0.00296,-0.094186,7.79115,0.666667,1.0,9.328995,-0.05374835941364391,-0.13501426113885023,0.3
1769796751.299238,0.127088,-0.03750340324804708,7.786671413902232,0.3,-0.00296,-0.094186,7.79115,0.666667,1.0,9.328995,-0.05644851693650837,-0.14721550626426191,0.3
1769796751.299238,0.127088,-0.03421202305259515,7.795659929200309,0.3,-0.00296,-0.094186,7.79115,0.666667,1.0,9.328995,-0.0598509139057065,-0.16549224891062314,0.3
1769796751.299238,0.127088,-0.030563500000000396,7.7939658043742055,0.3,-0.00296,-0.094186,7.79115,0.666667,1.0,9.328995,-0.06362249999999971,-0.176448645290322,0.3
1769796751.299238,0.127088,-0.02734975566610061,7.7726669246201014,0.3,-0.00296,-0.094186,7.79115,0.666667,1.0,9.328995,-0.06739408609429262,-0.18279284087927952,0.3
1769796751.299238,0.127088,-0.02469287990876313,7.776724905492622,0.3,-0.00296,-0.094186,7.79115,0.666667,1.0,9.328995,-0.06949214690740586,-0.20046758562665765,0.3
1769796751.299238,0.127088,-0.022628980576855473,7.805011997054725,0.3,-0.00296,-0.094186,7.79115,0.666667,1.0,9.328995,-0.07159312727201214,-0.23369976506835322,0.3
1769796751.299238,0.127088,-0.02159654431898614,7.823356202685547,0.3,-0.00296,-0.094186,7.79115,0.666667,1.0,9.328995,-0.0735857840900156,-0.2559448745131814,0.3
