timestamp,x,y,theta,v,x_ref,y_ref,theta_ref,kappa_ref,v_ref,s_ref,cte,steering_cmd,velocity_cmd
1769797810.0,0.0,-0.002317361984305903,-0.00601402179984008,1.0,0.0,0.0,0.0,0.0,1.0,0.0,0.002317361984305903,0.014926716504560837,1.0
1769797810.02,0.006671114076050699,-0.0028669001928976,0.009669668337826273,1.000974741948736,0.0066711140760507,0.0,0.0,0.0,1.0,0.0066711140760507,0.002981916026117954,0.0017987366371213839,1.0
1769797810.04,0.0133422281521014,-0.0028399290617494013,0.0003171823606296717,1.0040670985277838,0.0133422281521014,0.0,0.0,0.0,1.0,0.0133422281521014,0.002879697846460981,0.010758125723605811,1.0
1769797810.06,0.020013342228152098,-0.002435931948759168,-0.002108106561214614,1.0067118935381005,0.0200133422281521,0.0,0.0,0.0,1.0,0.0200133422281521,0.0026273702686138347,0.01221303287462067,1.0
1769797810.08,0.026684456304202797,-0.001251672450790643,0.004521700936270591,0.9848928938404793,0.0266844563042028,0.0,0.0,0.0,1.0,0.0266844563042028,0.001138556009780493,-0.00014266735109447377,1.0
1769797810.1,0.033355570380253496,-0.0004477804910508244,0.007047755135239142,1.0022763375911308,0.0333555703802535,0.0,0.0,0.0,1.0,0.0333555703802535,0.0005952896775361519,-0.00475818345316679,1.0
1769797810.12,0.0400266844563042,0.0006738676734661241,0.00196577433137767,0.9859289441334904,0.0400266844563042,0.0,0.0,0.0,1.0,0.0400266844563042,-0.0010444876722871892,-0.005983012998923411,1.0
1769797810.14,0.0466977985323549,0.0002428247553455352,-0.0034248272095897224,0.9926294043300224,0.0466977985323549,0.0,0.0,0.0,1.0,0.0466977985323549,-6.595584348476882e-05,0.0031711508939359563,1.0
1769797810.16,0.0533689126084056,0.0005538624735479507,0.00286049185315741,1.0012232456007968,0.0533689126084056,0.0,0.0,0.0,1.0,0.0533689126084056,-0.0006371700925751893,-0.005311141149417791,1.0
1769797810.18,0.060040026684456294,0.00024425743294602636,0.0028499201221292287,1.0094571989847272,0.0600400266844563,0.0,0.0,0.0,1.0,0.0600400266844563,-0.00047613130295658655,-0.004681192317174784,1.0
1769797810.2,0.06671114076050699,-0.0012658495508915965,0.00687393954954148,1.007712652206744,0.066711140760507,0.0,0.0,0.0,1.0,0.066711140760507,0.001147425667705179,-0.002460792554698511,1.0
1769797810.22,0.07338225483655769,-0.002910976424656866,0.001164115503207393,1.0012405283682064,0.0733822548365577,0.0,0.0,0.0,1.0,0.0733822548365577,0.0033286013229325024,0.011637497916414666,1.0
1769797810.24,0.0800533689126084,-0.0028730419239635396,0.0004801274041156271,1.0037626285475378,0.0800533689126084,0.0,0.0,0.0,1.0,0.0800533689126084,0.00260718710646917,0.0095471792280967,1.0
1769797810.26,0.0867244829886591,-0.00396468606794081,0.010513381483254274,0.9950522314452528,0.0867244829886591,0.0,0.0,0.0,1.0,0.0867244829886591,0.004075763238243939,0.005161347100149366,1.0
1769797810.28,0.0933955970647098,-0.004152159205594497,0.00027419966812399876,1.0057343694568435,0.0933955970647098,0.0,0.0,0.0,1.0,0.0933955970647098,0.0045379700838368165,0.017177759421519327,1.0
1769797810.3,0.10006671114076049,-0.0027572258134164924,6.372038542599385e-05,1.0039981999500036,0.1000667111407605,0.0,0.0,0.0,1.0,0.1000667111407605,0.0025391815781173593,0.009702052140561756,1.0
1769797810.32,0.10673782521681119,-0.0023490784158620554,0.004606925122909519,1.0003503914811327,0.1067378252168112,0.0,0.0,0.0,1.0,0.1067378252168112,0.002379832185967777,0.004546019983509519,1.0
1769797810.34,0.1134089392928619,-0.002014771824190292,0.00267208266316402,0.9887981183540929,0.1134089392928619,0.0,0.0,0.0,1.0,0.1134089392928619,0.0017974134244809195,0.004240935766449084,1.0
1769797810.36,0.1200800533689126,-0.0024569949422246096,0.005626958673832125,0.9884142801252127,0.1200800533689126,0.0,0.0,0.0,1.0,0.1200800533689126,0.002694804431162265,0.004737302635331042,1.0
1769797810.38,0.12675116744496331,-0.001786337486785212,-0.0036821949892449856,0.9938720595852584,0.12675116744496331,0.0,0.0,0.0,1.0,0.12675116744496331,0.0017894404452165388,0.010564549572970651,1.0
1769797810.4,0.133422281521014,-0.0010202183128447645,0.0008409507022346579,0.9974836112950399,0.133422281521014,0.0,0.0,0.0,1.0,0.133422281521014,0.00110119955866629,0.003394406890557555,1.0
1769797810.42,0.1400933955970647,-0.00019705761305004285,0.008112683825013808,0.9927280773111413,0.1400933955970647,0.0,0.0,0.0,1.0,0.1400933955970647,-0.00012381334159613638,-0.00858888894900239,1.0
1769797810.44,0.1467645096731154,-0.0006729971790742095,0.001796796639294489,0.9908534940815554,0.1467645096731154,0.0,0.0,0.0,1.0,0.1467645096731154,0.0008712947016041577,0.0015543242839820219,1.0
1769797810.46,0.15343562374916608,-0.00033232914473740454,-0.0015945993664476736,0.9938896536828675,0.1534356237491661,0.0,0.0,0.0,1.0,0.1534356237491661,0.0002235483066252849,0.0024544003339041333,1.0
1769797810.48,0.16010673782521678,-0.0006693107694496816,-0.00433948974517517,1.005924841645332,0.1601067378252168,0.0,0.0,0.0,1.0,0.1601067378252168,0.0004993050215904912,0.006259891313589233,1.0
1769797810.5,0.1667778519012675,-0.0017372314587902446,0.013330417419298388,1.0059669101522637,0.1667778519012675,0.0,0.0,0.0,1.0,0.1667778519012675,0.0017996525508381807,-0.006408787377307745,1.0
1769797810.52,0.17344896597731818,-0.0023637022638813565,-0.006587399465052438,1.0094627042945703,0.1734489659773182,0.0,0.0,0.0,1.0,0.1734489659773182,0.002513853718573773,0.01625576634447956,1.0
1769797810.54,0.1801200800533689,-0.0021805304903507296,-0.002020944423933871,0.9942630403635697,0.1801200800533689,0.0,0.0,0.0,1.0,0.1801200800533689,0.002289466280407859,0.010826356380212761,1.0
1769797810.56,0.18679119412941958,-0.0016927792654034203,0.0059173533992722726,0.9786806998398945,0.1867911941294196,0.0,0.0,0.0,1.0,0.1867911941294196,0.0014889916965534994,-0.00019052486627138022,1.0
1769797810.58,0.1934623082054703,-0.0020391572512262826,-0.006229351198106599,1.0037225638125675,0.1934623082054703,0.0,0.0,0.0,1.0,0.1934623082054703,0.0021560366950890758,0.014521609957274698,1.0
1769797810.6,0.20013342228152098,-0.0019186240604539052,-0.001852465022373336,0.9885484120050666,0.200133422281521,0.0,0.0,0.0,1.0,0.200133422281521,0.0018400978323561096,0.008929646218158125,1.0
1769797810.62,0.20680453635757168,-0.002124814599424687,-0.0051915820957529005,0.9932953351273782,0.2068045363575717,0.0,0.0,0.0,1.0,0.2068045363575717,0.002164546600804575,0.013516569002083003,1.0
1769797810.64,0.2134756504336224,-0.00209304910507794,0.007843140409671136,1.0075842455349258,0.2134756504336224,0.0,0.0,0.0,1.0,0.2134756504336224,0.00214558913195599,0.0004089381639814024,1.0
1769797810.66,0.22014676450967308,-0.001838894714812104,0.004029229382571684,0.9942980454750018,0.2201467645096731,0.0,0.0,0.0,1.0,0.2201467645096731,0.001816096818633628,0.0029556447854189915,1.0
1769797810.68,0.2268178785857238,-0.0018548750731035763,0.0014742281631092212,1.0091852705346809,0.2268178785857238,0.0,0.0,0.0,1.0,0.2268178785857238,0.0016911305067124904,0.005030028216462486,1.0
1769797810.7,0.23348899266177447,-0.002339113959675331,0.00919821328238182,0.9940748571794722,0.2334889926617745,0.0,0.0,0.0,1.0,0.2334889926617745,0.0026349967412201162,0.0009360426142353672,1.0
1769797810.72,0.24016010673782517,-0.001702369772593078,-0.005592115006603476,1.0084686938442102,0.2401601067378252,0.0,0.0,0.0,1.0,0.2401601067378252,0.0014425665323714218,0.011140390891181181,1.0
1769797810.74,0.2468312208138759,-0.0022741346302034018,0.000272112195209724,1.011362365971838,0.2468312208138759,0.0,0.0,0.0,1.0,0.2468312208138759,0.002278040706545221,0.008489358636401217,1.0
1769797810.76,0.2535023348899266,-0.002790132579369081,-0.0021072656864370514,1.0152546526548543,0.25350233488992663,0.0,0.0,0.0,1.0,0.25350233488992663,0.0028276711315519047,0.012982495124403876,1.0
1769797810.78,0.2601734489659773,-0.00292271281791504,0.004114230987038399,1.0216610119298428,0.2601734489659773,0.0,0.0,0.0,1.0,0.2601734489659773,0.003130950618348254,0.007927304740210533,1.0
1769797810.8,0.266844563042028,-0.0023224582926541317,0.0037172690052931713,0.9901566583595193,0.266844563042028,0.0,0.0,0.0,1.0,0.266844563042028,0.002083516654439335,0.004296085061544115,1.0
1769797810.82,0.2735156771180787,-0.0026853530559314614,0.0012699888022577193,1.0008059054638816,0.2735156771180787,0.0,0.0,0.0,1.0,0.2735156771180787,0.0028372647457289425,0.009642134773116031,1.0
1769797810.84,0.2801867911941294,-0.002562730171785105,0.005721169598212973,0.9870409897722922,0.2801867911941294,0.0,0.0,0.0,1.0,0.2801867911941294,0.0023393266001538807,0.0032759976239005962,1.0
1769797810.86,0.28685790527018007,-0.003241682148063967,0.0008903772045666743,0.9963623306916946,0.2868579052701801,0.0,0.0,0.0,1.0,0.2868579052701801,0.003482657288584463,0.012503657499261927,1.0
1769797810.88,0.2935290193462308,-0.003068719309790057,-0.004284455159748807,0.9902130954940637,0.2935290193462308,0.0,0.0,0.0,1.0,0.2935290193462308,0.0027960834685805155,0.01503820779464728,1.0
1769797810.9,0.3002001334222815,-0.00416198810860377,-0.007610486911153585,0.9913805913454423,0.3002001334222815,0.0,0.0,0.0,1.0,0.3002001334222815,0.004168057063827343,0.02364010254807987,1.0
1769797810.92,0.3068712474983322,-0.00507959089630561,-0.004895821241578409,0.998849408042923,0.3068712474983322,0.0,0.0,0.0,1.0,0.3068712474983322,0.005226935116374148,0.024996710179253007,1.0
1769797810.94,0.31354236157438287,-0.0051097843008131244,-0.004501176581725971,0.9930504422363107,0.3135423615743829,0.0,0.0,0.0,1.0,0.3135423615743829,0.005309587323687604,0.024919828157766135,1.0
1769797810.96,0.32021347565043357,-0.004348360270040697,0.0018382478656267535,1.0172393302592837,0.3202134756504336,0.0,0.0,0.0,1.0,0.3202134756504336,0.004207563598573074,0.01434327657122233,1.0
1769797810.98,0.32688458972648426,-0.004013477354934085,0.001316998602582188,0.9906137974857411,0.3268845897264843,0.0,0.0,0.0,1.0,0.3268845897264843,0.004243987372783843,0.015004580276606564,1.0
1769797811.0,0.333555703802535,-0.002747054986796173,-0.0011575045407813853,1.010221397052363,0.333555703802535,0.0,0.0,0.0,1.0,0.333555703802535,0.00260288102319527,0.011168250976686861,1.0
1769797811.02,0.3402268178785857,-0.002113378809678303,-0.00019781300659573925,1.014466975843478,0.3402268178785857,0.0,0.0,0.0,1.0,0.3402268178785857,0.002153444448795811,0.008480102272438193,1.0
1769797811.04,0.34689793195463636,-0.0015908320815744943,-0.0013110213801213982,1.0004270720296808,0.3468979319546364,0.0,0.0,0.0,1.0,0.3468979319546364,0.0012927296500120646,0.0062830175246632435,1.0
1769797811.06,0.35356904603068706,-0.0023681301578526064,0.0025533667406657913,0.9855741752380794,0.3535690460306871,0.0,0.0,0.0,1.0,0.3535690460306871,0.002459430034095358,0.006905697421115325,1.0
1769797811.08,0.36024016010673776,-0.0026052898851093,0.0010846800970412758,0.9987982728921411,0.3602401601067378,0.0,0.0,0.0,1.0,0.3602401601067378,0.002719362144997878,0.009374023719362959,1.0
1769797811.1,0.36691127418278846,-0.0022703276695831493,0.004032303625735108,1.0189105686164488,0.3669112741827885,0.0,0.0,0.0,1.0,0.3669112741827885,0.0023101123995526284,0.004852510268643009,1.0
1769797811.12,0.3735823882588392,-0.0018657994206265948,-0.0009906359190816894,1.0181078318681689,0.3735823882588392,0.0,0.0,0.0,1.0,0.3735823882588392,0.0017497033808660952,0.00772016271954673,1.0
1769797811.14,0.38025350233488986,-0.0018425045315969312,-0.005464485110167309,1.0121668477656032,0.3802535023348899,0.0,0.0,0.0,1.0,0.3802535023348899,0.002003052690552371,0.013168381507564858,1.0
1769797811.16,0.3869246164109406,-0.0011419649608976964,-0.006023942962366809,1.0160225550162336,0.3869246164109406,0.0,0.0,0.0,1.0,0.3869246164109406,0.001069984900775216,0.010139246271775891,1.0
1769797811.18,0.39359573048699126,-0.0010546331876060597,-0.005338144750722815,0.99838727860274,0.3935957304869913,0.0,0.0,0.0,1.0,0.3935957304869913,0.0007773323374367037,0.008327875602169235,1.0
1769797811.2,0.40026684456304196,-0.002022168478869414,-0.015890642118377568,1.0047854782506347,0.400266844563042,0.0,0.0,0.0,1.0,0.400266844563042,0.0022613720484380853,0.024588007611772177,1.0
1769797811.22,0.4069379586390927,-0.0020058474786360347,-0.00417492518215549,1.007276318034436,0.4069379586390927,0.0,0.0,0.0,1.0,0.4069379586390927,0.001873420445478971,0.011380263738452152,1.0
1769797811.24,0.41360907271514336,-0.00240605830351381,0.002235179853752334,1.0043204186679282,0.4136090727151434,0.0,0.0,0.0,1.0,0.4136090727151434,0.0026075192998022863,0.007793404316648368,1.0
1769797811.26,0.4202801867911941,-0.001995638941573724,0.0002323761782366867,1.002622070246799,0.4202801867911941,0.0,0.0,0.0,1.0,0.4202801867911941,0.0018661178123786945,0.006944876780165463,1.0
1769797811.28,0.42695130086724475,-0.0018603125868265637,-0.00485522582238857,1.0099455194932314,0.4269513008672448,0.0,0.0,0.0,1.0,0.4269513008672448,0.002189651515877109,0.013276763324681789,1.0
1769797811.3,0.43362241494329545,-0.00028720999011667704,-0.0013878338655909223,0.9964669638556434,0.4336224149432955,0.0,0.0,0.0,1.0,0.4336224149432955,0.00018807122984352545,0.002111184623443326,1.0
1769797811.32,0.4402935290193462,0.0009220018620060631,-0.0038960786819829717,1.0105339450696433,0.4402935290193462,0.0,0.0,0.0,1.0,0.4402935290193462,-0.0008232450586518356,0.000729762114730712,1.0
1769797811.34,0.44696464309539685,0.0022658052558840714,-0.00549275670024297,1.0107443591300658,0.4469646430953969,0.0,0.0,0.0,1.0,0.4469646430953969,-0.002592078796448531,-0.0044764468559581405,1.0
1769797811.36,0.4536357571714476,0.002003131358542288,0.0007099379010800479,1.0043099592582772,0.4536357571714476,0.0,0.0,0.0,1.0,0.4536357571714476,-0.0020869987937946026,-0.008736683950165894,1.0
1769797811.38,0.46030687124749825,0.0011798884580435738,0.00044556775869797344,0.9946718531164216,0.4603068712474983,0.0,0.0,0.0,1.0,0.4603068712474983,-0.001349076096689704,-0.005634275411582956,1.0
1769797811.4,0.46697798532354895,-0.00032570624792745953,0.011446819625862812,0.9927754035467541,0.466977985323549,0.0,0.0,0.0,1.0,0.466977985323549,0.0004328967561370808,-0.009781833640806384,1.0
1769797811.42,0.4736490993995997,-0.0012959680733731483,0.0023825413978694346,0.9726522937897037,0.4736490993995997,0.0,0.0,0.0,1.0,0.4736490993995997,0.0013310785822535942,0.0027369468844997023,1.0
1769797811.44,0.48032021347565035,-0.0018420188425447418,0.0042351928933313035,0.988447408541195,0.4803202134756504,0.0,0.0,0.0,1.0,0.4803202134756504,0.0021023808573767573,0.003850711098970226,1.0
1769797811.46,0.4869913275517011,-0.0012594489425224282,-0.0028722943113655775,0.9967177401749794,0.4869913275517011,0.0,0.0,0.0,1.0,0.4869913275517011,0.0011730468758335976,0.007383982452022333,1.0
1769797811.48,0.49366244162775175,-0.0011003117087459427,-0.005173835181090906,0.9905196034225277,0.4936624416277518,0.0,0.0,0.0,1.0,0.4936624416277518,0.0010800886870479909,0.009327998542569056,1.0
1769797811.5,0.5003335557038024,-0.0010183676919456569,-0.005132238528267336,0.9833716121787104,0.5003335557038026,0.0,0.0,0.0,1.0,0.5003335557038026,0.001035548576226567,0.009115096607230352,1.0
1769797811.52,0.5070046697798531,-0.0007743488284287473,0.0020753161513120243,1.0021493914908965,0.5070046697798533,0.0,0.0,0.0,1.0,0.5070046697798533,0.0008562462151677911,0.00121792661679428,1.0
1769797811.54,0.513675783855904,-0.0003481264973372063,-0.004007936089197397,0.9942486644955583,0.513675783855904,0.0,0.0,0.0,1.0,0.513675783855904,0.00014814216012963327,0.004577713566498786,1.0
1769797811.56,0.5203468979319547,-0.0006739330809596914,0.012940325646018738,1.0046747106041796,0.5203468979319547,0.0,0.0,0.0,1.0,0.5203468979319547,0.000855164406547673,-0.009651243635228889,1.0
1769797811.58,0.5270180120080054,-0.00016284937526164455,-0.005510386393668199,0.982982117594973,0.5270180120080054,0.0,0.0,0.0,1.0,0.5270180120080054,0.00015399347850492937,0.006102668934045236,1.0
1769797811.6,0.5336891260840559,0.00014883577151801505,-0.0021637184931832245,0.9846214455041188,0.533689126084056,0.0,0.0,0.0,1.0,0.533689126084056,-0.000306906812238398,0.0009833082251307886,1.0
1769797811.62,0.5403602401601066,-0.00029633156800205017,0.0025275626848955987,0.9992786268396364,0.5403602401601068,0.0,0.0,0.0,1.0,0.5403602401601068,0.0002771439383974458,-0.0014616248640047333,1.0
1769797811.64,0.5470313542361575,-0.0007348072864854892,-0.004295603601541819,0.9921507620754445,0.5470313542361575,0.0,0.0,0.0,1.0,0.5470313542361575,0.0008310411790102692,0.007491904943623742,1.0
1769797811.66,0.5537024683122082,-0.0007461618844210603,0.007980409219840426,0.9829297835155336,0.5537024683122082,0.0,0.0,0.0,1.0,0.5537024683122082,0.0007241915065199548,-0.005195064474745567,1.0
1769797811.68,0.5603735823882589,-0.0007612377593112334,-0.0021396598717967823,0.9881846241614225,0.5603735823882589,0.0,0.0,0.0,1.0,0.5603735823882589,0.000860044912561791,0.0054475128553358974,1.0
1769797811.7,0.5670446964643094,-0.0004428459993698894,9.264365595187703e-05,0.9704322018402824,0.5670446964643095,0.0,0.0,0.0,1.0,0.5670446964643095,0.0003152135856988043,0.0011197156950617756,1.0
1769797811.72,0.5737158105403601,-0.0008575499279854166,0.0026165434504255482,0.9995974781714351,0.5737158105403602,0.0,0.0,0.0,1.0,0.5737158105403602,0.0007200721698936093,0.0001529578144791005,1.0
1769797811.74,0.580386924616411,-0.001962358788514534,-0.012124602979419884,0.9956715788385943,0.580386924616411,0.0,0.0,0.0,1.0,0.580386924616411,0.001913816727696045,0.019485303610558734,1.0
1769797811.76,0.5870580386924616,-0.0032156184426865787,-0.00756759031201612,0.9925894956861426,0.5870580386924616,0.0,0.0,0.0,1.0,0.5870580386924616,0.003293697266196602,0.020234979129002906,1.0
1769797811.78,0.5937291527685123,-0.004116819358725917,0.0022177201247679285,1.0185621019494686,0.5937291527685123,0.0,0.0,0.0,1.0,0.5937291527685123,0.004104510253811849,0.013567546547751025,1.0
1769797811.8,0.6004002668445629,-0.004903162449889113,0.003290140092327038,0.9922611736244643,0.600400266844563,0.0,0.0,0.0,1.0,0.600400266844563,0.005075462764364241,0.016228391483730387,1.0
1769797811.82,0.6070713809206137,-0.004988799211164368,-0.004347977479127408,1.0054226488728286,0.6070713809206137,0.0,0.0,0.0,1.0,0.6070713809206137,0.004885437406835044,0.023135910410977494,1.0
1769797811.84,0.6137424949966644,-0.005301982180985489,-0.005854608633591822,1.0054199443776994,0.6137424949966644,0.0,0.0,0.0,1.0,0.6137424949966644,0.0055567910593098055,0.027223628730111096,1.0
1769797811.86,0.6204136090727151,-0.004559091282572494,0.003847406306363773,1.0219642064802417,0.6204136090727151,0.0,0.0,0.0,1.0,0.6204136090727151,0.004426057051959803,0.013174245924647741,1.0
1769797811.88,0.6270847231487657,-0.004519718768042986,-0.0031651851947428838,0.9989273511320861,0.6270847231487658,0.0,0.0,0.0,1.0,0.6270847231487658,0.004437026793685395,0.020229016486583595,1.0
1769797811.9,0.6337558372248164,-0.004737417531362787,0.004528822691686327,1.0143335603345383,0.6337558372248165,0.0,0.0,0.0,1.0,0.6337558372248165,0.004866242133848902,0.0141853082221353,1.0
1769797811.92,0.6404269513008672,-0.0041036358207403294,-0.0011978594993947947,0.9932690838291571,0.6404269513008672,0.0,0.0,0.0,1.0,0.6404269513008672,0.004353934816414046,0.017942197577955878,1.0
1769797811.94,0.6470980653769179,-0.002531654248114314,0.013540494430661918,0.9870089389048903,0.6470980653769179,0.0,0.0,0.0,1.0,0.6470980653769179,0.0023017921303071943,-0.004687679054837034,1.0
1769797811.96,0.6537691794529686,-0.0019898727248650818,0.003957291829906318,0.9997388667521164,0.6537691794529686,0.0,0.0,0.0,1.0,0.6537691794529686,0.0020323625585881916,0.0038593280403869225,1.0
1769797811.98,0.6604402935290192,-0.0013125957438455975,0.0014579066572023482,1.0068481357284476,0.6604402935290193,0.0,0.0,0.0,1.0,0.6604402935290193,0.0012498053109080039,0.0033489998225934197,1.0
1769797812.0,0.6671114076050699,-0.0011766646209376212,0.013242181149267873,1.0088481111071224,0.66711140760507,0.0,0.0,0.0,1.0,0.66711140760507,0.0009283407832015503,-0.00967165484863277,1.0
1769797812.02,0.6737825216811207,-0.0020659031200919386,-7.5501089334094515e-06,0.995322425063644,0.6737825216811207,0.0,0.0,0.0,1.0,0.6737825216811207,0.002199578074131309,0.00846726396145919,1.0
1769797812.04,0.6804536357571714,-0.0023473772333513125,0.00710681592416522,0.98519526381824,0.6804536357571714,0.0,0.0,0.0,1.0,0.6804536357571714,0.00233132516706253,0.0018595790378970667,1.0
1769797812.06,0.6871247498332221,-0.0026560805585704407,0.0035796654331082373,1.0051095237012266,0.6871247498332221,0.0,0.0,0.0,1.0,0.6871247498332221,0.002703760989291674,0.006819040464010089,1.0
1769797812.08,0.6937958639092727,-0.0029294108608507513,-0.011099193546940275,1.0085958905439474,0.6937958639092728,0.0,0.0,0.0,1.0,0.6937958639092728,0.002742275207090482,0.02164601480440672,1.0
1769797812.1,0.7004669779853234,-0.0038223916498562483,0.005059976993132866,0.9772249994547102,0.7004669779853235,0.0,0.0,0.0,1.0,0.7004669779853235,0.004076040880678984,0.010615819183424777,1.0
1769797812.12,0.7071380920613742,-0.0036970880925233087,-0.0036940472914909982,1.011298803579061,0.7071380920613742,0.0,0.0,0.0,1.0,0.7071380920613742,0.0035316760283556465,0.017276581310706054,1.0
1769797812.14,0.7138092061374249,-0.004174972028561073,0.004494022368789328,0.9943519004264485,0.7138092061374249,0.0,0.0,0.0,1.0,0.7138092061374249,0.004343707501306129,0.01221099088422498,1.0
1769797812.16,0.7204803202134756,-0.0039486865366838925,-0.005858602706333701,0.9992337457883187,0.7204803202134756,0.0,0.0,0.0,1.0,0.7204803202134756,0.003865423758455239,0.02072452196442289,1.0
1769797812.18,0.7271514342895262,-0.0038019446321217224,0.0049388879349018516,0.9867038898041012,0.7271514342895263,0.0,0.0,0.0,1.0,0.7271514342895263,0.00411096067654043,0.01087118186474745,1.0
1769797812.2,0.7338225483655769,-0.002153703091601419,0.0018797488012752552,0.9864896910195716,0.733822548365577,0.0,0.0,0.0,1.0,0.733822548365577,0.0022131278536055843,0.00663207583509021,1.0
1769797812.22,0.7404936624416277,-0.0003958025878541631,0.0004924749728961138,1.0299251688483426,0.7404936624416277,0.0,0.0,0.0,1.0,0.7404936624416277,0.00022814599506167815,0.00038500939828009257,1.0
1769797812.24,0.7471647765176784,0.0004624939861471275,0.005342913154852969,0.9910759596257318,0.7471647765176784,0.0,0.0,0.0,1.0,0.7471647765176784,-0.0005797004828614963,-0.007572526702019734,1.0
1769797812.26,0.7538358905937291,0.0006786853957347653,0.0034043688498682514,1.0008174548062425,0.7538358905937291,0.0,0.0,0.0,1.0,0.7538358905937291,-0.0007738269088146974,-0.006380617403507193,1.0
1769797812.28,0.7605070046697797,0.00045740778414197683,-0.0002022376471024089,0.989888619155775,0.7605070046697798,0.0,0.0,0.0,1.0,0.7605070046697798,-0.000450883077616054,-0.0015319262976362128,1.0
1769797812.3,0.7671781187458304,0.00019600458721579203,-0.002397691488225269,1.0037927927768335,0.7671781187458305,0.0,0.0,0.0,1.0,0.7671781187458305,-0.00026657880300349525,0.001372388759032129,1.0
1769797812.32,0.7738492328218812,-0.00046954021340916253,-0.00010105684447918957,0.9996957220295721,0.7738492328218812,0.0,0.0,0.0,1.0,0.7738492328218812,0.00039474495005300755,0.0016193054858133086,1.0
1769797812.34,0.7805203468979319,-0.0013490750605214194,0.0023818408125485823,0.9973659596767658,0.7805203468979319,0.0,0.0,0.0,1.0,0.7805203468979319,0.0014841295763628405,0.0033262878694843424,1.0
1769797812.36,0.7871914609739826,-0.0014826577567932766,-0.0068916715173035405,1.0017119600503512,0.7871914609739826,0.0,0.0,0.0,1.0,0.7871914609739826,0.0015983555003737117,0.013039115231936342,1.0
1769797812.38,0.7938625750500332,-0.0011504709715258817,-0.005352909904993605,0.9932383703120532,0.7938625750500333,0.0,0.0,0.0,1.0,0.7938625750500333,0.0010763176496897701,0.009492569526054567,1.0
1769797812.4,0.8005336891260839,-0.0013992709671500625,-0.007541490833943247,0.9867718920970593,0.800533689126084,0.0,0.0,0.0,1.0,0.800533689126084,0.0011643330214936736,0.012019664827361352,1.0
1769797812.42,0.8072048032021347,-0.002405358308921396,-0.002233620104863099,1.0008742663944667,0.8072048032021347,0.0,0.0,0.0,1.0,0.8072048032021347,0.002744448042504058,0.012788797491309189,1.0
1769797812.44,0.8138759172781854,-0.0019223625866771209,-0.0021711806543175506,0.9999641286326404,0.8138759172781854,0.0,0.0,0.0,1.0,0.8138759172781854,0.0018290268939736441,0.009205783437731187,1.0
1769797812.46,0.8205470313542361,-0.0018336599504224478,0.0019938411256771107,0.982760784281299,0.8205470313542361,0.0,0.0,0.0,1.0,0.8205470313542361,0.0018749334303824043,0.005217316300972825,1.0
1769797812.48,0.8272181454302867,-0.0014913523325949117,-0.0005705837200507492,1.003198911315301,0.8272181454302868,0.0,0.0,0.0,1.0,0.8272181454302868,0.0015523477410213124,0.006541081010620171,1.0
1769797812.5,0.8338892595063374,-0.0008101866449061571,-0.0059115438750472595,0.9881751175541886,0.8338892595063375,0.0,0.0,0.0,1.0,0.8338892595063375,0.0008643994754441722,0.009236144993177726,1.0
1769797812.52,0.8405603735823882,-3.203671044293399e-05,-6.4453893447986755e-06,0.992712638501665,0.8405603735823882,0.0,0.0,0.0,1.0,0.8405603735823882,-0.00012397225196000107,-0.00047037092821217575,1.0
1769797812.54,0.8472314876584389,-5.840607559331543e-05,-0.001905135607406397,0.9969954403328753,0.8472314876584389,0.0,0.0,0.0,1.0,0.8472314876584389,-1.807139947325881e-05,0.0018356302249288668,1.0
1769797812.56,0.8539026017344896,-0.000490538357795415,0.005327206868124217,0.9897589071302832,0.8539026017344896,0.0,0.0,0.0,1.0,0.8539026017344896,0.00044167032438771,-0.0036284764852505076,1.0
1769797812.58,0.8605737158105402,-0.0011989465851028715,0.0007367064754834814,0.9958522473857826,0.8605737158105403,0.0,0.0,0.0,1.0,0.8605737158105403,0.0011507214625668051,0.003689116405855794,1.0
1769797812.6,0.8672448298865909,-0.0019189319458475006,0.002086721820967554,0.9998006291398749,0.867244829886591,0.0,0.0,0.0,1.0,0.867244829886591,0.0021324053842453044,0.006114653462436314,1.0
1769797812.62,0.8739159439626417,-0.0017240219842407669,-0.0031680237396105506,0.9930713665445903,0.8739159439626417,0.0,0.0,0.0,1.0,0.8739159439626417,0.0016427079274023801,0.009486047084959294,1.0
1769797812.64,0.8805870580386924,-0.0016873889491535368,0.002064734444979243,0.9898884907744806,0.8805870580386924,0.0,0.0,0.0,1.0,0.8805870580386924,0.0019085776212131721,0.005275816865352096,1.0
1769797812.66,0.8872581721147431,-0.0007918121328497926,0.005278267900279625,1.0095628319526153,0.8872581721147431,0.0,0.0,0.0,1.0,0.8872581721147431,0.000618542111121342,-0.002899264268708183,1.0
1769797812.68,0.8939292861907937,-0.0005738225128977946,-0.002325791217920553,0.9913470769506998,0.8939292861907938,0.0,0.0,0.0,1.0,0.8939292861907938,0.0007048287512788182,0.005036664389926809,1.0
1769797812.7,0.9006004002668444,2.5807621902793063e-05,-0.008498374372231653,0.9934767685916148,0.9006004002668445,0.0,0.0,0.0,1.0,0.9006004002668445,-0.0002555295528323131,0.007515568716232742,1.0
1769797812.72,0.9072715143428952,-0.0005710256650903888,0.003920727754186901,1.007349969145117,0.9072715143428952,0.0,0.0,0.0,1.0,0.9072715143428952,0.00044659792096771265,-0.0022030451320774504,1.0
1769797812.74,0.9139426284189459,-0.0017021781149997666,0.0037639812952236814,1.0024450137748813,0.9139426284189459,0.0,0.0,0.0,1.0,0.9139426284189459,0.0017485217579893929,0.0029610010075412176,1.0
1769797812.76,0.9206137424949966,-0.002393830061999188,-0.006355047252559465,0.9982701241393008,0.9206137424949966,0.0,0.0,0.0,1.0,0.9206137424949966,0.0026170602309575543,0.016420323608026723,1.0
1769797812.78,0.9272848565710472,-0.002174262014551046,-0.0029345400078068795,1.0154180173974596,0.9272848565710473,0.0,0.0,0.0,1.0,0.9272848565710473,0.0020437412205262353,0.010794921273568433,1.0
1769797812.8,0.9339559706470979,-0.002597016857979727,0.004262578187959051,0.9926085738032117,0.933955970647098,0.0,0.0,0.0,1.0,0.933955970647098,0.0025637910058853536,0.0055978368688606416,1.0
1769797812.82,0.9406270847231487,-0.002914293891604322,0.0035158874941979934,1.0007828950233666,0.9406270847231487,0.0,0.0,0.0,1.0,0.9406270847231487,0.0031748256778488197,0.008694373650117842,1.0
1769797812.84,0.9472981987991994,-0.0021972518821176583,-0.00026213181161240036,1.0096758818971274,0.9472981987991994,0.0,0.0,0.0,1.0,0.9472981987991994,0.0020157559227545964,0.008014883876274996,1.0
1769797812.86,0.9539693128752501,-0.002317558242199117,-0.0038755272168079055,0.9998404539501731,0.9539693128752501,0.0,0.0,0.0,1.0,0.9539693128752501,0.002327191016325285,0.012826022875158785,1.0
1769797812.88,0.9606404269513007,-0.0023334942735516524,-0.0028094190520407277,0.9929085634120972,0.9606404269513008,0.0,0.0,0.0,1.0,0.9606404269513008,0.00239291165635846,0.01201266557629716,1.0
1769797812.9,0.9673115410273514,-0.0021019998251832718,-0.0008744586131387321,1.0185677632970456,0.9673115410273515,0.0,0.0,0.0,1.0,0.9673115410273515,0.002072149185139087,0.008844094436353213,1.0
1769797812.92,0.9739826551034022,-0.0019683286748457193,-0.0006937946330017976,1.0001896745775678,0.9739826551034022,0.0,0.0,0.0,1.0,0.9739826551034022,0.002009808363687753,0.00842367284132354,1.0
1769797812.94,0.9806537691794529,-0.001654141847707996,-0.0003243812690977676,1.0012457847116822,0.9806537691794529,0.0,0.0,0.0,1.0,0.9806537691794529,0.0016410856432453429,0.006636165308814087,1.0
1769797812.96,0.9873248832555036,-0.0016863922209695201,-0.004129006821974774,0.9964880708353073,0.9873248832555036,0.0,0.0,0.0,1.0,0.9873248832555036,0.0014008839747293221,0.009516969971002582,1.0
1769797812.98,0.9939959973315542,-0.0029154899480353493,-0.006963691887923167,0.9915732709073376,0.9939959973315543,0.0,0.0,0.0,1.0,0.9939959973315543,0.0030510144100186353,0.018697824109020357,1.0
1769797813.0,1.000667111407605,-0.0033977312823108893,-0.0016017754778616564,1.013568076412566,1.0006671114076051,0.0,0.0,0.0,1.0,1.0006671114076051,0.0035121401858458448,0.015109185425723952,1.0
1769797813.02,1.0073382254836556,-0.0033041968095815087,0.0015964223291640581,0.9948185490592786,1.0073382254836558,0.0,0.0,0.0,1.0,1.0073382254836558,0.00334606440008997,0.011272345707398428,1.0
1769797813.04,1.0140093395597063,-0.003045762448329879,-0.006262259920956958,0.998800110054023,1.0140093395597065,0.0,0.0,0.0,1.0,1.0140093395597065,0.0030152802478126415,0.01785897175900986,1.0
1769797813.06,1.0206804536357572,-0.002740358670752574,0.004989853175949972,1.0061625299162589,1.0206804536357572,0.0,0.0,0.0,1.0,1.0206804536357572,0.0029295783561586915,0.006277279081007007,1.0
1769797813.08,1.027351567711808,-0.0017228226246237253,0.0015815394825911097,1.01442384457429,1.027351567711808,0.0,0.0,0.0,1.0,1.027351567711808,0.0015519296946133881,0.004387349994477999,1.0
1769797813.1,1.0340226817878586,-0.001511826656218252,0.004166784389986163,1.0075616734378592,1.0340226817878586,0.0,0.0,0.0,1.0,1.0340226817878586,0.0015027869185431169,0.001613100932838488,1.0
1769797813.12,1.040693795863909,-0.0015751233880612297,-0.0020447638859216887,1.0061565445572476,1.0406937958639093,0.0,0.0,0.0,1.0,1.0406937958639093,0.0013430161302967428,0.007210164600439037,1.0
1769797813.14,1.0473649099399598,-0.002521824882139123,0.002529560150982207,1.0237311080192317,1.04736490993996,0.0,0.0,0.0,1.0,1.04736490993996,0.0027215873228051465,0.00793770110471826,1.0
1769797813.16,1.0540360240160107,-0.002520305288473441,-0.0027207484084460797,1.0075237445097565,1.0540360240160107,0.0,0.0,0.0,1.0,1.0540360240160107,0.0025363016531089076,0.012475445354936934,1.0
1769797813.18,1.0607071380920614,-0.0025285740015928765,-0.000257263410462971,1.0036756201817412,1.0607071380920614,0.0,0.0,0.0,1.0,1.0607071380920614,0.002444135993175583,0.009657509568266866,1.0
1769797813.2,1.067378252168112,-0.002786934316054584,0.0009393269728068556,0.9979728711097983,1.067378252168112,0.0,0.0,0.0,1.0,1.067378252168112,0.002930886753993018,0.010332836944412945,1.0
1769797813.22,1.0740493662441626,-0.0023942070822505004,-0.007542206321841514,0.9969461874143751,1.0740493662441628,0.0,0.0,0.0,1.0,1.0740493662441628,0.0023735165868035996,0.0166708626917856,1.0
1769797813.24,1.0807204803202133,-0.002292603542993181,-0.003759747224088622,1.0030021193772873,1.0807204803202135,0.0,0.0,0.0,1.0,1.0807204803202135,0.0020980354938652888,0.011828939370249595,1.0
1769797813.26,1.0873915943962642,-0.0031026229342641315,-0.008120303679801003,0.9885845793523302,1.0873915943962642,0.0,0.0,0.0,1.0,1.0873915943962642,0.0030989842329993593,0.02003890941610561,1.0
1769797813.28,1.094062708472315,-0.003559269553929905,-0.001177825861632905,0.9882630739507725,1.094062708472315,0.0,0.0,0.0,1.0,1.094062708472315,0.003929622931437355,0.016290609540582854,1.0
1769797813.3,1.1007338225483656,-0.0026464064288578473,0.004573474871717571,0.9977761436457774,1.1007338225483656,0.0,0.0,0.0,1.0,1.1007338225483656,0.0022876004118942473,0.004224761223159115,1.0
1769797813.32,1.107404936624416,-0.0031832334294500477,0.008842745688905673,1.0071655039650296,1.1074049366244163,0.0,0.0,0.0,1.0,1.1074049366244163,0.0034079713829492557,0.004264085964971383,1.0
1769797813.34,1.1140760507004668,-0.0027280281638799872,0.001905359304530189,0.9894246444645248,1.114076050700467,0.0,0.0,0.0,1.0,1.114076050700467,0.0026712833137126106,0.008368445801031507,1.0
1769797813.36,1.1207471647765177,-0.002446495822487281,0.003032157462912268,0.9946648788503417,1.1207471647765177,0.0,0.0,0.0,1.0,1.1207471647765177,0.0025376321990910203,0.00672765648093545,1.0
1769797813.38,1.1274182788525684,-0.002145945330715814,-0.00524994659371758,1.0184635962672897,1.1274182788525684,0.0,0.0,0.0,1.0,1.1274182788525684,0.0017396603902771245,0.011940848246532531,1.0
1769797813.4,1.134089392928619,-0.0034482834421050634,-0.006149990789053383,1.0031537847951697,1.134089392928619,0.0,0.0,0.0,1.0,1.134089392928619,0.003741391227658231,0.020538963923809876,1.0
1769797813.42,1.1407605070046696,-0.003511379768347977,-0.004326744883200558,1.0094769848491854,1.1407605070046698,0.0,0.0,0.0,1.0,1.1407605070046698,0.0033827852209128645,0.017336723200663852,1.0
1769797813.44,1.1474316210807203,-0.0039529786704123855,0.004683534024700639,0.9817797562678723,1.1474316210807205,0.0,0.0,0.0,1.0,1.1474316210807205,0.004174583982621416,0.011371178686181546,1.0
1769797813.46,1.1541027351567712,-0.003378273479477108,-0.004276813189425849,0.9935158249831827,1.1541027351567712,0.0,0.0,0.0,1.0,1.1541027351567712,0.003360419448834652,0.017200783769812197,1.0
1769797813.48,1.160773849232822,-0.0029186681774062157,0.019479148013678164,0.9884047698769691,1.160773849232822,0.0,0.0,0.0,1.0,1.160773849232822,0.002886887098206624,-0.008376192361260245,1.0
1769797813.5,1.1674449633088726,-0.0025080371135239956,-0.0005511624671033961,1.0010355737129208,1.1674449633088726,0.0,0.0,0.0,1.0,1.1674449633088726,0.0026073745782667526,0.010579190072189399,1.0
1769797813.52,1.174116077384923,-0.0017029052035830796,-0.0020889204521553316,0.9877231657833829,1.1741160773849233,0.0,0.0,0.0,1.0,1.1741160773849233,0.0016338312141755795,0.008372803948245577,1.0
1769797813.54,1.180787191460974,-0.001344844061813482,-0.0032157034131376455,0.9812583382581539,1.180787191460974,0.0,0.0,0.0,1.0,1.180787191460974,0.0012201185775438318,0.007908432725312676,1.0
1769797813.56,1.1874583055370247,-0.0015863889571463724,0.00041770614849191565,1.0052559498338678,1.1874583055370247,0.0,0.0,0.0,1.0,1.1874583055370247,0.0015688351799689197,0.005616202084252577,1.0
1769797813.58,1.1941294196130754,-0.0018062645400130474,-0.0007630469642191924,1.0110086777786085,1.1941294196130754,0.0,0.0,0.0,1.0,1.1941294196130754,0.0019098514793073752,0.008108497464586828,1.0
1769797813.6,1.2008005336891259,-0.0017051767461503523,-0.004044472586256408,1.0065612506316544,1.200800533689126,0.0,0.0,0.0,1.0,1.200800533689126,0.0015427344061728586,0.009977996821882655,1.0
1769797813.62,1.2074716477651766,-0.002295518192268254,-0.0006136202981180254,0.9916589128631542,1.2074716477651768,0.0,0.0,0.0,1.0,1.2074716477651768,0.0023621532055159624,0.009698574979976438,1.0
1769797813.64,1.2141427618412275,-0.002501306654618352,0.0024666392002944894,0.9933051230850235,1.2141427618412275,0.0,0.0,0.0,1.0,1.2141427618412275,0.0025748962432301844,0.007436484137137099,1.0
1769797813.66,1.2208138759172782,-0.002399667772780276,0.010496364563026985,0.990571629101152,1.2208138759172782,0.0,0.0,0.0,1.0,1.2208138759172782,0.0023636770367799005,-0.0014055494757273992,1.0
1769797813.68,1.227484989993329,-0.002397079628704105,0.0021913494072813297,0.9991849303910644,1.227484989993329,0.0,0.0,0.0,1.0,1.227484989993329,0.00246598565894395,0.00729292643428488,1.0
1769797813.7,1.2341561040693794,-0.002089050020043791,0.0018927359690516328,1.0011245390857446,1.2341561040693796,0.0,0.0,0.0,1.0,1.2341561040693796,0.0020729300101753256,0.006079902836564478,1.0
1769797813.72,1.24082721814543,-0.001910171346161829,0.011609794543795888,1.0050131676486314,1.2408272181454303,0.0,0.0,0.0,1.0,1.2408272181454303,0.0018562471241029834,-0.004470503825780856,1.0
1769797813.74,1.247498332221481,-0.0018878676241917728,-0.00301879143329424,0.9980514392659342,1.247498332221481,0.0,0.0,0.0,1.0,1.247498332221481,0.001982939041887813,0.010645332188812315,1.0
1769797813.76,1.2541694462975317,-0.0013953945410515134,0.006429084472158344,0.9971056405022215,1.2541694462975317,0.0,0.0,0.0,1.0,1.2541694462975317,0.0014218972863068637,-0.0009603032755604712,1.0
1769797813.78,1.2608405603735824,-0.0009891922633432884,0.0009745581532724378,1.0044672350175927,1.2608405603735824,0.0,0.0,0.0,1.0,1.2608405603735824,0.000779241980052954,0.0020225174116547946,1.0
1769797813.8,1.2675116744496329,-0.0014941258950240347,0.0035205665574463726,1.0023804317407905,1.267511674449633,0.0,0.0,0.0,1.0,1.267511674449633,0.0015627579743232914,0.002489968655124812,1.0
1769797813.82,1.2741827885256836,-0.0014146632350276454,-0.0033200370571220186,1.0003407240833853,1.2741827885256838,0.0,0.0,0.0,1.0,1.2741827885256838,0.0016787764899749156,0.009776779983184464,1.0
1769797813.84,1.2808539026017345,-0.0004789171055789538,-0.001642955870015241,0.9955801210524197,1.2808539026017345,0.0,0.0,0.0,1.0,1.2808539026017345,0.00010267205194399657,0.002037848356965628,1.0
1769797813.86,1.2875250166777852,-0.0012033947643457844,0.0033206840477760487,1.0117760212242237,1.2875250166777852,0.0,0.0,0.0,1.0,1.2875250166777852,0.0012989812264267296,0.0016753560241648839,1.0
1769797813.88,1.2941961307538359,-0.0012621421804654258,-0.002369832015090632,1.0076620332007316,1.2941961307538359,0.0,0.0,0.0,1.0,1.2941961307538359,0.0014818022667348702,0.00806900979744075,1.0
1769797813.9,1.3008672448298864,-0.0004122343910913721,-0.00019694848852657668,1.0096705861743742,1.3008672448298866,0.0,0.0,0.0,1.0,1.3008672448298866,0.0002958091939943267,0.0013346756668351453,1.0
1769797813.92,1.307538358905937,-0.00028003037502832265,-4.712758070665138e-06,0.9898922546634574,1.3075383589059373,0.0,0.0,0.0,1.0,1.3075383589059373,0.00010564418817019729,0.0004110365363640504,1.0
1769797813.94,1.314209472981988,-0.0007383142693485024,0.0034787995761839615,1.007891629848855,1.314209472981988,0.0,0.0,0.0,1.0,1.314209472981988,0.0009616285643031917,0.00021975496033721335,1.0
1769797813.96,1.3208805870580387,-0.00020488802262065277,-0.009864664839143444,0.996117916222047,1.3208805870580387,0.0,0.0,0.0,1.0,1.3208805870580387,0.00015446478721346528,0.010458760104684692,1.0
1769797813.98,1.3275517011340894,-7.816638564865579e-05,0.0014487426151964077,1.0009324670300697,1.3275517011340894,0.0,0.0,0.0,1.0,1.3275517011340894,-9.322979220698836e-05,-0.0018073187237012465,1.0
1769797814.0,1.3342228152101399,-0.0007131277382127917,-0.010455709177908343,0.9955341686737805,1.33422281521014,0.0,0.0,0.0,1.0,1.33422281521014,0.0007512935786696648,0.013345291822701458,1.0
1769797814.02,1.3408939292861906,-0.0011987216589169321,-0.009676558131341509,1.0028715197976823,1.3408939292861908,0.0,0.0,0.0,1.0,1.3408939292861908,0.0011699818353115194,0.014176457893938794,1.0
1769797814.04,1.3475650433622415,-0.0017751029338922584,-0.0009575349427370584,0.9991384395981212,1.3475650433622415,0.0,0.0,0.0,1.0,1.3475650433622415,0.0018184347564463323,0.007951400739971056,1.0
1769797814.06,1.3542361574382922,-0.0020398148204990706,0.0004463959944918665,0.9960589876291586,1.3542361574382922,0.0,0.0,0.0,1.0,1.3542361574382922,0.0021492690369485736,0.007819835094462676,1.0
1769797814.08,1.3609072715143429,-0.0017890072425893358,-0.006055930663293634,1.0011449142284803,1.3609072715143429,0.0,0.0,0.0,1.0,1.3609072715143429,0.0017937403636748685,0.012954822609705346,1.0
1769797814.1,1.3675783855903934,-0.0014994716814660286,0.0006731239236585732,0.9966083550085113,1.3675783855903936,0.0,0.0,0.0,1.0,1.3675783855903936,0.0015161117662804494,0.005158009086241603,1.0
1769797814.12,1.374249499666444,-0.0009904621657579036,-0.00019552052402536422,1.0033647779026624,1.3742494996664443,0.0,0.0,0.0,1.0,1.3742494996664443,0.001132282391208758,0.004550425267156665,1.0
1769797814.14,1.380920613742495,2.6972208154223125e-05,-0.0037635159028925635,0.9866788019542222,1.380920613742495,0.0,0.0,0.0,1.0,1.380920613742495,-0.00018037506872087386,0.003069765749879701,1.0
1769797814.16,1.3875917278185457,0.0001187639298355863,0.004954608497337854,1.0020320320675202,1.3875917278185457,0.0,0.0,0.0,1.0,1.3875917278185457,-0.0003285265660886465,-0.00621817154059829,1.0
1769797814.18,1.3942628418945964,-0.0007603201347707498,-0.0007209539366945571,1.0154767027463603,1.3942628418945964,0.0,0.0,0.0,1.0,1.3942628418945964,0.0007683366509973315,0.0036760862998383844,1.0
1769797814.2,1.4009339559706468,-0.0014701751764859866,0.005498775849264375,1.0056295455395792,1.400933955970647,0.0,0.0,0.0,1.0,1.400933955970647,0.0016019937903197048,0.0006626607582133444,1.0
1769797814.22,1.4076050700466975,-0.0018433289751455051,-0.0005138367487006727,1.0086013075598963,1.4076050700466978,0.0,0.0,0.0,1.0,1.4076050700466978,0.0015648766869772062,0.006532520561307546,1.0
1769797814.24,1.4142761841227485,-0.0034012098384630716,-0.0004899871519653675,1.0010700971082902,1.4142761841227485,0.0,0.0,0.0,1.0,1.4142761841227485,0.003515926785257086,0.014011958283838378,1.0
1769797814.26,1.4209472981987992,-0.004328892607425339,0.0003633018376173804,0.9947500193096783,1.4209472981987992,0.0,0.0,0.0,1.0,1.4209472981987992,0.004423744950075241,0.016649460268785037,1.0
1769797814.28,1.4276184122748499,-0.004683054512853102,-0.0021359117113554445,1.006585531854272,1.4276184122748499,0.0,0.0,0.0,1.0,1.4276184122748499,0.0048139311106880625,0.020648916082315706,1.0
1769797814.3,1.4342895263509003,-0.0045473498132394445,-0.0056459174864306695,0.9987441029799049,1.4342895263509006,0.0,0.0,0.0,1.0,1.4342895263509006,0.0044264589617177205,0.02266911507632914,1.0
1769797814.32,1.440960640426951,-0.00470228656892158,-0.004576672474167796,0.9927006773072835,1.4409606404269513,0.0,0.0,0.0,1.0,1.4409606404269513,0.004975802420727169,0.02371203820088133,1.0
1769797814.34,1.447631754503002,-0.0037176649531728903,-0.0010696174223052393,1.0039723135043193,1.447631754503002,0.0,0.0,0.0,1.0,1.447631754503002,0.003580816016177636,0.014841116041845822,1.0
1769797814.36,1.4543028685790527,-0.003275474407367844,0.0017692144932205448,0.9984783894708582,1.4543028685790527,0.0,0.0,0.0,1.0,1.4543028685790527,0.0033716717100687197,0.011198026762495338,1.0
1769797814.38,1.4609739826551034,-0.0024915635588921006,-0.00396401558583859,0.9986624636940105,1.4609739826551034,0.0,0.0,0.0,1.0,1.4609739826551034,0.0023843631156253765,0.013134385882104322,1.0
1769797814.4,1.4676450967311538,-0.002159910196309525,-0.0024180303079058556,1.0103897764969723,1.467645096731154,0.0,0.0,0.0,1.0,1.467645096731154,0.0022079214456610713,0.01090983174569461,1.0
1769797814.42,1.4743162108072045,-0.0016764734930773937,0.00361587010921952,0.9843816966873741,1.4743162108072048,0.0,0.0,0.0,1.0,1.4743162108072048,0.0016042043367530672,0.002554068276715657,1.0
1769797814.44,1.4809873248832555,-0.0014003413145205045,0.0034086726035034293,1.0120365839385228,1.4809873248832555,0.0,0.0,0.0,1.0,1.4809873248832555,0.0015302928526921208,0.002477001174497565,1.0
1769797814.46,1.4876584389593062,-0.0007160984719446035,-0.006365663974596563,0.993120271237384,1.4876584389593062,0.0,0.0,0.0,1.0,1.4876584389593062,0.0005177686244960731,0.008357079128641275,1.0
1769797814.48,1.4943295530353569,-0.0007805234782094794,0.002412828733967123,0.9950610576022237,1.4943295530353569,0.0,0.0,0.0,1.0,1.4943295530353569,0.0009573949174618448,0.001269442767235394,1.0
1769797814.5,1.5010006671114073,2.1280212768903556e-06,-5.1204456775625665e-05,1.022696615177254,1.5010006671114076,0.0,0.0,0.0,1.0,1.5010006671114076,1.954843462998406e-05,0.0001263907436723504,1.0
1769797814.52,1.507671781187458,0.0008160530068908314,-0.0010120151701624464,0.9827787505099908,1.5076717811874583,0.0,0.0,0.0,1.0,1.5076717811874583,-0.0008859363149953408,-0.002395419007682529,1.0
1769797814.54,1.514342895263509,0.0013069764073523164,0.011108123835324503,1.0038461007801485,1.514342895263509,0.0,0.0,0.0,1.0,1.514342895263509,-0.0013038558880170627,-0.016122912135960066,1.0
1769797814.56,1.5210140093395597,0.0018561978986784545,0.001895120645375058,0.9618964672750399,1.5210140093395597,0.0,0.0,0.0,1.0,1.5210140093395597,-0.0018124622313783188,-0.008866016312262356,1.0
1769797814.58,1.5276851234156104,0.002524073656416357,0.008719533153068944,0.9924849426341807,1.5276851234156104,0.0,0.0,0.0,1.0,1.5276851234156104,-0.0026095191707385607,-0.018755808360610866,1.0
1769797814.6,1.5343562374916608,0.0025176272553880503,-0.0063848769322488175,0.986006299098708,1.534356237491661,0.0,0.0,0.0,1.0,1.534356237491661,-0.0027932036806506445,-0.004357800874735597,1.0
1769797814.62,1.5410273515677115,0.0013382940233782684,-0.0008388319423760105,0.9966775003399069,1.5410273515677118,0.0,0.0,0.0,1.0,1.5410273515677118,-0.0012251575364676387,-0.003873277552488406,1.0
1769797814.64,1.5476984656437625,0.00047570394858744547,-0.004283370621990641,1.0005211356219104,1.5476984656437625,0.0,0.0,0.0,1.0,1.5476984656437625,-0.0006869310636180929,0.0016413342170824036,1.0
1769797814.66,1.5543695797198132,-0.0011848951458259941,-0.006790026798232693,0.9937667155320336,1.5543695797198132,0.0,0.0,0.0,1.0,1.5543695797198132,0.0013726126630130649,0.012069257226280413,1.0
1769797814.68,1.5610406937958639,-0.0019776026342175957,-0.015702922338286292,1.0185609614096502,1.5610406937958639,0.0,0.0,0.0,1.0,1.5610406937958639,0.0019694791600331036,0.02327769730807628,1.0
1769797814.7,1.5677118078719143,-0.002547666314212789,-0.0005177045579623436,0.9939508715954324,1.5677118078719146,0.0,0.0,0.0,1.0,1.5677118078719146,0.002808219668803494,0.011318129464816877,1.0
1769797814.72,1.574382921947965,-0.002113268728743568,0.0008243886073316847,1.0168839585874487,1.5743829219479653,0.0,0.0,0.0,1.0,1.5743829219479653,0.001901814339451361,0.006490151477509108,1.0
1769797814.74,1.581054036024016,-0.002435133967569173,-0.0007430382510576704,0.9836260112617522,1.581054036024016,0.0,0.0,0.0,1.0,1.581054036024016,0.002665658293304644,0.010995210941422806,1.0
1769797814.76,1.5877251501000667,-0.0016646754868638294,-0.004849931883289753,1.0114342978314708,1.5877251501000667,0.0,0.0,0.0,1.0,1.5877251501000667,0.001681219019629249,0.01131606876196612,1.0
1769797814.78,1.5943962641761174,-0.000964032669474188,-0.0024263332004964043,0.9874001274167303,1.5943962641761174,0.0,0.0,0.0,1.0,1.5943962641761174,0.0008170138532531949,0.005568683831597998,1.0
1769797814.8,1.6010673782521678,-0.0009751551820996731,0.0017987428135849738,1.0064914966036664,1.601067378252168,0.0,0.0,0.0,1.0,1.601067378252168,0.0009494776611158479,0.0018530781111532676,1.0
1769797814.82,1.6077384923282185,-0.0010773790857375723,-0.0024089646075005746,0.9975177340970421,1.6077384923282187,0.0,0.0,0.0,1.0,1.6077384923282187,0.0011061061259830093,0.006663193273020697,1.0
1769797814.84,1.6144096064042694,-0.0011162904089544268,0.004010318800728439,0.9887493430637603,1.6144096064042694,0.0,0.0,0.0,1.0,1.6144096064042694,0.0010455434682300996,1.0980554844688267e-05,1.0
1769797814.86,1.6210807204803201,-0.0016481598147093603,-0.006704866556035727,1.003250084811684,1.6210807204803201,0.0,0.0,0.0,1.0,1.6210807204803201,0.0014853541222181414,0.012417704876236942,1.0
1769797814.88,1.6277518345563708,-0.0027941093419566665,-0.0007342834148155337,0.9884379150795304,1.6277518345563708,0.0,0.0,0.0,1.0,1.6277518345563708,0.0029397891187566503,0.01204068283289472,1.0
1769797814.9,1.6344229486324213,-0.003305858672028494,0.0033607725938570683,1.0035968875823544,1.6344229486324215,0.0,0.0,0.0,1.0,1.6344229486324215,0.0032602199108040493,0.009177877614609597,1.0
1769797814.92,1.641094062708472,-0.0037294391304334654,0.004904386212604016,1.0138964157058794,1.6410940627084722,0.0,0.0,0.0,1.0,1.6410940627084722,0.004030588887814397,0.010596637083659339,1.0
1769797814.94,1.647765176784523,-0.002733198157548849,0.010181398414939381,1.000493561665597,1.647765176784523,0.0,0.0,0.0,1.0,1.647765176784523,0.0027476540543940903,0.00038610841111624307,1.0
1769797814.96,1.6544362908605736,-0.0017732607982054015,0.0018878954738062552,1.0071219735891388,1.6544362908605736,0.0,0.0,0.0,1.0,1.6544362908605736,0.0016694963327197727,0.004533156019526391,1.0
1769797814.98,1.6611074049366243,-0.001549148371746719,0.002442420087798307,1.0106686560723301,1.6611074049366243,0.0,0.0,0.0,1.0,1.6611074049366243,0.001297557611128223,0.0025481446772053205,1.0
1769797815.0,1.6677785190126748,-0.0023515100563784234,-0.0056069642328050685,1.0080278200192465,1.667778519012675,0.0,0.0,0.0,1.0,1.667778519012675,0.0024991261615076848,0.015218691925827837,1.0
1769797815.02,1.6744496330887255,-0.0024938910938136108,-0.005053026368531462,0.9914999792207598,1.6744496330887257,0.0,0.0,0.0,1.0,1.6744496330887257,0.0024649965837402416,0.014533498416738962,1.0
1769797815.04,1.6811207471647764,-0.0029227684061128158,0.0047850504882177075,1.0099195093018583,1.6811207471647764,0.0,0.0,0.0,1.0,1.6811207471647764,0.002771113178257857,0.005872673575538184,1.0
1769797815.06,1.6877918612408271,-0.0038618180097096102,-0.0008095349903998173,1.0032976340400572,1.6877918612408271,0.0,0.0,0.0,1.0,1.6877918612408271,0.0040593701150684995,0.016421228527898873,1.0
1769797815.08,1.6944629753168778,-0.00363522145011736,0.002461968844190654,0.9935752097032327,1.6944629753168778,0.0,0.0,0.0,1.0,1.6944629753168778,0.0038789577882982554,0.012455992831673573,1.0
1769797815.1,1.7011340893929283,-0.0024345742867594323,-0.0010560624362858956,0.9924986565174169,1.7011340893929285,0.0,0.0,0.0,1.0,1.7011340893929285,0.002271188645680935,0.009791181204547571,1.0
1769797815.12,1.707805203468979,-0.0021346078457882673,0.0011990144950722941,0.9972701447989086,1.7078052034689792,0.0,0.0,0.0,1.0,1.7078052034689792,0.0019963934484344935,0.006479270947663972,1.0
1769797815.14,1.71447631754503,-0.0025120927438222777,0.0032572630702431653,1.0013089874134578,1.71447631754503,0.0,0.0,0.0,1.0,1.71447631754503,0.0024796419258013794,0.0062795321239318535,1.0
1769797815.16,1.7211474316210806,-0.002872939678763939,0.009575624836912325,0.9838720365515622,1.7211474316210806,0.0,0.0,0.0,1.0,1.7211474316210806,0.0030410147926204813,0.0021200525952531114,1.0
1769797815.18,1.7278185456971313,-0.0023569459641982204,-0.0009184071734773406,0.9811413521424224,1.7278185456971313,0.0,0.0,0.0,1.0,1.7278185456971313,0.0024494360823750687,0.010339036484576097,1.0
1769797815.2,1.7344896597731818,-0.0016122554288103513,0.000529818090224818,0.9929537762040904,1.734489659773182,0.0,0.0,0.0,1.0,1.734489659773182,0.001409331698140545,0.004890635353776727,1.0
1769797815.22,1.7411607738492325,-0.0019200859106406568,0.0036624671692910915,0.9861631861732622,1.7411607738492327,0.0,0.0,0.0,1.0,1.7411607738492327,0.0018145423032149127,0.003316428384690276,1.0
1769797815.24,1.7478318879252834,-0.002385483817217715,-0.003915261044258914,1.0100223428721649,1.7478318879252834,0.0,0.0,0.0,1.0,1.7478318879252834,0.0027204532271244354,0.014378160871184558,1.0
1769797815.26,1.7545030020013341,-0.0014686114833272342,-0.01549439400159569,1.0082663524453799,1.7545030020013341,0.0,0.0,0.0,1.0,1.7545030020013341,0.001287691144230078,0.020447011754936725,1.0
1769797815.28,1.7611741160773848,-0.0016332811521144934,0.001359794253164157,0.9950100269884181,1.7611741160773848,0.0,0.0,0.0,1.0,1.7611741160773848,0.001396034065223483,0.004009515937400315,1.0
1769797815.3,1.7678452301534353,-0.0026941261291065777,-0.0003698345255212705,0.9913573950919032,1.7678452301534355,0.0,0.0,0.0,1.0,1.7678452301534355,0.002905103893059802,0.011542846082018188,1.0
1769797815.32,1.774516344229486,-0.002583234492760886,0.0006393317372062022,0.991835809893388,1.7745163442294862,0.0,0.0,0.0,1.0,1.7745163442294862,0.0027704082076502844,0.010015681209028857,1.0
1769797815.34,1.781187458305537,-0.001811870703148805,0.0038159739900804207,0.9981384472251729,1.781187458305537,0.0,0.0,0.0,1.0,1.781187458305537,0.0015988655202646704,0.0023334312653633662,1.0
1769797815.36,1.7878585723815876,-0.0021309958358258175,0.004006814110102458,0.9972828412095591,1.7878585723815876,0.0,0.0,0.0,1.0,1.7878585723815876,0.002034531100329352,0.0038181457952120457,1.0
1769797815.38,1.7945296864576383,-0.0028398904990559037,0.002768384890683546,1.01680624780209,1.7945296864576383,0.0,0.0,0.0,1.0,1.7945296864576383,0.002900289734153003,0.008386112977560457,1.0
1769797815.4,1.8012008005336888,-0.0031068921095682577,-0.00842361667658039,1.0151470592637664,1.801200800533689,0.0,0.0,0.0,1.0,1.801200800533689,0.0032669220651661934,0.02098804034101854,1.0
1769797815.42,1.8078719146097395,-0.002763788916986908,0.004792254350107728,1.000326598807978,1.8078719146097397,0.0,0.0,0.0,1.0,1.8078719146097397,0.0026270872606235784,0.005311583582157802,1.0
1769797815.44,1.8145430286857904,-0.002912610275633127,0.004800619612442825,0.9988002945776141,1.8145430286857904,0.0,0.0,0.0,1.0,1.8145430286857904,0.003058626787434431,0.006962786942115426,1.0
1769797815.46,1.8212141427618411,-0.0023417663636936172,0.0009044993010698547,1.011757517403416,1.8212141427618411,0.0,0.0,0.0,1.0,1.8212141427618411,0.0023800212458732622,0.008249172897910375,1.0
1769797815.48,1.8278852568378918,-0.001553494153048438,0.007268020297229725,0.9920107171943796,1.8278852568378918,0.0,0.0,0.0,1.0,1.8278852568378918,0.0015923996682490982,-0.0011434827667808432,1.0
1769797815.5,1.8345563709139423,-0.0007789763068024439,-0.003700290390042112,1.000451799529634,1.8345563709139425,0.0,0.0,0.0,1.0,1.8345563709139425,0.0005836628714668443,0.005945143817103886,1.0
1769797815.52,1.841227484989993,-0.000979693761867191,-0.0039743724047628165,0.9908295640594482,1.8412274849899932,0.0,0.0,0.0,1.0,1.8412274849899932,0.0009159211587892482,0.007497131520058755,1.0
1769797815.54,1.847898599066044,-0.0014615715553618924,0.0020820562787882287,0.9979286174489705,1.847898599066044,0.0,0.0,0.0,1.0,1.847898599066044,0.0014780166979623385,0.0036025620953693753,1.0
1769797815.56,1.8545697131420946,-0.0019161657713369314,-0.0010183852687594707,1.0061639718518491,1.8545697131420946,0.0,0.0,0.0,1.0,1.8545697131420946,0.001866705350054513,0.008197897871011635,1.0
1769797815.58,1.8612408272181453,-0.0024174945788470424,0.0012459185218785256,0.9974773837693742,1.8612408272181453,0.0,0.0,0.0,1.0,1.8612408272181453,0.002601575286629923,0.008759806353331203,1.0
1769797815.6,1.8679119412941958,-0.002054666731146782,-5.066571077059725e-05,0.980608814114489,1.867911941294196,0.0,0.0,0.0,1.0,1.867911941294196,0.002059780083370377,0.007972731069213911,1.0
1769797815.62,1.8745830553702465,-0.0016469508176567632,-0.00044414591667752253,0.9853573524361039,1.8745830553702467,0.0,0.0,0.0,1.0,1.8745830553702467,0.0016679765730697456,0.006859352421362608,1.0
1769797815.64,1.8812541694462974,-0.0014588607928876166,-0.0029234206910726734,0.9980633903814823,1.8812541694462974,0.0,0.0,0.0,1.0,1.8812541694462974,0.0011411147122394945,0.007312295250415932,1.0
1769797815.66,1.8879252835223481,-0.0025838091851813605,-0.00328564118425527,1.000999485323835,1.8879252835223481,0.0,0.0,0.0,1.0,1.8879252835223481,0.002753585811143041,0.01387595990619712,1.0
1769797815.68,1.8945963975983988,-0.002943515675110429,-0.0032044291401635517,0.9855719315944034,1.8945963975983988,0.0,0.0,0.0,1.0,1.8945963975983988,0.002916466656320597,0.01442113815543486,1.0
1769797815.7,1.9012675116744493,-0.003467540798090676,0.011668123042817792,0.993205897209931,1.9012675116744495,0.0,0.0,0.0,1.0,1.9012675116744495,0.003429450919392048,0.0015213079318476142,1.0
1769797815.72,1.9079386257505,-0.0039037326893318174,0.006363832142933332,0.9961719279573898,1.9079386257505002,0.0,0.0,0.0,1.0,1.9079386257505002,0.004169318688331191,0.009670634648842533,1.0
1769797815.74,1.914609739826551,-0.0028971734181670794,-0.0017534924975113504,0.9837674958085431,1.914609739826551,0.0,0.0,0.0,1.0,1.914609739826551,0.003100523251909218,0.013678016696081869,1.0
1769797815.76,1.9212808539026016,-0.0011496477255099672,0.00041111031515894225,1.0117284218327272,1.9212808539026016,0.0,0.0,0.0,1.0,1.9212808539026016,0.0009416482562056987,0.003210597912049061,1.0
1769797815.78,1.9279519679786523,-0.0005882471590508933,-0.002284948277607808,1.010992082342523,1.9279519679786523,0.0,0.0,0.0,1.0,1.9279519679786523,0.0003727862229394427,0.003718740460247819,1.0
1769797815.8,1.9346230820547028,-0.000963457655524563,0.004578993437454267,1.014425774042111,1.934623082054703,0.0,0.0,0.0,1.0,1.934623082054703,0.0010323309611119224,-0.0006085106055366456,1.0
1769797815.82,1.9412941961307535,-0.0011573262444387188,-0.0007009537561716922,1.0126297128130934,1.9412941961307537,0.0,0.0,0.0,1.0,1.9412941961307537,0.001017259392590556,0.004613469917415324,1.0
1769797815.84,1.9479653102068044,-0.0019247619668701986,0.007181115258902078,1.0024139420667784,1.9479653102068044,0.0,0.0,0.0,1.0,1.9479653102068044,0.002004840141977635,0.0005296555432931565,1.0
1769797815.86,1.9546364242828551,-0.002333036783767999,0.0027512476087956264,0.9951453281858492,1.9546364242828551,0.0,0.0,0.0,1.0,1.9546364242828551,0.0023184995388003094,0.006165821957807885,1.0
1769797815.88,1.9613075383589058,-0.0025582084570918333,0.004140505359448478,0.9932166978014874,1.9613075383589058,0.0,0.0,0.0,1.0,1.9613075383589058,0.0028091520771816856,0.006663505315027739,1.0
1769797815.9,1.9679786524349563,-0.0015894516756799124,-0.0035518792232903757,1.005422621871478,1.9679786524349565,0.0,0.0,0.0,1.0,1.9679786524349565,0.0016123099033296907,0.009752991672514288,1.0
1769797815.92,1.974649766511007,-0.0007194489816719556,-0.00481516171479067,0.9932889946682667,1.9746497665110072,0.0,0.0,0.0,1.0,1.9746497665110072,0.0005140231652356944,0.006792171313011958,1.0
1769797815.94,1.981320880587058,-0.0010706372548777926,0.0013388378376199745,0.9938826550522882,1.981320880587058,0.0,0.0,0.0,1.0,1.981320880587058,0.0008081000976998844,0.0017692294531251392,1.0
1769797815.96,1.9879919946631086,-0.0024702802805579233,-0.000395699640682355,0.9979668855987328,1.9879919946631086,0.0,0.0,0.0,1.0,1.9879919946631086,0.002646998928247202,0.010576113032624677,1.0
1769797815.98,1.9946631087391593,-0.002922064530082019,0.0016321851098749732,0.9927667594633233,1.9946631087391593,0.0,0.0,0.0,1.0,1.9946631087391593,0.0030452362836880876,0.010079726602440862,1.0
1769797816.0,2.0013342228152102,-0.0029509207784812895,0.0033619731461187606,1.0053632852933994,2.0013342228152102,0.0,0.0,0.0,1.0,2.0013342228152102,0.002799047262777794,0.00740317737764312,1.0
1769797816.02,2.008005336891261,-0.0036476601397141726,-0.014080727098979244,1.0084240457601337,2.008005336891261,0.0,0.0,0.0,1.0,2.008005336891261,0.0036885201001635413,0.028266391250669896,1.0
1769797816.04,2.0146764509673116,-0.0038246801021159047,0.0074966878030592425,0.9940951154325003,2.0146764509673116,0.0,0.0,0.0,1.0,2.0146764509673116,0.004153719685516668,0.008477798190364799,1.0
1769797816.06,2.0213475650433623,-0.002537947967917484,0.011338322038473514,1.001061745287883,2.0213475650433623,0.0,0.0,0.0,1.0,2.0213475650433623,0.0024661820086474104,-0.001853291073674091,1.0
1769797816.08,2.028018679119413,-0.0019734409508527064,-0.004743817948328925,1.0080057027771032,2.028018679119413,0.0,0.0,0.0,1.0,2.028018679119413,0.0015861236436460742,0.01084421782447361,1.0
1769797816.1,2.0346897931954637,-0.002877788129912233,0.00031764753386103416,0.9836461276250779,2.0346897931954637,0.0,0.0,0.0,1.0,2.0346897931954637,0.003216414700752214,0.012052547230152671,1.0
1769797816.12,2.0413609072715144,-0.0022725649486157982,-0.001828728538522883,0.9827802901590106,2.0413609072715144,0.0,0.0,0.0,1.0,2.0413609072715144,0.002201877978385181,0.010297287542929273,1.0
1769797816.14,2.048032021347565,-0.0020772828687831576,0.00010022859349657252,1.0039977192978298,2.048032021347565,0.0,0.0,0.0,1.0,2.048032021347565,0.0019972142950622444,0.0075812137654509,1.0
1769797816.16,2.054703135423616,-0.002335657188004243,0.013111591160404515,0.9747463446937785,2.054703135423616,0.0,0.0,0.0,1.0,2.054703135423616,0.002255654132981445,-0.004436215990214584,1.0
1769797816.18,2.0613742494996665,-0.002717864949039669,0.00022100409283029734,1.0089774953190436,2.0613742494996665,0.0,0.0,0.0,1.0,2.0613742494996665,0.0029673790973317187,0.011191496935138207,1.0
1769797816.2,2.068045363575717,-0.002216201779522386,0.0016450892189582992,1.0029379596560326,2.068045363575717,0.0,0.0,0.0,1.0,2.068045363575717,0.0019356733513788624,0.005799670742718084,1.0
1769797816.22,2.074716477651768,-0.0029094371663457926,-0.0023903408379093148,0.9860118280831941,2.074716477651768,0.0,0.0,0.0,1.0,2.074716477651768,0.003023671274674881,0.014019321504091508,1.0
1769797816.24,2.0813875917278186,-0.0029094670350118513,-0.007425389743065727,0.9674543336210236,2.0813875917278186,0.0,0.0,0.0,1.0,2.0813875917278186,0.0030695800476334555,0.019230918371271305,1.0
1769797816.26,2.0880587058038693,-0.0021673099484402487,0.0022682479188214236,0.9677379426092436,2.0880587058038693,0.0,0.0,0.0,1.0,2.0880587058038693,0.002162302844777093,0.006048109754094162,1.0
1769797816.28,2.09472981987992,-0.0017461256823533607,0.0014481812646837313,0.9978363587896572,2.09472981987992,0.0,0.0,0.0,1.0,2.09472981987992,0.0014485193456300399,0.004122989347800453,1.0
1769797816.3,2.1014009339559707,-0.0025172791153308988,0.005879863689890296,0.991891872532544,2.1014009339559707,0.0,0.0,0.0,1.0,2.1014009339559707,0.00271377098764197,0.004557338022480299,1.0
1769797816.32,2.1080720480320214,-0.00231462411763974,0.004376592116984894,0.9978981629962234,2.1080720480320214,0.0,0.0,0.0,1.0,2.1080720480320214,0.0023714704775234393,0.00474419525709498,1.0
1769797816.34,2.114743162108072,-0.002191877648116432,-0.0027703033547546406,1.0066122160469106,2.114743162108072,0.0,0.0,0.0,1.0,2.114743162108072,0.0018466861071579834,0.009872822795312495,1.0
1769797816.36,2.121414276184123,-0.003399998170951023,0.007062946932888434,1.0055634982230282,2.121414276184123,0.0,0.0,0.0,1.0,2.121414276184123,0.0036800250363992187,0.007090050456016411,1.0
1769797816.38,2.1280853902601735,-0.0032291029758622185,0.0012229888856081237,0.9890602015291196,2.1280853902601735,0.0,0.0,0.0,1.0,2.1280853902601735,0.0033013266550273685,0.011473739015325852,1.0
1769797816.4,2.134756504336224,-0.002815681830282492,-0.003197062242905131,1.0080414725518203,2.134756504336224,0.0,0.0,0.0,1.0,2.134756504336224,0.002721163944669381,0.013662695299536908,1.0
1769797816.42,2.141427618412275,-0.00297819391535719,-0.0018614806997961728,0.9975779526387512,2.141427618412275,0.0,0.0,0.0,1.0,2.141427618412275,0.0028433441508972854,0.012796983812644304,1.0
1769797816.44,2.1480987324883256,-0.003558801071394117,-0.003766098846303985,1.0097919016368735,2.1480987324883256,0.0,0.0,0.0,1.0,2.1480987324883256,0.003770004901244778,0.018265101613124956,1.0
1769797816.46,2.1547698465643763,-0.003163194175979073,0.0012568464582506658,0.9818665444633822,2.1547698465643763,0.0,0.0,0.0,1.0,2.1547698465643763,0.003153790354794629,0.01087252157924638,1.0
1769797816.48,2.161440960640427,-0.002867421549372158,0.007170713303896657,0.9900219108492088,2.161440960640427,0.0,0.0,0.0,1.0,2.161440960640427,0.0028114717794247724,0.0036422182600370128,1.0
1769797816.5,2.1681120747164777,-0.00283291128481229,-0.003534757775910847,0.9793488311740193,2.1681120747164777,0.0,0.0,0.0,1.0,2.1681120747164777,0.0028327478491863775,0.014429510737543678,1.0
1769797816.52,2.1747831887925284,-0.002608095109493609,0.0048816908352566375,1.0089878643279784,2.1747831887925284,0.0,0.0,0.0,1.0,2.1747831887925284,0.002799163719840016,0.005883907548375056,1.0
1769797816.54,2.181454302868579,-0.001529679645872046,-0.0034178097885941504,1.0011169714526298,2.181454302868579,0.0,0.0,0.0,1.0,2.181454302868579,0.0014916254192250296,0.009154767691374084,1.0
1769797816.56,2.18812541694463,-0.0008356431141496467,0.004982621326824566,1.0003354085686078,2.18812541694463,0.0,0.0,0.0,1.0,2.18812541694463,0.0006288505732698941,-0.002563969992066292,1.0
1769797816.58,2.1947965310206805,-0.0009194301053937422,0.0020982081427623903,0.9915172583387055,2.1947965310206805,0.0,0.0,0.0,1.0,2.1947965310206805,0.0011066384398660935,0.00215806784677482,1.0
1769797816.6,2.201467645096731,-0.00032968497322274156,0.01223288032177875,1.003759769304677,2.201467645096731,0.0,0.0,0.0,1.0,2.201467645096731,0.00012957820243353184,-0.011734502661373719,1.0
1769797816.62,2.208138759172782,-0.0007704462819544146,0.0070740158178504865,1.0099635810131318,2.208138759172782,0.0,0.0,0.0,1.0,2.208138759172782,0.0006737714380680532,-0.004482593010787928,1.0
1769797816.64,2.2148098732488326,-0.0015284196776148386,0.002194777071476538,0.9871556842908386,2.2148098732488326,0.0,0.0,0.0,1.0,2.2148098732488326,0.001662356862155774,0.0041988160469895175,1.0
1769797816.66,2.2214809873248833,-0.001766910684902071,-0.005439304469172749,0.9891337114123245,2.2214809873248833,0.0,0.0,0.0,1.0,2.2214809873248833,0.001661352878750898,0.011829036270756692,1.0
1769797816.68,2.228152101400934,-0.002561174593856301,-0.0059792169791209274,1.009557159237889,2.228152101400934,0.0,0.0,0.0,1.0,2.228152101400934,0.0024980047875614447,0.015586632093692064,1.0
1769797816.7,2.2348232154769847,-0.003352347581662688,-0.0032609090937474384,1.0118180824456342,2.2348232154769847,0.0,0.0,0.0,1.0,2.2348232154769847,0.0036502309321865285,0.017299336541082535,1.0
1769797816.72,2.2414943295530354,-0.002778023786291378,0.0028523933100879947,0.9893701898215067,2.2414943295530354,0.0,0.0,0.0,1.0,2.2414943295530354,0.0027533982670244865,0.007737204169212352,1.0
1769797816.74,2.248165443629086,-0.0023625274330054485,0.005507772434921125,0.9895304863616368,2.248165443629086,0.0,0.0,0.0,1.0,2.248165443629086,0.002318619080832232,0.003409756872168555,1.0
1769797816.76,2.254836557705137,-0.0019937189757165815,-0.0010351204454615167,1.0189734604741976,2.254836557705137,0.0,0.0,0.0,1.0,2.254836557705137,0.002151936723194528,0.009311611164182373,1.0
1769797816.78,2.2615076717811875,-0.0009666036067946005,3.652042886808827e-05,0.9983563183776554,2.2615076717811875,0.0,0.0,0.0,1.0,2.2615076717811875,0.0008865610301972992,0.003373316471836685,1.0
1769797816.8,2.268178785857238,-0.0005309649493660759,0.011614204143357898,0.9963767582906689,2.268178785857238,0.0,0.0,0.0,1.0,2.268178785857238,0.00031302026199335866,-0.01041028064043673,1.0
1769797816.82,2.274849899933289,-0.0010471578877390593,0.0009058748384051109,0.9987363950434407,2.274849899933289,0.0,0.0,0.0,1.0,2.274849899933289,0.0011124014996768982,0.003372566362146996,1.0
1769797816.84,2.2815210140093396,-0.0011532035308000719,-0.0051555789129032175,0.9719996121607862,2.2815210140093396,0.0,0.0,0.0,1.0,2.2815210140093396,0.0012588806370687946,0.009997389680923636,1.0
1769797816.86,2.2881921280853903,-0.0009874322121090817,-0.005576856654485609,0.9819904384233438,2.2881921280853903,0.0,0.0,0.0,1.0,2.2881921280853903,0.0007660893446070461,0.008523345606774074,1.0
1769797816.88,2.294863242161441,-0.0016635638923519676,0.0018381342317154387,1.0010736306503376,2.294863242161441,0.0,0.0,0.0,1.0,2.294863242161441,0.0018545942750942583,0.005294799698452279,1.0
1769797816.9,2.3015343562374917,-0.0013019645217039577,-0.001979239766819634,1.0042375443361717,2.3015343562374917,0.0,0.0,0.0,1.0,2.3015343562374917,0.0014482204531308309,0.0075492608284414685,1.0
1769797816.92,2.3082054703135424,-0.0004714443335381375,-0.003945234302021712,0.9933866288643523,2.3082054703135424,0.0,0.0,0.0,1.0,2.3082054703135424,0.0002578374710638729,0.004936916557951898,1.0
1769797816.94,2.314876584389593,-0.0006799858413985269,0.004040493607561367,0.9969312370323374,2.314876584389593,0.0,0.0,0.0,1.0,2.314876584389593,0.000637756170252219,-0.0015875901799394395,1.0
1769797816.96,2.321547698465644,-0.0010009126042138442,0.0053668607910911294,0.9859357190221651,2.321547698465644,0.0,0.0,0.0,1.0,2.321547698465644,0.0010855991479416874,-0.0011915037168674248,1.0
1769797816.98,2.3282188125416945,-0.0010925203623791784,0.004720633177841123,0.994667724662246,2.3282188125416945,0.0,0.0,0.0,1.0,2.3282188125416945,0.0009266354962992262,-0.0011566655895221991,1.0
1769797817.0,2.334889926617745,-0.0021059227237885665,-0.003939432108639335,0.9977630883786351,2.334889926617745,0.0,0.0,0.0,1.0,2.334889926617745,0.0019582574955842895,0.011471049292834563,1.0
1769797817.02,2.341561040693796,-0.0035386159823795754,-0.0026800326954465876,0.9919978898764145,2.341561040693796,0.0,0.0,0.0,1.0,2.341561040693796,0.0038084294834845813,0.017326790933664918,1.0
1769797817.04,2.3482321547698466,-0.0037405360242221634,0.0055155910212582974,1.0097023792934066,2.3482321547698466,0.0,0.0,0.0,1.0,2.3482321547698466,0.0037121795691472245,0.00876105265981435,1.0
1769797817.06,2.354903268845897,-0.003929923579216661,-0.0036874235379412337,1.0077925878623917,2.3549032688458973,0.0,0.0,0.0,1.0,2.3549032688458973,0.0040747861897477995,0.019358395165516698,1.0
1769797817.08,2.3615743829219475,-0.0034675038041330685,0.009418779613695086,1.0087450535649223,2.361574382921948,0.0,0.0,0.0,1.0,2.361574382921948,0.003443285618399178,0.0038238524483847434,1.0
1769797817.1,2.3682454969979987,-0.00300494802123975,-0.0004737097467379467,0.9880308746271106,2.3682454969979987,0.0,0.0,0.0,1.0,2.3682454969979987,0.003118102229140968,0.01246583572809339,1.0
1769797817.12,2.3749166110740494,-0.002032284545347325,-0.011340098616619101,1.0068777055446279,2.3749166110740494,0.0,0.0,0.0,1.0,2.3749166110740494,0.0020143392681407457,0.01908740233694662,1.0
1769797817.14,2.3815877251501,-0.0012307296472475434,-0.0024788837816024267,1.0021907022214316,2.3815877251501,0.0,0.0,0.0,1.0,2.3815877251501,0.0011433656964189391,0.006876415805311786,1.0
1769797817.16,2.3882588392261503,-0.0009849126100223895,0.0032628273433468785,1.007042604411823,2.388258839226151,0.0,0.0,0.0,1.0,2.388258839226151,0.0008368731863479159,-4.409543458431522e-05,1.0
1769797817.18,2.394929953302201,-0.0013687189160936412,0.0019033654738133021,0.983491433430432,2.3949299533022015,0.0,0.0,0.0,1.0,2.3949299533022015,0.0014299462166114454,0.0035963722159302294,1.0
1769797817.2,2.401601067378252,-0.001390801606405266,0.0007430697905308759,0.9975848431834744,2.401601067378252,0.0,0.0,0.0,1.0,2.401601067378252,0.0014667978197484728,0.004898400435835369,1.0
1769797817.22,2.408272181454303,-0.001161701641043531,-0.003901246960965167,1.0092893421694262,2.408272181454303,0.0,0.0,0.0,1.0,2.408272181454303,0.001058235301115259,0.00797136025941197,1.0
1769797817.24,2.4149432955303536,-0.0015822938648738067,0.004841932446884929,1.0068219807597876,2.4149432955303536,0.0,0.0,0.0,1.0,2.4149432955303536,0.0014154445953470658,0.0006020314464366006,1.0
1769797817.26,2.421614409606404,-0.0025937152400045786,0.0017960734192720834,1.0081470382195319,2.4216144096064043,0.0,0.0,0.0,1.0,2.4216144096064043,0.0027815160131622065,0.008901656986332603,1.0
1769797817.28,2.4282855236824545,-0.0028350074334831925,0.0113390594242776,0.9951948906654898,2.428285523682455,0.0,0.0,0.0,1.0,2.428285523682455,0.0027287330070664205,-0.000844317786553252,1.0
1769797817.3,2.4349566377585057,-0.003578882654523703,-0.00013934505336995486,1.0226657463835402,2.4349566377585057,0.0,0.0,0.0,1.0,2.4349566377585057,0.003572246950240078,0.013877891962271413,1.0
1769797817.32,2.4416277518345564,-0.004320370265069381,-0.00338748365363743,1.0067589476636556,2.4416277518345564,0.0,0.0,0.0,1.0,2.4416277518345564,0.004353724495554465,0.020131013032584365,1.0
1769797817.34,2.448298865910607,-0.004814227577464417,0.0032201304792603804,0.9925775086176128,2.448298865910607,0.0,0.0,0.0,1.0,2.448298865910607,0.004906204800018,0.015647648730461546,1.0
1769797817.36,2.4549699799866573,-0.00482018014547252,-0.0011432885597657302,0.9837598043561192,2.454969979986658,0.0,0.0,0.0,1.0,2.454969979986658,0.004878857851276076,0.019905924428294947,1.0
1769797817.38,2.461641094062708,-0.004413770843486216,0.0042793654396150235,1.0052647388388927,2.4616410940627085,0.0,0.0,0.0,1.0,2.4616410940627085,0.004552303419730693,0.01322770502319315,1.0
1769797817.4,2.468312208138759,-0.0032651088146190914,-0.007302675295227619,0.9922948628335075,2.468312208138759,0.0,0.0,0.0,1.0,2.468312208138759,0.0033608761856923543,0.020228402262395796,1.0
1769797817.42,2.47498332221481,-0.0018644548214981275,0.00040712058874915736,0.9993003810453555,2.47498332221481,0.0,0.0,0.0,1.0,2.47498332221481,0.0016695323874100737,0.006014069570751788,1.0
1769797817.44,2.4816544362908606,-0.0012582389997125947,0.001781217783689815,0.9820155338557558,2.4816544362908606,0.0,0.0,0.0,1.0,2.4816544362908606,0.0013734388541214158,0.0035011902138522523,1.0
1769797817.46,2.488325550366911,-0.00041743224046396983,0.003533667290048032,0.9979540215751266,2.4883255503669113,0.0,0.0,0.0,1.0,2.4883255503669113,0.00011442385735256345,-0.003093575559412143,1.0
1769797817.48,2.4949966644429615,-0.0011723171741317789,-0.004225043812505357,0.9995785934389504,2.494996664442962,0.0,0.0,0.0,1.0,2.494996664442962,0.0009906646024019081,0.008035273844388482,1.0
1769797817.5,2.5016677785190127,-0.0028332123462565806,0.00749830819068767,0.9930309535683579,2.5016677785190127,0.0,0.0,0.0,1.0,2.5016677785190127,0.002774914109205651,0.0031740331755109987,1.0
1769797817.52,2.508338892595063,-0.00429383619234182,0.000886297639301749,1.0048135031776666,2.5083388925950634,0.0,0.0,0.0,1.0,2.5083388925950634,0.004766165957952391,0.017443056940063362,1.0
1769797817.54,2.515010006671114,-0.003869511062386085,0.0024693563983002047,1.005054831210573,2.515010006671114,0.0,0.0,0.0,1.0,2.515010006671114,0.0035502544655777275,0.011184619897562103,1.0
1769797817.56,2.5216811207471643,-0.004641491840537608,-0.0014714107591999534,0.9974207785821263,2.5216811207471648,0.0,0.0,0.0,1.0,2.5216811207471648,0.004935050050869353,0.020450093518526058,1.0
1769797817.58,2.528352234823215,-0.0037726494167611233,0.0006671807145087336,1.0113402880683071,2.5283522348232155,0.0,0.0,0.0,1.0,2.5283522348232155,0.004043534303807653,0.014883620642130035,1.0
1769797817.6,2.535023348899266,-0.0018622648467124334,-0.004748882138894228,0.9923097411026047,2.535023348899266,0.0,0.0,0.0,1.0,2.535023348899266,0.001639677520100838,0.011055250535934823,1.0
1769797817.62,2.5416944629753164,-0.0014084269022253126,-0.0020144583469539745,0.9978521898823347,2.541694462975317,0.0,0.0,0.0,1.0,2.541694462975317,0.000990621134184522,0.005824521195812669,1.0
1769797817.64,2.5483655770513676,-0.002672365752146506,0.004698531770983724,1.0044003575148492,2.5483655770513676,0.0,0.0,0.0,1.0,2.5483655770513676,0.002904349208595216,0.00647157751520149,1.0
1769797817.66,2.555036691127418,-0.0029180128713132765,-0.005376916314080712,0.9900965559322381,2.5550366911274183,0.0,0.0,0.0,1.0,2.5550366911274183,0.002853715138640388,0.016352303054033394,1.0
1769797817.68,2.5617078052034685,-0.003500693382378309,0.009829540276475136,0.9821525972039973,2.561707805203469,0.0,0.0,0.0,1.0,2.561707805203469,0.003463716076286863,0.003491656608555868,1.0
1769797817.7,2.5683789192795197,-0.003988652951595671,0.0041597208653810554,1.005784664825181,2.5683789192795197,0.0,0.0,0.0,1.0,2.5683789192795197,0.004255934655203427,0.012207796825553,1.0
1769797817.72,2.57505003335557,-0.0032129215551632588,-0.0034870586966236896,1.0057519034158133,2.5750500333555704,0.0,0.0,0.0,1.0,2.5750500333555704,0.0032292979039768325,0.01590679662990647,1.0
1769797817.74,2.581721147431621,-0.002594759233732626,-0.004492634338712903,1.0105173825911737,2.581721147431621,0.0,0.0,0.0,1.0,2.581721147431621,0.0023607671976008373,0.01357225866061259,1.0
1769797817.76,2.5883922615076713,-0.00300300418121321,0.0029236124846435904,1.0105795066227983,2.5883922615076718,0.0,0.0,0.0,1.0,2.5883922615076718,0.0030685597475836757,0.008877992459316204,1.0
1769797817.78,2.595063375583722,-0.003163893785830071,-0.0020360618828943393,1.0002929018072366,2.5950633755837225,0.0,0.0,0.0,1.0,2.5950633755837225,0.0031053231522982848,0.01397904460779602,1.0
1769797817.8,2.601734489659773,-0.003806065789877174,0.0026117778669655658,0.9948504830813029,2.601734489659773,0.0,0.0,0.0,1.0,2.601734489659773,0.003598113013595269,0.011226234988381507,1.0
1769797817.82,2.6084056037358234,-0.005294216870019436,0.00036574167007056955,1.0241766442643272,2.608405603735824,0.0,0.0,0.0,1.0,2.608405603735824,0.005418684083239837,0.020472334293117043,1.0
1769797817.84,2.6150767178118746,-0.005845857859392926,0.004882402495567865,1.0124095162726368,2.6150767178118746,0.0,0.0,0.0,1.0,2.6150767178118746,0.006201520955133159,0.018965079442713684,1.0
1769797817.86,2.621747831887925,-0.005135423102320614,-0.0014616837877101496,1.0137628028017807,2.6217478318879253,0.0,0.0,0.0,1.0,2.6217478318879253,0.004737737735312003,0.01968173556075258,1.0
1769797817.88,2.6284189459639755,-0.006185879369741694,0.006439321478079617,1.0179773607537974,2.628418945963976,0.0,0.0,0.0,1.0,2.628418945963976,0.006280853391288491,0.017713109494798943,1.0
1769797817.9,2.6350900600400267,-0.006606234872709057,-0.010285781474623194,1.0018985815177526,2.6350900600400267,0.0,0.0,0.0,1.0,2.6350900600400267,0.0067931235366110575,0.036407236915698735,1.0
1769797817.92,2.641761174116077,-0.006359733243953779,-0.0006571006974870974,0.9881798318498649,2.6417611741160774,0.0,0.0,0.0,1.0,2.6417611741160774,0.0061544432774670865,0.02432361681988486,1.0
1769797817.94,2.648432288192128,-0.007073830608316329,-0.0016542228628356203,1.0072562438445418,2.648432288192128,0.0,0.0,0.0,1.0,2.648432288192128,0.007071251458803071,0.028844641079851626,1.0
1769797817.96,2.6551034022681783,-0.0074904676698604325,0.002402986235345069,0.9983219847860592,2.6551034022681788,0.0,0.0,0.0,1.0,2.6551034022681788,0.007799964003740761,0.02758788029887173,1.0
1769797817.98,2.661774516344229,-0.006680110061552653,0.002283414868949816,1.0120984472020882,2.6617745163442295,0.0,0.0,0.0,1.0,2.6617745163442295,0.006462788506629678,0.022568346505978044,1.0
1769797818.0,2.66844563042028,-0.0069490893343153795,-0.006222154325589463,0.9888095999162522,2.66844563042028,0.0,0.0,0.0,1.0,2.66844563042028,0.006883919709552095,0.03269258439381354,1.0
1769797818.02,2.6751167444963304,-0.00725499353277018,-0.0009705617369890344,0.9940346628433264,2.675116744496331,0.0,0.0,0.0,1.0,2.675116744496331,0.007522193522640104,0.029894007131726057,1.0
1769797818.04,2.6817878585723816,-0.006496604376915601,0.0029392994716407207,1.0068738216894038,2.6817878585723816,0.0,0.0,0.0,1.0,2.6817878585723816,0.006313964445165332,0.021340407042429232,1.0
1769797818.06,2.688458972648432,-0.006886164993075839,-0.002874600748594054,0.9937467554105979,2.6884589726484323,0.0,0.0,0.0,1.0,2.6884589726484323,0.006590534902562279,0.028217384993662584,1.0
1769797818.08,2.6951300867244825,-0.008286824356298246,0.0013211319890754577,1.004926142397892,2.695130086724483,0.0,0.0,0.0,1.0,2.695130086724483,0.00865533269829936,0.03195632002197344,1.0
1769797818.1,2.7018012008005337,-0.00799676072362386,0.0019237135061487044,0.9919663622318314,2.7018012008005337,0.0,0.0,0.0,1.0,2.7018012008005337,0.00796777812351546,0.02871199901857671,1.0
1769797818.12,2.708472314876584,-0.007979811120630854,-0.008531998332455716,1.0030553055368876,2.7084723148765844,0.0,0.0,0.0,1.0,2.7084723148765844,0.007841949224788687,0.038684200502376004,1.0
1769797818.14,2.715143428952635,-0.008527144144552426,0.008701297280688955,0.9935618193336344,2.715143428952635,0.0,0.0,0.0,1.0,2.715143428952635,0.00860621703156796,0.024387456252387682,1.0
1769797818.16,2.7218145430286853,-0.008423238586707403,-0.0007422975309404221,1.0053745162784247,2.7218145430286858,0.0,0.0,0.0,1.0,2.7218145430286858,0.008705470362401518,0.03421237200714985,1.0
1769797818.18,2.728485657104736,-0.007182552949715917,-0.0021611054222449707,0.9888676049700635,2.7284856571047365,0.0,0.0,0.0,1.0,2.7284856571047365,0.007002251408956509,0.02908633308136434,1.0
1769797818.2,2.735156771180787,-0.00699439436793772,-0.001669042835862115,1.0206095182756114,2.735156771180787,0.0,0.0,0.0,1.0,2.735156771180787,0.006783274502935001,0.02775264318217277,1.0
1769797818.22,2.7418278852568374,-0.007631094405809049,-0.0046926918386996155,0.998570103484186,2.741827885256838,0.0,0.0,0.0,1.0,2.741827885256838,0.007791461822838883,0.034650887049020605,1.0
1769797818.24,2.7484989993328885,-0.007541826386686975,-0.0012775021795125446,1.0000350822868493,2.7484989993328885,0.0,0.0,0.0,1.0,2.7484989993328885,0.007519413164207821,0.030190262828145752,1.0
1769797818.26,2.755170113408939,-0.007510805245817609,-0.01035944941618226,1.008946951825192,2.7551701134089392,0.0,0.0,0.0,1.0,2.7551701134089392,0.007557153405800956,0.03941724292282169,1.0
1769797818.28,2.7618412274849895,-0.007261657735724253,0.005936599232091936,0.9882017221856311,2.76184122748499,0.0,0.0,0.0,1.0,2.76184122748499,0.007263492691692626,0.021992646851671162,1.0
1769797818.3,2.7685123415610406,-0.0071174737688140775,0.004505533736967862,0.9845633802290367,2.7685123415610406,0.0,0.0,0.0,1.0,2.7685123415610406,0.007003947097778493,0.022426211074080958,1.0
1769797818.32,2.775183455637091,-0.007600686713514451,-0.0020097120655254434,0.9895135643710112,2.7751834556370913,0.0,0.0,0.0,1.0,2.7751834556370913,0.007503080933403305,0.03085970882447786,1.0
1769797818.34,2.781854569713142,-0.008376478636281187,0.001789292062007709,0.992547258986535,2.781854569713142,0.0,0.0,0.0,1.0,2.781854569713142,0.008539393298733515,0.031042726231396686,1.0
1769797818.36,2.7885256837891923,-0.008571525088032453,0.0024292345717602847,0.9854985456407832,2.7885256837891927,0.0,0.0,0.0,1.0,2.7885256837891927,0.008392002134270394,0.029836495009532647,1.0
1769797818.38,2.795196797865243,-0.009616270973785453,-0.001531096692800468,1.005837755595414,2.7951967978652434,0.0,0.0,0.0,1.0,2.7951967978652434,0.00960434532400667,0.03845409810393319,1.0
1769797818.4,2.801867911941294,-0.010319203757407303,0.010867485843104485,1.022856420878696,2.801867911941294,0.0,0.0,0.0,1.0,2.801867911941294,0.010716669891839439,0.030327157033694402,1.0
1769797818.42,2.8085390260173444,-0.009308604982825139,-0.0008009248423760615,0.990264579949263,2.808539026017345,0.0,0.0,0.0,1.0,2.808539026017345,0.00916729458034585,0.03604514996217315,1.0
1769797818.44,2.8152101400933955,-0.009029552194596573,0.004281947191829162,1.0181662554595912,2.8152101400933955,0.0,0.0,0.0,1.0,2.8152101400933955,0.008957454753146325,0.030156181032950254,1.0
1769797818.46,2.821881254169446,-0.009039103307865327,-0.0057431768641210855,0.987635654408819,2.8218812541694462,0.0,0.0,0.0,1.0,2.8218812541694462,0.00908695413313583,0.040678780584669214,1.0
1769797818.48,2.8285523682454965,-0.008931219082465964,0.006879083743418104,1.0071285635419351,2.828552368245497,0.0,0.0,0.0,1.0,2.828552368245497,0.00882535056987173,0.027051544991588045,1.0
1769797818.5,2.8352234823215476,-0.009530148788138827,0.005770028298180051,1.0019239188317242,2.8352234823215476,0.0,0.0,0.0,1.0,2.8352234823215476,0.009317387915839689,0.030050750319384662,1.0
1769797818.52,2.841894596397598,-0.010936044009169522,0.0007769246793329938,0.9892009463572017,2.8418945963975983,0.0,0.0,0.0,1.0,2.8418945963975983,0.011121962564541005,0.04197379128733277,1.0
1769797818.54,2.848565710473649,-0.011509427848684597,-0.005924169320811264,0.9928151129299975,2.848565710473649,0.0,0.0,0.0,1.0,2.848565710473649,0.011474319305133297,0.050027549101816476,1.0
1769797818.56,2.8552368245496993,-0.012233490088215813,0.013300971701645285,0.9975862186265324,2.8552368245496997,0.0,0.0,0.0,1.0,2.8552368245496997,0.012246651558105743,0.03376674599247822,1.0
1769797818.58,2.8619079386257504,-0.012787930831018453,0.0002482808898251827,0.9997308820456339,2.8619079386257504,0.0,0.0,0.0,1.0,2.8619079386257504,0.012896132134927357,0.04931161136325273,1.0
1769797818.6,2.868579052701801,-0.012894470228164322,0.0027673202266254755,1.0030600481514633,2.868579052701801,0.0,0.0,0.0,1.0,2.868579052701801,0.012837432155579549,0.046567354439538716,1.0
1769797818.62,2.8752501667778514,-0.013127981047429026,-0.0012570674338272124,0.988094348393392,2.875250166777852,0.0,0.0,0.0,1.0,2.875250166777852,0.01326718729737247,0.05224049100950126,1.0
1769797818.64,2.8819212808539025,-0.012767601971557976,0.0007200464833484588,0.9975113390004369,2.8819212808539025,0.0,0.0,0.0,1.0,2.8819212808539025,0.012711862700291007,0.04813283184222092,1.0
1769797818.66,2.888592394929953,-0.012649695726422664,0.004156379852534593,0.9854754846046093,2.8885923949299532,0.0,0.0,0.0,1.0,2.8885923949299532,0.0126673394949328,0.04452566231466141,1.0
1769797818.68,2.895263509006004,-0.012485361852588696,0.0015328390710457262,0.9881480953279693,2.895263509006004,0.0,0.0,0.0,1.0,2.895263509006004,0.012449451894906727,0.04631312451603375,1.0
1769797818.7,2.901934623082054,-0.012465016316212227,0.002671344784766373,0.9978862859240093,2.9019346230820546,0.0,0.0,0.0,1.0,2.9019346230820546,0.012488607781270592,0.04532487278812583,1.0
1769797818.72,2.908605737158105,-0.012425459320082833,0.0017095851919562211,1.0014924339809903,2.9086057371581053,0.0,0.0,0.0,1.0,2.9086057371581053,0.012334577276230059,0.045695554333883094,1.0
1769797818.74,2.915276851234156,-0.012888733788496443,-0.0005122788883879016,0.9764001738065415,2.915276851234156,0.0,0.0,0.0,1.0,2.915276851234156,0.01281001852859973,0.04974177239797543,1.0
1769797818.76,2.9219479653102063,-0.013780559060106272,0.002445700003076631,0.997702771851695,2.9219479653102067,0.0,0.0,0.0,1.0,2.9219479653102067,0.01371934613642806,0.05027212430664666,1.0
1769797818.78,2.9286190793862574,-0.0148937207018856,0.0036069148464945976,1.004514023331068,2.9286190793862574,0.0,0.0,0.0,1.0,2.9286190793862574,0.01495804464221442,0.053860679691101046,1.0
1769797818.8,2.935290193462308,-0.015605844943825954,-0.0008591064808113861,1.0047942074284435,2.935290193462308,0.0,0.0,0.0,1.0,2.935290193462308,0.015706703955463763,0.06119617923518823,1.0
1769797818.82,2.9419613075383584,-0.015852087753878294,0.004546917071323841,1.001617522265091,2.941961307538359,0.0,0.0,0.0,1.0,2.941961307538359,0.015847293798123205,0.05632890208630698,1.0
1769797818.84,2.9486324216144095,-0.016076885041025134,0.011612259500408798,1.0221673111891416,2.9486324216144095,0.0,0.0,0.0,1.0,2.9486324216144095,0.016120702357454372,0.0503111715879568,1.0
1769797818.86,2.95530353569046,-0.015886216920185568,-0.006346491078393053,0.997749741963381,2.9553035356904602,0.0,0.0,0.0,1.0,2.9553035356904602,0.01609720151816887,0.06817987997133589,1.0
1769797818.88,2.961974649766511,-0.0147420212533487,0.004452017749550427,0.9956950006505506,2.961974649766511,0.0,0.0,0.0,1.0,2.961974649766511,0.014710954008757259,0.05206831195671561,1.0
1769797818.9,2.968645763842561,-0.013811360349210601,-0.009371127437966564,0.9976144126861681,2.9686457638425616,0.0,0.0,0.0,1.0,2.9686457638425616,0.013742806061271892,0.062178931266865085,1.0
1769797818.92,2.975316877918612,-0.01328681571621934,-0.0015896213784501584,0.9831135762686785,2.9753168779186123,0.0,0.0,0.0,1.0,2.9753168779186123,0.01320061945545314,0.05231767639602956,1.0
1769797818.94,2.981987991994663,-0.013057165473688645,-0.006367682659088404,0.9964640872779312,2.981987991994663,0.0,0.0,0.0,1.0,2.981987991994663,0.013164520300137018,0.0569572507817841,1.0
1769797818.96,2.9886591060707133,-0.012513892165930745,0.0033902695190624332,1.0041710948936877,2.9886591060707137,0.0,0.0,0.0,1.0,2.9886591060707137,0.012326526041065542,0.04398397320920095,1.0
1769797818.98,2.9953302201467644,-0.012970501967088464,0.0031074604375496548,1.0121652325358217,2.9953302201467644,0.0,0.0,0.0,1.0,2.9953302201467644,0.012844994107543797,0.04625622788619724,1.0
1769797819.0,3.002001334222815,-0.01386445028454714,0.006526273166924983,1.0109888730869168,3.002001334222815,0.0,0.0,0.0,1.0,3.002001334222815,0.01401281511278797,0.04731707663268665,1.0
1769797819.02,3.0086724482988654,-0.013968059287384592,-0.0003215999260010709,0.9971577332180643,3.008672448298866,0.0,0.0,0.0,1.0,3.008672448298866,0.014066029403548603,0.05436902503934714,1.0
1769797819.04,3.015343562374916,-0.013644673006853486,-0.002835872963857092,1.0122148828981274,3.0153435623749165,0.0,0.0,0.0,1.0,3.0153435623749165,0.013614474414789988,0.055151455929814415,1.0
1769797819.06,3.0220146764509668,-0.013505826365287086,-0.006876965382256885,1.0104608148121743,3.022014676450967,0.0,0.0,0.0,1.0,3.022014676450967,0.013462213489285384,0.058608512940533014,1.0
1769797819.08,3.028685790527018,-0.013476855218715576,-0.00044701736538074613,1.0193153809853597,3.028685790527018,0.0,0.0,0.0,1.0,3.028685790527018,0.013570506478395302,0.052593953807478645,1.0
1769797819.1,3.035356904603068,-0.01307895296625505,0.003140420972881713,1.0191297299854638,3.0353569046030686,0.0,0.0,0.0,1.0,3.0353569046030686,0.01301084486030535,0.0468595816461953,1.0
1769797819.12,3.042028018679119,-0.013040943429141291,-0.007315600296645518,1.0026007587856984,3.0420280186791193,0.0,0.0,0.0,1.0,3.0420280186791193,0.012998888541559792,0.05726973183797376,1.0
1769797819.14,3.04869913275517,-0.013403955735500832,0.0013315606936185496,0.996893704783907,3.04869913275517,0.0,0.0,0.0,1.0,3.04869913275517,0.013199190034074534,0.049391010683388456,1.0
1769797819.16,3.0553702468312203,-0.014493792191699587,-0.0011551263987272698,0.9880500404151241,3.0553702468312207,0.0,0.0,0.0,1.0,3.0553702468312207,0.014722541315183104,0.0577198803380051,1.0
1769797819.18,3.0620413609072714,-0.014707237759376204,0.0045861242163413515,0.9950589622055421,3.0620413609072714,0.0,0.0,0.0,1.0,3.0620413609072714,0.014516132738308596,0.05118725264991539,1.0
1769797819.2,3.068712474983322,-0.015799538932964697,0.0009056338292881916,1.0070038816868239,3.068712474983322,0.0,0.0,0.0,1.0,3.068712474983322,0.015812506758701668,0.05983688315950598,1.0
1769797819.22,3.0753835890593724,-0.016538137926575484,0.008774926127551031,0.9933009172935412,3.075383589059373,0.0,0.0,0.0,1.0,3.075383589059373,0.016831323586447337,0.05587073031927038,1.0
1769797819.24,3.082054703135423,-0.01591502557583327,-0.00513576263663534,1.010346534512205,3.0820547031354235,0.0,0.0,0.0,1.0,3.0820547031354235,0.015908537174117634,0.06624625803511798,1.0
1769797819.26,3.0887258172114738,-0.015352736457737111,0.006046860924413628,1.0157494189995395,3.088725817211474,0.0,0.0,0.0,1.0,3.088725817211474,0.015322192433097338,0.052816568711416656,1.0
1769797819.28,3.095396931287525,-0.014976768196930099,-0.011583785364318578,0.9867393654185864,3.095396931287525,0.0,0.0,0.0,1.0,3.095396931287525,0.014932986121293235,0.06895531838823003,1.0
1769797819.3,3.102068045363575,-0.014751246719784377,0.0001711998871585387,1.0074411921779851,3.1020680453635756,0.0,0.0,0.0,1.0,3.1020680453635756,0.01480511628909511,0.05671012933204373,1.0
1769797819.32,3.108739159439626,-0.014458138883162858,0.00045302269880628543,1.0152601165841235,3.1087391594396263,0.0,0.0,0.0,1.0,3.1087391594396263,0.014274333919188564,0.05439320089429855,1.0
1769797819.34,3.115410273515677,-0.014913614504092194,0.006659272538235699,0.9917840831952732,3.115410273515677,0.0,0.0,0.0,1.0,3.115410273515677,0.01502278754508805,0.05105650815485704,1.0
1769797819.36,3.1220813875917273,-0.015000875776075718,0.0014541540787946121,1.0098137037218495,3.1220813875917277,0.0,0.0,0.0,1.0,3.1220813875917277,0.014859615933707533,0.055636109197315244,1.0
1769797819.38,3.1287525016677784,-0.0156118609749588,-0.000871444927396947,1.0007733811428092,3.1287525016677784,0.0,0.0,0.0,1.0,3.1287525016677784,0.01574734964577744,0.06136427735574544,1.0
1769797819.4,3.135423615743829,-0.015465817220555216,0.004892202905266942,0.9903194227270158,3.135423615743829,0.0,0.0,0.0,1.0,3.135423615743829,0.01559056571002156,0.05499979656689097,1.0
1769797819.42,3.1420947298198794,-0.014953758783145032,-0.001047870390781094,1.00721869972263,3.14209472981988,0.0,0.0,0.0,1.0,3.14209472981988,0.014737613848642039,0.057670410137926634,1.0
1769797819.44,3.14876584389593,-0.01542578713365155,-0.0034519892936129342,0.9943415262807737,3.1487658438959305,0.0,0.0,0.0,1.0,3.1487658438959305,0.015450376706748835,0.06280671481998973,1.0
1769797819.46,3.1554369579719808,-0.015689957927276982,-0.00045947374818342945,1.0085105484483219,3.155436957971981,0.0,0.0,0.0,1.0,3.155436957971981,0.015783064143037408,0.061089166439611535,1.0
1769797819.48,3.162108072048032,-0.015540171632599825,0.005117353779038107,1.0068458267219471,3.162108072048032,0.0,0.0,0.0,1.0,3.162108072048032,0.015519633047353782,0.05450280077770605,1.0
1769797819.5,3.168779186124082,-0.015586490532986564,-0.0024940002405087086,0.9981244696356906,3.1687791861240826,0.0,0.0,0.0,1.0,3.1687791861240826,0.015486232069070877,0.06198614461593123,1.0
1769797819.52,3.175450300200133,-0.01605857324171405,-0.008491424719952647,0.9886548934818689,3.1754503002001333,0.0,0.0,0.0,1.0,3.1754503002001333,0.01610068226497985,0.07033814996952577,1.0
1769797819.54,3.182121414276184,-0.01649733034957361,0.006654828772129194,0.9851239254572586,3.182121414276184,0.0,0.0,0.0,1.0,3.182121414276184,0.016334147175201142,0.05608635838741982,1.0
1769797819.56,3.1887925283522343,-0.017700140932201437,-0.004083630113934177,0.9906158166747955,3.1887925283522347,0.0,0.0,0.0,1.0,3.1887925283522347,0.017697608937838033,0.07204652392507992,1.0
1769797819.58,3.1954636424282854,-0.01887407864742013,0.012470669734524195,1.0052068514037982,3.1954636424282854,0.0,0.0,0.0,1.0,3.1954636424282854,0.018914767488525157,0.06015050208675954,1.0
1769797819.6,3.202134756504336,-0.019865940436674365,-0.0007997988182804017,0.9942542700293636,3.202134756504336,0.0,0.0,0.0,1.0,3.202134756504336,0.019858135104148706,0.07702924290588464,1.0
1769797819.62,3.2088058705803864,-0.020731908093065868,-0.004842483802207825,1.0034860993719492,3.208805870580387,0.0,0.0,0.0,1.0,3.208805870580387,0.02089422711104836,0.08503256640398435,1.0
1769797819.64,3.215476984656437,-0.020721731850560515,-0.0024374806619502087,1.0073187341296186,3.2154769846564375,0.0,0.0,0.0,1.0,3.2154769846564375,0.02084038699887241,0.08242181125873249,1.0
1769797819.66,3.2221480987324878,-0.02023619694235818,-0.002571405207718591,0.9966318435471032,3.222148098732488,0.0,0.0,0.0,1.0,3.222148098732488,0.020157831582599664,0.07994674208983966,1.0
1769797819.68,3.228819212808539,-0.019994477114020012,-0.008151729364743097,1.0026801024612197,3.228819212808539,0.0,0.0,0.0,1.0,3.228819212808539,0.020116367046362257,0.08536853820191749,1.0
1769797819.7,3.235490326884589,-0.01925353881779981,0.0046982902163812445,1.0181523756595716,3.2354903268845896,0.0,0.0,0.0,1.0,3.2354903268845896,0.01918393760141807,0.06895262350959729,1.0
1769797819.72,3.24216144096064,-0.0189074550004029,-0.0023358843698859464,0.9991485528503734,3.2421614409606403,0.0,0.0,0.0,1.0,3.2421614409606403,0.018837406198027755,0.07466107283988101,1.0
1769797819.74,3.248832555036691,-0.01889063574931955,0.00011332509460122523,1.010603398094027,3.248832555036691,0.0,0.0,0.0,1.0,3.248832555036691,0.01888826559409002,0.07240645223543388,1.0
1769797819.76,3.2555036691127412,-0.01890218426308038,-0.0012781352235854526,1.0172807388468408,3.2555036691127417,0.0,0.0,0.0,1.0,3.2555036691127417,0.01888487722264067,0.07378494876133256,1.0
1769797819.78,3.2621747831887924,-0.019012842774131386,0.0025367431479111076,1.0170736057411753,3.2621747831887924,0.0,0.0,0.0,1.0,3.2621747831887924,0.018994498965559842,0.07038946699108398,1.0
1769797819.8,3.268845897264843,-0.019292270916445187,4.294145770571943e-05,1.008418241716919,3.268845897264843,0.0,0.0,0.0,1.0,3.268845897264843,0.019209105725182925,0.07370424791880935,1.0
1769797819.82,3.2755170113408933,-0.019945573766978242,0.004071273246004259,0.9971981642591428,3.275517011340894,0.0,0.0,0.0,1.0,3.275517011340894,0.019959803284649556,0.07254692288451468,1.0
1769797819.84,3.282188125416944,-0.02052362233693563,-0.002141773302487619,0.989965480621563,3.2821881254169445,0.0,0.0,0.0,1.0,3.2821881254169445,0.020532472201711827,0.0809492660899132,1.0
1769797819.86,3.2888592394929947,-0.020888436813105083,-0.0006624172557845064,1.0098099894356771,3.288859239492995,0.0,0.0,0.0,1.0,3.288859239492995,0.021060371537937432,0.08148738403853896,1.0
1769797819.88,3.295530353569046,-0.020312103306305854,-0.003431035035102789,1.0124646067649363,3.295530353569046,0.0,0.0,0.0,1.0,3.295530353569046,0.020450889240056915,0.08192668427289637,1.0
1769797819.9,3.302201467645096,-0.01915876256360516,0.0033400475177445474,1.0148939095820422,3.3022014676450966,0.0,0.0,0.0,1.0,3.3022014676450966,0.01908810210866834,0.06994425409055596,1.0
1769797819.92,3.308872581721147,-0.018321624920619808,0.008606510094948738,1.0170132404524317,3.3088725817211473,0.0,0.0,0.0,1.0,3.3088725817211473,0.01833517061060962,0.06179682469788847,1.0
1769797819.94,3.315543695797198,-0.017538257652362027,-0.0032063758001762257,1.0121930764146239,3.315543695797198,0.0,0.0,0.0,1.0,3.315543695797198,0.01742127405768199,0.07011126895052731,1.0
1769797819.96,3.3222148098732482,-0.017329948397191017,-0.010734156275095006,0.9954623795345708,3.3222148098732487,0.0,0.0,0.0,1.0,3.3222148098732487,0.017300813825944426,0.07717779741875568,1.0
1769797819.98,3.3288859239492994,-0.017497412078692168,0.0025841789959049326,0.9913186705663786,3.3288859239492994,0.0,0.0,0.0,1.0,3.3288859239492994,0.017257600474504118,0.06369398780589917,1.0
1769797820.0,3.33555703802535,-0.01861637652253601,-0.0077775479450081595,1.0026432006534807,3.33555703802535,0.0,0.0,0.0,1.0,3.33555703802535,0.018783996579737568,0.07989838445785535,1.0
1769797820.02,3.3422281521014003,-0.019025949336944025,0.002936026732635585,1.0021769514087964,3.342228152101401,0.0,0.0,0.0,1.0,3.342228152101401,0.01895311403277259,0.0698318537763097,1.0
1769797820.04,3.348899266177451,-0.019558465034087518,-0.009523421817421508,1.0020134907574485,3.3488992661774515,0.0,0.0,0.0,1.0,3.3488992661774515,0.01977542023748541,0.08543656924851868,1.0
1769797820.06,3.3555703802535017,-0.019183663135843264,0.001526454090886098,0.9995515534230657,3.355570380253502,0.0,0.0,0.0,1.0,3.355570380253502,0.01907852311537417,0.07172120264772995,1.0
1769797820.08,3.362241494329553,-0.01926032292240422,-0.0020382159358732855,1.0022173251477755,3.362241494329553,0.0,0.0,0.0,1.0,3.362241494329553,0.01929951466645481,0.07613123542238513,1.0
1769797820.1,3.368912608405603,-0.019217469572773108,0.005134205163640148,0.9842821115096536,3.3689126084056036,0.0,0.0,0.0,1.0,3.3689126084056036,0.019154087903395733,0.06840252270782084,1.0
1769797820.12,3.375583722481654,-0.01945476779093385,-0.0006303776488234835,1.0140770819777964,3.3755837224816543,0.0,0.0,0.0,1.0,3.3755837224816543,0.019470397346903093,0.07537700490028025,1.0
1769797820.14,3.382254836557705,-0.019661316849703736,-0.008079357648101713,1.0145618048974037,3.382254836557705,0.0,0.0,0.0,1.0,3.382254836557705,0.01961912808123813,0.0833948118123033,1.0
1769797820.16,3.3889259506337552,-0.02007161811465173,-0.005353215708703301,1.0089833029841804,3.3889259506337557,0.0,0.0,0.0,1.0,3.3889259506337557,0.02006474682797978,0.08237266366025567,1.0
1769797820.18,3.3955970647098064,-0.020443654868083746,-0.004561576394189566,0.994787025558578,3.3955970647098064,0.0,0.0,0.0,1.0,3.3955970647098064,0.020513985384068817,0.08329840632387553,1.0
1769797820.2,3.402268178785857,-0.020628494080612583,-0.0009567953011268083,0.9904302698087171,3.402268178785857,0.0,0.0,0.0,1.0,3.402268178785857,0.02048748254691877,0.07959232106617546,1.0
1769797820.22,3.4089392928619073,-0.021383609451857456,-0.00014062135115170698,1.0046851674529864,3.4089392928619078,0.0,0.0,0.0,1.0,3.4089392928619078,0.021471387117045895,0.08253591164979446,1.0
1769797820.24,3.415610406937958,-0.021661215004475955,-0.0032190783393971864,1.0043996593292714,3.4156104069379585,0.0,0.0,0.0,1.0,3.4156104069379585,0.0217290957188896,0.08659876128127185,1.0
1769797820.26,3.4222815210140087,-0.021597564716221786,-0.011237929056435817,0.996553539373865,3.422281521014009,0.0,0.0,0.0,1.0,3.422281521014009,0.021622043889830776,0.09420871608888721,1.0
1769797820.28,3.42895263509006,-0.021477574814763218,-0.002797197626006855,0.9982771157388695,3.42895263509006,0.0,0.0,0.0,1.0,3.42895263509006,0.021419678284459006,0.08499495172077638,1.0
1769797820.3,3.43562374916611,-0.02148686645181385,0.004350614254865247,1.008897656950914,3.4356237491661106,0.0,0.0,0.0,1.0,3.4356237491661106,0.021627768721390977,0.07864204008899198,1.0
1769797820.32,3.442294863242161,-0.020870974693382748,-0.00991736580569391,0.9881060269289015,3.4422948632421613,0.0,0.0,0.0,1.0,3.4422948632421613,0.020838614164171244,0.089894921332763,1.0
1769797820.34,3.448965977318212,-0.02047976011049723,0.0024582051992838106,1.009654756723989,3.448965977318212,0.0,0.0,0.0,1.0,3.448965977318212,0.02040609873793868,0.07586622985444018,1.0
1769797820.36,3.4556370913942622,-0.020425513299029766,-0.001997750119398629,1.0049063615172682,3.4556370913942627,0.0,0.0,0.0,1.0,3.4556370913942627,0.02043229859955161,0.08042233615971202,1.0
1769797820.38,3.4623082054703134,-0.020203775587497908,-0.0004371493459640347,0.9923545728820059,3.4623082054703134,0.0,0.0,0.0,1.0,3.4623082054703134,0.020339601751793692,0.07850738748978595,1.0
1769797820.4,3.468979319546364,-0.019407292870008756,0.0029435155969623305,0.9990520549901141,3.468979319546364,0.0,0.0,0.0,1.0,3.468979319546364,0.01934818244258574,0.07133565935164948,1.0
1769797820.42,3.4756504336224143,-0.01894896006680918,-3.165862494344575e-05,0.9897456755188901,3.4756504336224148,0.0,0.0,0.0,1.0,3.4756504336224148,0.018886658813827,0.07254528847215978,1.0
1769797820.44,3.482321547698465,-0.01872065404980611,0.009237206863925573,1.0158110321304572,3.4823215476984655,0.0,0.0,0.0,1.0,3.4823215476984655,0.01878136644419313,0.06287356626152642,1.0
1769797820.46,3.4889926617745157,-0.018337588674173226,0.006048413271084815,0.9910506517285652,3.488992661774516,0.0,0.0,0.0,1.0,3.488992661774516,0.01820902352566363,0.06387212491845842,1.0
1769797820.48,3.495663775850567,-0.018683604392832634,0.004656003129432823,0.9867640934955484,3.495663775850567,0.0,0.0,0.0,1.0,3.495663775850567,0.018554493991585146,0.06658665898095806,1.0
1769797820.5,3.502334889926617,-0.019553635484543905,-0.00019193555312316469,0.9965158822553513,3.5023348899266176,0.0,0.0,0.0,1.0,3.5023348899266176,0.01963213531731365,0.07555713411903468,1.0
1769797820.52,3.509006004002668,-0.01998402126264857,-0.004388857645570168,0.9975028136592619,3.5090060040026683,0.0,0.0,0.0,1.0,3.5090060040026683,0.0200573340233297,0.08137996353972776,1.0
1769797820.54,3.515677118078719,-0.02021280180266476,0.002621607689574861,1.0059185949120457,3.515677118078719,0.0,0.0,0.0,1.0,3.515677118078719,0.020072280824241315,0.07442664555536303,1.0
1769797820.56,3.522348232154769,-0.020891961669292927,0.001615272494415321,0.9816599960184766,3.5223482321547697,0.0,0.0,0.0,1.0,3.5223482321547697,0.02109734690865705,0.07935097862494118,1.0
1769797820.58,3.5290193462308204,-0.020549305256204287,0.011105747906983146,0.9855586595281851,3.5290193462308204,0.0,0.0,0.0,1.0,3.5290193462308204,0.020612657085555184,0.06800822943743337,1.0
1769797820.6,3.535690460306871,-0.019989532125822784,0.005901622597294598,1.0060043344268788,3.535690460306871,0.0,0.0,0.0,1.0,3.535690460306871,0.019911006972811465,0.07052999232218304,1.0
1769797820.62,3.5423615743829213,-0.019926021194078963,0.0006141287975837916,1.0072444355009134,3.5423615743829218,0.0,0.0,0.0,1.0,3.5423615743829218,0.019796209709494094,0.07537851775370849,1.0
1769797820.64,3.549032688458972,-0.020432344956108805,0.011333153093022111,0.9974946724158964,3.5490326884589725,0.0,0.0,0.0,1.0,3.5490326884589725,0.020468297190397864,0.06722903775872326,1.0
1769797820.66,3.5557038025350227,-0.020861027580274517,0.007249129219536712,0.98729070135102,3.555703802535023,0.0,0.0,0.0,1.0,3.555703802535023,0.020770891624789723,0.07246961217119853,1.0
1769797820.68,3.562374916611074,-0.021752802644231656,-0.00016936936213310838,1.0175748642061206,3.562374916611074,0.0,0.0,0.0,1.0,3.562374916611074,0.021710344663369283,0.08347743265705934,1.0
1769797820.7,3.569046030687124,-0.022792556550580767,-0.0020342563549737586,1.0169156208270504,3.5690460306871246,0.0,0.0,0.0,1.0,3.5690460306871246,0.02284271495221323,0.08966584485821501,1.0
1769797820.72,3.575717144763175,-0.023503962572532164,-0.0019812565892736644,0.9973367231761944,3.5757171447631753,0.0,0.0,0.0,1.0,3.5757171447631753,0.02359823791597841,0.09249570642784877,1.0
1769797820.74,3.582388258839226,-0.0235107316150788,0.0010197115535762608,0.9901610826258277,3.582388258839226,0.0,0.0,0.0,1.0,3.582388258839226,0.02377541699173444,0.09017058684237622,1.0
1769797820.76,3.589059372915276,-0.022366070494589045,0.0017181726141143538,1.0001359585093357,3.5890593729152767,0.0,0.0,0.0,1.0,3.5890593729152767,0.022282302233232448,0.08377409348349762,1.0
1769797820.78,3.5957304869913274,-0.021715732087041632,-0.0011441894944500945,0.9792701920636131,3.5957304869913274,0.0,0.0,0.0,1.0,3.5957304869913274,0.02161232792709674,0.08407786398961306,1.0
1769797820.8,3.602401601067378,-0.021412430777773404,0.007357875209182879,1.0086340945584646,3.602401601067378,0.0,0.0,0.0,1.0,3.602401601067378,0.02154794642590372,0.07532987234103017,1.0
1769797820.82,3.6090727151434283,-0.02044481134596764,-0.0041374803618290466,1.0025780667706101,3.6090727151434288,0.0,0.0,0.0,1.0,3.6090727151434288,0.02047672311056372,0.08273187890936165,1.0
1769797820.84,3.615743829219479,-0.019730519447786827,0.0030203690849030657,0.988460885869972,3.6157438292194795,0.0,0.0,0.0,1.0,3.6157438292194795,0.019328270346046846,0.07118264221862318,1.0
1769797820.86,3.6224149432955297,-0.020790262023128545,-0.005150875190392483,0.994309044868915,3.62241494329553,0.0,0.0,0.0,1.0,3.62241494329553,0.020893390024392604,0.08533775888619066,1.0
1769797820.88,3.629086057371581,-0.021294895510164856,0.003141913624707969,0.9997379683225084,3.629086057371581,0.0,0.0,0.0,1.0,3.629086057371581,0.021368740592571323,0.07886124386341364,1.0
1769797820.9,3.635757171447631,-0.02149586764721631,-0.0019826462881670733,1.0133963995454303,3.6357571714476316,0.0,0.0,0.0,1.0,3.6357571714476316,0.021454918612637652,0.08431502490319222,1.0
1769797820.92,3.642428285523682,-0.02195013783460606,0.007355215996044186,1.0050015596300321,3.6424282855236823,0.0,0.0,0.0,1.0,3.6424282855236823,0.02188793527896817,0.07663112010050147,1.0
1769797820.94,3.649099399599733,-0.022563751251361022,-0.0030918322832277855,1.0095323304258277,3.649099399599733,0.0,0.0,0.0,1.0,3.649099399599733,0.02269468661497263,0.09015841399063029,1.0
1769797820.96,3.655770513675783,-0.02259169183945505,0.00010559681533933587,0.978949698687564,3.6557705136757837,0.0,0.0,0.0,1.0,3.6557705136757837,0.02256633297126181,0.08647102896459744,1.0
1769797820.98,3.6624416277518343,-0.022765074093701584,-0.004143149731559977,0.998090085019591,3.6624416277518343,0.0,0.0,0.0,1.0,3.6624416277518343,0.022737973812450872,0.091374959374961,1.0
1769797821.0,3.669112741827885,-0.022973971120435394,-0.00028445470869668316,1.009979105927662,3.669112741827885,0.0,0.0,0.0,1.0,3.669112741827885,0.02306492432711811,0.0887640849236508,1.0
1769797821.02,3.6757838559039353,-0.02287065212173105,0.0019883705384573782,1.019850423794047,3.6757838559039357,0.0,0.0,0.0,1.0,3.6757838559039357,0.02275841984931654,0.08532148030004676,1.0
1769797821.04,3.682454969979986,-0.0230928087498179,-0.0015777348120381916,1.005177433759115,3.6824549699799864,0.0,0.0,0.0,1.0,3.6824549699799864,0.023291083727627775,0.0909203506416354,1.0
1769797821.06,3.6891260840560367,-0.02253001368382045,0.00041252883043375486,1.0149789148787562,3.689126084056037,0.0,0.0,0.0,1.0,3.689126084056037,0.02238968214812534,0.08548971127417901,1.0
1769797821.08,3.695797198132088,-0.02255505430663192,-0.0020420497180710147,0.9902532787399054,3.695797198132088,0.0,0.0,0.0,1.0,3.695797198132088,0.02262209911773353,0.08883155307675768,1.0
1769797821.1,3.702468312208138,-0.022388097570105653,0.004335487310372194,1.0015053949387265,3.7024683122081385,0.0,0.0,0.0,1.0,3.7024683122081385,0.022267219144302536,0.08109918959520811,1.0
1769797821.12,3.709139426284189,-0.022570767583080048,-0.003242700134618773,0.9942177941535785,3.7091394262841892,0.0,0.0,0.0,1.0,3.7091394262841892,0.022785240153993934,0.09065492071779921,1.0
1769797821.14,3.71581054036024,-0.021935383795829495,-0.0029010144939092494,0.9821912219359453,3.71581054036024,0.0,0.0,0.0,1.0,3.71581054036024,0.02175256559845634,0.08637033942054088,1.0
1769797821.16,3.72248165443629,-0.022006335599282764,-0.004004596064116466,1.00321400719672,3.7224816544362906,0.0,0.0,0.0,1.0,3.7224816544362906,0.022153151596320333,0.08900372989342352,1.0
1769797821.18,3.7291527685123413,-0.021397733399927704,0.004305053866598594,0.9851592353694358,3.7291527685123413,0.0,0.0,0.0,1.0,3.7291527685123413,0.02139214608322737,0.07778752008913728,1.0
1769797821.2,3.735823882588392,-0.02072066685485727,-0.0024834542495900743,1.0010462230107549,3.735823882588392,0.0,0.0,0.0,1.0,3.735823882588392,0.02081520534517422,0.08237154988321739,1.0
1769797821.22,3.7424949966644423,-0.019696877893849305,-0.002231366068494389,1.0149622724372434,3.7424949966644427,0.0,0.0,0.0,1.0,3.7424949966644427,0.019602420688307753,0.07748292453748835,1.0
1769797821.24,3.749166110740493,-0.018959099944973586,-0.0003291120398978994,0.9990234058018065,3.7491661107404934,0.0,0.0,0.0,1.0,3.7491661107404934,0.019113889225368604,0.07371206244284031,1.0
1769797821.26,3.7558372248165437,-0.017773760006446274,-0.0023603044652934745,1.014828016043034,3.755837224816544,0.0,0.0,0.0,1.0,3.755837224816544,0.01749897202092111,0.06956269431199234,1.0
1769797821.28,3.762508338892595,-0.01792781009467929,-0.004025901783314444,0.9974323586793474,3.762508338892595,0.0,0.0,0.0,1.0,3.762508338892595,0.017870764000369726,0.07265167519314163,1.0
1769797821.3,3.769179452968645,-0.018455181681477834,-0.003441386293467253,0.9950200780509577,3.7691794529686455,0.0,0.0,0.0,1.0,3.7691794529686455,0.018348075289690288,0.07389410868725103,1.0
1769797821.32,3.775850567044696,-0.019518921733675546,-0.004549912911309982,1.0015179025068641,3.7758505670446962,0.0,0.0,0.0,1.0,3.7758505670446962,0.019482383096618275,0.07934238196402715,1.0
1769797821.34,3.782521681120747,-0.02079425232511211,-0.002599613325748122,1.0085424338931108,3.782521681120747,0.0,0.0,0.0,1.0,3.782521681120747,0.02075317542547388,0.08225064723577478,1.0
1769797821.36,3.789192795196797,-0.021871507242312953,0.010970045760877059,0.9839267195735534,3.7891927951967976,0.0,0.0,0.0,1.0,3.7891927951967976,0.022261275114860434,0.07444193591240857,1.0
1769797821.38,3.7958639092728483,-0.021064803859448186,0.006747485098391497,1.0069400110738058,3.7958639092728483,0.0,0.0,0.0,1.0,3.7958639092728483,0.021129845420958894,0.07434294143196347,1.0
1769797821.4,3.802535023348899,-0.020076706040465513,-0.005309721504786491,1.0055818110732175,3.802535023348899,0.0,0.0,0.0,1.0,3.802535023348899,0.01995457318953346,0.08190791970972684,1.0
1769797821.42,3.8092061374249493,-0.019676697036887274,-0.0013414691464007406,1.026893873924554,3.8092061374249497,0.0,0.0,0.0,1.0,3.8092061374249497,0.01965856152583243,0.07680772999427789,1.0
1769797821.44,3.815877251501,-0.019411506071035874,-0.0036249583196534384,0.9998589156023736,3.8158772515010004,0.0,0.0,0.0,1.0,3.8158772515010004,0.01936132041823165,0.07795438547049179,1.0
1769797821.46,3.8225483655770507,-0.019525344993241087,0.010511845062572321,0.9893017920624488,3.822548365577051,0.0,0.0,0.0,1.0,3.822548365577051,0.01938051481827085,0.06389099918193619,1.0
1769797821.48,3.829219479653102,-0.020371891694455746,0.0026721659439127867,1.012331360590395,3.829219479653102,0.0,0.0,0.0,1.0,3.829219479653102,0.020315058065307413,0.07530424690643928,1.0
1769797821.5,3.835890593729152,-0.021347620258918676,0.00015379476062524374,0.9967440231179371,3.8358905937291525,0.0,0.0,0.0,1.0,3.8358905937291525,0.02148366199836261,0.08228838664778419,1.0
1769797821.52,3.842561707805203,-0.021508328129467506,0.012828429613967261,1.0118492500113143,3.8425617078052032,0.0,0.0,0.0,1.0,3.8425617078052032,0.021688487372643263,0.0703961486890422,1.0
1769797821.54,3.849232821881254,-0.020849632020034568,0.0030849213308076153,1.0078844446853186,3.849232821881254,0.0,0.0,0.0,1.0,3.849232821881254,0.02082829286519615,0.07685319014710962,1.0
1769797821.56,3.855903935957304,-0.020397469652916687,0.0007802058151017209,1.003322357067269,3.8559039359573046,0.0,0.0,0.0,1.0,3.8559039359573046,0.020290518633180918,0.07710239662995957,1.0
1769797821.58,3.8625750500333553,-0.020264663247316603,-0.004997725099541844,1.014284985249312,3.8625750500333553,0.0,0.0,0.0,1.0,3.8625750500333553,0.020444412044565763,0.08346861518251132,1.0
1769797821.6,3.869246164109406,-0.01950664858216345,0.006560262550812652,1.0071773671524975,3.869246164109406,0.0,0.0,0.0,1.0,3.869246164109406,0.01929302912122046,0.06750794917405238,1.0
1769797821.62,3.8759172781854563,-0.019743707924136805,0.001210692356159868,0.9992821764458184,3.8759172781854567,0.0,0.0,0.0,1.0,3.8759172781854567,0.019745524734744266,0.07458813272965496,1.0
1769797821.64,3.882588392261507,-0.02016156977089114,-0.0004509851596765614,0.9957008217406751,3.8825883922615074,0.0,0.0,0.0,1.0,3.8825883922615074,0.01997228881660869,0.07711692104154634,1.0
1769797821.66,3.8892595063375577,-0.021344870561121578,-0.0037556551391652437,0.9987495632688383,3.889259506337558,0.0,0.0,0.0,1.0,3.889259506337558,0.021462742737630245,0.08611792294180211,1.0
1769797821.68,3.895930620413609,-0.02208500742176577,-0.004840918254005688,0.9907244683873689,3.895930620413609,0.0,0.0,0.0,1.0,3.895930620413609,0.021978101194311594,0.08917159591480016,1.0
1769797821.7,3.902601734489659,-0.022914728902495657,-0.009161376036085071,1.0079573566906699,3.9026017344896595,0.0,0.0,0.0,1.0,3.9026017344896595,0.02332404001052943,0.09862973630102992,1.0
1769797821.72,3.90927284856571,-0.022064025647182472,0.001102440253642174,1.0058776325965564,3.9092728485657102,0.0,0.0,0.0,1.0,3.9092728485657102,0.021834331879067945,0.08267917621948817,1.0
1769797821.74,3.915943962641761,-0.022174089167641856,0.006121159831399803,1.0003993473152633,3.915943962641761,0.0,0.0,0.0,1.0,3.915943962641761,0.022285226643070415,0.07938227197691931,1.0
1769797821.76,3.922615076717811,-0.0217060134435952,0.007193677390660714,1.0220609734534998,3.9226150767178116,0.0,0.0,0.0,1.0,3.9226150767178116,0.02176551113610132,0.07632509176867378,1.0
1769797821.78,3.9292861907938623,-0.021075824234620996,0.004670924274880708,1.0033144155458413,3.9292861907938623,0.0,0.0,0.0,1.0,3.9292861907938623,0.020960281821186644,0.075771579579325,1.0
1769797821.8,3.935957304869913,-0.021011497281652056,-0.004025561512760014,1.0064909758416316,3.935957304869913,0.0,0.0,0.0,1.0,3.935957304869913,0.02098483295500712,0.08456188237216249,1.0
1769797821.82,3.9426284189459633,-0.02109019234724351,-0.0009580249026013105,0.9844510907101608,3.9426284189459637,0.0,0.0,0.0,1.0,3.9426284189459637,0.02107160385302615,0.08182591114252401,1.0
1769797821.84,3.949299533022014,-0.02125710389775166,0.008689067957376114,1.0016383202206622,3.9492995330220144,0.0,0.0,0.0,1.0,3.9492995330220144,0.02125563371918264,0.07288196656692114,1.0
1769797821.86,3.9559706470980647,-0.021233841225072367,-0.001250358981550652,1.004090648111437,3.955970647098065,0.0,0.0,0.0,1.0,3.955970647098065,0.02143087628158192,0.08349089180408786,1.0
1769797821.88,3.962641761174116,-0.020222124894625413,-0.0024337247826676537,1.01547098280368,3.962641761174116,0.0,0.0,0.0,1.0,3.962641761174116,0.020291081622015178,0.08031847946126001,1.0
1769797821.9,3.969312875250166,-0.019257707513567087,-0.004730033628085152,0.9889233706151197,3.9693128752501665,0.0,0.0,0.0,1.0,3.9693128752501665,0.018888610503026242,0.07725113056644385,1.0
1769797821.92,3.9759839893262168,-0.01994993816958065,-0.0056968039334243424,1.008603308418425,3.975983989326217,0.0,0.0,0.0,1.0,3.975983989326217,0.020015742848366054,0.08252888816817379,1.0
1769797821.94,3.982655103402268,-0.02014041997713565,-0.011420498130985437,0.9911764219079514,3.982655103402268,0.0,0.0,0.0,1.0,3.982655103402268,0.02033508032459566,0.08947345192369441,1.0
1769797821.96,3.989326217478318,-0.01984779305595499,0.0034456856397353888,0.9957989276889808,3.9893262174783186,0.0,0.0,0.0,1.0,3.9893262174783186,0.019422486829877267,0.07111769549797956,1.0
1769797821.98,3.9959973315543693,-0.021465588534062833,-0.0015813548447859622,1.017238736647996,3.9959973315543693,0.0,0.0,0.0,1.0,3.9959973315543693,0.02153992852313704,0.08423847459773103,1.0
1769797822.0,4.00266844563042,-0.022483038852645628,0.017802191825927856,0.4293798271434321,4.0026684456304205,1.0671402654008531e-05,0.007994485669790724,2.991707838150503,1.0,4.0026684456304205,0.02274713546581173,0.6109,0.3
1769797822.02,4.009339559706471,-0.022232762118328597,0.025671215145611086,0.3298689248782345,4.009339559706471,0.00013043373062529874,0.027880611677809586,2.968517583134216,1.0,4.009339559706471,0.022448271919463948,0.6109,0.3
1769797822.04,4.016010673782522,-0.02147824893985888,0.05233677569216055,0.30229828119268587,4.016010673782522,0.0003824604109880915,0.04761150006274769,2.9419437180716703,1.0,4.016010673782522,0.02196792413261943,0.6109,0.3
1769797822.06,4.022681787858572,-0.0200777070635344,0.0675127914904944,0.3010247347321575,4.0226817878585726,0.0007658607747027134,0.0671724551670553,2.912162720119699,1.0,4.0226817878585726,0.020989260887820424,0.6109,0.3
1769797822.08,4.029352901934623,-0.0182534502338305,0.08765122611281184,0.29327596421724916,4.029352901934623,0.001279744152729491,0.08654955779731056,2.879364687037417,1.0,4.029352901934623,0.019277008441883944,0.6109,0.3
1769797822.1,4.036024016010674,-0.017577827662237557,0.108131118924707,0.30153046888162904,4.036024016010674,0.0019232198760287503,0.10572970769648082,2.8437508419841664,1.0,4.036024016010674,0.019547947688643586,0.6109,0.3
1769797822.12,4.042695130086725,-0.016532092320130667,0.1279606636934945,0.2989069382758319,4.042695130086725,0.0026953972755608194,0.12470065744116861,2.8055310209528366,1.0,4.042695130086725,0.01937873499777812,0.6109,0.3
1769797822.14,4.049366244162775,-0.015155890509962883,0.15096672519212048,0.2978634025442873,4.049366244162775,0.003595385682286023,0.1434510378219042,2.7649211923778076,1.0,4.049366244162775,0.018375930783905522,0.6095310852696068,0.3
1769797822.16,4.056037358238826,-0.015496501368737951,0.1623371617195735,0.2986928405186679,4.056037358238826,0.004622294427164689,0.16197037490366403,2.7221410537410655,1.0,4.056037358238826,0.020153595032562244,0.6109,0.3
1769797822.18,4.062708472314877,-0.015398047057713459,0.1745043283209842,0.302136544686012,4.062708472314877,0.005775232841157145,0.1802490990877706,2.6774117443108736,1.0,4.062708472314877,0.021449948630925343,0.6109,0.3
1769797822.2,4.0693795863909275,-0.014043145420370357,0.19240098743906114,0.29950166804018286,4.0693795863909275,0.007053310255223714,0.19827854660304078,2.63095370680276,1.0,4.0693795863909275,0.02106178225232391,0.6109,0.3
1769797822.22,4.076050700466978,-0.012878249299935453,0.21886947801768838,0.3126408185666172,4.076050700466978,0.008455636000324727,0.21605095394219415,2.582984724063188,1.0,4.076050700466978,0.02130568909194608,0.5956954482754745,0.3
1769797822.24,4.082721814543029,-0.011574502386962962,0.2318314927947861,0.28154366520934654,4.082721814543029,0.009981319407420504,0.23355944582857324,2.5337181501303894,1.0,4.082721814543029,0.02182625489238686,0.5939992840669982,0.3
1769797822.26,4.089392928619079,-0.009082073443657615,0.25524351408220725,0.29567556362631,4.0893929286190795,0.01162946980747138,0.2507980173483359,2.4833613484777697,1.0,4.0893929286190795,0.020638204157446032,0.5747946245088091,0.3
1769797822.28,4.09606404269513,-0.006983682201508939,0.2599377444330202,0.3058843966500798,4.09606404269513,0.013399196531437677,0.2677615109152309,2.4321143441034168,1.0,4.09606404269513,0.02033109013564378,0.5771661278715144,0.3
1769797822.3,4.102735156771181,-0.005027749150895975,0.28182813627094544,0.28826252035202526,4.102735156771181,0.015289608910279721,0.28444558875012993,2.3801686905576003,1.0,4.102735156771181,0.020416579990386548,0.5633599473726275,0.3
1769797822.32,4.109406270847232,-0.0026732664308178533,0.29939500451493495,0.2999400350769407,4.109406270847232,0.01729981627495784,0.30084670155730575,2.3277065481137456,1.0,4.109406270847232,0.019908596705590212,0.5511511690827957,0.3
1769797822.34,4.116077384923282,-0.0007202700036254672,0.3208798231874988,0.2926046610533827,4.116077384923282,0.01942892795643236,0.3169620540659266,2.2748999651559676,1.0,4.116077384923282,0.02004864633470434,0.5370700499274349,0.3
1769797822.36,4.122748498999333,0.0010497964075905286,0.3362900130249148,0.3017571444212317,4.122748498999333,0.021676053285663608,0.3327895680804206,2.221910351505449,1.0,4.122748498999333,0.020912567780412956,0.5314236229730375,0.3
1769797822.38,4.129419613075384,0.004136264551341597,0.3390150201348667,0.29756747001707023,4.129419613075384,0.024040301593611913,0.34832784364936165,2.1688881298300045,1.0,4.129419613075384,0.01988432123055263,0.5308478690187726,0.3
1769797822.4,4.136090727151434,0.007114470502043666,0.355545494958188,0.29667031592714443,4.136090727151434,0.026520782211237597,0.3635761189213948,2.11597254943901,1.0,4.136090727151434,0.019390056637494133,0.5181501414401056,0.3
1769797822.42,4.142761841227485,0.010170669583208222,0.3788715354451136,0.2752266135001506,4.142761841227485,0.029116604469500984,0.3785342292104175,2.0632916455998975,1.0,4.142761841227485,0.01909978501802097,0.4991041544237975,0.3
1769797822.44,4.149432955303536,0.013928519756606415,0.39154504295692116,0.2962089363636381,4.149432955303536,0.03182687769936241,0.39320256574256707,2.010962326948388,1.0,4.149432955303536,0.017882041753591316,0.4868520813248713,0.3
1769797822.46,4.156104069379586,0.017491780666618648,0.4090560898535886,0.30232809640968283,4.1561040693795865,0.0346507112317822,0.40758203450614416,1.9590905735188755,1.0,4.1561040693795865,0.017040483517879432,0.4709143062215007,0.3
1769797822.48,4.162775183455637,0.02050631809989544,0.42728183843816037,0.29004287354884933,4.162775183455637,0.03758721439772067,0.4216740155738331,1.9077717283070763,1.0,4.162775183455637,0.017084925708415674,0.4573903587847799,0.3
1769797822.5,4.169446297531688,0.023330674732954963,0.4348969822243878,0.27961020723339813,4.169446297531688,0.04063549652813816,0.43548032321563235,1.8570908660078402,1.0,4.169446297531688,0.01709583707887717,0.4541058735380436,0.3
1769797822.52,4.176117411607739,0.025321321335603962,0.4406739943595481,0.29846202815011325,4.176117411607739,0.04379466695399499,0.4490031670717534,1.8071232235651007,1.0,4.176117411607739,0.01861489759740863,0.4582102749575582,0.3
1769797822.54,4.182788525683789,0.027988240911332507,0.46219090555618997,0.2904743135655292,4.182788525683789,0.047063835006251484,0.46224511460812256,1.7579346783530483,1.0,4.182788525683789,0.01909129116591635,0.44237894718743376,0.3
1769797822.56,4.18945963975984,0.030570699272190627,0.4771645086868888,0.30397510344984086,4.18945963975984,0.050442110015867965,0.47520905503359157,1.7095822611109077,1.0,4.18945963975984,0.01971369653081916,0.4334634549987353,0.3
1769797822.58,4.196130753835891,0.032767805927479535,0.48907267307682495,0.31960886097498825,4.196130753835891,0.05392860131380477,0.4878981648179047,1.662114692120599,1.0,4.196130753835891,0.02151144334076083,0.4319355542117788,0.3
1769797822.6,4.202801867911941,0.03698263133154438,0.4970182360098494,0.30435191185685995,4.202801867911941,0.057522418231022235,0.5003158749131167,1.6155729304987942,1.0,4.202801867911941,0.020921148527554362,0.4250911104515077,0.3
1769797822.62,4.209472981987992,0.0425430055592447,0.5180158768547445,0.3077567141340248,4.209472981987992,0.06122267009848067,0.512465839748594,1.569990727833621,1.0,4.209472981987992,0.018245525765181066,0.39707934592831073,0.3
1769797822.64,4.216144096064043,0.0462341280442537,0.5235782891497225,0.29268445595212866,4.216144096064043,0.06502846624714038,0.5243519080409749,1.525395178701073,1.0,4.216144096064043,0.01895106740578493,0.39731109603211345,0.3
1769797822.66,4.222815210140093,0.05079869425627885,0.5408660795037814,0.3036701304040559,4.2228152101400935,0.06893891600796176,0.5359780954353848,1.4818072618247826,1.0,4.2228152101400935,0.01828226253184059,0.38044678943403787,0.3
1769797822.68,4.229486324216144,0.055852401589699785,0.5455082829505288,0.29668777660212053,4.229486324216144,0.07295312871190505,0.5473485589726724,1.4392423667795187,1.0,4.229486324216144,0.016927011269531854,0.373498429672511,0.3
1769797822.7,4.236157438292195,0.059959421556301754,0.5596033904829061,0.29575541350220447,4.236157438292195,0.07707021368993064,0.5584675733592224,1.3977108021740514,1.0,4.236157438292195,0.01697477874595254,0.362379203668158,0.3
1769797822.72,4.242828552368246,0.0636354641252596,0.5671479236130543,0.29501314866255585,4.242828552368246,0.08128928027299884,0.5693395090007594,1.3572182821781154,1.0,4.242828552368246,0.017857567892584702,0.3609277420205815,0.3
1769797822.74,4.249499666444296,0.06814496379958945,0.5834881882121512,0.2922233941904371,4.249499666444296,0.08560943779206996,0.5799688117492567,1.3177663890803257,1.0,4.249499666444296,0.017347089621906998,0.34527457733880085,0.3
1769797822.76,4.256170780520347,0.07230634789437795,0.5950416037343569,0.2953886169776427,4.256170780520347,0.09002979557810435,0.5903599843022787,1.279353010281411,1.0,4.256170780520347,0.017923125833528127,0.33850447657672034,0.3
1769797822.78,4.262841894596398,0.07735785234737967,0.6034860634663539,0.30780148516464095,4.262841894596398,0.09454946296206233,0.6005175691865907,1.241972748744609,1.0,4.262841894596398,0.017149899607154368,0.32962088313811827,0.3
1769797822.8,4.269513008672448,0.08223286734226212,0.6083384663951065,0.3034466104034176,4.269513008672448,0.09916754927490422,0.6104461332523671,1.2056173064488187,1.0,4.269513008672448,0.016952843842988168,0.32648479639021677,0.3
1769797822.82,4.276184122748499,0.08701114384163258,0.6225327558735567,0.3099109937950845,4.276184122748499,0.10388316384759033,0.6201502536005686,1.1702758408274592,1.0,4.276184122748499,0.01669052592883079,0.3137119304780791,0.3
1769797822.84,4.28285523682455,0.09123244436577777,0.6281361912316691,0.3112526261424202,4.28285523682455,0.10869541601108103,0.6296345048638091,1.1359352945348518,1.0,4.28285523682455,0.017752968030003778,0.314563111220618,0.3
1769797822.86,4.2895263509006,0.09657764607968837,0.6435064795278771,0.30045151943228315,4.2895263509006005,0.1136034150963366,0.6389034477600526,1.1025806991705693,1.0,4.2895263509006005,0.016796353744477913,0.29788015388066064,0.3
1769797822.88,4.296197464976651,0.10087337158618688,0.6536558440598639,0.29449038267539107,4.296197464976651,0.11860627043431743,0.6479616188385798,1.0701954538186302,1.0,4.296197464976651,0.017754027244179956,0.29371639264810123,0.3
1769797822.9,4.302868579052702,0.10517470985922814,0.6548991629698264,0.3080939816038957,4.302868579052702,0.12370309135598379,0.6568135213386471,1.0387615794305682,1.0,4.302868579052702,0.018435395081734425,0.2973707196383697,0.3
1769797822.92,4.309539693128753,0.10949783144686101,0.6619775872551895,0.312856006974542,4.309539693128753,0.12889298719229597,0.6654636170829642,1.0082599502066893,1.0,4.309539693128753,0.019850875663458938,0.2979706548560284,0.3
1769797822.94,4.316210807204803,0.11567772884506107,0.6704311648461275,0.3015565820575857,4.316210807204803,0.1341750672742144,0.6739163193303956,0.9786705032151162,1.0,4.316210807204803,0.018227421288941902,0.28554617308337293,0.3
1769797822.96,4.322881921280854,0.12072527860382556,0.6821214236805164,0.30658607345106703,4.322881921280854,0.13954844093269933,0.6821759865150132,0.9499724275398783,1.0,4.322881921280854,0.018950428010424764,0.2788405941888813,0.3
1769797822.98,4.329553035356905,0.12665489204879443,0.6909020722027486,0.30511925937853274,4.329553035356905,0.14501221749871115,0.6902469168016784,0.9221443342729807,1.0,4.329553035356905,0.018645482622216387,0.2710910113184604,0.3
1769797823.0,4.336224149432955,0.13397556124500462,0.7057406628956817,0.306655273739353,4.336224149432955,0.15056550630321014,0.6981333433916254,0.8951644086661856,1.0,4.336224149432955,0.016636267338715045,0.2507390565637107,0.3
1769797823.02,4.342895263509006,0.14113454017489263,0.7147383552371066,0.2860840977922086,4.342895263509006,0.1562074166771566,0.7058394305149553,0.8690105457406265,1.0,4.342895263509006,0.014695015593563995,0.2364631228936554,0.3
1769797823.04,4.349566377585057,0.14665154090102395,0.7248673129441876,0.2976037770626533,4.349566377585057,0.1619370579515109,0.7133692700504817,0.8436604706202524,1.0,4.349566377585057,0.015406889753996556,0.23120698741327916,0.3
1769797823.06,4.356237491661107,0.15266440441198656,0.7154085711573861,0.3045788020957935,4.3562374916611075,0.1677535394572334,0.7207268787169182,0.8190918448118234,1.0,4.3562374916611075,0.015018591880366482,0.24130485898178597,0.3
1769797823.08,4.362908605737158,0.15828891688005198,0.7194327794986348,0.2914106614490735,4.362908605737158,0.1736559705252843,0.7279161957829369,0.7952823596026279,1.0,4.362908605737158,0.015307904038443447,0.24050099153289536,0.3
1769797823.1,4.369579719813209,0.16361878365975274,0.7412632484384254,0.2906319607922975,4.369579719813209,0.17964346048662413,0.7349410812470965,0.7722098176896863,1.0,4.369579719813209,0.016006062636854612,0.22344153104914874,0.3
1769797823.12,4.37625083388926,0.16911648944996474,0.7558284217111236,0.30449822764258505,4.37625083388926,0.185715118672213,0.7418053144420327,0.7498522040929672,1.0,4.37625083388926,0.016853334452837602,0.2142018179191731,0.3
1769797823.14,4.38292194796531,0.1758519569333918,0.7497396444967198,0.2985443569300569,4.38292194796531,0.1918700544130114,0.7485125930205732,0.7281877473417495,1.0,4.38292194796531,0.016067234763417655,0.21934305563566095,0.3
1769797823.16,4.389593062041361,0.18290018538032626,0.7481005954289834,0.30216097785084756,4.389593062041361,0.1981073770399795,0.755066532284592,0.7071949718590672,1.0,4.389593062041361,0.015290645298769499,0.22005391860696566,0.3
1769797823.18,4.396264176117412,0.1901910946447093,0.7561383372610594,0.29248489610039347,4.396264176117412,0.20442619588407782,0.76147066482042,0.6868527424052756,1.0,4.396264176117412,0.014088331740940995,0.20943828201863682,0.3
1769797823.2,4.402935290193462,0.1966635930379696,0.7621629483835712,0.28247244853901254,4.402935290193462,0.2108256202762665,0.7677284404074854,0.6671403013790248,1.0,4.402935290193462,0.014028540693169392,0.20519953388353818,0.3
1769797823.22,4.409606404269513,0.20267223383952424,0.7806844941442972,0.31771072803042155,4.409606404269513,0.217304759547506,0.7738432261695599,0.648037299713,1.0,4.409606404269513,0.014791605326870842,0.1916021487792563,0.3
1769797823.24,4.416277518345564,0.2090377164686039,0.778802979577066,0.29588022590724156,4.416277518345564,0.2238627230287566,0.7798183069405289,0.6295238220431627,1.0,4.416277518345564,0.014439476832861942,0.19411458991149955,0.3
1769797823.26,4.422948632421614,0.21383912525013268,0.7876810270125442,0.2893305048349379,4.4229486324216145,0.23049862005097865,0.7856568858189947,0.6115804067742706,1.0,4.4229486324216145,0.01689455968065192,0.19660819884386274,0.3
1769797823.28,4.429619746497665,0.21982958020059382,0.7866541611710982,0.3106123282385448,4.429619746497665,0.23721155994513238,0.7913620848882545,0.5941880616114161,1.0,4.429619746497665,0.017474056474376495,0.20179923951926337,0.3047156832418033
1769797823.3,4.436290860573716,0.22669381315545,0.7953132510719942,0.32135138732801577,4.436290860573716,0.2440006520421782,0.7969369460802765,0.57732827507732,1.0,4.436290860573716,0.017750925485212815,0.19612646858262675,0.3151657619496162
1769797823.32,4.442961974649767,0.2352682802934769,0.8015632243238112,0.3408727506703324,4.442961974649767,0.25086500567307646,0.8023844321642402,0.5609830244882585,1.0,4.442961974649767,0.015234555436508607,0.18214405435215283,0.32563894274627714
1769797823.34,4.449633088725817,0.24239088643875667,0.810639205761029,0.334447696970409,4.449633088725817,0.25780373016878744,0.8077074278419987,0.5451347808177532,1.0,4.449633088725817,0.01565110913837473,0.1765518192356943,0.3361258748530374
1769797823.36,4.456304202801868,0.2506386043352554,0.816496054621176,0.33696303277975365,4.456304202801868,0.2648159348602715,0.8129087409344882,0.5297665108365155,1.0,4.456304202801868,0.014190537037296584,0.16696275309767145,0.346617635466209
1769797823.38,4.462975316877919,0.2587752327750852,0.8214073560245968,0.36332057661508016,4.462975316877919,0.27190072907848883,0.8179911036446459,0.5148616768794874,1.0,4.462975316877919,0.012952776456092344,0.15914981372792408,0.3571057388655009
1769797823.4,4.469646430953969,0.26586343864989903,0.8170244879345913,0.37080913597834575,4.469646430953969,0.27905722215440004,0.822957173883808,0.5004042345561117,1.0,4.469646430953969,0.012951386893604288,0.16535196703516689,0.367582142200944
1769797823.42,4.47631754503002,0.2720208056477907,0.8152339442555455,0.3873698848154174,4.47631754503002,0.28628452341896515,0.827809536649871,0.48637862868799786,1.0,4.47631754503002,0.014464063078436678,0.1747470171116734,0.3780392482603767
1769797823.44,4.482988659106071,0.2791705400457697,0.8373832645007204,0.38510798883113256,4.482988659106071,0.2935817422031447,0.8325507054466834,0.4727697877288643,1.0,4.482988659106071,0.014468624790238627,0.1543953740914104,0.3884699055146094
1769797823.46,4.489659773182121,0.2865561911676635,0.837605323364541,0.3857080405133149,4.4896597731821215,0.30094798783789894,0.8371831237352397,0.45956311689482043,1.0,4.4896597731821215,0.014359741107453472,0.15551300887778657,0.39886740572926255
1769797823.48,4.496330887258172,0.29396044668510596,0.8474591668963624,0.40072728912114775,4.496330887258172,0.30838236965418814,0.8417091664082437,0.4467444902085896,1.0,4.496330887258172,0.014590119990946584,0.14827619934833552,0.4092254794215028
1769797823.5,4.503002001334223,0.302070609158459,0.8501929828922963,0.40069706682694406,4.503002001334223,0.3158839969829728,0.8461311412805276,0.43430024163900277,1.0,4.503002001334223,0.013734375345057257,0.14397051389538298,0.41953828942709476
1769797823.52,4.509673115410274,0.30975373960514674,0.8552759868621117,0.4135566210631075,4.509673115410274,0.32345197915521295,0.8504512905886469,0.42221715549684996,1.0,4.509673115410274,0.013639932427531285,0.1402105330988448,0.4298004228288636
1769797823.54,4.516344229486324,0.31731249280056917,0.8695659887906552,0.43208283803626213,4.516344229486324,0.33108542550186926,0.854671792493728,0.41048245622983587,1.0,4.516344229486324,0.013920655355197665,0.1286575592440013,0.44000688148228145
1769797823.56,4.523015343562375,0.32549230569944826,0.8637478551447073,0.463850330137567,4.523015343562375,0.33878344535390176,0.8587947625823437,0.39908379774277714,1.0,4.523015343562375,0.013222826973054522,0.133434029239856,0.4501530713578628
1769797823.58,4.529686457638426,0.3333453289052078,0.8624490660233038,0.447729681197441,4.529686457638426,0.346545148042271,0.8628222553608079,0.38800925235419337,1.0,4.529686457638426,0.013191821957138385,0.13622309686399037,0.46023479090369923
1769797823.6,4.536357571714476,0.3413907810616694,0.8728100074730131,0.4633605907812767,4.536357571714476,0.3543696428979372,0.866756265738864,0.3772472994869195,1.0,4.536357571714476,0.013208610959952282,0.12750960320808943,0.4702482186150953
1769797823.62,4.543028685790527,0.3504734769263405,0.8805396114540441,0.477734895300337,4.543028685790527,0.36225603925186073,0.8705987304992392,0.3667868141782115,1.0,4.543028685790527,0.01174764345653538,0.11573029229026952,0.4801898999820951
1769797823.64,4.549699799866578,0.3592451151773769,0.8729364671258256,0.48678368335574546,4.549699799866578,0.3702034464350018,0.8743515297500187,0.3566170554838891,1.0,4.549699799866578,0.010810228365919407,0.12126430122698995,0.4900567339699249
1769797823.66,4.556370913942628,0.36743484566157275,0.8765380175994614,0.5093856632637167,4.5563709139426285,0.3782109737783209,0.8780164883572001,0.3467276548412622,1.0,4.5563709139426285,0.010885367177866935,0.11945348089408248,0.49984595917216174
1769797823.68,4.563042028018679,0.3758894165019836,0.8940849616447069,0.4914213277396107,4.563042028018679,0.38627773061277826,0.8815953773551753,0.33710860444682317,1.0,4.563042028018679,0.01014337218178858,0.10053197678859951,0.5095551397618876
1769797823.7,4.56971314209473,0.383189388972003,0.884626507273902,0.5245047892325141,4.56971314209473,0.39440282626933426,0.8850899153332222,0.32775024569684647,1.0,4.56971314209473,0.011201901262301662,0.11550149597599604,0.5191821513522947
1769797823.72,4.576384256170781,0.39053765706481197,0.8915911245909738,0.5259724558587394,4.576384256170781,0.4025853700789491,0.8885017697963972,0.31864325773205454,1.0,4.576384256170781,0.012149843467064906,0.11359386447757563,0.528725166865221
1769797823.74,4.583055370246831,0.3985855043101513,0.8976183433420469,0.548624115942368,4.583055370246831,0.4108244713725832,0.8918325584994894,0.3097786461212822,1.0,4.583055370246831,0.012461937434632513,0.11015417345822465,0.5381826424939549
1769797823.76,4.589726484322882,0.4073846540501059,0.8911411541493867,0.544164628551144,4.589726484322882,0.419119239481197,0.8950838507529483,0.301147731713548,1.0,4.589726484322882,0.011445359522103411,0.11409072793797898,0.547553303835376
1769797823.78,4.596397598398933,0.41493055363807135,0.8951496750406276,0.5644939975476686,4.596397598398933,0.4274687837357506,0.898257168699908,0.2927421396830341,1.0,4.596397598398933,0.012634700854299252,0.1159787472167405,0.5568361322560834
1769797823.8,4.603068712474983,0.4230633435244866,0.904140726724791,0.577704965491097,4.603068712474983,0.43587221346720467,0.9013539885636312,0.2845537887871423,1.0,4.603068712474983,0.012945563376940923,0.10948305252576021,0.5660303515476093
1769797823.82,4.609739826551034,0.4319339966133265,0.9088602464836913,0.5568093850613126,4.609739826551034,0.4443286380065191,0.9043757418648681,0.276574880853956,1.0,4.609739826551034,0.012494601902577323,0.10430626382675151,0.575135414917091
1769797823.84,4.616410940627085,0.4411387537824285,0.9032916206539457,0.5793589953500399,4.616410940627085,0.45283716668465446,0.907323816608776,0.26879789051206904,1.0,4.616410940627085,0.011566034605359007,0.10755438334682896,0.5841509923518496
1769797823.86,4.623082054703135,0.44992491728254463,0.9088032981867019,0.593539326693525,4.6230820547031355,0.4613969088325711,0.9101995584411855,0.2612155551727719,1.0,4.6230820547031355,0.011671163266419843,0.10365952023713172,0.5930769583891718
1769797823.88,4.629753168779186,0.45965131251369895,0.9073857435164961,0.6056076101447274,4.629753168779186,0.47000697378122924,0.9130042717741149,0.2538208652719873,1.0,4.629753168779186,0.01036642498873304,0.10125094486978253,0.6019133803161637
1769797823.9,4.636424282855237,0.46919702899635346,0.9061419775082568,0.6009380711553607,4.636424282855237,0.4786664708615893,0.915739220880541,0.24660705477707845,1.0,4.636424282855237,0.009238532417789387,0.09931553235630602,0.6106605068188043
1769797823.92,4.643095396931288,0.47758433872043843,0.9234345454879959,0.6131481746809151,4.643095396931288,0.48737450940461147,0.9184056309585253,0.2395675919616727,1.0,4.643095396931288,0.009709341347020261,0.08495351156595872,0.6193187570942287
1769797823.94,4.649766511007338,0.4856795210423192,0.9170221429418745,0.6318066061917748,4.649766511007338,0.49613019874125625,0.9210046891648754,0.2326961704499286,1.0,4.649766511007338,0.010535753870112258,0.09563102500655069,0.6278887104357692
1769797823.96,4.656437625083389,0.4941676538953643,0.9285045128346222,0.6262895194789684,4.656437625083389,0.5049326482024838,0.923537545618591,0.22598670053019163,1.0,4.656437625083389,0.010760922706132773,0.08607376034434512,0.6363710962963358
1769797823.98,4.66310873915944,0.5028221184924833,0.9249387083935298,0.6312335236450045,4.66310873915944,0.5137809671192546,0.9260053143743998,0.21943330073671058,1.0,4.66310873915944,0.011144181175450046,0.09214049826233331,0.6447667848322737
1769797824.0,4.66977985323549,0.5123047471514519,0.9213908788728341,0.641062448395648,4.66977985323549,0.5226742648225289,0.928409074366745,0.2130302896969939,1.0,4.66977985323549,0.010332796505759457,0.0935712128034366,0.6530767779268659
1769797824.02,4.676450967311541,0.5216975735477413,0.9280816543041396,0.6357604805743154,4.676450967311541,0.531611650643267,0.9307498703246233,0.20677217824145847,1.0,4.676450967311541,0.009995640270994598,0.08655260288129388,0.6613022006901041
1769797824.04,4.683122081387592,0.5315042809017959,0.9360923511138879,0.6541832952519689,4.683122081387592,0.5405922339124294,0.9330287136577138,0.20065366177124344,1.0,4.683122081387592,0.009121205816210266,0.07611870726537162,0.6694442934291847
1769797824.06,4.689793195463642,0.5412951363316606,0.9275969320037082,0.6803060599548516,4.6897931954636425,0.5496151239609759,0.9352465833142624,0.19466961287940612,1.0,4.6897931954636425,0.008148955945767169,0.0817826921305518,0.6775044040823794
1769797824.08,4.696464309539693,0.550257148199018,0.9363506056103502,0.6932940099746893,4.696464309539693,0.5586794301198676,0.9374044266112156,0.18881507422017552,1.0,4.696464309539693,0.008391586214900089,0.07483340135579863,0.6854839811074395
1769797824.1,4.703135423615744,0.5592376279875864,0.9316910821698624,0.6847641944879129,4.703135423615744,0.5677842617200644,0.939503160037114,0.18308525162049877,1.0,4.703135423615744,0.008708348281452767,0.0815502029418061,0.6933845668144689
1769797824.12,4.709806537691795,0.568882367330828,0.9407859390329495,0.6804226153592545,4.709806537691795,0.5769287280925265,0.9415436700282697,0.1774755074277602,1.0,4.709806537691795,0.007955952421156296,0.07037279149191084,0.7012077911322554
1769797824.14,4.716477651767844,0.5781247337075038,0.9369299659665963,0.7035567242834923,4.716477651767845,0.5861119385682146,0.9435268137187656,0.17198135408727544,1.0,4.716477651767845,0.008006737483341377,0.07520012135536873,0.7089553657963042
1769797824.16,4.723148765843896,0.587473761235119,0.9592781417031656,0.7151560587354256,4.723148765843896,0.5953330024780885,0.9454534196648203,0.1665984479429511,1.0,4.723148765843896,0.00787475015496634,0.05308878224701778,0.7166290789462904
1769797824.18,4.729819879919947,0.5969641076643311,0.9618189808652027,0.7235014135065262,4.729819879919947,0.6045910291531092,0.9473242885440643,0.16132258325434906,1.0,4.729819879919947,0.007695865467723519,0.05057222845187527,0.7242307901202811
1769797824.2,4.7364909939959965,0.6066886085782708,0.9498961417148628,0.7296990800812072,4.736490993995997,0.6138851279242366,0.9491401938302791,0.15614968642328894,1.0,4.736490993995997,0.007108935262282412,0.0609187273402451,0.7317624256328847
1769797824.22,4.743162108072048,0.6159868718120922,0.9524285023782822,0.7259571146879981,4.743162108072048,0.623214408122431,0.9509018824441462,0.15107581042306706,1.0,4.743162108072048,0.007210024354076762,0.05942158569549898,0.7392259743244021
1769797824.24,4.749833222148099,0.6251739932187164,0.9481054180877649,0.7510151434743598,4.749833222148099,0.6325779790786529,0.9526100753805508,0.14609712942334435,1.0,4.749833222148099,0.007374566495295221,0.064991079304007,0.7466234836681185
1769797824.26,4.756504336224149,0.6342226208483979,0.9544646238217543,0.7432752248888905,4.7565043362241495,0.6419749501238625,0.9542654683129805,0.14120993360377054,1.0,4.7565043362241495,0.007751125866847282,0.06066023698718066,0.753957056223016
1769797824.28,4.7631754503002,0.6432422338115024,0.9578637629126495,0.7556525275977061,4.7631754503002,0.6514044305890201,0.9558687321755537,0.13641062414944627,1.0,4.7631754503002,0.00813879801782164,0.05929915300101121,0.7612288464194314
1769797824.3,4.769846564376251,0.6522551282106278,0.9505337989851885,0.7692367501079695,4.769846564376251,0.6608655298050863,0.9574205137231994,0.13169570842138728,1.0,4.769846564376251,0.008712877242394043,0.06935019819120256,0.7684410576654993
1769797824.32,4.776517678452302,0.6617757705107901,0.9566761125207293,0.7773292655924466,4.776517678452302,0.670357357103021,0.958921436070509,0.12706179529523481,1.0,4.776517678452302,0.008611114802901634,0.06329921140073547,0.7755959397625988
1769797824.34,4.783188792528351,0.6715442690895251,0.9520286678257198,0.7645746794599597,4.783188792528352,0.6798790218137849,0.9603720992097616,0.12250559066155114,1.0,4.783188792528352,0.008444810686369264,0.06775676534711578,0.78269578661846
1769797824.36,4.789859906604403,0.6817434495716305,0.9580950880900101,0.790182354120156,4.789859906604403,0.6894296332683382,0.9617730805086201,0.11802389308115009,1.0,4.789859906604403,0.007603261776900469,0.05887239882967196,0.7897429342470612
1769797824.38,4.796531020680453,0.6914520614979067,0.9608917787282786,0.8010220856639944,4.796531020680454,0.6990083007976411,0.9631249351879781,0.11361358958902938,1.0,4.796531020680454,0.007452639703004784,0.05587909529145421,0.7967397590449756
1769797824.4,4.8032021347565035,0.7007129263498224,0.9638738476064953,0.8065026232613048,4.803202134756504,0.7086141337326541,0.9644281967804298,0.10927165164060107,1.0,4.803202134756504,0.007936925093208706,0.05510664112997597,0.8036886763343668
1769797824.42,4.809873248832555,0.7103236038890484,0.9755115652747972,0.800525071109667,4.809873248832555,0.7182462414043376,0.9656833775698158,0.10499513119404853,1.0,4.809873248832555,0.0081057675541731,0.0444325687279767,0.8105921391634193
1769797824.44,4.816544362908606,0.7205722140831811,0.965893573352237,0.8082813517614492,4.816544362908606,0.7279037331436518,0.9668909690122919,0.100781156922777,1.0,4.816544362908606,0.007114844867252028,0.05052357857073543,0.8174526373555833
1769797824.46,4.823215476984656,0.7301279023420081,0.9729912077294206,0.8261253269145048,4.8232154769846565,0.7375857182815568,0.9680514421393445,0.0966269305520658,1.0,4.8232154769846565,0.007776040239263341,0.04621389239175399,0.8242726967996288
1769797824.48,4.829886591060707,0.7410645803497506,0.9649782768143929,0.8446157991163854,4.829886591060707,0.7472913061490132,0.9691652479431716,0.09252972331417113,1.0,4.829886591060707,0.0061226688161760265,0.04808507385757452,0.8310548789731411
1769797824.5,4.836557705136758,0.7515845594387895,0.9773856722042411,0.8601737165702319,4.836557705136758,0.7570196060769812,0.9702328177448258,0.08848687251627328,1.0,4.836557705136758,0.005503946973891421,0.033477664442978866,0.8378017806927227
1769797824.52,4.843228819212809,0.7622934304075933,0.9677913425724693,0.8589617047018203,4.843228819212809,0.7667697273964215,0.9712545635455061,0.08449577821580184,1.0,4.843228819212809,0.004343653968660238,0.03875495886671444,0.8445160340848256
1769797824.54,4.849899933288858,0.7724827473776281,0.9751823176228573,0.8516952486322926,4.849899933288859,0.7765407794382939,0.9722308783613673,0.0805538999978143,1.0,4.849899933288859,0.004157478822679889,0.03075750434095012,0.8512003067717935
1769797824.56,4.85657104736491,0.782917478053367,0.9676290903927266,0.8643630662558913,4.85657104736491,0.786331871533559,0.9731621365422033,0.07665875384924142,1.0,4.85657104736491,0.0031957222964964296,0.0346869940229678,0.8578573022683614
1769797824.58,4.863242161440961,0.7923459697817352,0.9719356129875881,0.8766134028669704,4.863242161440961,0.796142113013177,0.974048694074344,0.0728079091249476,1.0,4.863242161440961,0.0038103698079841883,0.032783670848354735,0.8644897605845311
1769797824.6,4.8699132755170105,0.8019951154988358,0.9758829780891466,0.8562746462914328,4.869913275517011,0.8059706132081086,0.9748908888680904,0.06899898560068675,1.0,4.869913275517011,0.004129761007473276,0.030068882445044978,0.8711004590314204
1769797824.62,4.876584389593062,0.8121756101742825,0.974869326736353,0.8884661864865342,4.876584389593062,0.8158164814493134,0.975689041029999,0.06522965060816167,1.0,4.876584389593062,0.003452324841773941,0.028446644638765593,0.8776922132273685
1769797824.64,4.883255503669113,0.8213149884539843,0.9710527515010309,0.8958896814070774,4.883255503669113,0.8256788270677525,0.97644345312031,0.06149761624751927,1.0,4.883255503669113,0.004202605573221709,0.035081811871130006,0.8842678783022686
1769797824.66,4.889926617745163,0.8301655436729605,0.9828140114074934,0.8867637176980431,4.8899266177451635,0.8355567593943857,0.9771544103958003,0.05780063667273164,1.0,4.8899266177451635,0.00585481351658265,0.029570562149689054,0.8908303502988015
1769797824.68,4.896597731821214,0.8412636953707118,0.976640567622064,0.8742187017405616,4.896597731821214,0.8454493877601734,0.977822181038326,0.05413650544542832,1.0,4.896597731821214,0.004269832490834216,0.029512038060296182,0.8973825677699443
1769797824.7,4.903268845897265,0.8524625272162634,0.9710223271776731,0.9203124937288824,4.903268845897265,0.8553558214960764,0.978447016369305,0.05050305295285294,1.0,4.903268845897265,0.002601320621207423,0.028539649172864577,0.9039275135728511
1769797824.72,4.909939959973316,0.8622406791297442,0.9772184938204793,0.9148043242771248,4.909939959973316,0.8652751699330543,0.979029151050378,0.04689814388572129,1.0,4.909939959973316,0.002976354611398514,0.02357490052259925,0.910468216859926
1769797824.74,4.916611074049365,0.8721505050442335,0.9758278810297475,0.920140490872024,4.916611074049366,0.875206542402068,0.9795688032704656,0.043319674771855846,1.0,4.916611074049366,0.003459013587762569,0.026574075764381297,0.9170077552686516
1769797824.76,4.923282188125417,0.8835426128139064,0.9825952760532027,0.9184865738826845,4.923282188125417,0.8851490482340776,0.980066174919432,0.03976557156156392,1.0,4.923282188125417,0.001208161535689759,0.010865843125745265,0.9235492573124942
1769797824.78,4.929953302201467,0.8929916468786742,0.9887260449096498,0.9400070901990245,4.929953302201468,0.8951017967600435,0.9805214517485462,0.03623378726081314,1.0,4.929953302201468,0.002025687637376901,0.007557619857621282,0.9300959049759792
1769797824.8,4.9366244162775175,0.9021697999228213,0.9744978311967388,0.9465905427623532,4.936624416277518,0.905063897310926,0.9809348035179194,0.032722299608339014,1.0,4.936624416277518,0.0030173735061151995,0.025240515627684243,0.9366509365178303
1769797824.82,4.943295530353569,0.9121202850544619,0.9866011609599251,0.9250916642011447,4.943295530353569,0.9150344592176851,0.9813063841310834,0.029229108792893883,1.0,4.943295530353569,0.00311121770000022,0.013101189297696922,0.9432176494868807
1769797824.84,4.94996664442962,0.9227641264672392,0.989682588688845,0.9375050311925177,4.94996664442962,0.9250125918112817,0.981636331756859,0.0257522352069156,1.0,4.94996664442962,0.0020222851202197096,0.005397037046465,0.9497994039563166
1769797824.86,4.95663775850567,0.9324009836054764,0.9827596275553646,0.964276688126991,4.9566377585056705,0.9349974044226758,0.9819247689386528,0.02228971723295738,1.0,4.9566377585056705,0.002644944253831925,0.014241351485364602,0.9563996259826882
1769797824.88,4.963308872581721,0.9423581341273982,0.9824847781402898,0.9693643889428109,4.963308872581721,0.9449880063828278,0.9821718026913016,0.018839609059277198,1.0,4.963308872581721,0.0027237229348284217,0.014307189058242395,0.963021811297037
1769797824.9,4.969979986657772,0.9527002511532837,0.9797010430135136,0.991339426691944,4.969979986657772,0.9549835070226977,0.9823775245855756,0.015399978521036134,1.0,4.969979986657772,0.0022302525361817876,0.0146421478750157,0.969669529236438
1769797824.92,4.9766511007338226,0.9628096803635012,0.9864189162364926,0.9939429371586109,4.9766511007338226,0.9649830156732464,0.9825420108204346,0.011968904963600122,1.0,4.9766511007338226,0.002187996382493421,0.007171419646062171,0.9763464269252555
1769797824.94,4.983322214809872,0.972802046053525,0.9734358565730576,0.9787715438896524,4.983322214809873,0.9749856416654339,0.9826653222831169,0.008544477124478533,1.0,4.983322214809873,0.0019981137522231056,0.018794150068673354,0.9830562337164491
1769797824.96,4.989993328885924,0.9821228259509563,0.9891864825414086,0.9787259095344767,4.989993328885924,0.9849904943302207,0.9827475045971301,0.005124791030466106,1.0,4.989993328885924,0.003061664598538047,0.006463564429799177,0.9898027659043688
1769797824.98,4.996664442961975,0.9924207938619457,0.987932664839069,0.9878900728811226,4.996664442961975,0.9949966829985669,0.982788588158197,0.001707947906581696,1.0,4.996664442961975,0.0026477614602352074,0.005415017744136723,0.9965899317216341
1769797825.0,5.0033355570380245,1.0030454268541071,0.9803463200522124,0.9958154326016014,5.003335557038025,1.0050033170014332,0.9827885881581969,-0.0017079479065816967,1.0,5.003335557038025,0.0019491510516330957,0.009563113961515882,0.9965899317216341
1769797825.02,5.010006671114076,1.0134774790007421,0.9751041580117963,0.9944103461915953,5.010006671114076,1.0150095056697794,0.98274750459713,-0.005124791030466107,1.0,5.010006671114076,0.0013802282700778722,0.011824413439931252,0.9898027659043688
1769797825.04,5.016677785190126,1.0237221889009833,0.9850049464759324,0.9740039335884682,5.016677785190127,1.0250143583345661,0.9826653222831169,-0.008544477124478535,1.0,5.016677785190127,0.0018132197156664415,0.0027544019802918022,0.9830562337164491
1769797825.06,5.023348899266177,1.0358220260822495,0.9801602977279008,0.9568471158321462,5.0233488992661774,1.0350169843267536,0.9825420108204346,-0.011968904963600124,1.0,5.0233488992661774,-0.0013814824575286045,-0.0055647839791975896,0.9763464269252555
1769797825.08,5.030020013342228,1.0452104978797294,0.9846013973402631,0.9558871866470325,5.030020013342228,1.0450164929773023,0.9823775245855756,-0.015399978521036136,1.0,5.030020013342228,-0.0002153136767284701,-0.006439984402925415,0.969669529236438
1769797825.1,5.036691127418279,1.0545842096616598,0.9792893264274116,0.958024809087804,5.036691127418279,1.0550119936171725,0.9821718026913016,-0.018839609059277198,1.0,5.036691127418279,0.0005124648867023187,0.0007088022467416286,0.963021811297037
1769797825.12,5.0433622414943295,1.0644563642935274,0.9843414855384764,0.9545467601072121,5.0433622414943295,1.0650025955773244,0.9819247689386528,-0.02228971723295738,1.0,5.0433622414943295,0.0006494964548480272,-0.004822356993836995,0.9563996259826882
1769797825.14,5.050033355570379,1.0743721347759303,0.9783779025259811,0.9527863630565895,5.05003335557038,1.0749874081887183,0.981636331756859,-0.0257522352069156,1.0,5.05003335557038,0.00017698513175151435,-0.0017262899591521793,0.9497994039563166
1769797825.16,5.056704469646431,1.0829207674297292,0.9830617691549941,0.9409994942276622,5.056704469646431,1.0849655407823149,0.9813063841310834,-0.029229108792893883,1.0,5.056704469646431,0.0027229808354847377,0.00228692000440737,0.9432176494868807
1769797825.18,5.063375583722481,1.0945302741628877,0.9859088342485287,0.9361137876292599,5.063375583722482,1.094936102689074,0.9809348035179195,-0.032722299608339,1.0,5.063375583722482,0.0003017343520164697,-0.011012296071488339,0.9366509365178304
1769797825.2,5.0700466977985315,1.105394184729567,0.986526130931349,0.9297536344389138,5.070046697798532,1.1048982032399566,0.9805214517485462,-0.03623378726081314,1.0,5.070046697798532,-0.0007558048432970601,-0.01688287705855073,0.9300959049759792
1769797825.22,5.076717811874583,1.1149875807271816,0.991003495073937,0.9333459951023158,5.076717811874583,1.1148509517659222,0.980066174919432,-0.03976557156156392,1.0,5.076717811874583,-0.00019463454645393766,-0.02043411699111554,0.9235492573124942
1769797825.24,5.083388925950633,1.1243524686525554,0.9838829185510438,0.9384018604330145,5.083388925950634,1.124793457597932,0.9795688032704656,-0.043319674771855846,1.0,5.083388925950634,0.0004831736040421455,-0.011985797332285091,0.9170077552686516
1769797825.26,5.0900600400266836,1.1337013668209173,0.9781453177409867,0.9287130337354955,5.090060040026684,1.1347248300669452,0.979029151050378,-0.04689814388572129,1.0,5.090060040026684,0.0008106117485772017,-0.006315664864209619,0.910468216859926
1769797825.28,5.096731154102735,1.1422816100476787,0.9811512397726522,0.9235918423737912,5.096731154102735,1.1446441785039234,0.9784470163693051,-0.050503052952852935,1.0,5.096731154102735,0.002587220502749136,-0.003863918228969773,0.9039275135728511
1769797825.3,5.103402268178786,1.1520279808580913,0.9746488039914253,0.894013077155243,5.103402268178786,1.1545506122398266,0.9778221810383259,-0.054136505445428335,1.0,5.103402268178786,0.0026403827483661435,0.0014188781192661006,0.8973825677699443
1769797825.32,5.1100733822548365,1.1622181297512078,0.9695257003714219,0.8980808365101309,5.1100733822548365,1.1644432406056144,0.9771544103958003,-0.05780063667273164,1.0,5.1100733822548365,0.0021193825594997113,0.0030645461351086825,0.8908303502988015
1769797825.34,5.116744496330886,1.1721834916991634,0.9718793933087033,0.8864966463328289,5.116744496330887,1.1743211729322476,0.9764434531203101,-0.06149761624751926,1.0,5.116744496330887,0.0024062929974898025,0.00029011849256395036,0.8842678783022686
1769797825.36,5.123415610406938,1.1832738199184536,0.9696135616831095,0.8814830462092912,5.123415610406938,1.1841835185506868,0.975689041029999,-0.06522965060816169,1.0,5.123415610406938,0.000781143336341495,-0.005269670397041638,0.8776922132273685
1769797825.38,5.130086724482989,1.1935298425183296,0.9714447621042221,0.876088736011257,5.130086724482989,1.1940293867918916,0.9748908888680904,-0.06899898560068675,1.0,5.130086724482989,0.00026516336830810603,-0.010712625537645543,0.8711004590314204
1769797825.4,5.1367578385590384,1.2026392233355305,0.9710327772827327,0.8539019985861415,5.136757838559039,1.2038578869868228,0.974048694074344,-0.0728079091249476,1.0,5.136757838559039,0.0011657994264691694,-0.008516639647598807,0.8644897605845311
1769797825.42,5.14342895263509,1.211648369961809,0.9720945196786062,0.8572231824918164,5.14342895263509,1.2136681284664412,0.9731621365422033,-0.07665875384924142,1.0,5.14342895263509,0.0021662240295498136,-0.007464272208588054,0.8578573022683614
1769797825.44,5.15010006671114,1.2210484335115477,0.9611077347996818,0.8679800920976577,5.150100066711141,1.2234592205617059,0.9722308783613673,-0.0805538999978143,1.0,5.150100066711141,0.0021181981906689138,0.001549876362098513,0.8512003067717935
1769797825.46,5.1567711807871905,1.2293737773362716,0.9724509330631602,0.8422173712786826,5.156771180787191,1.2332302726035786,0.9712545635455061,-0.08449577821580184,1.0,5.156771180787191,0.0041471902199090764,-0.0038339209335803044,0.8445160340848256
1769797825.48,5.163442294863242,1.2390771168831785,0.9675068048248405,0.848673516384849,5.163442294863242,1.2429803939230184,0.9702328177448258,-0.08848687251627328,1.0,5.163442294863242,0.003924696316548035,-0.0016448009700415073,0.8378017806927227
1769797825.5,5.170113408939293,1.2488499833463151,0.9619681868956126,0.8314524474587909,5.170113408939293,1.252708693850987,0.9691652479431715,-0.09252972331417117,1.0,5.170113408939293,0.003828280796264665,0.0015664260368145715,0.8310548789731411
1769797825.52,5.1767845230153435,1.258591940321781,0.971727015486465,0.8478780105496398,5.1767845230153435,1.2624142817184432,0.9680514421393445,-0.0966269305520658,1.0,5.1767845230153435,0.003933437214891309,-0.009802846142690462,0.8242726967996288
1769797825.54,5.183455637091393,1.2690438049609936,0.9612908845277731,0.80916665907885,5.183455637091394,1.2720962668563485,0.9668909690122919,-0.10078115692277706,1.0,5.183455637091394,0.0032439224073657798,-0.004092160639291138,0.8174526373555832
1769797825.56,5.190126751167445,1.2800596196913387,0.9710166231164914,0.8106749205598305,5.190126751167445,1.2817537585956624,0.9656833775698158,-0.10499513119404853,1.0,5.190126751167445,0.0013646066060712825,-0.023179628744059395,0.8105921391634193
1769797825.58,5.196797865243495,1.28968097407312,0.9765109827513857,0.7965434679160113,5.196797865243496,1.2913858662673459,0.9644281967804298,-0.10927165164060107,1.0,5.196797865243496,0.0018482492375061393,-0.029009388818498127,0.8036886763343668
1769797825.6,5.203468979319545,1.299900298139716,0.9631111773662706,0.8028313700182841,5.203468979319546,1.3009916992023585,0.9631249351879783,-0.11361358958902934,1.0,5.203468979319546,0.0010203712121477362,-0.021051544121417617,0.7967397590449756
1769797825.62,5.210140093395597,1.3097581745503766,0.9638144081112818,0.7922047206363427,5.210140093395597,1.3105703667316617,0.9617730805086201,-0.11802389308115009,1.0,5.210140093395597,0.0007822171609909736,-0.024992232763046598,0.7897429342470612
1769797825.64,5.216811207471647,1.3193974659214405,0.9564681378609783,0.7962044305905362,5.216811207471648,1.3201209781862149,0.9603720992097617,-0.1225055906615511,1.0,5.216811207471648,0.0006448106532161303,-0.020560710039083625,0.78269578661846
1769797825.66,5.2234823215476975,1.3286636583448066,0.9611319295833388,0.7751424544027291,5.223482321547698,1.329642642896979,0.958921436070509,-0.12706179529523481,1.0,5.223482321547698,0.000973159791744794,-0.026413906080167526,0.7755959397625988
1769797825.68,5.230153435623749,1.337931003201692,0.9661209559405971,0.7739358463062399,5.230153435623749,1.3391344701949142,0.9574205137231993,-0.13169570842138734,1.0,5.230153435623749,0.0012318016420683907,-0.032927731946487925,0.7684410576654992
1769797825.7,5.2368245496998,1.3473628062145737,0.9506346261004689,0.7733877583652615,5.2368245496998,1.34859556941098,0.9558687321755537,-0.13641062414944627,1.0,5.2368245496998,0.0012649929911188022,-0.0199019075279978,0.7612288464194314
1769797825.72,5.2434956637758505,1.3568810048784488,0.9604501860130238,0.7548599678962638,5.2434956637758505,1.3580250498761375,0.9542654683129805,-0.14120993360377052,1.0,5.2434956637758505,0.0010800349400229676,-0.03308695815699514,0.753957056223016
1769797825.74,5.2501667778519,1.36595803254315,0.9515980391593063,0.7543793597352927,5.250166777851901,1.3674220209213472,0.9526100753805508,-0.14609712942334435,1.0,5.250166777851901,0.0013215309814613371,-0.02603550334241804,0.7466234836681185
1769797825.76,5.256837891927952,1.374704044820434,0.946566433536531,0.7428545961132709,5.256837891927952,1.3767855918775689,0.9509018824441463,-0.15107581042306703,1.0,5.256837891927952,0.002415332854484176,-0.019599524366140698,0.7392259743244021
1769797825.78,5.263509006004003,1.384708884932347,0.9432802623558441,0.7271584711788526,5.263509006004003,1.3861148720757634,0.9491401938302791,-0.15614968642328894,1.0,5.263509006004003,0.0011071479237486786,-0.02422126002053785,0.7317624256328847
1769797825.8,5.270180120080052,1.3932786737363463,0.9439468541142845,0.7137960885114887,5.270180120080053,1.395408970846891,0.9473242885440643,-0.16132258325434906,1.0,5.270180120080053,0.0020898288277464436,-0.024061013466272787,0.7242307901202811
1769797825.82,5.276851234156104,1.4018128658033449,0.938021927862527,0.7167888209536221,5.276851234156104,1.4046669975219113,0.9454534196648203,-0.1665984479429511,1.0,5.276851234156104,0.0030073869679583445,-0.017637410889873185,0.7166290789462904
1769797825.84,5.283522348232154,1.4111206437447008,0.9413461111140446,0.7023097014720393,5.283522348232155,1.4138880614317852,0.9435268137187657,-0.1719813540872753,1.0,5.283522348232155,0.0028258123976130155,-0.02476907475515607,0.7089553657963045
1769797825.86,5.2901934623082045,1.4202292095674252,0.9441735652324074,0.696304187954876,5.290193462308205,1.4230712719074734,0.9415436700282697,-0.1774755074277602,1.0,5.290193462308205,0.0023703415722834517,-0.03253823824297806,0.7012077911322554
1769797825.88,5.296864576384256,1.4273656072553091,0.9408773559781246,0.6789654535969761,5.296864576384256,1.4322157382799356,0.939503160037114,-0.18308525162049877,1.0,5.296864576384256,0.00507932647268812,-0.022097803691623886,0.6933845668144689
1769797825.9,5.303535690460307,1.435925022400059,0.9338716571254715,0.6880352267733307,5.303535690460307,1.4413205698801326,0.9374044266112156,-0.1888150742201756,1.0,5.303535690460307,0.005748986179319069,-0.015874796517348907,0.6854839811074394
1769797825.92,5.3102068045363575,1.446078382246208,0.9425304924973184,0.6764439491260752,5.3102068045363575,1.4503848760390243,0.9352465833142622,-0.1946696128794062,1.0,5.3102068045363575,0.004251057897736594,-0.033736302525752715,0.6775044040823793
1769797825.94,5.316877918612407,1.4559767068510885,0.9365259043036832,0.6740014894061203,5.316877918612408,1.4594077660875704,0.9330287136577139,-0.20065366177124336,1.0,5.316877918612408,0.0034347248389182744,-0.03440264398299147,0.6694442934291848
1769797825.96,5.323549032688459,1.4659861619979908,0.9208976298720984,0.6697311145514278,5.323549032688459,1.4683883493567327,0.9307498703246234,-0.20677217824145844,1.0,5.323549032688459,0.002496211756059837,-0.02600578034235585,0.6613022006901043
1769797825.98,5.330220146764509,1.4762926309741402,0.9348436142242849,0.6566370822340479,5.33022014676451,1.4773257351774711,0.928409074366745,-0.2130302896969939,1.0,5.33022014676451,0.0008913375117611433,-0.04983872701154797,0.6530767779268659
1769797826.0,5.336891260840559,1.4856673148692567,0.9258961726357678,0.6498716037300378,5.33689126084056,1.4862190328807454,0.9260053143743998,-0.21943330073671058,1.0,5.33689126084056,0.00028151082444708645,-0.04704600126138142,0.6447667848322737
1769797826.02,5.343562374916611,1.4937385948829267,0.9115172937039969,0.6421478121594789,5.343562374916611,1.4950673517975164,0.923537545618591,-0.22598670053019163,1.0,5.343562374916611,0.0012863199060035996,-0.032708575610456994,0.6363710962963358
1769797826.04,5.350233488992661,1.501778928380726,0.9110346838028162,0.6352915310413406,5.350233488992662,1.5038698012587437,0.9210046891648755,-0.23269617044992855,1.0,5.350233488992662,0.0022579657355476946,-0.0324942357399482,0.6278887104357692
1769797826.06,5.3569046030687115,1.5105934174386355,0.9214387641184754,0.6285481023300012,5.356904603068712,1.5126254905953884,0.9184056309585253,-0.2395675919616727,1.0,5.356904603068712,0.002026462048391219,-0.04789535632882982,0.6193187570942287
1769797826.08,5.363575717144763,1.5194834751634279,0.9128597402239929,0.6089029274544376,5.363575717144763,1.521333529138411,0.915739220880541,-0.24660705477707845,1.0,5.363575717144763,0.001951807814220028,-0.04381412225181518,0.6106605068188043
1769797826.1,5.370246831220814,1.528960948151731,0.9178451550358568,0.6075473300382738,5.370246831220814,1.5299930262187704,0.913004271774115,-0.25382086527198716,1.0,5.370246831220814,0.0011446420807771824,-0.05622110068884971,0.6019133803161639
1769797826.12,5.3769179452968645,1.5387968906777278,0.9064556915699324,0.5872060718441221,5.3769179452968645,1.5386030911674287,0.9101995584411855,-0.2612155551727718,1.0,5.3769179452968645,-0.0003606287033835424,-0.05504745076886344,0.593076958389172
1769797826.14,5.383589059372914,1.547566168556719,0.907196560774334,0.568418037970016,5.383589059372915,1.5471628333153455,0.907323816608776,-0.26879789051206904,1.0,5.383589059372915,-0.0006914636539873834,-0.06159896112313444,0.5841509923518496
1769797826.16,5.390260173448966,1.5551295203565347,0.8967492268630028,0.5847476256468285,5.390260173448966,1.555671361993481,0.9043757418648681,-0.276574880853956,1.0,5.390260173448966,0.0006805148166362302,-0.0505276759489552,0.575135414917091
1769797826.18,5.396931287525017,1.5633468405617212,0.8981904496550736,0.5653119727088907,5.396931287525017,1.5641277865327954,0.9013539885636312,-0.2845537887871423,1.0,5.396931287525017,0.0007877728712243847,-0.05632682135084786,0.5660303515476093
1769797826.2,5.403602401601066,1.5714721738376787,0.8968394139713181,0.5556886019869874,5.403602401601067,1.5725312162642495,0.8982571686999079,-0.2927421396830341,1.0,5.403602401601067,0.0009351966299742067,-0.05929979878351376,0.5568361322560834
1769797826.22,5.410273515677118,1.5790553443401374,0.8878887081436875,0.5576432983976861,5.410273515677118,1.580880760518803,0.8950838507529482,-0.301147731713548,1.0,5.410273515677118,0.0018612004559523873,-0.051802335736161886,0.547553303835376
1769797826.24,5.416944629753168,1.58689134301737,0.8936149925014499,0.5470675355302239,5.416944629753169,1.589175528627417,0.8918325584994892,-0.3097786461212824,1.0,5.416944629753169,0.002370020490815923,-0.060713306401466244,0.5381826424939546
1769797826.26,5.4236157438292185,1.5951235045218402,0.8828682931031524,0.551529804987289,5.423615743829219,1.5974146299210512,0.888501769796397,-0.31864325773205476,1.0,5.423615743829219,0.0022867254495281767,-0.05555867480602979,0.5287251668652208
1769797826.28,5.43028685790527,1.6033306827055334,0.8812745657386128,0.533501870182031,5.43028685790527,1.6055971737306658,0.8850899153332222,-0.32775024569684647,1.0,5.43028685790527,0.0022620408028746226,-0.05946519400542638,0.5191821513522947
1769797826.3,5.436957971981321,1.611320375171967,0.8847519833835915,0.5031275278062883,5.436957971981321,1.6137222693872217,0.8815953773551753,-0.33710860444682317,1.0,5.436957971981321,0.00220517620186491,-0.06870372828694865,0.5095551397618876
1769797826.32,5.4436290860573715,1.6184219571014853,0.8757509496097506,0.500234426012036,5.4436290860573715,1.6217890262216788,0.8780164883572004,-0.34672765484126206,1.0,5.4436290860573715,0.0033969759790966414,-0.06080256175057943,0.4998459591721619
1769797826.34,5.450300200133421,1.6258184483924045,0.8717272173095393,0.5038437226018806,5.450300200133422,1.6297965535649983,0.8743515297500187,-0.3566170554838891,1.0,5.450300200133422,0.00413344919244719,-0.05977451628311676,0.4900567339699249
1769797826.36,5.456971314209473,1.6338174757847859,0.8617690854104878,0.4919481856108178,5.456971314209473,1.6377439607481394,0.8705987304992392,-0.3667868141782115,1.0,5.456971314209473,0.003804082305499553,-0.057058952161257136,0.4801898999820951
1769797826.38,5.463642428285523,1.6412888310643432,0.8710103996746492,0.4892632594612677,5.463642428285524,1.645630357102063,0.866756265738864,-0.3772472994869195,1.0,5.463642428285524,0.004385066328216098,-0.07019472552591224,0.4702482186150953
1769797826.4,5.470313542361573,1.6491395805431983,0.8647545235611652,0.48684635447855396,5.470313542361574,1.653454851957729,0.8628222553608079,-0.38800925235419337,1.0,5.470313542361574,0.004491477591511634,-0.06981467458835001,0.46023479090369923
1769797826.42,5.476984656437625,1.6577764370538342,0.8646510328799556,0.4686345610662168,5.476984656437625,1.6612165546460989,0.8587947625823434,-0.39908379774277736,1.0,5.476984656437625,0.003403929131466261,-0.08033885633062632,0.4501530713578626
1769797826.44,5.483655770513675,1.6660983334278827,0.8575943854458189,0.45396878728520357,5.483655770513676,1.6689145744981309,0.854671792493728,-0.41048245622983587,1.0,5.483655770513676,0.0026701604173858112,-0.0827149526618228,0.44000688148228145
1769797826.46,5.4903268845897255,1.6740610518366656,0.8494928014971306,0.43089024737818366,5.490326884589726,1.6765480208447872,0.8504512905886469,-0.42221715549684996,1.0,5.490326884589726,0.002809500756212136,-0.08085815853202724,0.4298004228288636
1769797826.48,5.496997998665777,1.6832450713555849,0.842142851488447,0.41077871829823737,5.496997998665777,1.6841160030170277,0.8461311412805275,-0.434300241639003,1.0,5.496997998665777,0.0005870846138218719,-0.08901058352442145,0.4195382894270946
1769797826.5,5.503669112741828,1.6911027127883758,0.8489084959661911,0.41221914158956563,5.503669112741828,1.6916176303458115,0.8417091664082439,-0.4467444902085893,1.0,5.503669112741828,0.0005131590268716777,-0.10319478894477528,0.409225479421503
1769797826.52,5.5103402268178785,1.6991037391326518,0.8343976997043617,0.388062113901779,5.5103402268178785,1.699052012162101,0.8371831237352397,-0.45956311689482043,1.0,5.5103402268178785,9.986441689951589e-05,-0.09759197084601134,0.39886740572926255
1769797826.54,5.517011340893928,1.7075801126797416,0.8333083642821187,0.3835485759946496,5.517011340893929,1.7064182577968552,0.8325507054466834,-0.4727697877288643,1.0,5.517011340893929,-0.0013939341548402397,-0.10975560588560991,0.3884699055146094
1769797826.56,5.52368245496998,1.7147555730440316,0.8260103854073748,0.383886337872726,5.52368245496998,1.7137154765810343,0.8278095366498711,-0.4863786286879976,1.0,5.52368245496998,-0.0012579730433452023,-0.10963686453694757,0.3780392482603769
1769797826.58,5.530353569046031,1.720980941724766,0.8174768524132843,0.3673641040780407,5.530353569046031,1.7209427778456,0.822957173883808,-0.5004042345561117,1.0,5.530353569046031,2.850181223554654e-05,-0.1040574504943636,0.367582142200944
1769797826.6,5.53702468312208,1.727516801695304,0.8208703677650054,0.3572675400207378,5.537024683122081,1.728099270921511,0.8179911036446459,-0.5148616768794874,1.0,5.537024683122081,0.0005818539561369592,-0.1134302161250446,0.3571057388655009
1769797826.62,5.543695797198132,1.7339227005154862,0.8093016957613586,0.359413512264477,5.543695797198132,1.7351840651397288,0.8129087409344882,-0.5297665108365157,1.0,5.543695797198132,0.0011342747342133921,-0.10805556339149207,0.34661763546620883
1769797826.64,5.550366911274182,1.740078819216364,0.8124936180741813,0.3430846820042962,5.550366911274183,1.7421962698312123,0.8077074278419987,-0.545134780817753,1.0,5.550366911274183,0.0024607566490125496,-0.1146816000173624,0.3361258748530376
1769797826.66,5.5570380253502325,1.7476146977952853,0.7990144306944863,0.3373462117855091,5.557038025350233,1.7491349943269237,0.8023844321642402,-0.5609830244882585,1.0,5.557038025350233,0.0012979615835810821,-0.1144332023970883,0.32563894274627714
1769797826.68,5.563709139426284,1.7542412897757744,0.7865268303082957,0.3265206707397429,5.563709139426284,1.7559993479578218,0.7969369460802765,-0.57732827507732,1.0,5.563709139426284,0.001886334674548453,-0.1086706428369338,0.3151657619496162
1769797826.7,5.570380253502335,1.7614592555844375,0.7891662238173278,0.3220234722239718,5.570380253502335,1.762788440054868,0.7913620848882543,-0.5941880616114165,1.0,5.570380253502335,0.001321934666931356,-0.12270414210094718,0.3047156832418031
1769797826.72,5.5770513675783855,1.768835858371404,0.7866534759979585,0.3069512813659942,5.5770513675783855,1.7695013799490216,0.7856568858189946,-0.6115804067742708,1.0,5.5770513675783855,0.000857990972248696,-0.13144112352375945,0.3
1769797826.74,5.583722481654435,1.7767885336024487,0.7813249240050159,0.32614160479830245,5.583722481654436,1.7761372769712431,0.779818306940529,-0.6295238220431625,1.0,5.583722481654436,-0.0009733746954051685,-0.14287015313531573,0.3
1769797826.76,5.590393595730487,1.783198022250862,0.7716761667512784,0.29810585680969126,5.590393595730487,1.7826952404524943,0.7738432261695599,-0.6480372997130001,1.0,5.590393595730487,-0.0005427507480679676,-0.14153432540200847,0.3
1769797826.78,5.597064709806537,1.7893931630238573,0.7657072896226653,0.3163881162241998,5.597064709806538,1.7891743797237334,0.7677284404074854,-0.6671403013790248,1.0,5.597064709806538,-0.0002466094102751965,-0.14465773109447463,0.3
1769797826.8,5.603735823882587,1.7953662714209868,0.7579050939412397,0.29751938533184147,5.603735823882588,1.7955738041159224,0.7614706648204198,-0.6868527424052759,1.0,5.603735823882588,0.00011535549977456595,-0.1459637559968867,0.3
1769797826.82,5.610406937958639,1.8006535978554363,0.7573422586747909,0.304229857461911,5.610406937958639,1.8018926229600205,0.7550665322845919,-0.7071949718590674,1.0,5.610406937958639,0.0009834033859885826,-0.15283889189068406,0.3
1769797826.84,5.617078052034689,1.8048813005626865,0.7413556473541754,0.3135293852372234,5.61707805203469,1.8081299455869893,0.7485125930205729,-0.7281877473417498,1.0,5.61707805203469,0.003381922650548098,-0.13868792870906185,0.3
1769797826.86,5.6237491661107395,1.809934701613776,0.7447371776357921,0.3011417964653695,5.62374916611074,1.8142848813277865,0.741805314442033,-0.7498522040929666,1.0,5.62374916611074,0.004553915802038463,-0.14891355847999863,0.3
1769797826.88,5.630420280186791,1.8161181449970905,0.7296692281731259,0.29887589096637013,5.630420280186791,1.8203565395133756,0.7349410812470967,-0.7722098176896861,1.0,5.630420280186791,0.004417668437712691,-0.14601826179448174,0.3
1769797826.9,5.637091394262842,1.8230449387505352,0.7307940077560486,0.30081370867783425,5.637091394262842,1.8263440294747153,0.7279161957829371,-0.7952823596026276,1.0,5.637091394262842,0.003205829460981332,-0.1637572344189658,0.3
1769797826.92,5.6437625083388925,1.8295531763278572,0.7211308465961743,0.3028768512284133,5.6437625083388925,1.8322464605427666,0.7207268787169182,-0.8190918448118234,1.0,5.6437625083388925,0.002709947267047375,-0.1682683254058598,0.3
1769797826.94,5.650433622414942,1.8360120973154326,0.7206503440127101,0.30571323575621406,5.650433622414943,1.8380629420484889,0.7133692700504818,-0.8436604706202521,1.0,5.650433622414943,0.0019237672333329303,-0.18339907962644889,0.3
1769797826.96,5.657104736490994,1.8420755025283295,0.7037071936198752,0.2863629146917459,5.657104736490994,1.8437925833228435,0.7058394305149553,-0.8690105457406265,1.0,5.657104736490994,0.001914593351877898,-0.17940689971479504,0.3
1769797826.98,5.663775850567045,1.848952641996,0.6965515506934563,0.3098409416421127,5.663775850567045,1.8494344936967897,0.6981333433916255,-0.8951644086661854,1.0,5.663775850567045,0.00037386068786507214,-0.1914281236880836,0.3
1769797827.0,5.670446964643094,1.855187573900766,0.6898117203823722,0.29840265941059146,5.670446964643095,1.854987782501289,0.6902469168016783,-0.922144334272981,1.0,5.670446964643095,-0.00033804090206658545,-0.20102029037251046,0.3
1769797827.02,5.677118078719146,1.8607994939814303,0.6809553671324404,0.30059432021518556,5.677118078719146,1.8604515590673008,0.6821759865150132,-0.9499724275398783,1.0,5.677118078719146,-0.0003257823928139615,-0.2060608162660341,0.3
1769797827.04,5.683789192795196,1.8663668458603038,0.6818360192762064,0.3056438065203731,5.683789192795197,1.8658249327257859,0.6739163193303954,-0.9786705032151166,1.0,5.683789192795197,-0.0006898597691144057,-0.22264306602955078,0.3
1769797827.06,5.6904603068712465,1.8710145871030228,0.6662021931592239,0.3144674253942761,5.690460306871247,1.871107012807704,0.6654636170829642,-1.0082599502066893,1.0,5.690460306871247,-0.00013676730335741264,-0.2195475441103345,0.3
1769797827.08,5.697131420947298,1.8745817449990898,0.6528787599178282,0.3128867036461986,5.697131420947298,1.8762969086440164,0.656813521338647,-1.0387615794305685,1.0,5.697131420947298,0.0017041476691210563,-0.2141803839807747,0.3
1769797827.1,5.703802535023349,1.8782694567061455,0.6497742425301929,0.29654476572874594,5.703802535023349,1.8813937295656826,0.6479616188385798,-1.0701954538186305,1.0,5.703802535023349,0.0032962345576173445,-0.2203672121206097,0.3
1769797827.12,5.7104736490993995,1.8826490218907024,0.6355884503178619,0.3112543400532032,5.7104736490993995,1.8863965849036637,0.6389034477600524,-1.10258069917057,1.0,5.7104736490993995,0.003636928566086345,-0.2206691964670943,0.3
1769797827.14,5.717144763175449,1.8866486910500784,0.6249521221406213,0.28859953077672496,5.71714476317545,1.8913045839889189,0.629634504863809,-1.135935294534852,1.0,5.71714476317545,0.004792290999074545,-0.22177778491501834,0.3
1769797827.16,5.723815877251501,1.8914528570233369,0.6158520443301783,0.28419918499906727,5.723815877251501,1.8961168361524101,0.6201502536005684,-1.1702758408274596,1.0,5.723815877251501,0.0048319516618624304,-0.22910756498450568,0.3
1769797827.18,5.730486991327551,1.8969151968445708,0.6117252109734871,0.2969926722501189,5.730486991327552,1.9008324507250958,0.6104461332523671,-1.205617306448819,1.0,5.730486991327552,0.003791555908815919,-0.24596325604157024,0.3
1769797827.2,5.737158105403601,1.9018374346689635,0.5961845443357906,0.31166462692670166,5.737158105403602,1.9054505370379378,0.6005175691865905,-1.2419727487446095,1.0,5.737158105403602,0.003659590906774723,-0.24831619391716525,0.3
1769797827.22,5.743829219479653,1.9070218046514287,0.5907236450830059,0.28598596428194806,5.743829219479653,1.9099702044218958,0.5903599843022787,-1.279353010281411,1.0,5.743829219479653,0.0029935854188032573,-0.2632102601148359,0.3
1769797827.24,5.750500333555703,1.912417250541864,0.584827468471088,0.2890228714349033,5.750500333555704,1.9143905622079305,0.5799688117492565,-1.3177663890803262,1.0,5.750500333555704,0.001973521215134931,-0.27944145179851965,0.3
1769797827.26,5.757171447631754,1.9176245657555657,0.5770748515421297,0.2999860827100202,5.757171447631754,1.918710719727001,0.5693395090007594,-1.3572182821781154,1.0,5.757171447631754,0.0008970453990492593,-0.2944460806265827,0.3
1769797827.28,5.763842561707805,1.9219722224938103,0.5576722251447778,0.30419983407476736,5.763842561707805,1.9229297863100694,0.5584675733592223,-1.3977108021740519,1.0,5.763842561707805,0.0009804120119353105,-0.2937537901459711,0.3
1769797827.3,5.770513675783855,1.9264176500701202,0.5457883562812792,0.292876212703764,5.770513675783856,1.9270468712880948,0.5473485589726725,-1.4392423667795187,1.0,5.770513675783856,0.000620367142882963,-0.30269978660514496,0.3
1769797827.32,5.777184789859906,1.9308875387263387,0.5389015803517588,0.300438729581044,5.7771847898599065,1.9310610839920384,0.5359780954353847,-1.481807261824783,1.0,5.7771847898599065,0.000239325362702526,-0.31713693024886447,0.3
1769797827.34,5.783855903935956,1.9356674231500515,0.5262479319412623,0.30424343571554874,5.783855903935957,1.9349715337528592,0.5243519080409751,-1.5253951787010729,1.0,5.783855903935957,-0.000692867415710608,-0.3283383189383943,0.3
1769797827.36,5.790527018012008,1.9401999091438071,0.5101416201368435,0.27191920684341825,5.790527018012008,1.9387773299015194,0.512465839748594,-1.569990727833621,1.0,5.790527018012008,-0.0016840802524938619,-0.33672205977976777,0.3
1769797827.38,5.797198132088059,1.9435315424824195,0.5022078465346382,0.30374553802709175,5.797198132088059,1.9424775817689772,0.5003158749131169,-1.6155729304987936,1.0,5.797198132088059,-0.0010344753209591017,-0.347371212156661,0.3
1769797827.4,5.803869246164108,1.9468540599485946,0.4837537225708034,0.2993028417465462,5.803869246164109,1.946071398686195,0.4878981648179049,-1.6621146921205985,1.0,5.803869246164109,-0.0008827089664252162,-0.34981233446554444,0.3
1769797827.42,5.81054036024016,1.9496888538631025,0.48232999717569597,0.29428536680253514,5.81054036024016,1.9495578899841317,0.4752090550335919,-1.7095822611109068,1.0,5.81054036024016,-0.00015179814518614075,-0.3674465799638835,0.3
1769797827.44,5.81721147431621,1.9522264591822864,0.4660704208342042,0.2925870606688519,5.817211474316211,1.9529361649937491,0.4622451146081222,-1.7579346783530496,1.0,5.817211474316211,0.0005097437918101016,-0.3708929923816301,0.3
1769797827.46,5.823882588392261,1.9541862948381943,0.4480926965447768,0.31023423991674537,5.823882588392261,1.9562053330460052,0.44900316707175325,-1.8071232235651014,1.0,5.823882588392261,0.0023744246362466586,-0.36836468044572945,0.3
1769797827.48,5.830553702468312,1.9576798362796919,0.43706530648358666,0.30327129677183845,5.830553702468312,1.9593645034718623,0.43548032321563207,-1.8570908660078405,1.0,5.830553702468312,0.0015599029783926845,-0.38344925740215896,0.3
1769797827.5,5.837224816544362,1.9606971914674372,0.4195464378612411,0.31654674744947303,5.837224816544363,1.9624127856022793,0.4216740155738331,-1.9077717283070763,1.0,5.837224816544363,0.0018216408787189694,-0.3882474902087967,0.3
1769797827.52,5.8438959306204135,1.963960565454739,0.4053997834400511,0.31643624917356256,5.8438959306204135,1.965349288768218,0.40758203450614405,-1.9590905735188755,1.0,5.8438959306204135,0.0011398573082767405,-0.4003753532246432,0.3
1769797827.54,5.850567044696463,1.9663683210102827,0.3959644384504878,0.2965341300375732,5.850567044696464,1.9681731223006373,0.3932025657425673,-2.0109623269483876,1.0,5.850567044696464,0.002110557549538821,-0.4111701352058842,0.3
1769797827.56,5.857238158772515,1.9699128874041019,0.37169411731313184,0.2933129472540138,5.857238158772515,1.9708833955304987,0.3785342292104177,-2.0632916455998975,1.0,5.857238158772515,0.0006804564218113226,-0.4166552198159937,0.3
1769797827.58,5.863909272848565,1.9722262277974527,0.3635613696329644,0.2951693725951696,5.863909272848566,1.9734792177887628,0.36357611892139446,-2.115972549439011,1.0,5.863909272848566,0.0013753386122393736,-0.4303757129679818,0.3
1769797827.6,5.870580386924615,1.974880977342358,0.3466796026100387,0.2953518741446257,5.870580386924616,1.9759596984063887,0.34832784364936126,-2.168888129830006,1.0,5.870580386924616,0.0008491699845814644,-0.44029120260327026,0.3
1769797827.62,5.877251501000667,1.9767087960015908,0.3352650402643008,0.3140551257631967,5.877251501000667,1.9783239467143363,0.3327895680804205,-2.221910351505449,1.0,5.877251501000667,0.0018594581978365005,-0.4499877291265478,0.3
1769797827.64,5.883922615076717,1.979330746766157,0.3200041988380262,0.2895819039581543,5.883922615076718,1.980571072043567,0.3169620540659272,-2.2748999651559663,1.0,5.883922615076718,0.0008943557856543221,-0.4636322581454304,0.3
1769797827.66,5.890593729152768,1.980548497741074,0.3103664767967902,0.3017255762619902,5.890593729152768,1.9827001837250418,0.3008467015573059,-2.3277065481137456,1.0,5.890593729152768,0.002362010489179398,-0.4737124427577585,0.3
1769797827.68,5.897264843228819,1.9826824748409497,0.27949768649443846,0.3050324216790599,5.897264843228819,1.98471039108972,0.2844455887501301,-2.3801686905576003,1.0,5.897264843228819,0.001962628016072121,-0.4698816660784273,0.3
1769797827.7,5.903935957304869,1.9845219971104329,0.26220564864634316,0.30322884544977824,5.90393595730487,1.9866008034685616,0.2677615109152315,-2.432114344103415,1.0,5.90393595730487,0.002089029946994602,-0.47771424124598655,0.3
1769797827.72,5.91060707138092,1.986180343635751,0.2564039767304014,0.2966477550441411,5.9106070713809205,1.9883705301925283,0.25079801734833634,-2.4833613484777692,1.0,5.9106070713809205,0.0019613007312364165,-0.49809113851268016,0.3
1769797827.74,5.91727818545697,1.9870022048182774,0.2376939727850878,0.3067792861916273,5.917278185456971,1.9900186805925792,0.23355944582857327,-2.5337181501303894,1.0,5.917278185456971,0.003248124284032912,-0.5001629535272976,0.3
1769797827.76,5.923949299533022,1.9888499050376756,0.20866395769618268,0.3028395093883577,5.923949299533022,1.9915443639996755,0.21605095394219415,-2.582984724063188,1.0,5.923949299533022,0.0026392716201258802,-0.4992140060230193,0.3
1769797827.78,5.9306204136090725,1.9903212238199188,0.1981906643365006,0.29910882079813333,5.9306204136090725,1.9929466897447758,0.19827854660304117,-2.630953706802759,1.0,5.9306204136090725,0.0025066254164476634,-0.5149642929266727,0.3
1769797827.8,5.937291527685122,1.9913503314001693,0.18257011984556912,0.29467905385554344,5.937291527685123,1.9942247671588436,0.18024909908777012,-2.677411744310875,1.0,5.937291527685123,0.00298681359592426,-0.5231484883627736,0.3
1769797827.82,5.943962641761174,1.99304623022048,0.1651138754992646,0.30269503227004707,5.943962641761174,1.9953777055728352,0.16197037490366395,-2.7221410537410655,1.0,5.943962641761174,0.002473836685248008,-0.5332179943565959,0.3
1769797827.84,5.950633755837224,1.9951678057956221,0.1463319500008584,0.2973594861560836,5.950633755837225,1.996404614317714,0.1434510378219041,-2.7649211923778076,1.0,5.950633755837225,0.0009981323900888884,-0.5455294057411579,0.3
1769797827.86,5.957304869913275,1.9962767735982563,0.12401007081020858,0.31055913619549563,5.957304869913275,1.9973046027244399,0.12470065744116808,-2.8055310209528366,1.0,5.957304869913275,0.0011290433030230486,-0.5479498036912808,0.3
1769797827.88,5.963975983989326,1.9978562542624982,0.11789624530442312,0.31223065753689677,5.963975983989326,1.9980767801239718,0.1057297076964803,-2.8437508419841673,1.0,5.963975983989326,0.0002187058978285445,-0.57037412170952,0.3
1769797827.9,5.970647098065376,1.9991765986295587,0.08924192873018276,0.2947493595994407,5.970647098065377,1.9987202558472705,0.0865495577973105,-2.879364687037417,1.0,5.970647098065377,-0.0007069859157917514,-0.5700714987192071,0.3
1769797827.92,5.9773182121414274,1.9992911940859077,0.07167809945457854,0.2914877465868874,5.9773182121414274,1.9992341392252975,0.06717245516705525,-2.912162720119699,1.0,5.9773182121414274,-9.313581497282777e-05,-0.5746563286222656,0.3
1769797827.94,5.983989326217477,1.999493637483745,0.04617233529449206,0.28975497250342575,5.983989326217478,1.9996175395890123,0.04761150006274722,-2.9419437180716703,1.0,5.983989326217478,0.00038012783378043945,-0.5715226066585254,0.3
1769797827.96,5.990660440293529,2.0004614428445406,0.030537453396605446,0.3073862782132857,5.990660440293529,1.9998695662693744,0.027880611677810033,-2.968517583134216,1.0,5.990660440293529,-0.0010222346786024337,-0.5851215712479927,0.3
1769797827.98,5.997331554369579,1.9993058862910909,0.004061667451256549,0.29940646363609813,5.9973315543695795,1.999989328597346,0.007994485669790762,-2.991707838150503,1.0,5.9973315543695795,0.0005684182080460908,-0.5759821615363423,0.3
1769797828.0,6.004002668445629,1.9980230887209975,-0.006600053398897342,0.8528879678834093,6.00400266844563,2.0,0.0,0.0,1.0,6.00400266844563,0.002386449387334541,0.015778447141755695,1.0
1769797828.02,6.010673782521681,1.9984750506191906,-0.001988615930879166,0.9542859321020576,6.010673782521681,2.0,0.0,0.0,1.0,6.010673782521681,0.0013485310102108502,0.00717522715372676,1.0
1769797828.04,6.017344896597731,1.998023978419274,-0.004068157922221071,1.0102406016891199,6.017344896597732,2.0,0.0,0.0,1.0,6.017344896597732,0.0018962732120769055,0.011361387115606204,1.0
1769797828.06,6.024016010673782,1.9973384668797618,0.001359182249722511,1.0164094962326484,6.024016010673782,2.0,0.0,0.0,1.0,6.024016010673782,0.0027992528343398684,0.009406758842261954,1.0
1769797828.08,6.030687124749833,1.9972857391587562,-0.006579308965569548,1.0162405067769789,6.030687124749833,2.0,0.0,0.0,1.0,6.030687124749833,0.002704352660609482,0.016980290275483527,1.0
1769797828.1,6.037358238825883,1.997119033730038,0.005132177794903571,1.0173342959405667,6.037358238825884,2.0,0.0,0.0,1.0,6.037358238825884,0.0028132267385435374,0.005687502822144524,1.0
1769797828.12,6.0440293529019335,1.9967346258617735,-0.0004551741073624663,0.9949840206997101,6.044029352901934,2.0,0.0,0.0,1.0,6.044029352901934,0.00336378951196633,0.013392104301980023,1.0
1769797828.14,6.050700466977984,1.9966920554224175,0.00881304485473751,0.9807453138076324,6.050700466977985,2.0,0.0,0.0,1.0,6.050700466977985,0.003190510262372316,0.003457532576687173,1.0
1769797828.16,6.057371581054036,1.9963104268742766,0.004420256624876036,0.9747921005205347,6.057371581054036,2.0,0.0,0.0,1.0,6.057371581054036,0.0038985418212516922,0.010573011408303433,1.0
1769797828.18,6.0640426951300865,1.99690053588454,-0.0031111278328191188,0.9882484265381035,6.0640426951300865,2.0,0.0,0.0,1.0,6.0640426951300865,0.0030960144280638346,0.01501831286339528,1.0
1769797828.2,6.070713809206136,1.9971956937788236,0.0043852753180747385,0.9937797323043247,6.070713809206137,2.0,0.0,0.0,1.0,6.070713809206137,0.0025254536463789976,0.00532770247865341,1.0
1769797828.22,6.077384923282188,1.9963341232054588,-0.0014812192388198604,1.0035938618834026,6.077384923282188,2.0,0.0,0.0,1.0,6.077384923282188,0.003810460342613593,0.016135786797240804,1.0
1769797828.24,6.084056037358238,1.9963894981898056,-0.0008842046735385341,1.0078778534576085,6.084056037358239,2.0,0.0,0.0,1.0,6.084056037358239,0.0038527241435678474,0.015701290017229037,1.0
1769797828.26,6.0907271514342884,1.9973533270432486,-0.0025184941360723127,0.9887949897633134,6.090727151434289,2.0,0.0,0.0,1.0,6.090727151434289,0.0024247559367713135,0.011844208149704586,1.0
1769797828.28,6.09739826551034,1.9972277778061887,0.001093042802727853,0.9936456589240449,6.09739826551034,2.0,0.0,0.0,1.0,6.09739826551034,0.0027184568632134137,0.009362179541379266,1.0
1769797828.3,6.10406937958639,1.9972501112198646,0.0011453139013168302,0.9849973235778909,6.104069379586391,2.0,0.0,0.0,1.0,6.104069379586391,0.003148676306993641,0.010964387610525265,1.0
1769797828.32,6.110740493662441,1.9989019725720925,0.0017489319615731304,0.9922373197498455,6.110740493662441,2.0,0.0,0.0,1.0,6.110740493662441,0.0008665469077854312,0.0015839284201989566,1.0
1769797828.34,6.117411607738491,1.9993236460021468,-0.004632049693543196,0.9918638810198194,6.117411607738492,2.0,0.0,0.0,1.0,6.117411607738492,0.0005264085029149082,0.006656695015205195,1.0
1769797828.36,6.124082721814543,1.9992051595963676,0.0001091640757444831,0.991654232468141,6.124082721814543,2.0,0.0,0.0,1.0,6.124082721814543,0.0009544262108449272,0.003561689477424471,1.0
1769797828.38,6.130753835890593,1.999754829585674,0.0010724240045445646,0.9946902209812956,6.1307538358905935,2.0,0.0,0.0,1.0,6.1307538358905935,0.00016859304242050524,-0.0004239893168860887,1.0
1769797828.4,6.137424949966643,1.9998492417818574,-0.009400304449462386,1.0130562375421446,6.137424949966644,2.0,0.0,0.0,1.0,6.137424949966644,5.286149391245734e-05,0.009603617884785809,1.0
1769797828.42,6.144096064042695,1.9994067603330903,0.0038524547872049327,0.9987923694598495,6.144096064042695,2.0,0.0,0.0,1.0,6.144096064042695,0.0005131974016996728,-0.0018786211901900148,1.0
1769797828.44,6.150767178118745,1.9986988432760069,0.0009745128242627693,1.002253730629558,6.150767178118746,2.0,0.0,0.0,1.0,6.150767178118746,0.0014092516866575772,0.004445632892306923,1.0
1769797828.46,6.157438292194796,1.998375487310675,0.0027229905956166612,1.002265522923835,6.157438292194796,2.0,0.0,0.0,1.0,6.157438292194796,0.001504630621976025,0.0030639856570743866,1.0
1769797828.48,6.164109406270847,1.997706096854065,0.002552713710798395,1.0008965600935906,6.164109406270847,2.0,0.0,0.0,1.0,6.164109406270847,0.002507318302285615,0.007090519295626188,1.0
1769797828.5,6.170780520346897,1.9977845297961758,0.0023567725594094207,0.9909762803421982,6.170780520346898,2.0,0.0,0.0,1.0,6.170780520346898,0.0019673562062412437,0.00520983767147189,1.0
1769797828.52,6.1774516344229475,1.9970663926275585,-0.004519116231768336,0.998938729725669,6.177451634422948,2.0,0.0,0.0,1.0,6.177451634422948,0.0032949025837665505,0.017191140141451136,1.0
1769797828.54,6.184122748498998,1.9978576142680995,-0.002375269928648506,1.0099515814560347,6.184122748498999,2.0,0.0,0.0,1.0,6.184122748498999,0.0019657002215415042,0.00993551135195191,1.0
1769797828.56,6.19079386257505,1.9977985837128531,-0.0016315893945748165,0.9990194988223476,6.19079386257505,2.0,0.0,0.0,1.0,6.19079386257505,0.00217569647303488,0.009999457437500064,1.0
1769797828.58,6.1974649766511005,1.9974765846563978,-0.00865732150271491,0.9767827376452735,6.1974649766511005,2.0,0.0,0.0,1.0,6.1974649766511005,0.002380472641580558,0.017812729693536915,1.0
1769797828.6,6.20413609072715,1.9966574642117636,0.005658874219958416,1.0057589551950845,6.204136090727151,2.0,0.0,0.0,1.0,6.204136090727151,0.0035124803428231858,0.007849843785263197,1.0
1769797828.62,6.210807204803202,1.996597682095286,-0.001635458951950365,0.9966160958790371,6.210807204803202,2.0,0.0,0.0,1.0,6.210807204803202,0.00336858164479827,0.014590817337731396,1.0
1769797828.64,6.217478318879252,1.9962548139594227,-0.006576565945631345,0.9930643840795378,6.217478318879253,2.0,0.0,0.0,1.0,6.217478318879253,0.0036195359007983076,0.020496958649888052,1.0
1769797828.66,6.224149432955302,1.9955481017081838,0.00375340456626137,0.9967402369874624,6.224149432955303,2.0,0.0,0.0,1.0,6.224149432955303,0.004674421495409236,0.014223202965822915,1.0
1769797828.68,6.230820547031354,1.9960303515920463,0.0044532174028172125,0.9864954400611802,6.230820547031354,2.0,0.0,0.0,1.0,6.230820547031354,0.004120168926285638,0.011392259870296479,1.0
1769797828.7,6.237491661107404,1.9971972472216324,0.001823407835737595,1.014237703875797,6.237491661107405,2.0,0.0,0.0,1.0,6.237491661107405,0.002784969438542455,0.008887603453288448,1.0
1769797828.72,6.244162775183455,1.998136923196087,0.005292172485760507,1.0122140556316934,6.244162775183455,2.0,0.0,0.0,1.0,6.244162775183455,0.001718846067963722,0.0013186776223928784,1.0
1769797828.74,6.250833889259505,1.9985300946597964,0.008502581580760409,0.9888176911336227,6.250833889259506,2.0,0.0,0.0,1.0,6.250833889259506,0.001596477597219565,-0.0023623602979369347,1.0
1769797828.76,6.257505003335557,1.9993155769295698,0.0017974404110002807,0.9979071829162314,6.257505003335557,2.0,0.0,0.0,1.0,6.257505003335557,0.00048606334375273825,7.203181015640373e-05,1.0
1769797828.78,6.264176117411607,1.999172000706847,0.006107070634107235,1.0071290048209465,6.2641761174116075,2.0,0.0,0.0,1.0,6.2641761174116075,0.0008246195251509886,-0.002935467710330424,1.0
1769797828.8,6.270847231487657,1.9988300369934535,-0.005730808408322222,1.0006835965022773,6.270847231487658,2.0,0.0,0.0,1.0,6.270847231487658,0.000987347766552473,0.00952828156383084,1.0
1769797828.82,6.277518345563709,1.997716125116353,0.0016696267070987981,1.0037080776370644,6.277518345563709,2.0,0.0,0.0,1.0,6.277518345563709,0.0023641311732451953,0.0074229349145390755,1.0
1769797828.84,6.284189459639759,1.9970599910184008,0.007775542674161057,0.9996339065667551,6.28418945963976,2.0,0.0,0.0,1.0,6.28418945963976,0.0030232574092892606,0.003851846417300117,1.0
1769797828.86,6.29086057371581,1.9969083191206685,-0.0028624843573925927,1.0079628452037994,6.29086057371581,2.0,0.0,0.0,1.0,6.29086057371581,0.0032076504169981724,0.015198975481610123,1.0
1769797828.88,6.297531687791861,1.9971841164334432,0.002778948346573834,0.9885051112777501,6.297531687791861,2.0,0.0,0.0,1.0,6.297531687791861,0.0027021616012840415,0.00761360672296996,1.0
1769797828.9,6.304202801867911,1.9970829152930185,0.002922386800381851,1.0155905128118055,6.304202801867912,2.0,0.0,0.0,1.0,6.304202801867912,0.0030707887583862332,0.008887790067191589,1.0
1769797828.92,6.3108739159439615,1.9975545439521398,-0.004681205602171,1.0069867152705325,6.310873915943962,2.0,0.0,0.0,1.0,6.310873915943962,0.0023010002741829048,0.01353097561612035,1.0
1769797828.94,6.317545030020012,1.9974683390051335,0.0039282888899328985,1.0069046459219415,6.317545030020013,2.0,0.0,0.0,1.0,6.317545030020013,0.0026479543325642185,0.006255798753031788,1.0
1769797828.96,6.324216144096064,1.9977693849459595,0.008317870974748013,0.9942155704372765,6.324216144096064,2.0,0.0,0.0,1.0,6.324216144096064,0.002075163699283474,-0.00033664160383108967,1.0
1769797828.98,6.3308872581721145,1.9974162366434616,-0.004236947640844465,0.9904543999830048,6.3308872581721145,2.0,0.0,0.0,1.0,6.3308872581721145,0.0026550087687462554,0.01444816490919873,1.0
1769797829.0,6.337558372248164,1.9973323636946592,0.004605581194232422,1.0025067695969925,6.337558372248165,2.0,0.0,0.0,1.0,6.337558372248165,0.0026044330687323633,0.005411134049023924,1.0
1769797829.02,6.344229486324216,1.9970860860185429,-0.00019528428468629954,0.9976578573240779,6.344229486324216,2.0,0.0,0.0,1.0,6.344229486324216,0.003046457691649796,0.011911893075321431,1.0
1769797829.04,6.350900600400266,1.9971690857255324,0.004324454511204342,1.0079604889516327,6.350900600400267,2.0,0.0,0.0,1.0,6.350900600400267,0.0025416543433405144,0.005450827742370154,1.0
1769797829.06,6.357571714476316,1.9961366038908541,-0.010420477211609287,0.9796085741630312,6.357571714476317,2.0,0.0,0.0,1.0,6.357571714476317,0.004097794246071648,0.02617991951045074,1.0
1769797829.08,6.364242828552368,1.9961558450998438,-0.003908089381660897,1.008381353475215,6.364242828552368,2.0,0.0,0.0,1.0,6.364242828552368,0.00380201997150422,0.01853020092997885,1.0
1769797829.1,6.370913942628418,1.995940994110484,-0.003976626665835707,1.0110561409962668,6.370913942628419,2.0,0.0,0.0,1.0,6.370913942628419,0.004021543358209715,0.019442867803730335,1.0
1769797829.12,6.377585056704469,1.995588947598667,0.0010912286614626785,1.0071340198904928,6.377585056704469,2.0,0.0,0.0,1.0,6.377585056704469,0.004448682024969942,0.016017417357265376,1.0
1769797829.14,6.384256170780519,1.9956749216911358,-0.0009691077007019705,0.9834536646725149,6.38425617078052,2.0,0.0,0.0,1.0,6.38425617078052,0.004587494002843388,0.01861148475901164,1.0
1769797829.16,6.390927284856571,1.9967973786713693,-0.002201865514599291,0.995341617768735,6.390927284856571,2.0,0.0,0.0,1.0,6.390927284856571,0.0030144976444906836,0.013795567744549982,1.0
1769797829.18,6.397598398932621,1.9970612547200288,0.001586041092043872,0.9965802114154545,6.3975983989326215,2.0,0.0,0.0,1.0,6.3975983989326215,0.0029580748743828172,0.009790679109130828,1.0
1769797829.2,6.404269513008671,1.9976291872983936,0.004547900576030344,1.0063846545033157,6.404269513008672,2.0,0.0,0.0,1.0,6.404269513008672,0.0025846644573894817,0.005392789117421986,1.0
1769797829.22,6.410940627084723,1.9989310253682455,0.00463492639600522,0.9992895538611539,6.410940627084723,2.0,0.0,0.0,1.0,6.410940627084723,0.0008049052629195083,-0.0015391468131061106,1.0
1769797829.24,6.417611741160773,1.998903619323636,0.00432044253427173,0.9931830380532715,6.417611741160774,2.0,0.0,0.0,1.0,6.417611741160774,0.0009994602831327783,-0.00047638345661932474,1.0
1769797829.26,6.424282855236824,1.998477718218872,0.010945111143418363,0.9757812680364549,6.424282855236824,2.0,0.0,0.0,1.0,6.424282855236824,0.0015760818893842407,-0.004883331970829857,1.0
1769797829.28,6.430953969312875,1.9982607453154375,-0.0005530595123141685,0.9952779179189308,6.430953969312875,2.0,0.0,0.0,1.0,6.430953969312875,0.0016971157140286326,0.007080334942717675,1.0
1769797829.3,6.437625083388925,1.9977589547430945,-0.008364587844604079,0.991675099095613,6.437625083388926,2.0,0.0,0.0,1.0,6.437625083388926,0.002152876117154732,0.016644691369420372,1.0
1769797829.32,6.4442961974649755,1.996870246191707,-0.000948535359711237,1.0061685384073107,6.444296197464976,2.0,0.0,0.0,1.0,6.444296197464976,0.0031542918147514317,0.013079831805566421,1.0
1769797829.34,6.450967311541026,1.9961332469735158,-0.0009443386171662628,1.0076106810173677,6.450967311541027,2.0,0.0,0.0,1.0,6.450967311541027,0.0039039516628753853,0.01595840904998011,1.0
1769797829.36,6.457638425617078,1.9956783076412266,-0.0030981258995540113,0.9944267807850171,6.457638425617078,2.0,0.0,0.0,1.0,6.457638425617078,0.004430158608181667,0.02013554877235143,1.0
1769797829.38,6.4643095396931285,1.9956636485371202,-0.0014909369931348313,0.9951249173230312,6.4643095396931285,2.0,0.0,0.0,1.0,6.4643095396931285,0.004270455860489913,0.01791429046169503,1.0
1769797829.4,6.470980653769178,1.9953487089308055,0.005520303611450781,1.0103298960966356,6.470980653769179,2.0,0.0,0.0,1.0,6.470980653769179,0.004658523378137463,0.012395177006553128,1.0
1769797829.42,6.47765176784523,1.995120764601733,0.00422170683711094,0.9921138757868239,6.47765176784523,2.0,0.0,0.0,1.0,6.47765176784523,0.004932479900440394,0.014747094286529013,1.0
1769797829.44,6.48432288192128,1.99534981182304,-0.004397085239297986,0.9943278795366834,6.484322881921281,2.0,0.0,0.0,1.0,6.484322881921281,0.004858705383861865,0.023082238788241075,1.0
1769797829.46,6.49099399599733,1.9962846619119428,0.0013453496065049953,0.9882349141027049,6.490993995997331,2.0,0.0,0.0,1.0,6.490993995997331,0.003448060656778378,0.01191564476280952,1.0
1769797829.48,6.497665110073382,1.9960338336405892,0.0041817786991190375,0.9859637997210527,6.497665110073382,2.0,0.0,0.0,1.0,6.497665110073382,0.004027782678454931,0.011308454075598762,1.0
1769797829.5,6.504336224149432,1.9961929227794384,0.004016488562882285,1.007013721157813,6.504336224149433,2.0,0.0,0.0,1.0,6.504336224149433,0.003929451808558087,0.011095637101451804,1.0
1769797829.52,6.511007338225483,1.9970130726262088,0.0028000825935683214,1.002108804054339,6.511007338225483,2.0,0.0,0.0,1.0,6.511007338225483,0.003076906671062006,0.009033621418952788,1.0
1769797829.54,6.517678452301533,1.9980530512966408,0.004409233367306627,1.0160410163872122,6.517678452301534,2.0,0.0,0.0,1.0,6.517678452301534,0.0017468741397566217,0.002309412228574001,1.0
1769797829.56,6.524349566377585,1.9981893536673896,-0.003130588112268391,1.0049180217110194,6.524349566377585,2.0,0.0,0.0,1.0,6.524349566377585,0.0018406513297383157,0.010209898037482358,1.0
1769797829.58,6.531020680453635,1.9985876070494017,-0.0038902450389022253,0.9926452888712083,6.5310206804536355,2.0,0.0,0.0,1.0,6.5310206804536355,0.0015343206419314735,0.009791409775926846,1.0
1769797829.6,6.537691794529685,1.9994577450908757,0.0037400799843627886,1.0005898269410431,6.537691794529686,2.0,0.0,0.0,1.0,6.537691794529686,0.0004451436756979383,-0.0020279905968421104,1.0
1769797829.62,6.544362908605737,1.9998302472934442,-0.008512021641841835,0.9956636124780844,6.544362908605737,2.0,0.0,0.0,1.0,6.544362908605737,0.00012530262363751152,0.008993954772367224,1.0
1769797829.64,6.551034022681787,1.9998869611723282,-0.0052531348362547334,0.998760257053139,6.551034022681788,2.0,0.0,0.0,1.0,6.551034022681788,4.6842242738187525e-06,0.005271151083459779,1.0
1769797829.66,6.557705136757838,1.999507397316922,0.00039182514457751196,1.001739184917184,6.557705136757838,2.0,0.0,0.0,1.0,6.557705136757838,0.0005619797646433242,0.001769632122624138,1.0
1769797829.68,6.564376250833889,1.9993526768251073,0.006238796397702576,0.9980909906057542,6.564376250833889,2.0,0.0,0.0,1.0,6.564376250833889,0.0005484068245133547,-0.0041295425083388345,1.0
1769797829.7,6.571047364909939,1.9987963578745147,-0.0017028258955630326,1.0184639433421676,6.57104736490994,2.0,0.0,0.0,1.0,6.57104736490994,0.0012636533018103684,0.00656299263447397,1.0
1769797829.72,6.5777184789859895,1.998435441005731,-0.0013591886500463589,0.9956379867552748,6.57771847898599,2.0,0.0,0.0,1.0,6.57771847898599,0.0014799089198930255,0.007051084565381257,1.0
1769797829.74,6.58438959306204,1.9978459330239409,0.007200219130931119,1.0004595132256682,6.584389593062041,2.0,0.0,0.0,1.0,6.584389593062041,0.002320509543472651,0.0017245806076501696,1.0
1769797829.76,6.591060707138092,1.9978818208257254,-0.0016278652112638107,1.0077360740376886,6.591060707138092,2.0,0.0,0.0,1.0,6.591060707138092,0.001966842976586468,0.009192501594919121,1.0
1769797829.78,6.5977318212141425,1.997447694630504,-0.004497936743678857,1.0105810233990227,6.5977318212141425,2.0,0.0,0.0,1.0,6.5977318212141425,0.002788526961699912,0.015222629242366465,1.0
1769797829.8,6.604402935290192,1.9979619932191914,0.004636982281897138,1.0207204724215804,6.604402935290193,2.0,0.0,0.0,1.0,6.604402935290193,0.0018840641344323842,0.0026092914022087313,1.0
1769797829.82,6.611074049366244,1.9977055425316324,-0.0025678522433957925,0.9922994931472962,6.611074049366244,2.0,0.0,0.0,1.0,6.611074049366244,0.0022421072085431542,0.0111911277558786,1.0
1769797829.84,6.617745163442294,1.9973809723567957,0.00352664633868349,0.9996205725563639,6.617745163442295,2.0,0.0,0.0,1.0,6.617745163442295,0.0027952093684395583,0.007223744761243014,1.0
1769797829.86,6.624416277518344,1.9980338034621012,-0.005819188962949215,1.0102611327891624,6.624416277518345,2.0,0.0,0.0,1.0,6.624416277518345,0.002121416433608499,0.013978301879773752,1.0
1769797829.88,6.631087391594396,1.9988632610171084,-3.0172488484651612e-05,1.0085612409863616,6.631087391594396,2.0,0.0,0.0,1.0,6.631087391594396,0.0005890059192800049,0.002295575994932546,1.0
1769797829.9,6.637758505670446,1.9975040725056172,-0.0078100958319952205,1.0005426698587616,6.637758505670447,2.0,0.0,0.0,1.0,6.637758505670447,0.0028633690580698893,0.018822608543624032,1.0
1769797829.92,6.644429619746497,1.9980558385155205,-1.6729260942806363e-05,0.9894472011268649,6.644429619746497,2.0,0.0,0.0,1.0,6.644429619746497,0.002140388708666549,0.008248807565276668,1.0
1769797829.94,6.651100733822547,1.9990268470194292,0.010072404403755082,0.9953116727749951,6.651100733822548,2.0,0.0,0.0,1.0,6.651100733822548,0.00047666842836917734,-0.00823906634867384,1.0
1769797829.96,6.657771847898599,1.9977539382993361,-0.0022819318584572333,1.0029277070990885,6.657771847898599,2.0,0.0,0.0,1.0,6.657771847898599,0.002319072386935006,0.011201204511888163,1.0
1769797829.98,6.664442961974649,1.9973550441139123,0.0104981634218385,1.007501338599035,6.6644429619746495,2.0,0.0,0.0,1.0,6.6644429619746495,0.0031782538848251713,0.0017252811660801986,1.0
1769797830.0,6.671114076050699,1.9989725087639756,-0.008066017359500912,1.0056187072124645,6.6711140760507,2.0,0.0,0.0,1.0,6.6711140760507,0.0005551260774030177,0.010201114412819706,1.0
1769797830.02,6.677785190126751,1.9983467168764977,0.00017827934037150005,0.9921829203044156,6.677785190126751,2.0,0.0,0.0,1.0,6.677785190126751,0.0016143973261938983,0.006030861349206035,1.0
1769797830.04,6.684456304202802,1.9978840317493305,-0.005026282503744428,0.9964141408639366,6.684456304202802,2.0,0.0,0.0,1.0,6.684456304202802,0.0024605420650866995,0.014489623324954685,1.0
1769797830.06,6.691127418278852,1.9988286644410227,0.0015251225627655508,0.994568402853142,6.691127418278852,2.0,0.0,0.0,1.0,6.691127418278852,0.0009706422438885015,0.0022080994934697094,1.0
1769797830.08,6.697798532354902,1.998642268755391,-0.009398297684502422,1.0067563391030963,6.697798532354903,2.0,0.0,0.0,1.0,6.697798532354903,0.001163271671032382,0.013872389642549518,1.0
1769797830.1,6.704469646430953,1.9976596175111547,0.0038369355082720877,0.9907227879387887,6.704469646430954,2.0,0.0,0.0,1.0,6.704469646430954,0.0024516049402636313,0.00559203482298604,1.0
1769797830.12,6.7111407605070035,1.99731406818161,-0.006148632812846459,0.9935886430366351,6.711140760507004,2.0,0.0,0.0,1.0,6.711140760507004,0.00280399562646107,0.016932813295196452,1.0
1769797830.14,6.717811874583054,1.9973733465449628,0.004311077650871689,0.9911692893891632,6.717811874583055,2.0,0.0,0.0,1.0,6.717811874583055,0.002480516710270127,0.005229081792845786,1.0
1769797830.16,6.724482988659106,1.9968491565676993,-0.010587251299384403,0.996868452994972,6.724482988659106,2.0,0.0,0.0,1.0,6.724482988659106,0.0032493465672632834,0.02308408750846023,1.0
1769797830.18,6.7311541027351565,1.9969461007756348,-0.007897495659258773,0.9899054367446976,6.7311541027351565,2.0,0.0,0.0,1.0,6.7311541027351565,0.0032153521130717385,0.020263604172720648,1.0
1769797830.2,6.737825216811206,1.9977916747506241,0.00833188405131891,1.0064232437570861,6.737825216811207,2.0,0.0,0.0,1.0,6.737825216811207,0.0022035082024650606,0.00014294459571112875,1.0
1769797830.22,6.744496330887258,1.9983999755697617,-0.0029719247283714074,1.0066007564731743,6.744496330887258,2.0,0.0,0.0,1.0,6.744496330887258,0.0013852308266381057,0.0082996851899345,1.0
1769797830.24,6.751167444963308,1.9979626182598604,0.013346202657597046,0.9906926349507487,6.751167444963309,2.0,0.0,0.0,1.0,6.751167444963309,0.0019940937612350287,-0.005676761644775093,1.0
1769797830.26,6.757838559039358,1.9974369186315477,-0.0018714737399001002,0.9924831078830814,6.757838559039359,2.0,0.0,0.0,1.0,6.757838559039359,0.0026767496182615023,0.012166300870129395,1.0
1769797830.28,6.764509673115409,1.9974062456410824,0.0011287749534661092,1.0036041400677447,6.76450967311541,2.0,0.0,0.0,1.0,6.76450967311541,0.002558329164320934,0.008710635058471874,1.0
1769797830.3,6.77118078719146,1.997340025027821,0.000877330536113415,1.0060208986059682,6.771180787191461,2.0,0.0,0.0,1.0,6.771180787191461,0.0027897449241680856,0.009852045894587644,1.0
1769797830.32,6.777851901267511,1.9978255208679014,-0.007047426970378003,1.0095621404909034,6.777851901267511,2.0,0.0,0.0,1.0,6.777851901267511,0.002120602476157044,0.01520340948994338,1.0
1769797830.34,6.784523015343561,1.998064532978986,-0.0060460220982544634,0.9938467660270148,6.784523015343562,2.0,0.0,0.0,1.0,6.784523015343562,0.0019404076864116908,0.013508990029151999,1.0
1769797830.36,6.791194129419613,1.998317364089163,-0.007461706570822749,1.0202103655590737,6.791194129419613,2.0,0.0,0.0,1.0,6.791194129419613,0.0016733984714062218,0.013897765669645982,1.0
1769797830.38,6.797865243495663,1.9984923093262197,0.0015407749585562628,0.9955829782005396,6.7978652434956635,2.0,0.0,0.0,1.0,6.7978652434956635,0.0014729128513368192,0.004124213868424702,1.0
1769797830.4,6.804536357571713,1.9983986684883366,-0.007990316693011206,1.0104792308981738,6.804536357571714,2.0,0.0,0.0,1.0,6.804536357571714,0.0014950419414587492,0.013740414632446095,1.0
1769797830.42,6.811207471647765,1.9978427064585094,-0.007128502695246241,0.9970862349019866,6.811207471647765,2.0,0.0,0.0,1.0,6.811207471647765,0.0021909903438342556,0.015555189170418603,1.0
1769797830.44,6.8178785857238156,1.9977459974348324,0.001253778443557157,1.006024533477458,6.8178785857238156,2.0,0.0,0.0,1.0,6.8178785857238156,0.002556003827046031,0.00857668882852881,1.0
1769797830.46,6.824549699799866,1.9989992868228885,-0.0052903847801490786,0.9947924387340987,6.824549699799866,2.0,0.0,0.0,1.0,6.824549699799866,0.0009413723667449922,0.008911031907960915,1.0
1769797830.48,6.831220813875916,1.9998425477536403,-0.003775462121183171,0.9925029005169943,6.831220813875917,2.0,0.0,0.0,1.0,6.831220813875917,2.4347570763918742e-05,0.003869106623847588,1.0
1769797830.5,6.837891927951967,2.000076221122897,0.005831611982970954,0.9940362450867468,6.837891927951968,2.0,0.0,0.0,1.0,6.837891927951968,-6.465353161329544e-05,-0.006080279407127369,1.0
1769797830.52,6.8445630420280175,2.000364394323853,0.00016470779242759316,0.9953927220739642,6.844563042028018,2.0,0.0,0.0,1.0,6.844563042028018,-0.0003638765848102892,-0.0015642322048854656,1.0
1769797830.54,6.851234156104068,2.000304055465581,-0.002952344350422798,0.9992282264410042,6.851234156104069,2.0,0.0,0.0,1.0,6.851234156104069,-0.0006549836403429986,0.00043318183198267843,1.0
1769797830.56,6.85790527018012,1.9987605766047483,0.004111901361005761,0.991831495718103,6.85790527018012,2.0,0.0,0.0,1.0,6.85790527018012,0.0013939482082464486,0.0012493865336617284,1.0
1769797830.58,6.8645763842561704,1.9979412982985023,-0.0024655663581758754,1.0100214062869444,6.8645763842561704,2.0,0.0,0.0,1.0,6.8645763842561704,0.002061786462108706,0.010395348073156558,1.0
1769797830.6,6.87124749833222,1.9973533383696584,0.0058017246736057826,0.9939437524887936,6.871247498332221,2.0,0.0,0.0,1.0,6.871247498332221,0.0028635844582240856,0.005211616399678949,1.0
1769797830.62,6.877918612408272,1.9979095020228863,-0.00028346499108248597,1.0155068654970036,6.877918612408272,2.0,0.0,0.0,1.0,6.877918612408272,0.002222315029065807,0.00883062234701755,1.0
1769797830.64,6.884589726484322,1.9989515449874995,0.001689627239059108,1.0064715976639107,6.8845897264843225,2.0,0.0,0.0,1.0,6.8845897264843225,0.000919188081440382,0.0018456968068697758,1.0
1769797830.66,6.891260840560372,1.9991661913227385,0.0029915508614506503,0.9935831495623627,6.891260840560373,2.0,0.0,0.0,1.0,6.891260840560373,0.0006096577261678639,-0.0006467177506090426,1.0
1769797830.68,6.897931954636423,1.9984576049784326,-0.012338531332781105,0.9870671440362331,6.897931954636424,2.0,0.0,0.0,1.0,6.897931954636424,0.0016652001137919684,0.018743059586679277,1.0
1769797830.7,6.904603068712474,1.9982696204895198,0.006686152260152118,0.9892648526467213,6.904603068712475,2.0,0.0,0.0,1.0,6.904603068712475,0.00167789093549079,-0.00023281517095797514,1.0
1769797830.72,6.911274182788525,1.9979302534488943,0.002582279215245143,0.9886668488697581,6.911274182788525,2.0,0.0,0.0,1.0,6.911274182788525,0.0021633106826774414,0.005737954489076505,1.0
1769797830.74,6.917945296864575,1.9981831051929468,-0.004532419885206274,0.9958472096163409,6.917945296864576,2.0,0.0,0.0,1.0,6.917945296864576,0.001972480977728005,0.012118739644225584,1.0
1769797830.76,6.924616410940627,1.999120898832758,0.001118647962975537,1.012859338667496,6.924616410940627,2.0,0.0,0.0,1.0,6.924616410940627,0.0008379742665161434,0.0021043188255785734,1.0
1769797830.78,6.9312875250166766,1.9999795649636622,-0.006516497768532363,0.9910390347209259,6.931287525016677,2.0,0.0,0.0,1.0,6.931287525016677,0.00013323306414925976,0.007028932585791571,1.0
1769797830.8,6.937958639092727,2.0010377650684887,0.008464165747978461,0.9992020300933651,6.937958639092728,2.0,0.0,0.0,1.0,6.937958639092728,-0.0013646218910206187,-0.01371266328916679,1.0
1769797830.82,6.944629753168779,2.0005322327833035,-0.002377352590317523,0.9932296463789083,6.944629753168779,2.0,0.0,0.0,1.0,6.944629753168779,-0.000570633334833768,0.00018261251874591858,1.0
1769797830.84,6.9513008672448295,2.0000095658910926,-0.005428214625425318,1.0061845889987564,6.9513008672448295,2.0,0.0,0.0,1.0,6.9513008672448295,0.0001525020756867657,0.006014761003109923,1.0
1769797830.86,6.95797198132088,2.0002472207052797,0.00027015747364087574,0.9976827736769849,6.95797198132088,2.0,0.0,0.0,1.0,6.95797198132088,-0.00024321617718575867,-0.001205604036113247,1.0
1769797830.88,6.96464309539693,2.000262205320651,-0.0008984287162110247,0.9944415200776752,6.964643095396931,2.0,0.0,0.0,1.0,6.964643095396931,-0.0005035633172381082,-0.0010383508514683246,1.0
1769797830.9,6.971314209472981,1.999275552375289,0.0033519817642580756,0.9983728277377019,6.971314209472982,2.0,0.0,0.0,1.0,6.971314209472982,0.0008491473813832127,-8.60419093492654e-05,1.0
1769797830.92,6.9779853235490314,1.9987517489263276,0.005868342296649538,0.9984336426835612,6.977985323549032,2.0,0.0,0.0,1.0,6.977985323549032,0.001129168372268833,-0.0015254143229205064,1.0
1769797830.94,6.984656437625082,1.9977519990448607,0.006857775422357536,1.0103878257977532,6.984656437625083,2.0,0.0,0.0,1.0,6.984656437625083,0.002327773795850052,0.0020949615160974037,1.0
1769797830.96,6.991327551701134,1.9971536167796262,-0.000638053830075877,1.0053573254483381,6.991327551701134,2.0,0.0,0.0,1.0,6.991327551701134,0.0028754775799551676,0.011697132108092458,1.0
1769797830.98,6.997998665777184,1.9968833081831,-0.004639946695465089,0.9933074058122797,6.997998665777184,2.0,0.0,0.0,1.0,6.997998665777184,0.0033089918075617907,0.01736615118891716,1.0
1769797831.0,7.004669779853234,1.9975049729872478,0.005710262908235289,1.003433616907174,7.004669779853235,2.0,0.0,0.0,1.0,7.004669779853235,0.002489600457005819,0.003864830831543279,1.0
1769797831.02,7.011340893929286,1.9979614688460319,-0.00347232794178486,0.9955706758489596,7.011340893929286,2.0,0.0,0.0,1.0,7.011340893929286,0.0018986861354203487,0.010774837115308751,1.0
1769797831.04,7.018012008005336,1.9976905957829514,0.00826581851398531,1.0019444205978412,7.0180120080053365,2.0,0.0,0.0,1.0,7.0180120080053365,0.002234645381738351,0.00032875979159388904,1.0
1769797831.06,7.024683122081386,1.9972514801346728,0.001411882749059591,1.0071752943483914,7.024683122081387,2.0,0.0,0.0,1.0,7.024683122081387,0.0029291518449108436,0.009853609288231407,1.0
1769797831.08,7.031354236157437,1.9972967455883173,-0.005334787149866106,1.0074487720193346,7.031354236157438,2.0,0.0,0.0,1.0,7.031354236157438,0.0023446862755478783,0.0143525668356357,1.0
1769797831.1,7.038025350233488,1.995936727094012,0.003141189371341934,0.9847909286787216,7.038025350233489,2.0,0.0,0.0,1.0,7.038025350233489,0.004331306926667779,0.013516142634159707,1.0
1769797831.12,7.044696464309539,1.996022747141138,0.005187988971733415,0.9767754986693549,7.044696464309539,2.0,0.0,0.0,1.0,7.044696464309539,0.004172465970453519,0.010858579636972026,1.0
1769797831.14,7.051367578385589,1.9968759354811185,-0.005235043194433613,0.9697661769659467,7.05136757838559,2.0,0.0,0.0,1.0,7.05136757838559,0.0029802382909742044,0.01669699619009446,1.0
1769797831.16,7.058038692461641,1.9969727190114823,-0.008521520585388546,0.9879058337975877,7.058038692461641,2.0,0.0,0.0,1.0,7.058038692461641,0.0029420652424660106,0.019836673205502114,1.0
1769797831.18,7.0647098065376905,1.9969415402520847,3.142096540504931e-05,0.97606676589928,7.064709806537691,2.0,0.0,0.0,1.0,7.064709806537691,0.0033281709397271165,0.012768537405422416,1.0
1769797831.2,7.071380920613741,1.9978952743501948,0.0026615246063232023,0.9847182433011878,7.071380920613742,2.0,0.0,0.0,1.0,7.071380920613742,0.001830986278858419,0.004380613899479144,1.0
1769797831.22,7.078052034689793,1.997437216182956,0.004471323209888416,1.002092096759557,7.078052034689793,2.0,0.0,0.0,1.0,7.078052034689793,0.00242844194944647,0.0048685665407758654,1.0
1769797831.24,7.0847231487658435,1.99661931917524,-0.000676243506956885,1.0050960832529208,7.0847231487658435,2.0,0.0,0.0,1.0,7.0847231487658435,0.0036477706997353255,0.014705210385240603,1.0
1769797831.26,7.091394262841894,1.9970606245739324,-0.002854269082509052,1.0075431304540357,7.091394262841894,2.0,0.0,0.0,1.0,7.091394262841894,0.002952158415923085,0.014208236613463432,1.0
1769797831.28,7.098065376917944,1.9975370099301903,0.004999683430706426,0.9942304376903102,7.098065376917945,2.0,0.0,0.0,1.0,7.098065376917945,0.0024384160747138563,0.004378564980097679,1.0
1769797831.3,7.104736490993995,1.9981109328727393,-0.0059864398817140565,0.9991596743991599,7.104736490993996,2.0,0.0,0.0,1.0,7.104736490993996,0.002101283357331416,0.014068122995831826,1.0
1769797831.32,7.111407605070045,1.9996840475907238,0.0020859465509281737,1.007110706160196,7.111407605070046,2.0,0.0,0.0,1.0,7.111407605070046,0.0003248017777129422,-0.0008367095941904793,1.0
1769797831.34,7.118078719146096,2.0009795589808,-0.0006747345656982692,1.0016153258804505,7.118078719146097,2.0,0.0,0.0,1.0,7.118078719146097,-0.0012984593614129615,-0.004319298383192122,1.0
1769797831.36,7.124749833222148,2.000669715538149,0.0006619796956902539,1.0011698934221993,7.124749833222148,2.0,0.0,0.0,1.0,7.124749833222148,-0.0007868685946817222,-0.003688388127734937,1.0
1769797831.38,7.131420947298198,1.999789885598446,0.010332017662074668,1.0064297543925662,7.131420947298198,2.0,0.0,0.0,1.0,7.131420947298198,0.0001868421683228706,-0.009613394061459798,1.0
1769797831.4,7.138092061374248,1.9987290668670674,0.0060694976586084005,0.9931172249528246,7.138092061374249,2.0,0.0,0.0,1.0,7.138092061374249,0.0011985480963364872,-0.0014597299408184283,1.0
1769797831.42,7.1447631754503,1.9976445847630735,0.003298057748633585,0.996294979574316,7.1447631754503,2.0,0.0,0.0,1.0,7.1447631754503,0.0026695487017573145,0.006969076476195665,1.0
1769797831.44,7.15143428952635,1.9979860399838631,0.0009186159399164293,0.9929631422531842,7.1514342895263505,2.0,0.0,0.0,1.0,7.1514342895263505,0.001973941171708976,0.006673319626344865,1.0
1769797831.46,7.1581054036024,1.9982405997612402,-0.00124522708278494,0.9920847646373664,7.158105403602401,2.0,0.0,0.0,1.0,7.158105403602401,0.0018592594026758677,0.008396102896153718,1.0
1769797831.48,7.164776517678451,1.9989667617678073,-0.0003264413740634885,0.9785173030422478,7.164776517678452,2.0,0.0,0.0,1.0,7.164776517678452,0.001038831029773807,0.004321924073458095,1.0
1769797831.5,7.171447631754502,1.9997356824127037,0.003641326955054757,0.9940410472696255,7.171447631754503,2.0,0.0,0.0,1.0,7.171447631754503,0.0002809765035810131,-0.0025606485158238086,1.0
1769797831.52,7.178118745830553,2.0001395858817044,0.011080742380310234,1.0300586434795398,7.178118745830553,2.0,0.0,0.0,1.0,7.178118745830553,-0.0005823446669306954,-0.013320525815417258,1.0
1769797831.54,7.184789859906603,1.998625270388124,-0.008075459801292522,1.0137677070073823,7.184789859906604,2.0,0.0,0.0,1.0,7.184789859906604,0.0015227183136831105,0.013932001741148071,1.0
1769797831.56,7.191460973982655,1.9977591885441872,-0.0030877246843720066,0.9908648712622403,7.191460973982655,2.0,0.0,0.0,1.0,7.191460973982655,0.0021984311636890482,0.011543027658411852,1.0
1769797831.58,7.1981320880587045,1.9968701711130146,-0.0005573471862007097,1.013879627992747,7.198132088058705,2.0,0.0,0.0,1.0,7.198132088058705,0.0033046679963271803,0.013266924326120234,1.0
1769797831.6,7.204803202134755,1.996671729969111,0.003695993428361487,0.9993463054651649,7.204803202134756,2.0,0.0,0.0,1.0,7.204803202134756,0.0032029304745633106,0.008622346829686144,1.0
1769797831.62,7.211474316210807,1.9960293813131091,-0.003671306055755714,0.9814710661203351,7.211474316210807,2.0,0.0,0.0,1.0,7.211474316210807,0.004111629104310511,0.01948394608878105,1.0
1769797831.64,7.2181454302868575,1.9960856928268769,0.006360749602672159,0.9953822664942634,7.2181454302868575,2.0,0.0,0.0,1.0,7.2181454302868575,0.003954918728268108,0.00884930323991944,1.0
1769797831.66,7.224816544362908,1.9964387843981117,-0.00408733496740014,0.992771045944689,7.224816544362908,2.0,0.0,0.0,1.0,7.224816544362908,0.0036684750686783426,0.01819591827329056,1.0
1769797831.68,7.231487658438958,1.9972566747700582,-0.010108097486911589,1.0095155425781936,7.231487658438959,2.0,0.0,0.0,1.0,7.231487658438959,0.0027075798522987597,0.020521489728234102,1.0
1769797831.7,7.238158772515009,1.997848111751596,-0.0024564543738470994,1.00465428492895,7.23815877251501,2.0,0.0,0.0,1.0,7.23815877251501,0.0020922466203285865,0.010503383067471507,1.0
1769797831.72,7.244829886591059,1.9979089626791366,-0.0019100088595395102,1.0025130320047044,7.24482988659106,2.0,0.0,0.0,1.0,7.24482988659106,0.0018387788645515854,0.008982117356130095,1.0
1769797831.74,7.25150100066711,1.9969771636140299,-0.007293980810714309,0.9964562628046804,7.251501000667111,2.0,0.0,0.0,1.0,7.251501000667111,0.003207392522775223,0.019629480185010963,1.0
1769797831.76,7.258172114743162,1.9969825963328807,0.01300874574838708,0.9961180864842917,7.258172114743162,2.0,0.0,0.0,1.0,7.258172114743162,0.003093373479319235,-0.0011117167741380128,1.0
1769797831.78,7.264843228819212,1.9970214660174914,0.0034515040152207107,0.9975000317833398,7.264843228819212,2.0,0.0,0.0,1.0,7.264843228819212,0.002657445158001354,0.0067690830030989295,1.0
1769797831.8,7.271514342895262,1.9957530918006403,0.009682202484250791,0.9989587120662643,7.271514342895263,2.0,0.0,0.0,1.0,7.271514342895263,0.004438078812264813,0.007385673854573489,1.0
1769797831.82,7.278185456971314,1.9958977581030555,-0.0004446272181222397,1.0000556011251194,7.278185456971314,2.0,0.0,0.0,1.0,7.278185456971314,0.004623152889319025,0.018224110823411882,1.0
1769797831.84,7.284856571047364,1.998036505305313,-0.006399638449845445,0.9907479503043415,7.2848565710473645,2.0,0.0,0.0,1.0,7.2848565710473645,0.0015266576301138563,0.0122713310857299,1.0
1769797831.86,7.291527685123414,1.9981304684058332,0.0020446415975880873,1.0055076430534717,7.291527685123415,2.0,0.0,0.0,1.0,7.291527685123415,0.0018633204604359393,0.005121852868270843,1.0
1769797831.88,7.298198799199465,1.9983900678728517,-0.000416791607553728,1.014961301486794,7.298198799199466,2.0,0.0,0.0,1.0,7.298198799199466,0.0018045537843886308,0.007357271642241098,1.0
1769797831.9,7.304869913275516,1.9991916378448156,-0.00394563352163701,0.9939720185481933,7.304869913275517,2.0,0.0,0.0,1.0,7.304869913275517,0.00044209825967430835,0.005646009804705012,1.0
1769797831.92,7.311541027351567,1.9982805009264948,0.0012306004421269957,1.0122769883979703,7.311541027351567,2.0,0.0,0.0,1.0,7.311541027351567,0.0017160236956005894,0.005369394861333129,1.0
1769797831.94,7.318212141427617,1.9977292675738774,0.0006464347185563996,1.0037506967491,7.318212141427618,2.0,0.0,0.0,1.0,7.318212141427618,0.0026468544220457535,0.009533422937901142,1.0
1769797831.96,7.324883255503669,1.998702762442179,0.006984946244543476,1.002575821025441,7.324883255503669,2.0,0.0,0.0,1.0,7.324883255503669,0.001066729797767181,-0.0028821623507050247,1.0
1769797831.98,7.3315543695797185,1.998562174448066,-0.002103416963342347,0.9920745361664061,7.331554369579719,2.0,0.0,0.0,1.0,7.331554369579719,0.0013994455697698052,0.007485847946040643,1.0
1769797832.0,7.338225483655769,1.998590840047186,-0.0031471739583185205,1.0106286115219811,7.33822548365577,2.0,0.0,0.0,1.0,7.33822548365577,0.0017575201294785315,0.009906763808939859,1.0
1769797832.02,7.344896597731821,1.9999604160226,0.004279293143986865,1.013013924118461,7.344896597731821,2.0,0.0,0.0,1.0,7.344896597731821,-0.00024518647074082386,-0.005222317751908987,1.0
1769797832.04,7.3515677118078715,1.9998464303932137,-0.0017742293525888637,1.0120010941908804,7.3515677118078715,2.0,0.0,0.0,1.0,7.3515677118078715,-1.0632400244919133e-06,0.0017701399678793023,1.0
1769797832.06,7.358238825883922,1.9989875038886125,0.0030279123606502013,0.9913178757686114,7.358238825883922,2.0,0.0,0.0,1.0,7.358238825883922,0.0009891751879569882,0.0007765892371774737,1.0
1769797832.08,7.364909939959972,1.9981977423447328,0.0033036223781049614,1.0081440338209926,7.364909939959973,2.0,0.0,0.0,1.0,7.364909939959973,0.0019802535919973816,0.004312590323920646,1.0
1769797832.1,7.371581054036023,1.998157714261156,-0.0039416960280369865,1.0116332173964293,7.371581054036024,2.0,0.0,0.0,1.0,7.371581054036024,0.00176137149440495,0.01071609814237538,1.0
1769797832.12,7.378252168112073,1.9980244058643915,0.00028877792150195053,1.0130748084974373,7.378252168112074,2.0,0.0,0.0,1.0,7.378252168112074,0.002259913629803589,0.008402978693479038,1.0
1769797832.14,7.384923282188124,1.9990050493186984,-0.01794135976826083,1.005150415958251,7.384923282188125,2.0,0.0,0.0,1.0,7.384923282188125,0.0007820782261276536,0.020949343873593693,1.0
1769797832.16,7.391594396264176,1.999070586282162,0.0027232407437455136,0.9979795316807593,7.391594396264176,2.0,0.0,0.0,1.0,7.391594396264176,0.0010077120178045417,0.0011525553020943916,1.0
1769797832.18,7.398265510340226,1.9995416914883508,0.001268311766906709,0.9986730589734215,7.398265510340226,2.0,0.0,0.0,1.0,7.398265510340226,0.0004984846878631607,0.0006489346834036673,1.0
1769797832.2,7.404936624416276,2.000058562178458,0.0019647615781761486,1.012231030552628,7.404936624416277,2.0,0.0,0.0,1.0,7.404936624416277,-0.00020028551687216163,-0.002735090336850217,1.0
1769797832.22,7.411607738492328,1.9997235453955944,-0.004200964180550102,1.01997628242292,7.411607738492328,2.0,0.0,0.0,1.0,7.411607738492328,8.594271069960549e-05,0.0045315130558174046,1.0
1769797832.24,7.418278852568378,1.99890547622353,0.005286776021815579,1.004263140876661,7.4182788525683785,2.0,0.0,0.0,1.0,7.4182788525683785,0.001500526891229608,0.00048441717821317773,1.0
1769797832.26,7.424949966644428,1.9999552147381858,-0.007049828525472894,0.9961848037045483,7.424949966644429,2.0,0.0,0.0,1.0,7.424949966644429,1.791174632142633e-05,0.007118719857369393,1.0
1769797832.28,7.431621080720479,2.000609736343373,-4.360986386349925e-05,0.9787140648657396,7.43162108072048,2.0,0.0,0.0,1.0,7.43162108072048,-0.000879543513875635,-0.0033392369007892303,1.0
1769797832.3,7.43829219479653,2.000097582182687,0.007335406711401835,0.9819241092325971,7.438292194796531,2.0,0.0,0.0,1.0,7.438292194796531,-5.1578195469864185e-06,-0.007355244478887642,1.0
1769797832.32,7.444963308872581,1.9999324927050424,-4.147783403819649e-06,0.999155067789462,7.444963308872581,2.0,0.0,0.0,1.0,7.444963308872581,-1.6741716656516054e-05,-6.0243434416863904e-05,1.0
1769797832.34,7.451634422948631,1.9992046524163714,0.0022832146908340544,0.9940031612690476,7.451634422948632,2.0,0.0,0.0,1.0,7.451634422948632,0.0006257588268008523,0.0001235453805722036,1.0
1769797832.36,7.458305537024683,1.9977417160804014,-0.006596789685279349,0.9863743907594922,7.458305537024683,2.0,0.0,0.0,1.0,7.458305537024683,0.0023146020708279683,0.015498870180354429,1.0
1769797832.38,7.4649766511007325,1.9967758464371594,-0.0028721465205512487,0.9938031566801203,7.464976651100733,2.0,0.0,0.0,1.0,7.464976651100733,0.003458402216498337,0.016172909104341188,1.0
1769797832.4,7.471647765176783,1.9968189762774071,0.0007712145689977052,1.001430756945952,7.471647765176784,2.0,0.0,0.0,1.0,7.471647765176784,0.003096862822347585,0.011139233053771685,1.0
1769797832.42,7.478318879252835,1.9965960673086742,-0.004296417572095447,0.9993878878552136,7.478318879252835,2.0,0.0,0.0,1.0,7.478318879252835,0.0035306447501580597,0.017874985868198086,1.0
1769797832.44,7.4849899933288855,1.9969708566394626,0.000584325313673456,1.006579891206752,7.4849899933288855,2.0,0.0,0.0,1.0,7.4849899933288855,0.0030355187188416265,0.011090216259380113,1.0
1769797832.46,7.491661107404936,1.9972995973795515,0.004591222759139741,0.9994616862491239,7.491661107404936,2.0,0.0,0.0,1.0,7.491661107404936,0.002624602357661652,0.005503058828768998,1.0
1769797832.48,7.498332221480986,1.997159450809074,0.007498858240329934,1.0120929465862194,7.498332221480987,2.0,0.0,0.0,1.0,7.498332221480987,0.002725396440028987,0.002983051858887269,1.0
1769797832.5,7.505003335557037,1.9966665762828688,0.010814626118536938,1.0177200065762233,7.505003335557038,2.0,0.0,0.0,1.0,7.505003335557038,0.0035180752655881806,0.002715606887485669,1.0
1769797832.52,7.511674449633087,1.9971065367952618,-0.0023624500984867776,1.0005024726126652,7.511674449633088,2.0,0.0,0.0,1.0,7.511674449633088,0.002964591017202598,0.013764229136640228,1.0
1769797832.54,7.518345563709138,1.9977745636825375,-0.005592651499670276,1.0112725761070662,7.518345563709139,2.0,0.0,0.0,1.0,7.518345563709139,0.0021215729008431826,0.013752366173486918,1.0
1769797832.56,7.52501667778519,1.99819716601517,-0.002661864269249763,0.9919235615706483,7.52501667778519,2.0,0.0,0.0,1.0,7.52501667778519,0.0020421053744087442,0.01051595420759316,1.0
1769797832.58,7.53168779186124,1.999567870444106,0.00443521861467144,0.988331576522331,7.53168779186124,2.0,0.0,0.0,1.0,7.53168779186124,0.0002636318341617677,-0.003421250369239306,1.0
1769797832.6,7.53835890593729,2.0001158224772047,0.001778123607088169,0.9948844378311754,7.538358905937291,2.0,0.0,0.0,1.0,7.538358905937291,-0.00015225217162582175,-0.0023637088156377413,1.0
1769797832.62,7.545030020013342,2.0002928495156853,-0.003872968942915476,1.01025323771775,7.545030020013342,2.0,0.0,0.0,1.0,7.545030020013342,-0.000493769269670581,0.001973858650385682,1.0
1769797832.64,7.551701134089392,1.9996331564198406,0.003222694739986957,1.00265727539093,7.5517011340893925,2.0,0.0,0.0,1.0,7.5517011340893925,0.00046774896443179027,-0.0014236622022727676,1.0
1769797832.66,7.558372248165442,1.999355617328526,0.0032556097892645097,1.0085449362959902,7.558372248165443,2.0,0.0,0.0,1.0,7.558372248165443,0.0005556448827310689,-0.0011185173399426472,1.0
1769797832.68,7.565043362241493,1.9988138897243912,-0.0018081745235706285,1.015374623979144,7.565043362241494,2.0,0.0,0.0,1.0,7.565043362241494,0.0013360314435882446,0.006946711771485342,1.0
1769797832.7,7.571714476317544,1.9988034705271382,0.008379661847133705,1.0064871590140154,7.571714476317545,2.0,0.0,0.0,1.0,7.571714476317545,0.0010282057625067365,-0.004425044914571423,1.0
1769797832.72,7.578385590393595,1.9982468349005682,-0.0052573293291725874,1.0038302739352394,7.578385590393595,2.0,0.0,0.0,1.0,7.578385590393595,0.001992459318436491,0.012920484392991706,1.0
1769797832.74,7.585056704469645,1.9987566766818308,-0.0038404305405042444,1.0158248173948432,7.585056704469646,2.0,0.0,0.0,1.0,7.585056704469646,0.0011930943706457216,0.008429222833960887,1.0
1769797832.76,7.591727818545697,1.998990082214305,-0.0010004755147145215,1.0079967071040998,7.591727818545697,2.0,0.0,0.0,1.0,7.591727818545697,0.0009678832920145912,0.004723086365057814,1.0
1769797832.78,7.5983989326217465,1.9991249835507672,-0.005008162768046657,1.0098947969282612,7.598398932621747,2.0,0.0,0.0,1.0,7.598398932621747,0.0009726732237297971,0.008749196176114615,1.0
1769797832.8,7.605070046697797,1.999762929836873,0.0001836561558378448,1.0030057792466354,7.605070046697798,2.0,0.0,0.0,1.0,7.605070046697798,0.00028438349845020605,0.000910126094323257,1.0
1769797832.82,7.611741160773849,2.000251928319389,-0.0008945292800907709,1.012067878448746,7.611741160773849,2.0,0.0,0.0,1.0,7.611741160773849,-0.0006216716878234474,-0.0014965111164808107,1.0
1769797832.84,7.6184122748498995,1.9990131571491672,-0.0036097604633762125,0.9995158259529133,7.6184122748498995,2.0,0.0,0.0,1.0,7.6184122748498995,0.0009845422507884156,0.007396443328802861,1.0
1769797832.86,7.62508338892595,1.9979710076941026,0.006748027512850949,0.9990333781932337,7.62508338892595,2.0,0.0,0.0,1.0,7.62508338892595,0.002236350154593011,0.0018531071267113407,1.0
1769797832.88,7.631754503002,1.9976612746213798,-0.0012328039308500103,0.9932227309363278,7.631754503002001,2.0,0.0,0.0,1.0,7.631754503002001,0.0021034718003821716,0.009322903583313417,1.0
1769797832.9,7.638425617078051,1.9963576503883174,0.0008052035102210845,1.0055073807032116,7.638425617078052,2.0,0.0,0.0,1.0,7.638425617078052,0.003746308483120792,0.01360267822497178,1.0
1769797832.92,7.645096731154101,1.9957939408607266,-0.003982264613257977,1.020863281979944,7.645096731154102,2.0,0.0,0.0,1.0,7.645096731154102,0.004460832444697903,0.02113762930067186,1.0
1769797832.94,7.651767845230152,1.9965614340450668,-0.008598306246705078,1.0028931251288575,7.651767845230153,2.0,0.0,0.0,1.0,7.651767845230153,0.0035808265748816836,0.022369845468944376,1.0
1769797832.96,7.658438959306204,1.997656215690424,-0.000245862597381249,1.004052678874669,7.658438959306204,2.0,0.0,0.0,1.0,7.658438959306204,0.0020071898774993613,0.007965670305941334,1.0
1769797832.98,7.665110073382254,1.9973596084469956,-0.004933942137274026,1.0015067213427717,7.665110073382254,2.0,0.0,0.0,1.0,7.665110073382254,0.0028197766805751266,0.01577881188317977,1.0
1769797833.0,7.671781187458304,1.9978573336412333,0.0005934120024043533,1.0054584701325795,7.671781187458305,2.0,0.0,0.0,1.0,7.671781187458305,0.002099868201102834,0.007482828558390826,1.0
1769797833.02,7.678452301534356,1.9979715146246488,0.008395159280665898,1.0107125816878246,7.678452301534356,2.0,0.0,0.0,1.0,7.678452301534356,0.0018446659002917102,-0.001300409474986928,1.0
1769797833.04,7.685123415610406,1.9973353706187889,0.0005896383408156044,1.0020754366705316,7.6851234156104065,2.0,0.0,0.0,1.0,7.6851234156104065,0.0027721286088770837,0.010071990781561553,1.0
1769797833.06,7.691794529686456,1.997281069491045,0.0023546480487050114,0.9966001181800088,7.691794529686457,2.0,0.0,0.0,1.0,7.691794529686457,0.002799110324630089,0.008410744992534833,1.0
1769797833.08,7.698465643762507,1.9974574250319543,0.0023818097771787397,0.9850914426242701,7.698465643762508,2.0,0.0,0.0,1.0,7.698465643762508,0.0023990591635470668,0.006845078997740492,1.0
1769797833.1,7.705136757838558,1.9970853735608682,0.00012974186395372072,1.002304951242455,7.705136757838559,2.0,0.0,0.0,1.0,7.705136757838559,0.0030359598481284147,0.011546496128934856,1.0
1769797833.12,7.711807871914609,1.997349871480159,0.0004799643169799749,0.9848730678251898,7.711807871914609,2.0,0.0,0.0,1.0,7.711807871914609,0.0027204553349000327,0.00998294361588745,1.0
1769797833.14,7.718478985990659,1.9977437073202915,0.0019216651484909178,0.99356199845859,7.71847898599066,2.0,0.0,0.0,1.0,7.71847898599066,0.002057438796940338,0.005991395826633244,1.0
1769797833.16,7.725150100066711,1.9971928211215006,-0.00017865337148975966,1.0312996212335037,7.725150100066711,2.0,0.0,0.0,1.0,7.725150100066711,0.002790441625826617,0.010910709115412436,1.0
1769797833.18,7.7318212141427605,1.9967919838061647,0.0028098542910722597,1.0095069698677301,7.731821214142761,2.0,0.0,0.0,1.0,7.731821214142761,0.0034361722564304454,0.01040542347421822,1.0
1769797833.2,7.738492328218811,1.997217117540063,-0.005255286534756752,1.0003591636394984,7.738492328218812,2.0,0.0,0.0,1.0,7.738492328218812,0.0025441252170590747,0.015040071239828713,1.0
1769797833.22,7.745163442294863,1.996781085685972,-0.013659729576666618,0.988030448761841,7.745163442294863,2.0,0.0,0.0,1.0,7.745163442294863,0.0034719491928013814,0.027012586662176277,1.0
1769797833.24,7.7518345563709135,1.9973238022858533,0.0026259328957563438,0.992415461893869,7.7518345563709135,2.0,0.0,0.0,1.0,7.7518345563709135,0.002474116733843179,0.006889613488520881,1.0
1769797833.26,7.758505670446964,1.9969845874662302,0.003916815108257202,1.01593926894026,7.758505670446964,2.0,0.0,0.0,1.0,7.758505670446964,0.003076525689015519,0.007915423793863256,1.0
1769797833.28,7.765176784523014,1.9969505271836798,-0.005966840678311377,0.9967832120903877,7.765176784523015,2.0,0.0,0.0,1.0,7.765176784523015,0.003069432628911247,0.017771802390446463,1.0
1769797833.3,7.771847898599065,1.9969294346797084,0.0005727633784317004,1.0002380074997808,7.7718478985990656,2.0,0.0,0.0,1.0,7.7718478985990656,0.002990387306778224,0.010928219147908475,1.0
1769797833.32,7.778519012675115,1.996554945808293,0.002034490262286608,0.9926616562684661,7.778519012675116,2.0,0.0,0.0,1.0,7.778519012675116,0.0034658218873248473,0.01129480445792791,1.0
1769797833.34,7.785190126751166,1.9963476842014496,0.007856133496991952,1.0135713965589792,7.785190126751167,2.0,0.0,0.0,1.0,7.785190126751167,0.003722627150238496,0.006460684975565857,1.0
1769797833.36,7.791861240827218,1.9965689767062957,-0.0036323477370979775,1.0063555227996284,7.791861240827218,2.0,0.0,0.0,1.0,7.791861240827218,0.003531457764182608,0.01721404243357655,1.0
1769797833.38,7.798532354903268,1.9970032732606227,-0.005513065875528122,0.9921655515118925,7.798532354903268,2.0,0.0,0.0,1.0,7.798532354903268,0.002741036593291818,0.016055123763424432,1.0
1769797833.4,7.805203468979318,1.99662520364161,-0.0039862867932556525,1.0100871795525233,7.805203468979319,2.0,0.0,0.0,1.0,7.805203468979319,0.0037556508667816214,0.018430093296133654,1.0
1769797833.42,7.81187458305537,1.9975452198506278,-0.004408810931032331,0.9964554451642885,7.81187458305537,2.0,0.0,0.0,1.0,7.81187458305537,0.0019755449382411402,0.012006914474300367,1.0
1769797833.44,7.81854569713142,1.9966359616616722,0.0030206879289317173,1.003054904869851,7.8185456971314204,2.0,0.0,0.0,1.0,7.8185456971314204,0.0037711949256315244,0.011482890892339673,1.0
1769797833.46,7.82521681120747,1.9973279137082547,0.006755322081833874,0.9883014030912295,7.825216811207471,2.0,0.0,0.0,1.0,7.825216811207471,0.0023732324531991118,0.002372241557608467,1.0
1769797833.48,7.831887925283521,1.9968280560718583,0.001587114518069123,1.008909733710212,7.831887925283522,2.0,0.0,0.0,1.0,7.831887925283522,0.0033747854917108785,0.011392100805368243,1.0
1769797833.5,7.838559039359572,1.9969941270466218,-0.009048363591991545,0.9955113026020826,7.8385590393595725,2.0,0.0,0.0,1.0,7.8385590393595725,0.002725207601214458,0.019529547467866736,1.0
1769797833.52,7.845230153435623,1.996017536268591,-0.00040301867826025134,0.9940195155314,7.845230153435623,2.0,0.0,0.0,1.0,7.845230153435623,0.004149573622044065,0.016361562338576437,1.0
1769797833.54,7.851901267511673,1.9956856214875898,0.0039623556474472615,0.9911036855734747,7.851901267511674,2.0,0.0,0.0,1.0,7.851901267511674,0.004179208353141601,0.012110138514793032,1.0
1769797833.56,7.858572381587725,1.9951074980782812,0.005305162706225033,0.9912966736059468,7.858572381587725,2.0,0.0,0.0,1.0,7.858572381587725,0.0052770873699975514,0.014988540837610878,1.0
1769797833.58,7.8652434956637745,1.9961286482441782,0.003626067842503544,1.0092470091839163,7.865243495663775,2.0,0.0,0.0,1.0,7.865243495663775,0.0036758932390587346,0.010511041197574128,1.0
1769797833.6,7.871914609739825,1.9964419398067115,-0.0005018502679716341,0.9899207580463768,7.871914609739826,2.0,0.0,0.0,1.0,7.871914609739826,0.0037623413348190256,0.014971383962611171,1.0
1769797833.62,7.878585723815877,1.997602759538143,-0.002344847900815555,0.9952882257272062,7.878585723815877,2.0,0.0,0.0,1.0,7.878585723815877,0.00229145663694641,0.011157914480500223,1.0
1769797833.64,7.885256837891927,1.9981931273885924,0.0006958933805048455,0.9959398293664767,7.885256837891927,2.0,0.0,0.0,1.0,7.885256837891927,0.0017300785800064503,0.005958156796636305,1.0
1769797833.66,7.891927951967978,1.9982571328601522,-0.007035411931072249,0.985265368368447,7.891927951967978,2.0,0.0,0.0,1.0,7.891927951967978,0.0015748769074955577,0.01309255672809996,1.0
1769797833.68,7.898599066044028,1.9977221512990395,-0.0044071325911697115,1.0210474424009939,7.898599066044029,2.0,0.0,0.0,1.0,7.898599066044029,0.0024628160859299078,0.013879218862424252,1.0
1769797833.7,7.905270180120079,1.998035631705753,0.001954583010610161,1.0126381065150016,7.9052701801200795,2.0,0.0,0.0,1.0,7.9052701801200795,0.0019496491322154971,0.005543926953547855,1.0
1769797833.72,7.911941294196129,1.9984249036637474,0.00027214046635776364,1.0179032922321487,7.91194129419613,2.0,0.0,0.0,1.0,7.91194129419613,0.001719577310346945,0.0063415219895354615,1.0
1769797833.74,7.91861240827218,1.9994865397643011,-0.004823967914813433,0.9975373296733144,7.918612408272181,2.0,0.0,0.0,1.0,7.918612408272181,0.0005115798324857821,0.006791580115937346,1.0
1769797833.76,7.925283522348232,2.0005297997246645,-0.0003374530103027668,0.9947618978987469,7.925283522348232,2.0,0.0,0.0,1.0,7.925283522348232,-0.0005394006498606978,-0.00173716189737218,1.0
1769797833.78,7.931954636424282,2.001173083256002,0.0018628215289488595,0.9906683844596276,7.931954636424282,2.0,0.0,0.0,1.0,7.931954636424282,-0.0015282553674470884,-0.007740659096338579,1.0
1769797833.8,7.938625750500332,2.0003085604322575,0.003434010201627337,0.994087596559088,7.938625750500333,2.0,0.0,0.0,1.0,7.938625750500333,-0.0001588969339298518,-0.00404515217911762,1.0
1769797833.82,7.945296864576384,2.0000490589514284,-0.0016689086656233975,1.0107633039933155,7.945296864576384,2.0,0.0,0.0,1.0,7.945296864576384,-0.00014246726737521292,0.0011209576920980097,1.0
1769797833.84,7.9519679786524335,1.9992150984163222,-0.005349960547135827,0.9917988205804102,7.951967978652434,2.0,0.0,0.0,1.0,7.951967978652434,0.0006463480038205358,0.007835909286965755,1.0
1769797833.86,7.958639092728484,1.9977269117916563,-0.0043001908593372174,1.0094706992836078,7.958639092728485,2.0,0.0,0.0,1.0,7.958639092728485,0.002265445491449967,0.013013222254009249,1.0
1769797833.88,7.965310206804535,1.9966721671203296,-0.00612548323994357,1.0090615249469097,7.965310206804536,2.0,0.0,0.0,1.0,7.965310206804536,0.00379694084518059,0.02072806385786822,1.0
1769797833.9,7.971981320880586,1.9975088581174028,0.006058814173102509,0.993484815738814,7.9719813208805865,2.0,0.0,0.0,1.0,7.9719813208805865,0.0021934070452822884,0.0023771666468971418,1.0
1769797833.92,7.978652434956637,1.9969620389748386,0.0007847720801679682,0.9911198167045729,7.978652434956637,2.0,0.0,0.0,1.0,7.978652434956637,0.0030438801263274863,0.010921924357419635,1.0
1769797833.94,7.985323549032687,1.9966256231319652,0.004869297088682186,1.000467624652908,7.985323549032688,2.0,0.0,0.0,1.0,7.985323549032688,0.003557157695616946,0.008811225132715518,1.0
1769797833.96,7.991994663108739,1.9971041646092629,0.004048373872471504,0.9951646531111221,7.991994663108739,2.0,0.0,0.0,1.0,7.991994663108739,0.0028578155155237345,0.006942781645425345,1.0
1769797833.98,7.998665777184788,1.9973603907628088,-0.0036822368256144333,1.0055082299797224,7.998665777184789,2.0,0.0,0.0,1.0,7.998665777184789,0.002594719997769164,0.01366159783783846,1.0
1769797834.0,8.005336891260841,1.9973388604600966,0.003008660780320731,1.009163843877813,8.005336891260841,2.0,0.0,0.0,1.0,8.005336891260841,0.002592866200946971,0.006963570953653644,1.0
1769797834.02,8.01200800533689,1.9971518526967744,0.001433970464130755,0.9949998685058516,8.012008005336892,2.0,0.0,0.0,1.0,8.012008005336892,0.0030012787577464502,0.010108896697358427,1.0
1769797834.04,8.018679119412942,1.9976991600088712,-0.001034875749985841,0.9917236091049227,8.018679119412942,2.0,0.0,0.0,1.0,8.018679119412942,0.0023205416121168864,0.009959798819682265,1.0
1769797834.06,8.025350233488993,1.998338980622887,0.0020041985226575553,1.0002049524431529,8.025350233488993,2.0,0.0,0.0,1.0,8.025350233488993,0.0016615917810865431,0.004386452096542967,1.0
1769797834.08,8.032021347565044,1.9986476810027367,-0.0019760619353775257,1.004883772138006,8.032021347565044,2.0,0.0,0.0,1.0,8.032021347565044,0.0010185275445532863,0.0058934555294135604,1.0
1769797834.1,8.038692461641094,1.9977142976182063,-0.0033853495875859453,0.9879602683156041,8.038692461641094,2.0,0.0,0.0,1.0,8.038692461641094,0.002601312063393127,0.013390062167073096,1.0
1769797834.12,8.045363575717145,1.9981791602873826,0.009508652258998277,0.9916806946330766,8.045363575717145,2.0,0.0,0.0,1.0,8.045363575717145,0.0017462405855245729,-0.002792443300210284,1.0
1769797834.14,8.052034689793196,1.9979557358425688,0.0013667254088126604,0.9830167354724277,8.052034689793196,2.0,0.0,0.0,1.0,8.052034689793196,0.0017041063032063215,0.005187435752810717,1.0
1769797834.16,8.058705803869245,1.9962644260394773,-0.0020149121180726088,0.9939632400361611,8.058705803869247,2.0,0.0,0.0,1.0,8.058705803869247,0.0038550919219594772,0.016841102301278128,1.0
1769797834.18,8.065376917945297,1.9955641588627402,0.006157578362348141,1.0327362600742063,8.065376917945297,2.0,0.0,0.0,1.0,8.065376917945297,0.004869133276909345,0.012567668436261486,1.0
1769797834.2,8.072048032021348,1.9965886709801395,-0.003814839657450604,1.0129557150759156,8.072048032021348,2.0,0.0,0.0,1.0,8.072048032021348,0.003114078328965904,0.01579149132239192,1.0
1769797834.22,8.078719146097397,1.9962925979689476,-0.004557777624057615,0.999292083016706,8.078719146097399,2.0,0.0,0.0,1.0,8.078719146097399,0.003773986793301812,0.019072092137624154,1.0
1769797834.24,8.08539026017345,1.996383097852572,0.004449627456431655,1.0030853508404525,8.08539026017345,2.0,0.0,0.0,1.0,8.08539026017345,0.0036927461517456445,0.009752287465425759,1.0
1769797834.26,8.0920613742495,1.9970489893928896,0.001228810281766256,0.9953648135238354,8.0920613742495,2.0,0.0,0.0,1.0,8.0920613742495,0.0031724635769870774,0.010972367212648052,1.0
1769797834.28,8.09873248832555,1.9982248718880158,-0.0016785882158338577,0.9986186040836391,8.09873248832555,2.0,0.0,0.0,1.0,8.09873248832555,0.0012516718740353872,0.006492673618451978,1.0
1769797834.3,8.105403602401601,1.997216105342575,0.004290865456690653,0.9919282316911171,8.105403602401601,2.0,0.0,0.0,1.0,8.105403602401601,0.0030420413939525647,0.007408759901872655,1.0
1769797834.32,8.112074716477652,1.9972333239097133,-0.002378900361360796,0.9976506056326865,8.112074716477652,2.0,0.0,0.0,1.0,8.112074716477652,0.002587976432403609,0.012332327159909055,1.0
1769797834.34,8.118745830553703,1.9967145940408533,-0.0019891122448086147,1.007061120999218,8.118745830553703,2.0,0.0,0.0,1.0,8.118745830553703,0.003583389259934249,0.015770506077465902,1.0
1769797834.36,8.125416944629752,1.9973926320122688,-0.003830980719073361,0.9937454855393018,8.125416944629754,2.0,0.0,0.0,1.0,8.125416944629754,0.0024135470909985744,0.013113587519327338,1.0
1769797834.38,8.132088058705804,1.9972359751019355,-0.004073635168256572,1.0148229515637708,8.132088058705804,2.0,0.0,0.0,1.0,8.132088058705804,0.0028338275344014464,0.014972540272263888,1.0
1769797834.4,8.138759172781855,1.9974593804167593,-0.0037517161124563233,1.0173743419821304,8.138759172781855,2.0,0.0,0.0,1.0,8.138759172781855,0.002594936172157939,0.013731908481831881,1.0
1769797834.42,8.145430286857904,1.9980449271072165,0.0029104844394513565,1.0118228399802,8.145430286857906,2.0,0.0,0.0,1.0,8.145430286857906,0.0020637368534687874,0.005026798308618538,1.0
1769797834.44,8.152101400933956,1.9990373542891384,-0.001937026130341105,0.9918520691985461,8.152101400933956,2.0,0.0,0.0,1.0,8.152101400933956,0.0008624277191278177,0.005254043653962568,1.0
1769797834.46,8.158772515010007,1.9995303942461966,0.005302472967664023,1.0003102420420358,8.158772515010007,2.0,0.0,0.0,1.0,8.158772515010007,0.00043790249036156905,-0.0036182342126590055,1.0
1769797834.48,8.165443629086058,1.9998452337721746,-0.0019210726560568514,0.97890116847549,8.165443629086058,2.0,0.0,0.0,1.0,8.165443629086058,0.0001245143594734787,0.0023999740020357015,1.0
1769797834.5,8.172114743162108,1.999798366593317,-0.0014455125192922235,1.0039429513091107,8.172114743162108,2.0,0.0,0.0,1.0,8.172114743162108,-1.8897912510899774e-05,0.0013728282405321445,1.0
1769797834.52,8.178785857238159,1.9988439822119406,-0.0008157192402262782,0.9987941777985063,8.178785857238159,2.0,0.0,0.0,1.0,8.178785857238159,0.00127764674177645,0.0057297056166479825,1.0
1769797834.54,8.18545697131421,1.9983494999720623,-0.0033307505112767526,0.9927294275726889,8.18545697131421,2.0,0.0,0.0,1.0,8.18545697131421,0.0015428003854220163,0.009264528504311358,1.0
1769797834.56,8.192128085390259,1.997190349683585,0.0017157827536328687,1.0239461707740523,8.19212808539026,2.0,0.0,0.0,1.0,8.19212808539026,0.002647580599553844,0.008466867603734794,1.0
1769797834.58,8.198799199466311,1.9955355173100227,0.00019360477818515932,1.004279041081563,8.198799199466311,2.0,0.0,0.0,1.0,8.198799199466311,0.004725125950242196,0.017977956187451877,1.0
1769797834.6,8.205470313542362,1.995441159342729,-0.009350049894335466,1.0007217798911296,8.205470313542362,2.0,0.0,0.0,1.0,8.205470313542362,0.004902979848971632,0.028205429858378848,1.0
1769797834.62,8.21214142761841,1.996710962780789,0.003448617130313399,0.9973985864188423,8.212141427618413,2.0,0.0,0.0,1.0,8.212141427618413,0.00304721572995938,0.008270906791959323,1.0
1769797834.64,8.218812541694463,1.9970090060701942,-0.0013350487421149848,0.9871037185789625,8.218812541694463,2.0,0.0,0.0,1.0,8.218812541694463,0.0031477340643238966,0.013441126774946383,1.0
1769797834.66,8.225483655770514,1.9981413765445875,0.0012048832913310401,0.9775858744229533,8.225483655770514,2.0,0.0,0.0,1.0,8.225483655770514,0.0019614966793149997,0.006339191583966401,1.0
1769797834.68,8.232154769846565,1.9995310043903554,0.000497917670868248,0.9917131971763591,8.232154769846565,2.0,0.0,0.0,1.0,8.232154769846565,0.000246177936140623,0.0004489202621097344,1.0
1769797834.7,8.238825883922615,1.9997753713975013,-0.0009535406214482637,0.9887879968986361,8.238825883922615,2.0,0.0,0.0,1.0,8.238825883922615,0.00011918357356085823,0.0014119389491901175,1.0
1769797834.72,8.245496997998666,1.9996490667406284,0.006414583146221377,0.9963632065861409,8.245496997998666,2.0,0.0,0.0,1.0,8.245496997998666,0.0004723383970621069,-0.004597899002236674,1.0
1769797834.74,8.252168112074717,1.9999500314446474,0.0038076990927581136,0.9968844814541786,8.252168112074717,2.0,0.0,0.0,1.0,8.252168112074717,-8.931939297782373e-05,-0.004151235206081522,1.0
1769797834.76,8.258839226150766,1.999539125163607,0.0030349433973021617,0.9937817459499305,8.258839226150767,2.0,0.0,0.0,1.0,8.258839226150767,0.0003990142768737652,-0.0015002743064572324,1.0
1769797834.78,8.265510340226818,1.9988092578262162,0.00082544583456716,1.024106649207231,8.265510340226818,2.0,0.0,0.0,1.0,8.265510340226818,0.0011604637285228586,0.003637846560258873,1.0
1769797834.8,8.272181454302869,1.9978796808716117,-0.0022920380229345992,0.9983014730410958,8.272181454302869,2.0,0.0,0.0,1.0,8.272181454302869,0.002061908922390582,0.01022229070938106,1.0
1769797834.82,8.278852568378918,1.9968980181442681,-0.003072834609020021,1.0094396164850297,8.27885256837892,2.0,0.0,0.0,1.0,8.27885256837892,0.0033224770443142557,0.015850896963782935,1.0
1769797834.84,8.28552368245497,1.9967357442618825,0.00371770376918385,1.000915621071857,8.28552368245497,2.0,0.0,0.0,1.0,8.28552368245497,0.003054667036355666,0.008030475078175954,1.0
1769797834.86,8.292194796531021,1.9958080516213734,-0.00034940127878957844,0.994574711273736,8.292194796531021,2.0,0.0,0.0,1.0,8.292194796531021,0.004404610228725084,0.017288589509977435,1.0
1769797834.88,8.298865910607072,1.9961545489438528,-0.004664282931281418,1.004940813744132,8.298865910607072,2.0,0.0,0.0,1.0,8.298865910607072,0.004127219052009234,0.020536869253250968,1.0
1769797834.9,8.305537024683122,1.997564407806129,0.00715799044706212,0.9973866681081561,8.305537024683122,2.0,0.0,0.0,1.0,8.305537024683122,0.00218403641964609,0.0012419520589803815,1.0
1769797834.92,8.312208138759173,1.997644890385011,-0.004965256286072252,0.9965177412627961,8.312208138759173,2.0,0.0,0.0,1.0,8.312208138759173,0.0021996602779766417,0.013425286284606456,1.0
1769797834.94,8.318879252835224,1.9973705245112021,0.007129257409396279,1.0129399242918153,8.318879252835224,2.0,0.0,0.0,1.0,8.318879252835224,0.003000057275496477,0.004408912369108939,1.0
1769797834.96,8.325550366911273,1.9985608014671716,0.0006179683380724689,1.0037043036595337,8.325550366911274,2.0,0.0,0.0,1.0,8.325550366911274,0.0011744596913474043,0.003899153597665158,1.0
1769797834.98,8.332221480987325,1.9985764961181989,0.00048626354846855146,1.0002679097419758,8.332221480987325,2.0,0.0,0.0,1.0,8.332221480987325,0.0014843695037676397,0.005222787901203335,1.0
1769797835.0,8.338892595063376,1.9988805561357834,-0.004934513247442902,0.9879065332876135,8.338892595063376,2.0,0.0,0.0,1.0,8.338892595063376,0.0011237696615962697,0.009256677339117904,1.0
1769797835.02,8.345563709139425,1.9991474904389934,-0.003058219303260987,1.0042236483377014,8.345563709139427,2.0,0.0,0.0,1.0,8.345563709139427,0.0007951967921932491,0.006116658967699481,1.0
1769797835.04,8.352234823215477,1.9992331024264205,-0.0005208803404399546,1.0099169920412814,8.352234823215477,2.0,0.0,0.0,1.0,8.352234823215477,0.0008530348455895072,0.003801771820545762,1.0
1769797835.06,8.358905937291528,1.9997122941591958,-0.006163557945705689,0.9956858183114026,8.358905937291528,2.0,0.0,0.0,1.0,8.358905937291528,0.00027931165010546054,0.007237833109772308,1.0
1769797835.08,8.365577051367579,1.999763478006564,-0.008607895310388528,1.0142375266715673,8.365577051367579,2.0,0.0,0.0,1.0,8.365577051367579,-0.00015231300204387416,0.00802207613877286,1.0
1769797835.1,8.37224816544363,1.9981982823668434,-0.008919506882267829,1.0133008173371425,8.37224816544363,2.0,0.0,0.0,1.0,8.37224816544363,0.0019999014583056253,0.016611283873823823,1.0
1769797835.12,8.37891927951968,1.9976270591563887,-6.500169219960498e-06,1.0139023553376216,8.37891927951968,2.0,0.0,0.0,1.0,8.37891927951968,0.002442055422180654,0.00939874483737808,1.0
1769797835.14,8.38559039359573,1.9972222068389627,-0.0015333990589714882,1.004708594200505,8.38559039359573,2.0,0.0,0.0,1.0,8.38559039359573,0.002621629354073961,0.011616247181464175,1.0
1769797835.16,8.39226150767178,1.9960522501257993,0.0012635737047508179,1.0169407568806392,8.392261507671781,2.0,0.0,0.0,1.0,8.392261507671781,0.0039114099109575,0.013779175819370397,1.0
1769797835.18,8.398932621747832,1.995045903386509,-0.00633429444454909,1.0065837218187619,8.398932621747832,2.0,0.0,0.0,1.0,8.398932621747832,0.0052872930824990816,0.0266672345340989,1.0
1769797835.2,8.405603735823883,1.995823147761104,0.003911077732331697,1.0073051895030594,8.405603735823883,2.0,0.0,0.0,1.0,8.405603735823883,0.004405526497410803,0.01303163359787781,1.0
1769797835.22,8.412274849899932,1.9975220934785267,0.0017943312811970064,0.9978648872139424,8.412274849899934,2.0,0.0,0.0,1.0,8.412274849899934,0.0023324613245643043,0.007176433165930337,1.0
1769797835.24,8.418945963975984,1.9985376153641379,-0.008922762134454965,0.9973726939250505,8.418945963975984,2.0,0.0,0.0,1.0,8.418945963975984,0.0014577050562911056,0.014529261299811197,1.0
1769797835.26,8.425617078052035,1.9996097581735623,-0.0001990662620600611,1.0080609632027884,8.425617078052035,2.0,0.0,0.0,1.0,8.425617078052035,0.00046870078824878814,0.0020017596487363017,1.0
1769797835.28,8.432288192128086,2.0008026918267157,-0.002393601236732288,0.9967388808019614,8.432288192128086,2.0,0.0,0.0,1.0,8.432288192128086,-0.00104804280477306,-0.0016373107958796733,1.0
1769797835.3,8.438959306204136,2.0005795545481284,0.004835158261843569,1.011183386496946,8.438959306204136,2.0,0.0,0.0,1.0,8.438959306204136,-0.0008506542489367212,-0.008106893699260959,1.0
1769797835.32,8.445630420280187,1.9994059654866358,0.009841893677013139,0.9995036848757871,8.445630420280187,2.0,0.0,0.0,1.0,8.445630420280187,0.0009087146675603832,-0.006346851494408286,1.0
1769797835.34,8.452301534356238,1.9995009841674802,0.003632997136505011,0.983579428023609,8.452301534356238,2.0,0.0,0.0,1.0,8.452301534356238,0.0002991161886079768,-0.0024825507647927196,1.0
1769797835.36,8.458972648432287,1.9986191384122072,0.00422772973931907,0.9884777206574813,8.458972648432288,2.0,0.0,0.0,1.0,8.458972648432288,0.0013368621565982607,0.0009140024742185374,1.0
1769797835.38,8.46564376250834,1.9978019024677174,-0.001776094432045425,1.000167784409095,8.46564376250834,2.0,0.0,0.0,1.0,8.46564376250834,0.002468038021973682,0.011268263266951966,1.0
1769797835.4,8.47231487658439,1.9981651897033315,-0.0028335957295161397,0.9990728520640408,8.47231487658439,2.0,0.0,0.0,1.0,8.47231487658439,0.0017556111915461915,0.009585843846271827,1.0
1769797835.42,8.478985990660439,1.9979150896380218,0.005810805144967597,0.9984213043067788,8.47898599066044,2.0,0.0,0.0,1.0,8.47898599066044,0.0018411188849585588,0.0012703029794094121,1.0
1769797835.44,8.485657104736491,1.9966553107426208,-0.0035452116263113734,1.0028420286905912,8.485657104736491,2.0,0.0,0.0,1.0,8.485657104736491,0.003472703986712583,0.01690097124763297,1.0
1769797835.46,8.492328218812542,1.9961316435657603,0.002906010965753257,1.007967483536011,8.492328218812542,2.0,0.0,0.0,1.0,8.492328218812542,0.004007066082556487,0.012504561613118486,1.0
1769797835.48,8.498999332888593,1.9961880980773552,0.0039922039788962875,0.9956460978251802,8.498999332888593,2.0,0.0,0.0,1.0,8.498999332888593,0.003744711918953518,0.010409538398968365,1.0
1769797835.5,8.505670446964643,1.9960780066987487,-0.012456736222410563,0.9994540914185084,8.505670446964643,2.0,0.0,0.0,1.0,8.505670446964643,0.00406900076160823,0.028105461659640618,1.0
1769797835.52,8.512341561040694,1.9967483528886008,0.001775927883869602,1.0121883939847554,8.512341561040694,2.0,0.0,0.0,1.0,8.512341561040694,0.003346049864857718,0.011092784257211016,1.0
1769797835.54,8.519012675116745,1.997789289362854,0.0006981653933543203,0.9922580103788028,8.519012675116745,2.0,0.0,0.0,1.0,8.519012675116745,0.0021407547387413935,0.007535320623542471,1.0
1769797835.56,8.525683789192794,1.9984298330108883,-0.0018603402950877039,1.0089059226892607,8.525683789192795,2.0,0.0,0.0,1.0,8.525683789192795,0.001496235022114239,0.00761502685443361,1.0
1769797835.58,8.532354903268846,1.9988000415173643,0.002170696302540435,1.0070059936950144,8.532354903268846,2.0,0.0,0.0,1.0,8.532354903268846,0.001274639187067034,0.0027317228344327883,1.0
1769797835.6,8.539026017344897,1.9993732056977158,-0.004430602791949701,0.9945037672690358,8.539026017344897,2.0,0.0,0.0,1.0,8.539026017344897,0.00048124002214515503,0.00628152384034803,1.0
1769797835.62,8.545697131420946,1.9993240796990093,-0.0003191578130858597,1.0134831352019986,8.545697131420948,2.0,0.0,0.0,1.0,8.545697131420948,0.0007328834292479956,0.0031379327677285504,1.0
1769797835.64,8.552368245496998,1.999653287407328,-0.0010409606984813765,1.002605907625107,8.552368245496998,2.0,0.0,0.0,1.0,8.552368245496998,0.0004592183678299885,0.0028071833535306934,1.0
1769797835.66,8.559039359573049,2.0002958934689805,0.00239090436672306,1.001340686879485,8.559039359573049,2.0,0.0,0.0,1.0,8.559039359573049,-0.0005075220663858153,-0.004342909835098394,1.0
1769797835.68,8.5657104736491,1.9999426369159825,0.004861159318720363,0.9920104771047451,8.5657104736491,2.0,0.0,0.0,1.0,8.5657104736491,4.910059059256785e-05,-0.004672310895609346,1.0
1769797835.7,8.57238158772515,1.999388879721115,-0.0032190095127221314,1.0160974745447635,8.57238158772515,2.0,0.0,0.0,1.0,8.57238158772515,0.00044917793966567067,0.004946615254222856,1.0
1769797835.72,8.579052701801201,1.9981015401107785,0.004051815868578237,0.9942089512514084,8.579052701801201,2.0,0.0,0.0,1.0,8.579052701801201,0.0019206083901085428,0.003335005120792033,1.0
1769797835.74,8.585723815877252,1.9968876648243101,-0.0018782173167063369,0.9937502258439939,8.585723815877252,2.0,0.0,0.0,1.0,8.585723815877252,0.003082439828752126,0.01373319971956593,1.0
1769797835.76,8.5923949299533,1.9959108513166168,-0.0028222138458211684,0.9995674177949418,8.592394929953302,2.0,0.0,0.0,1.0,8.592394929953302,0.0044657220812002185,0.01999637928713565,1.0
1769797835.78,8.599066044029353,1.9964295401443493,-0.0022453028131518026,1.0028771217032204,8.599066044029353,2.0,0.0,0.0,1.0,8.599066044029353,0.0033086196679294514,0.014970076232096107,1.0
1769797835.8,8.605737158105404,1.995892442913626,-0.006147045353619435,1.0094962206182945,8.605737158105404,2.0,0.0,0.0,1.0,8.605737158105404,0.004273691903949123,0.022582841783831676,1.0
1769797835.82,8.612408272181453,1.9959521287551127,-0.0020652478307748635,1.0059014622205757,8.612408272181455,2.0,0.0,0.0,1.0,8.612408272181455,0.003869358501745199,0.016946297369279602,1.0
1769797835.84,8.619079386257505,1.995354080926321,-0.007734283604970442,0.9885909135252358,8.619079386257505,2.0,0.0,0.0,1.0,8.619079386257505,0.004821244871395583,0.02627540817027845,1.0
1769797835.86,8.625750500333556,1.99552162320055,0.0027641696655829272,0.9944738167387241,8.625750500333556,2.0,0.0,0.0,1.0,8.625750500333556,0.004425779846459493,0.014256416699288189,1.0
1769797835.88,8.632421614409607,1.9955449511957617,-0.0007920232824419267,0.9937814674785823,8.632421614409607,2.0,0.0,0.0,1.0,8.632421614409607,0.004556286972510856,0.01831441040251004,1.0
1769797835.9,8.639092728485657,1.9960203115012445,-0.0042375044904439715,1.0018630405093918,8.639092728485657,2.0,0.0,0.0,1.0,8.639092728485657,0.003959276023754311,0.01946431228077274,1.0
1769797835.92,8.645763842561708,1.996731457589571,-0.0005947671062823374,0.998929609741321,8.645763842561708,2.0,0.0,0.0,1.0,8.645763842561708,0.003599586409944782,0.014438445785131142,1.0
1769797835.94,8.652434956637759,1.9985926542630954,-0.0036649859892487215,0.98826529054496,8.652434956637759,2.0,0.0,0.0,1.0,8.652434956637759,0.001012524324363219,0.007559290627103232,1.0
1769797835.96,8.659106070713808,1.9983645559848204,-0.0015260455422020475,0.9994015666986539,8.65910607071381,2.0,0.0,0.0,1.0,8.65910607071381,0.0013886489885726419,0.006866952406346741,1.0
1769797835.98,8.66577718478986,1.9972124287688766,5.101685995915218e-05,1.0009092635615167,8.66577718478986,2.0,0.0,0.0,1.0,8.66577718478986,0.003015252417619627,0.0115455879532841,1.0
1769797836.0,8.67244829886591,1.9971205445674904,0.0019726331183774126,1.0026861964103257,8.67244829886591,2.0,0.0,0.0,1.0,8.67244829886591,0.0028771862434159553,0.009093016137985688,1.0
1769797836.02,8.67911941294196,1.9969073224493477,0.002814453217790221,0.9941025125431103,8.679119412941962,2.0,0.0,0.0,1.0,8.679119412941962,0.0029819291829966546,0.00865400235388174,1.0
1769797836.04,8.685790527018012,1.996304217879852,0.0012724476038564378,0.9940345282295251,8.685790527018012,2.0,0.0,0.0,1.0,8.685790527018012,0.0038227253845216657,0.013429283030010923,1.0
1769797836.06,8.692461641094063,1.9965161572282013,0.005095525557660678,0.9843667108740783,8.692461641094063,2.0,0.0,0.0,1.0,8.692461641094063,0.0037064847892318772,0.009159219580916334,1.0
1769797836.08,8.699132755170114,1.997613524049863,-0.009069751861413053,0.9838586519203413,8.699132755170114,2.0,0.0,0.0,1.0,8.699132755170114,0.002232907342094444,0.017657645892517254,1.0
1769797836.1,8.705803869246164,1.9977968532395343,-0.002960641759730279,0.9994518933648608,8.705803869246164,2.0,0.0,0.0,1.0,8.705803869246164,0.002005762632674654,0.010674960392022715,1.0
1769797836.12,8.712474983322215,1.9971236152125516,0.0035493097319140945,1.0007099931577441,8.712474983322215,2.0,0.0,0.0,1.0,8.712474983322215,0.0029409435004848082,0.0077615290481131555,1.0
1769797836.14,8.719146097398266,1.9969745322321772,-0.009911571363264256,0.984763306053732,8.719146097398266,2.0,0.0,0.0,1.0,8.719146097398266,0.0032483488202601587,0.022404570682955448,1.0
1769797836.16,8.725817211474315,1.99775280709166,0.004467695208375185,1.0082355610781344,8.725817211474316,2.0,0.0,0.0,1.0,8.725817211474316,0.002134439170155814,0.0037415018018957464,1.0
1769797836.18,8.732488325550367,1.9979780540303798,0.009326153502058981,0.9887312987824985,8.732488325550367,2.0,0.0,0.0,1.0,8.732488325550367,0.001995102160383558,-0.0016528342592165351,1.0
1769797836.2,8.739159439626418,1.9984059848960765,0.004851481169780856,0.9706164286247555,8.739159439626418,2.0,0.0,0.0,1.0,8.739159439626418,0.001921970140670929,0.0025405770357700185,1.0
1769797836.22,8.745830553702467,2.0001118371922693,-0.0026272045870989404,1.0078209828268045,8.745830553702469,2.0,0.0,0.0,1.0,8.745830553702469,-0.0003643725999281244,0.0012257724279296,1.0
1769797836.24,8.75250166777852,2.0004579352604064,0.0071659722172102685,1.0029267667322566,8.75250166777852,2.0,0.0,0.0,1.0,8.75250166777852,-0.000639190919388163,-0.009624393877463045,1.0
1769797836.26,8.75917278185457,2.000017938380875,0.0013017866885353263,1.000694383083904,8.75917278185457,2.0,0.0,0.0,1.0,8.75917278185457,4.1826413371595054e-05,-0.001140915869263093,1.0
1769797836.28,8.76584389593062,1.9997481634981555,0.005688852816392749,1.0019317495908164,8.76584389593062,2.0,0.0,0.0,1.0,8.76584389593062,0.00014315612550575818,-0.005138252389318462,1.0
1769797836.3,8.772515010006671,1.9990915314970277,-0.003863069540130738,1.024402206541728,8.772515010006671,2.0,0.0,0.0,1.0,8.772515010006671,0.0010287864741429355,0.00781991994403675,1.0
1769797836.32,8.779186124082722,1.9989419661841197,0.010181150334289549,1.001870805578376,8.779186124082722,2.0,0.0,0.0,1.0,8.779186124082722,0.0010036166386357362,-0.006321105511137502,1.0
1769797836.34,8.785857238158773,1.998625313025014,0.0033902113216600143,0.992213577006218,8.785857238158773,2.0,0.0,0.0,1.0,8.785857238158773,0.0014615459559295572,0.002231060069046149,1.0
1769797836.36,8.792528352234822,1.9985377767588461,0.006857454975652656,0.9820779291112943,8.792528352234823,2.0,0.0,0.0,1.0,8.792528352234823,0.0012859982230215214,-0.0019113482982299895,1.0
1769797836.38,8.799199466310874,1.9978413373931236,-0.0005268082090844718,0.9992917287492178,8.799199466310874,2.0,0.0,0.0,1.0,8.799199466310874,0.0023721429252715953,0.009650181705447998,1.0
1769797836.4,8.805870580386925,1.9980347830724474,0.011058531921115104,1.002177274725202,8.805870580386925,2.0,0.0,0.0,1.0,8.805870580386925,0.001858860486753216,-0.003909190321318631,1.0
1769797836.42,8.812541694462974,1.9976766794628193,0.008464634776654163,0.9833541857303678,8.812541694462976,2.0,0.0,0.0,1.0,8.812541694462976,0.002268101305291545,0.00025861051028345204,1.0
1769797836.44,8.819212808539026,1.9970990379775537,-0.005603800613714407,0.9806835028566531,8.819212808539026,2.0,0.0,0.0,1.0,8.819212808539026,0.002939113895623693,0.016907603351641553,1.0
1769797836.46,8.825883922615077,1.9969138325123286,-0.0020190176958560287,0.9999148129643166,8.825883922615077,2.0,0.0,0.0,1.0,8.825883922615077,0.0033005614328847927,0.014712802909025768,1.0
1769797836.48,8.832555036691128,1.9977060194557001,0.0008157058717751842,1.0082037750286628,8.832555036691128,2.0,0.0,0.0,1.0,8.832555036691128,0.002270867875233462,0.007918179258117147,1.0
1769797836.5,8.839226150767178,1.9981131374803858,0.0038246268484297607,0.9822384795070803,8.839226150767178,2.0,0.0,0.0,1.0,8.839226150767178,0.0016096527232385234,0.0023662660697091054,1.0
1769797836.52,8.845897264843229,1.9976094534644444,-0.0006833333464482548,0.9880519660043833,8.845897264843229,2.0,0.0,0.0,1.0,8.845897264843229,0.0027733902113472736,0.011349814234223808,1.0
1769797836.54,8.85256837891928,1.998639406400127,0.002415721476348083,0.9932598632579527,8.85256837891928,2.0,0.0,0.0,1.0,8.85256837891928,0.0011076267311358823,0.0018443555645357899,1.0
1769797836.56,8.859239492995329,1.9987784754329407,-0.00018063133223519045,0.9827669776872404,8.85923949299533,2.0,0.0,0.0,1.0,8.85923949299533,0.0015111527182979862,0.00599269172706931,1.0
1769797836.58,8.865910607071381,1.9997472150904188,0.0017991946541409643,0.9857580809020616,8.865910607071381,2.0,0.0,0.0,1.0,8.865910607071381,-0.0002691425048690862,-0.0028343577646591416,1.0
1769797836.6,8.872581721147432,1.9986421613928753,-0.006130737628677108,1.0103439613215541,8.872581721147432,2.0,0.0,0.0,1.0,8.872581721147432,0.0017197065195383103,0.012744897021260118,1.0
1769797836.62,8.87925283522348,1.9990028757848761,0.0010079550951890427,0.985717432035524,8.879252835223483,2.0,0.0,0.0,1.0,8.879252835223483,0.0007741753800701375,0.0019696337206317506,1.0
1769797836.64,8.885923949299533,1.9985279847773139,0.0015935002951196944,0.9962256340690477,8.885923949299533,2.0,0.0,0.0,1.0,8.885923949299533,0.001676837720038796,0.004855786134003753,1.0
1769797836.66,8.892595063375584,1.998808854711741,-0.0005580882776835308,0.9954169576829801,8.892595063375584,2.0,0.0,0.0,1.0,8.892595063375584,0.0009910679092684678,0.004369869467293788,1.0
1769797836.68,8.899266177451635,1.99854106952482,-0.007233446161907748,1.0095513008600814,8.899266177451635,2.0,0.0,0.0,1.0,8.899266177451635,0.0018439697891208143,0.014325518751642036,1.0
1769797836.7,8.905937291527685,1.9998278008041246,-0.0030526881801625893,0.9933887958428929,8.905937291527685,2.0,0.0,0.0,1.0,8.905937291527685,-7.013446962407412e-05,0.0027829402266126395,1.0
1769797836.72,8.912608405603736,1.9998421595554319,0.00644734979807754,0.9975522778683532,8.912608405603736,2.0,0.0,0.0,1.0,8.912608405603736,1.6358355566746194e-05,-0.006384433045980765,1.0
1769797836.74,8.919279519679787,1.999352081306649,-0.005324415095466804,0.9871599026293243,8.919279519679787,2.0,0.0,0.0,1.0,8.919279519679787,0.0008037314419339359,0.008415680025472527,1.0
1769797836.76,8.925950633755836,1.999300070478537,-0.0037450396454270607,1.0054479012433781,8.925950633755837,2.0,0.0,0.0,1.0,8.925950633755837,0.0004108707820794461,0.005325310568745731,1.0
1769797836.78,8.932621747831888,1.9979899052178434,0.0023739732871614102,1.0000908126329668,8.932621747831888,2.0,0.0,0.0,1.0,8.932621747831888,0.002100881133363385,0.005706162912714301,1.0
1769797836.8,8.939292861907939,1.9971071852312616,-0.00018170705928632116,1.0000480692555767,8.939292861907939,2.0,0.0,0.0,1.0,8.939292861907939,0.0028965904038866083,0.011321978502179888,1.0
1769797836.82,8.945963975983988,1.9964053441279663,-0.006402196940772045,0.9950242697081342,8.94596397598399,2.0,0.0,0.0,1.0,8.94596397598399,0.0037579151246290615,0.020854710309873185,1.0
1769797836.84,8.95263509006004,1.996474908940417,-0.00496664783288961,0.995598769045446,8.95263509006004,2.0,0.0,0.0,1.0,8.95263509006004,0.0035346204632170698,0.01856050451070923,1.0
1769797836.86,8.959306204136091,1.996715523465111,0.006096829782914069,0.9932605821001684,8.959306204136091,2.0,0.0,0.0,1.0,8.959306204136091,0.003411055696838118,0.007021862577071938,1.0
1769797836.88,8.965977318212142,1.9973840873838018,0.006162290308070912,0.9977498744013378,8.965977318212142,2.0,0.0,0.0,1.0,8.965977318212142,0.0024531592544313587,0.003272657622791655,1.0
1769797836.9,8.972648432288192,1.9973235779939342,9.568801608050975e-05,1.0056511279244287,8.972648432288192,2.0,0.0,0.0,1.0,8.972648432288192,0.002706864385751965,0.010314952729142748,1.0
1769797836.92,8.979319546364243,1.9975061655716377,0.004770676971535554,0.9973458109073634,8.979319546364243,2.0,0.0,0.0,1.0,8.979319546364243,0.0025948669573980735,0.005209249213739254,1.0
1769797836.94,8.985990660440294,1.998005911480566,0.004222040725635275,1.0131107078034731,8.985990660440294,2.0,0.0,0.0,1.0,8.985990660440294,0.0018397617151562162,0.002853847776425217,1.0
1769797836.96,8.992661774516343,1.9978844618398395,0.006344614196345675,0.9942612942125055,8.992661774516344,2.0,0.0,0.0,1.0,8.992661774516344,0.002214534363800961,0.0021726197024419984,1.0
1769797836.98,8.999332888592395,1.998239696110094,-0.007810026727176593,0.992197450160057,8.999332888592395,2.0,0.0,0.0,1.0,8.999332888592395,0.0017750055172311764,0.014636864965671166,1.0
1769797837.0,9.006004002668446,1.9988481438125245,-0.010384475026937946,1.0049896570373913,9.006004002668446,2.0,0.0,0.0,1.0,9.006004002668446,0.0013364620254658149,0.015524668315255268,1.0
1769797837.02,9.012675116744495,2.000001833406611,0.0021345540395380108,1.0128880395516182,9.012675116744497,2.0,0.0,0.0,1.0,9.012675116744497,-0.0003180854255769822,-0.0033579589121614023,1.0
1769797837.04,9.019346230820547,1.99972217371212,0.005509671759526894,1.0065994139955816,9.019346230820547,2.0,0.0,0.0,1.0,9.019346230820547,0.0003203197544773519,-0.004277673327162493,1.0
1769797837.06,9.026017344896598,1.9995568580872174,-0.001528341028102723,1.0054746750837817,9.026017344896598,2.0,0.0,0.0,1.0,9.026017344896598,0.00035918313824763004,0.002909813757915122,1.0
1769797837.08,9.032688458972649,1.9990865735496086,-0.005013142459606627,0.9962573474024436,9.032688458972649,2.0,0.0,0.0,1.0,9.032688458972649,0.00100026515218066,0.008860297141662797,1.0
1769797837.1,9.0393595730487,1.9988107429557738,-0.0008350267067146465,1.009587180034275,9.0393595730487,2.0,0.0,0.0,1.0,9.0393595730487,0.0009784637129825978,0.004598330913744041,1.0
1769797837.12,9.04603068712475,1.9977697747305623,-0.0004951920357368414,0.991977979840117,9.04603068712475,2.0,0.0,0.0,1.0,9.04603068712475,0.0024487898505300212,0.009913336060258973,1.0
1769797837.14,9.0527018012008,1.997696034112273,0.004452336965954741,1.0152077291089217,9.0527018012008,2.0,0.0,0.0,1.0,9.0527018012008,0.0022512254495518514,0.004206006085851692,1.0
1769797837.16,9.05937291527685,1.997501535614615,0.00370362767505455,0.9943552043827575,9.059372915276851,2.0,0.0,0.0,1.0,9.059372915276851,0.0026238285508342826,0.0063876780359056785,1.0
1769797837.18,9.066044029352902,1.9977313054977248,0.0004309380647711883,0.9861367976506639,9.066044029352902,2.0,0.0,0.0,1.0,9.066044029352902,0.002107930110946641,0.007676307811372404,1.0
1769797837.2,9.072715143428953,1.9972797585689355,-0.0011177898701125403,0.9880639697363961,9.072715143428953,2.0,0.0,0.0,1.0,9.072715143428953,0.0027891584453661597,0.011844910872723022,1.0
1769797837.22,9.079386257505002,1.9972502364083797,-0.0005767740994849141,1.004307744143654,9.079386257505003,2.0,0.0,0.0,1.0,9.079386257505003,0.0028501756264443768,0.01153854896876393,1.0
1769797837.24,9.086057371581054,1.9976109715847152,0.0002504013808782607,1.0240868187288779,9.086057371581054,2.0,0.0,0.0,1.0,9.086057371581054,0.002310696256330196,0.008636657939182649,1.0
1769797837.26,9.092728485657105,1.997394269063233,-0.0006664032016480245,1.0004321496855082,9.092728485657105,2.0,0.0,0.0,1.0,9.092728485657105,0.002393843314071224,0.009873232721185593,1.0
1769797837.28,9.099399599733156,1.9963157324091934,0.0020081216157383968,1.005403006804117,9.099399599733156,2.0,0.0,0.0,1.0,9.099399599733156,0.003811242364163671,0.012649453071850031,1.0
1769797837.3,9.106070713809206,1.9960781491738757,-0.0033426792005537597,1.004919111177412,9.106070713809206,2.0,0.0,0.0,1.0,9.106070713809206,0.004170255302513334,0.01938074742825781,1.0
1769797837.32,9.112741827885257,1.9967347251673073,0.0010663409082261968,1.0134027438826922,9.112741827885257,2.0,0.0,0.0,1.0,9.112741827885257,0.003000213171625285,0.0104724283909494,1.0
1769797837.34,9.119412941961308,1.9962166531635785,-0.005536604787260959,0.9968039800743361,9.119412941961308,2.0,0.0,0.0,1.0,9.119412941961308,0.0038456532575741843,0.020326500374917185,1.0
1769797837.36,9.126084056037357,1.9961007679498202,0.000570359701385244,0.9926600582304914,9.126084056037358,2.0,0.0,0.0,1.0,9.126084056037358,0.004010655541436186,0.014854015207249046,1.0
1769797837.38,9.132755170113409,1.9966547820364875,0.003321224509742101,1.0118354125378086,9.132755170113409,2.0,0.0,0.0,1.0,9.132755170113409,0.003495140971407209,0.01012081571464966,1.0
1769797837.4,9.13942628418946,1.9975656725271143,-0.0023821647207383796,1.004817525809268,9.13942628418946,2.0,0.0,0.0,1.0,9.13942628418946,0.0020915631733363577,0.010426464942238355,1.0
1769797837.42,9.146097398265509,1.9971075577452857,-0.002479389606110444,0.9864525723385245,9.14609739826551,2.0,0.0,0.0,1.0,9.14609739826551,0.0031230037134907522,0.014490364735109642,1.0
1769797837.44,9.152768512341561,1.9979020920321895,0.003879182768158382,1.013972359557526,9.152768512341561,2.0,0.0,0.0,1.0,9.152768512341561,0.0022746035622511324,0.004869069290945207,1.0
1769797837.46,9.159439626417612,1.999259194516433,0.004636481956705013,0.9988897566500555,9.159439626417612,2.0,0.0,0.0,1.0,9.159439626417612,0.00047879424018400576,-0.0027949677299399346,1.0
1769797837.48,9.166110740493663,1.9993080700310726,-0.0020030119009015425,1.0015028751056372,9.166110740493663,2.0,0.0,0.0,1.0,9.166110740493663,0.000606422135109657,0.004335400498810749,1.0
1769797837.5,9.172781854569713,1.9990884312256645,-0.0015244654428043613,0.9958049980118968,9.172781854569713,2.0,0.0,0.0,1.0,9.172781854569713,0.0010420910121039153,0.005532486334987161,1.0
1769797837.52,9.179452968645764,1.9993660835285154,-0.006550850803917599,1.0070376922750253,9.179452968645764,2.0,0.0,0.0,1.0,9.179452968645764,0.0005221038034905307,0.008558939656646789,1.0
1769797837.54,9.186124082721815,1.999152401403641,0.006829351020745342,0.9993784028251345,9.186124082721815,2.0,0.0,0.0,1.0,9.186124082721815,0.0008780566192729514,-0.003452223016154122,1.0
1769797837.56,9.192795196797864,1.9992579413900455,0.00674526334815271,1.0076145343255487,9.192795196797865,2.0,0.0,0.0,1.0,9.192795196797865,0.0009191432809661723,-0.0032101116095865183,1.0
1769797837.58,9.199466310873916,2.00006538044916,-0.004328774253309697,1.0029866828850034,9.199466310873916,2.0,0.0,0.0,1.0,9.199466310873916,-0.00018987650783770148,0.003598480122224627,1.0
1769797837.6,9.206137424949967,2.000162641001336,-0.0004420372601429503,1.003775818788513,9.206137424949967,2.0,0.0,0.0,1.0,9.206137424949967,-0.0002918379011119155,-0.000680415734278758,1.0
1769797837.62,9.212808539026016,1.9997656285019436,0.007498694516498638,0.9947768552557206,9.212808539026017,2.0,0.0,0.0,1.0,9.212808539026017,0.0003430173121080559,-0.006179397927668447,1.0
1769797837.64,9.219479653102068,1.999697422735014,-0.004905989672296171,0.9913856246490789,9.219479653102068,2.0,0.0,0.0,1.0,9.219479653102068,0.0001243701985397625,0.005384336553272361,1.0
1769797837.66,9.226150767178119,1.9989446249423493,0.003097383009942615,1.0012712574498812,9.226150767178119,2.0,0.0,0.0,1.0,9.226150767178119,0.001202416008664194,0.001527260976577298,1.0
1769797837.68,9.23282188125417,1.99905607740369,-0.005001191931941251,1.0050647001136375,9.23282188125417,2.0,0.0,0.0,1.0,9.23282188125417,0.0011219817455869507,0.00931647955183781,1.0
1769797837.7,9.23949299533022,1.9999428889684798,0.0045018474542232265,0.989131411997158,9.23949299533022,2.0,0.0,0.0,1.0,9.23949299533022,1.5274383423856917e-06,-0.004495972691367965,1.0
1769797837.72,9.246164109406271,2.000553505900107,0.0009095336980072085,1.000236602249231,9.246164109406271,2.0,0.0,0.0,1.0,9.246164109406271,-0.0005703104317751288,-0.0031030318407167545,1.0
1769797837.74,9.252835223482322,2.0009468284005645,0.007068109081917763,1.00228372516314,9.252835223482322,2.0,0.0,0.0,1.0,9.252835223482322,-0.0010857016839494974,-0.011243860518526386,1.0
1769797837.76,9.25950633755837,2.0006154809445977,0.011118248397371614,1.002503812748121,9.259506337558372,2.0,0.0,0.0,1.0,9.259506337558372,-0.0006920755785597929,-0.013780071259055345,1.0
1769797837.78,9.266177451634423,1.9999071102949384,0.0033277027642993214,1.0052756197346309,9.266177451634423,2.0,0.0,0.0,1.0,9.266177451634423,7.330813652568736e-05,-0.003045748400518305,1.0
1769797837.8,9.272848565710474,1.9991092892692413,0.005041966485425068,1.008350925173021,9.272848565710474,2.0,0.0,0.0,1.0,9.272848565710474,0.000892641007886952,-0.0016087453289041396,1.0
1769797837.82,9.279519679786523,1.9983391095473353,0.007118590691587466,0.994442538396486,9.279519679786524,2.0,0.0,0.0,1.0,9.279519679786524,0.001679523796525987,-0.000658973629437419,1.0
1769797837.84,9.286190793862575,1.9976889072641046,-0.007912374367172256,1.007482829121303,9.286190793862575,2.0,0.0,0.0,1.0,9.286190793862575,0.002344114569884643,0.016927955363770602,1.0
1769797837.86,9.292861907938626,1.9973171478003824,0.0016479115373652794,0.997424669994945,9.292861907938626,2.0,0.0,0.0,1.0,9.292861907938626,0.0028071931271755756,0.009148565592831184,1.0
1769797837.88,9.299533022014677,1.9974917555460376,-0.005658733183469997,0.9968572126279055,9.299533022014677,2.0,0.0,0.0,1.0,9.299533022014677,0.0024743540014027176,0.015175192052649483,1.0
1769797837.9,9.306204136090727,1.9975455503194095,-0.0009330946370075671,0.9981589084526639,9.306204136090727,2.0,0.0,0.0,1.0,9.306204136090727,0.0024917921535849005,0.010516617205510174,1.0
1769797837.92,9.312875250166778,1.9976930889863496,-0.009416959564684437,1.0154346884248369,9.312875250166778,2.0,0.0,0.0,1.0,9.312875250166778,0.0022263900332434505,0.01797978886655717,1.0
1769797837.94,9.319546364242829,1.9977160131548803,0.001075135677598972,0.9992363913162323,9.319546364242829,2.0,0.0,0.0,1.0,9.319546364242829,0.002535136921941715,0.008675081959689466,1.0
1769797837.96,9.326217478318878,1.9986255618355442,-0.00723899455169522,0.9966101161057819,9.32621747831888,2.0,0.0,0.0,1.0,9.32621747831888,0.0010890289847518475,0.011427543075253436,1.0
1769797837.98,9.33288859239493,1.998112881401302,-0.0005506356994400295,1.0040530848016067,9.33288859239493,2.0,0.0,0.0,1.0,9.33288859239493,0.0017967989890763092,0.007461291028855615,1.0
1769797838.0,9.33955970647098,1.9973303196177072,-0.0007588863411480335,0.992338851523229,9.33955970647098,2.0,0.0,0.0,1.0,9.33955970647098,0.0028212905445060936,0.011609577955496095,1.0
1769797838.02,9.34623082054703,1.997204443083181,0.0021046152803580543,0.9962186724791023,9.346230820547031,2.0,0.0,0.0,1.0,9.346230820547031,0.0027447280755585122,0.008451639036293621,1.0
1769797838.04,9.352901934623082,1.9967177911915341,-0.009085286836939937,1.0019823992860493,9.352901934623082,2.0,0.0,0.0,1.0,9.352901934623082,0.003158634710560575,0.021233284266731517,1.0
1769797838.06,9.359573048699133,1.9957125735043735,0.01022347529671276,0.9935583860026801,9.359573048699133,2.0,0.0,0.0,1.0,9.359573048699133,0.004345539823669722,0.00648858338273336,1.0
1769797838.08,9.366244162775184,1.9952442645889292,-0.005283371737586757,0.9960836207081036,9.366244162775184,2.0,0.0,0.0,1.0,9.366244162775184,0.005021448651917315,0.024594235024238627,1.0
1769797838.1,9.372915276851234,1.995949583718703,-0.003418340163840022,0.9942253829764137,9.372915276851234,2.0,0.0,0.0,1.0,9.372915276851234,0.003984049202563279,0.01874040718281513,1.0
1769797838.12,9.379586390927285,1.9964266466541507,-0.0023881076290421356,1.0000998197324895,9.379586390927285,2.0,0.0,0.0,1.0,9.379586390927285,0.0036548101856136396,0.016444144114402228,1.0
1769797838.14,9.386257505003336,1.9971454597262346,-0.00504920673461441,0.9985487277209786,9.386257505003336,2.0,0.0,0.0,1.0,9.386257505003336,0.002716158491502328,0.015495590152976513,1.0
1769797838.16,9.392928619079385,1.9973756669830163,0.0006622955006952254,1.0045428979164737,9.392928619079386,2.0,0.0,0.0,1.0,9.392928619079386,0.002781508852241299,0.010035407366057788,1.0
1769797838.18,9.399599733155437,1.998196353872346,-0.006382063284744395,1.0049411200898601,9.399599733155437,2.0,0.0,0.0,1.0,9.399599733155437,0.0016606385289996508,0.012769047699412069,1.0
1769797838.2,9.406270847231488,1.998434670507096,-0.005583319118021183,1.0106267878770818,9.406270847231488,2.0,0.0,0.0,1.0,9.406270847231488,0.0016503280320442739,0.011930649382823521,1.0
1769797838.22,9.412941961307537,1.9989877374638814,0.003952628513536478,1.0060007686483865,9.412941961307538,2.0,0.0,0.0,1.0,9.412941961307538,0.0009303530088317913,-0.0003743629824339528,1.0
1769797838.24,9.41961307538359,1.9992001813299334,0.004731048840575374,1.0053714018484188,9.41961307538359,2.0,0.0,0.0,1.0,9.41961307538359,0.0008414400400025002,-0.0014947522930343058,1.0
1769797838.26,9.426284189459638,1.9995037404349914,0.004812444993958075,0.9799603959970056,9.42628418945964,2.0,0.0,0.0,1.0,9.42628418945964,0.00039314174431306193,-0.0033003625143909598,1.0
1769797838.28,9.432955303535689,1.9994377780043897,-0.00012256383248644877,0.9932564447921565,9.43295530353569,2.0,0.0,0.0,1.0,9.43295530353569,0.0006739169565301338,0.0027145463221822635,1.0
1769797838.3,9.439626417611741,1.9995608857268956,-0.004003191145481447,0.9957679346903086,9.439626417611741,2.0,0.0,0.0,1.0,9.439626417611741,0.00010694127525153228,0.0044145037194077055,1.0
1769797838.32,9.446297531687792,1.9983081049077565,0.0003312137648506985,0.9900781739560194,9.446297531687792,2.0,0.0,0.0,1.0,9.446297531687792,0.0018661472072448474,0.006846152244905061,1.0
1769797838.34,9.452968645763843,1.9977625655135995,0.0046570234574060025,1.018077057758016,9.452968645763843,2.0,0.0,0.0,1.0,9.452968645763843,0.00213149937470958,0.003540867408219176,1.0
1769797838.36,9.459639759839893,1.996833572831611,-0.006459078692791494,0.9900198895947564,9.459639759839893,2.0,0.0,0.0,1.0,9.459639759839893,0.003277337735113158,0.019063556282305365,1.0
1769797838.38,9.466310873915944,1.9963464988524655,-0.005978524775579311,1.001245693196083,9.466310873915944,2.0,0.0,0.0,1.0,9.466310873915944,0.003577837205664991,0.01973856860252671,1.0
1769797838.4,9.472981987991993,1.995905568809942,-0.002955268898808592,1.0057891492778281,9.472981987991995,2.0,0.0,0.0,1.0,9.472981987991995,0.004493673522070529,0.020236907977273975,1.0
1769797838.42,9.479653102068044,1.9971419581832648,0.003449521885055751,0.9942444768735617,9.479653102068045,2.0,0.0,0.0,1.0,9.479653102068045,0.0026722303498558863,0.006827925282623925,1.0
1769797838.44,9.486324216144096,1.997598653989085,-0.0005015679941764001,1.0020100550394546,9.486324216144096,2.0,0.0,0.0,1.0,9.486324216144096,0.00248877262218216,0.010073478045673009,1.0
1769797838.46,9.492995330220147,1.998381349694784,-0.011773488441663586,1.0140120546911637,9.492995330220147,2.0,0.0,0.0,1.0,9.492995330220147,0.0015366593525146092,0.017683647905677523,1.0
1769797838.48,9.499666444296198,1.9987312381221367,0.0013573575664169333,0.9919445855293796,9.499666444296198,2.0,0.0,0.0,1.0,9.499666444296198,0.0012185790454556328,0.0033294505987270188,1.0
1769797838.5,9.506337558372248,1.998730617121178,-0.0034502007396760887,0.9807620209730935,9.506337558372248,2.0,0.0,0.0,1.0,9.506337558372248,0.001153060001747279,0.007885017825940482,1.0
1769797838.52,9.513008672448297,1.9982653429449937,0.0016550279238646485,1.0004108802105514,9.513008672448299,2.0,0.0,0.0,1.0,9.513008672448299,0.0018128439727964315,0.005317335907885718,1.0
1769797838.54,9.519679786524348,1.9981848040519776,0.0024037393913743117,0.9993197530077711,9.51967978652435,2.0,0.0,0.0,1.0,9.51967978652435,0.0018350589481701482,0.004654062448639056,1.0
1769797838.56,9.526350900600399,1.9981466248908573,-0.004181584514068102,1.0078553104350827,9.5263509006004,2.0,0.0,0.0,1.0,9.5263509006004,0.0018030408403470865,0.011116245813275152,1.0
1769797838.58,9.533022014676451,1.9978236212280096,0.0003901858523988798,1.019459837776194,9.533022014676451,2.0,0.0,0.0,1.0,9.533022014676451,0.0021264475246409453,0.007788276123347345,1.0
1769797838.6,9.539693128752502,1.9973581806750886,-0.0043256360068337435,0.9926411894972528,9.539693128752502,2.0,0.0,0.0,1.0,9.539693128752502,0.002732394922467956,0.014834460381300488,1.0
1769797838.62,9.546364242828552,1.9973252101194414,0.0013505758134822069,1.0003068163578481,9.546364242828552,2.0,0.0,0.0,1.0,9.546364242828552,0.0026845737559012305,0.008974340955262262,1.0
1769797838.64,9.553035356904603,1.9974714086565717,-0.0033514948155173854,1.0046200663389009,9.553035356904603,2.0,0.0,0.0,1.0,9.553035356904603,0.002662102351273875,0.013589992241314845,1.0
1769797838.66,9.559706470980652,1.9982678307445934,0.004359548488585265,0.9992653043531526,9.559706470980654,2.0,0.0,0.0,1.0,9.559706470980654,0.0017593414363521348,0.0024070460680720466,1.0
1769797838.68,9.566377585056703,1.998975143279528,-0.003399063521924841,0.9917509629904814,9.566377585056705,2.0,0.0,0.0,1.0,9.566377585056705,0.0008089436563047268,0.006510375237468085,1.0
1769797838.7,9.573048699132755,1.9987006655308852,-0.011442042046237532,0.9998334307309956,9.573048699132755,2.0,0.0,0.0,1.0,9.573048699132755,0.0013251384849833087,0.01653868439675902,1.0
1769797838.72,9.579719813208806,1.9985128519515771,0.004803774683182481,1.0008400126618504,9.579719813208806,2.0,0.0,0.0,1.0,9.579719813208806,0.0014533934770386047,0.0007861420047537001,1.0
1769797838.74,9.586390927284857,1.9981478240910329,0.007505093016248659,1.0073710873997026,9.586390927284857,2.0,0.0,0.0,1.0,9.586390927284857,0.0018324829608546392,-0.0004571983269319405,1.0
1769797838.76,9.593062041360907,1.9976521644049732,0.00502631297239423,1.0006675005204777,9.593062041360907,2.0,0.0,0.0,1.0,9.593062041360907,0.0023091041940336977,0.0038546235144143104,1.0
1769797838.78,9.599733155436958,1.997057268747927,-0.0008755275399309714,0.9846082063113508,9.599733155436958,2.0,0.0,0.0,1.0,9.599733155436958,0.003024241819052877,0.012506702310768473,1.0
1769797838.8,9.606404269513009,1.9968536762786822,-0.005782060425443314,0.9956832273347727,9.606404269513009,2.0,0.0,0.0,1.0,9.606404269513009,0.003157244263211587,0.017924710769635966,1.0
1769797838.82,9.613075383589058,1.9967971582157371,0.0033965161134431555,0.9945816916427238,9.61307538358906,2.0,0.0,0.0,1.0,9.61307538358906,0.003298953661724423,0.009291086360354452,1.0
1769797838.84,9.61974649766511,1.997139421103855,-0.008600713948927361,0.9920893787263925,9.61974649766511,2.0,0.0,0.0,1.0,9.61974649766511,0.0028108377523876557,0.0194112072323741,1.0
1769797838.86,9.62641761174116,1.9971680999602555,0.0036652292277010385,1.0095654452447105,9.62641761174116,2.0,0.0,0.0,1.0,9.62641761174116,0.002750441345562001,0.006912996750665148,1.0
1769797838.88,9.633088725817212,1.9971355208984878,-0.0007732220991341026,1.0119792221187882,9.633088725817212,2.0,0.0,0.0,1.0,9.633088725817212,0.0031833617561949834,0.01301630940628568,1.0
1769797838.9,9.639759839893262,1.9983103810452143,0.00016502840169709077,1.00972573269888,9.639759839893262,2.0,0.0,0.0,1.0,9.639759839893262,0.0014089391080937803,0.005253915124937998,1.0
1769797838.92,9.646430953969311,1.9981253455033188,0.009028999081390536,1.0070254152920992,9.646430953969313,2.0,0.0,0.0,1.0,9.646430953969313,0.0018245980926203578,-0.0020114293084579123,1.0
1769797838.94,9.653102068045362,1.9977753519601416,-0.010743742968897532,1.0089011578030356,9.653102068045364,2.0,0.0,0.0,1.0,9.653102068045364,0.0022932865908597546,0.019563847285777272,1.0
1769797838.96,9.659773182121413,1.997820925954477,-0.0008677194351217575,1.0049340301723435,9.659773182121414,2.0,0.0,0.0,1.0,9.659773182121414,0.0022543283450280325,0.00953799580441586,1.0
1769797838.98,9.666444296197465,1.998125752474431,0.0041217500280141305,0.9924464492778498,9.666444296197465,2.0,0.0,0.0,1.0,9.666444296197465,0.0017823133201641111,0.002733193829514132,1.0
1769797839.0,9.673115410273516,1.9980406591920723,0.001825599882052226,0.9985567211780858,9.673115410273516,2.0,0.0,0.0,1.0,9.673115410273516,0.0019984472975039915,0.005860584513993305,1.0
1769797839.02,9.679786524349566,1.9980836979783487,-0.002341053943210613,1.0099344363798322,9.679786524349566,2.0,0.0,0.0,1.0,9.679786524349566,0.001861937138929552,0.009502228214781793,1.0
1769797839.04,9.686457638425617,1.9978584308810647,-0.002052088075075502,0.990055758844483,9.686457638425617,2.0,0.0,0.0,1.0,9.686457638425617,0.0021269660214087555,0.010232544135742146,1.0
1769797839.06,9.693128752501666,1.9976875682968882,0.001649917880307017,0.9931634421039398,9.693128752501668,2.0,0.0,0.0,1.0,9.693128752501668,0.002434984004675972,0.007715131420437511,1.0
1769797839.08,9.699799866577717,1.9980178968775513,-0.0002042354990426195,0.9786753168057291,9.699799866577719,2.0,0.0,0.0,1.0,9.699799866577719,0.0019113835466553549,0.007555578247946649,1.0
1769797839.1,9.70647098065377,1.9981481099431186,-0.010486461195176633,0.9998976635660779,9.70647098065377,2.0,0.0,0.0,1.0,9.70647098065377,0.001981799228821684,0.01810861830912054,1.0
1769797839.12,9.71314209472982,1.9989025773541689,0.005454100279364395,0.9942349218372281,9.71314209472982,2.0,0.0,0.0,1.0,9.71314209472982,0.0011154341889253198,-0.0011639951034902625,1.0
1769797839.14,9.71981320880587,1.9995005878351875,-0.0038524992540947657,0.9775264888759059,9.71981320880587,2.0,0.0,0.0,1.0,9.71981320880587,0.0002589013670088835,0.004848273413465016,1.0
1769797839.16,9.726484322881921,1.9991274848699097,0.006289102701595089,0.9920608505275107,9.726484322881921,2.0,0.0,0.0,1.0,9.726484322881921,0.0010237854068770244,-0.0023514868720978703,1.0
1769797839.18,9.733155436957972,1.999498624705565,0.001785481599611034,1.0116471086258834,9.733155436957972,2.0,0.0,0.0,1.0,9.733155436957972,0.0005396901370298836,0.00029024671545836733,1.0
1769797839.2,9.739826551034021,2.0000276414304525,-0.011278075701889637,0.9996823617547606,9.739826551034023,2.0,0.0,0.0,1.0,9.739826551034023,-4.8567139997309926e-05,0.011091279011764923,1.0
1769797839.22,9.746497665110072,2.0002571409750702,0.0024550293797381707,1.0128909176893326,9.746497665110073,2.0,0.0,0.0,1.0,9.746497665110073,-0.00045900484413139206,-0.004220430792353601,1.0
1769797839.24,9.753168779186124,1.9996692040848325,-0.005219923407309487,1.0022493180127592,9.753168779186124,2.0,0.0,0.0,1.0,9.753168779186124,0.00045539086926296436,0.006971424959565599,1.0
1769797839.26,9.759839893262175,1.9995246443497405,0.0036721351875661735,1.0045207778477478,9.759839893262175,2.0,0.0,0.0,1.0,9.759839893262175,0.000337289686291359,-0.0023748678910938945,1.0
1769797839.28,9.766511007338226,1.9988888997422554,0.0029272444024722806,0.987554169758825,9.766511007338226,2.0,0.0,0.0,1.0,9.766511007338226,0.0012642232172001546,0.0019351142669068225,1.0
1769797839.3,9.773182121414276,1.9986996873911231,-0.005081315022433842,1.010234235204711,9.773182121414276,2.0,0.0,0.0,1.0,9.773182121414276,0.0010322710544362385,0.009051567447692498,1.0
1769797839.32,9.779853235490325,1.9974521693590725,-0.002764275047116402,0.9983931547023698,9.779853235490327,2.0,0.0,0.0,1.0,9.779853235490327,0.0027403855473978186,0.013303829190551612,1.0
1769797839.34,9.786524349566376,1.997297363437063,0.009556485495864422,0.9930038753708768,9.786524349566378,2.0,0.0,0.0,1.0,9.786524349566378,0.002896759109449717,0.0015844347340500768,1.0
1769797839.36,9.793195463642427,1.9979958004113838,0.0021915497312243342,0.9969752711262767,9.793195463642428,2.0,0.0,0.0,1.0,9.793195463642428,0.0019515372678865091,0.005314221884490319,1.0
1769797839.38,9.799866577718479,1.9981165300173107,-0.008749096112942308,0.9871317485436181,9.799866577718479,2.0,0.0,0.0,1.0,9.799866577718479,0.0015515201110343697,0.014716410324663165,1.0
1769797839.4,9.80653769179453,1.9969967134558662,0.002008863418621635,0.9919934025770618,9.80653769179453,2.0,0.0,0.0,1.0,9.80653769179453,0.0033118397778177967,0.010728293031127448,1.0
1769797839.42,9.81320880587058,1.9974534938636923,-0.007551313281544945,1.001605654713245,9.81320880587058,2.0,0.0,0.0,1.0,9.81320880587058,0.002683188015052386,0.017870900845655048,1.0
1769797839.44,9.819879919946631,1.9983938687454046,-0.0009672579888372696,0.9942976960133654,9.819879919946631,2.0,0.0,0.0,1.0,9.819879919946631,0.0014518769610069723,0.006551342104870683,1.0
1769797839.46,9.82655103402268,1.9984237289250244,-0.0020567264211600773,0.9825912221919593,9.826551034022682,2.0,0.0,0.0,1.0,9.826551034022682,0.0013856097429611148,0.00738594421181785,1.0
1769797839.48,9.83322214809873,1.9979777333790378,0.0021974694178270777,0.9936108975332394,9.833222148098733,2.0,0.0,0.0,1.0,9.833222148098733,0.0024361637780886377,0.0071721170748195,1.0
1769797839.5,9.839893262174783,1.999206319188942,0.0007626675979398064,0.9872143964290985,9.839893262174783,2.0,0.0,0.0,1.0,9.839893262174783,0.0005367421003591992,0.001301722163137641,1.0
1769797839.52,9.846564376250834,1.9991743346857949,0.0021860543739675503,0.9954685304463484,9.846564376250834,2.0,0.0,0.0,1.0,9.846564376250834,0.0007641423177495633,0.0007529460783333632,1.0
1769797839.54,9.853235490326885,1.9988337109796306,0.0008922017706597559,1.0017279855404508,9.853235490326885,2.0,0.0,0.0,1.0,9.853235490326885,0.0011447571341453126,0.0035106818329948527,1.0
1769797839.56,9.859906604402935,1.998596885689291,0.002979962091699908,0.9937671518354658,9.859906604402935,2.0,0.0,0.0,1.0,9.859906604402935,0.0016073948622448212,0.003202247078059179,1.0
1769797839.58,9.866577718478986,1.9987326623258486,-0.00982758073070101,0.9935066780849258,9.866577718478986,2.0,0.0,0.0,1.0,9.866577718478986,0.000686630360547882,0.012468460593408786,1.0
1769797839.6,9.873248832555037,1.9965407733405807,-0.0002532350535092215,0.9892999312731514,9.873248832555037,2.0,0.0,0.0,1.0,9.873248832555037,0.0038415285010768747,0.015027269659331623,1.0
1769797839.62,9.879919946631086,1.9962969642845234,0.006883537072590964,1.0006066504086832,9.879919946631087,2.0,0.0,0.0,1.0,9.879919946631087,0.0038670403836182222,0.007988598600009493,1.0
1769797839.64,9.886591060707138,1.9965461795910249,0.0004432930903958743,1.0057256063457183,9.886591060707138,2.0,0.0,0.0,1.0,9.886591060707138,0.003181489653538915,0.011792594900526403,1.0
1769797839.66,9.893262174783189,1.9957291696361663,-0.002709794279362993,1.0040045683969696,9.893262174783189,2.0,0.0,0.0,1.0,9.893262174783189,0.004475481961175034,0.01992148662555669,1.0
1769797839.68,9.89993328885924,1.9960684661111519,-0.004680651424636001,1.0104268976081583,9.89993328885924,2.0,0.0,0.0,1.0,9.89993328885924,0.004132799531099135,0.020574695713399604,1.0
1769797839.7,9.90660440293529,1.9972515796396066,-0.00487303382205531,0.9888496223028461,9.90660440293529,2.0,0.0,0.0,1.0,9.90660440293529,0.00265299775002444,0.015076517208867112,1.0
1769797839.72,9.91327551701134,1.9977755600764386,-0.005913504436082124,0.9970339540147976,9.913275517011341,2.0,0.0,0.0,1.0,9.913275517011341,0.0020106123469931726,0.01364647470305132,1.0
1769797839.74,9.91994663108739,1.997433094604097,0.0034610971479935426,1.006352474093676,9.919946631087392,2.0,0.0,0.0,1.0,9.919946631087392,0.0026983215107142192,0.0069166899353039265,1.0
1769797839.76,9.92661774516344,1.9975709269919333,-0.0018705470895121132,0.9881145424576115,9.926617745163442,2.0,0.0,0.0,1.0,9.926617745163442,0.002296095665792053,0.010701454699239365,1.0
1769797839.78,9.933288859239493,1.9970639541009771,-0.00803814873086153,1.0128467185110168,9.933288859239493,2.0,0.0,0.0,1.0,9.933288859239493,0.0029118015508437993,0.019236917286512036,1.0
1769797839.8,9.939959973315544,1.9965004634165497,0.00331075707106114,0.9919995113851828,9.939959973315544,2.0,0.0,0.0,1.0,9.939959973315544,0.0035561590814796396,0.010365925045320787,1.0
1769797839.82,9.946631087391594,1.99621811585897,-0.006815132831634012,1.0043727467806334,9.946631087391594,2.0,0.0,0.0,1.0,9.946631087391594,0.0037987889437398107,0.021424820004618195,1.0
1769797839.84,9.953302201467645,1.9961533266406564,0.00195260387825462,0.9917884749240423,9.953302201467645,2.0,0.0,0.0,1.0,9.953302201467645,0.003985342619296354,0.013374436652291046,1.0
1769797839.86,9.959973315543694,1.9964142929330342,-0.004907765739996696,0.9869633312342989,9.959973315543696,2.0,0.0,0.0,1.0,9.959973315543696,0.003264339364541825,0.017462257507317048,1.0
1769797839.88,9.966644429619745,1.9954549301812268,0.0021304949486313346,0.988821297149859,9.966644429619747,2.0,0.0,0.0,1.0,9.966644429619747,0.004824456719231757,0.01642297862852194,1.0
1769797839.9,9.973315543695797,1.9958829133955223,-0.0062757557209953945,1.0173083186095415,9.973315543695797,2.0,0.0,0.0,1.0,9.973315543695797,0.004200627035106481,0.022430608041171647,1.0
1769797839.92,9.979986657771848,1.9964412586692664,-0.0009195787053595238,1.0006973815822222,9.979986657771848,2.0,0.0,0.0,1.0,9.979986657771848,0.003299248047247227,0.013608313248896876,1.0
1769797839.94,9.986657771847899,1.995953656633616,0.014162011798389636,0.9855081193750179,9.986657771847899,2.0,0.0,0.0,1.0,9.986657771847899,0.0042113647132602,0.0020341284791688032,1.0
1769797839.96,9.99332888592395,1.9964890783486893,-0.0022121005164075403,0.998509481005866,9.99332888592395,2.0,0.0,0.0,1.0,9.99332888592395,0.003763845783277358,0.01668741933940058,1.0
1769797839.98,10.0,1.998204812679608,0.007653819847315611,1.0036907712341627,10.0,2.0,0.0,0.0,1.0,10.0,0.0017951873203920611,-0.0007493629478453022,1.0
