timestamp,x,y,theta,v,x_ref,y_ref,theta_ref,kappa_ref,v_ref,s_ref,cte,steering_cmd,velocity_cmd
1769796431.172676,-0.0,0.0,1.5687840386509824,0.3,0.0,0.0,1.570796,0.666667,1.0,0.0,-0.0,0.14839511754153256,0.3
1769796431.19385,-0.0,0.0,1.5672746309857377,0.3,0.0,0.0,1.570796,0.666667,1.0,0.0,-0.0,0.14749222878902457,0.3
1769796431.214954,-0.0,0.0,1.570738001075884,0.3,0.0,0.0,1.570796,0.666667,1.0,0.0,-0.0,0.14574027785118285,0.3
1769796431.214954,-0.0,0.0,1.5740398914645075,0.3,0.0,0.0,1.570796,0.666667,1.0,0.0,-0.0,0.14901920491507048,0.3
1769796431.235899,-0.0,0.0,1.5574378497940748,0.3,0.0,0.0,1.570796,0.666667,1.0,0.0,-0.0,0.14755120972243785,0.3
1769796431.256783,-0.0,0.0,1.575141986653782,0.3,0.0,0.0,1.570796,0.666667,1.0,0.0,-0.0,0.15004600615783503,0.3
1769796431.27757,-0.0,0.0,1.566555502158316,0.3,0.0,0.0,1.570796,0.666667,1.0,0.0,-0.0,0.14616138767442668,0.3
1769796431.298027,-0.0,0.0,1.5690917052442999,0.3,0.0,0.0,1.570796,0.666667,1.0,0.0,-0.0,0.14067995960736712,0.3
1769796431.318557,-0.0,0.0,1.5915862708549606,0.3,0.0,0.0,1.570796,0.666667,1.0,0.0,-0.0,0.14221716334918458,0.3
1769796431.338829,-0.0,0.0,1.5619438909328636,0.3,0.0,0.0,1.570796,0.666667,1.0,0.0,-0.0,0.13886443100712675,0.3
1769796431.359184,-0.0,0.0,1.5791499022704734,0.3,0.0,0.0,1.570796,0.666667,1.0,0.0,-0.0,0.14628291574440042,0.3
1769796431.37996,-0.0,0.0,1.5693308166431397,0.3,0.0,0.0,1.570796,0.666667,1.0,0.0,-0.0,0.13821973710418045,0.3
1769796431.400098,-0.0,0.0,1.5861334268535234,0.3,0.0,0.0,1.570796,0.666667,1.0,0.0,-0.0,0.14056905914917825,0.3
1769796431.420667,-0.0,0.0,1.57210193613548,0.3,0.0,0.0,1.570796,0.666667,1.0,0.0,-0.0,0.13966125587322362,0.3
1769796431.44101,-0.0,0.0,1.5720542264710036,0.3,0.0,0.0,1.570796,0.666667,1.0,0.0,-0.0,0.14624650263358166,0.3
1769796431.461026,-0.0,0.0,1.5663776865724492,0.3,0.0,0.0,1.570796,0.666667,1.0,0.0,-0.0,0.14504402843235384,0.3
1769796431.481529,-0.0,0.0,1.5757093587391635,0.3,0.0,0.0,1.570796,0.666667,1.0,0.0,-0.0,0.1490342526471348,0.3
1769796431.501708,-0.0,0.0,1.5600835538266606,0.3,0.0,0.0,1.570796,0.666667,1.0,0.0,-0.0,0.1456800044506028,0.3
1769796431.521797,-0.0,0.0,1.5764404311620452,0.3,0.0,0.0,1.570796,0.666667,1.0,0.0,-0.0,0.15107711619952383,0.3
1769796431.542388,-0.0,0.0,1.5595180234924004,0.3,0.0,0.0,1.570796,0.666667,1.0,0.0,-0.0,0.15708432138443476,0.3
1769796431.564319,-0.0,0.0,1.5420619382719278,0.3,0.0,0.0,1.570796,0.666667,1.0,0.0,-0.0,0.15777788951000601,0.3
1769796431.582916,-0.0,0.0,1.5743597267853315,0.3,0.0,0.0,1.570796,0.666667,1.0,0.0,-0.0,0.15231928927306196,0.3
1769796431.603292,-0.0,0.0,1.5758938242032325,0.3,0.0,0.0,1.570796,0.666667,1.0,0.0,-0.0,0.14108984920473575,0.3
1769796431.623572,-0.0,0.0,1.5757502584769065,0.3,0.0,0.0,1.570796,0.666667,1.0,0.0,-0.0,0.13939042881987382,0.3
1769796431.643622,-0.0,0.0,1.5794579879399173,0.3,0.0,0.0,1.570796,0.666667,1.0,0.0,-0.0,0.14970306234814693,0.3
1769796431.664141,-0.0,0.0,1.5449559236184132,0.3,0.0,0.0,1.570796,0.666667,1.0,0.0,-0.0,0.1571816265795795,0.3
1769796431.683997,-0.0,0.0,1.5533145657826088,0.3,0.0,0.0,1.570796,0.666667,1.0,0.0,-0.0,0.16017557550764505,0.3
1769796431.704413,-0.0,0.0,1.5704761411557207,0.3,0.0,0.0,1.570796,0.666667,1.0,0.0,-0.0,0.15047271122530628,0.3
1769796431.724646,-0.0,0.0,1.5740645164654294,0.3,0.0,0.0,1.570796,0.666667,1.0,0.0,-0.0,0.14858849313637537,0.3
1769796431.744883,-0.0,0.0,1.5589672200494016,0.3,0.0,0.0,1.570796,0.666667,1.0,0.0,-0.0,0.14765148354069635,0.3
1769796431.765053,-0.0,0.0,1.5732871699427577,0.3,0.0,0.0,1.570796,0.666667,1.0,0.0,-0.0,0.1444774230687711,0.3
1769796431.785483,-0.0,0.0,1.5835866978812052,0.3,0.0,0.0,1.570796,0.666667,1.0,0.0,-0.0,0.13533571160906996,0.3
1769796431.805888,-0.0,0.0,1.586392354428505,0.3,0.0,0.0,1.570796,0.666667,1.0,0.0,-0.0,0.1315843651890455,0.3
1769796431.825872,-0.0,0.0,1.584541209202831,0.3,0.0,0.0,1.570796,0.666667,1.0,0.0,-0.0,0.13323677930983502,0.3
1769796431.846576,-0.0,0.0,1.5786294555188367,0.3,0.0,0.0,1.570796,0.666667,1.0,0.0,-0.0,0.13961118018628213,0.3
1769796431.866672,-0.0,0.0,1.5672691517991637,0.3,0.0,0.0,1.570796,0.666667,1.0,0.0,-0.0,0.14592714999635334,0.3
1769796431.886792,-0.0,0.0,1.5655932997726174,0.3,0.0,0.0,1.570796,0.666667,1.0,0.0,-0.0,0.14957814319643062,0.3
1769796431.906873,-0.0,0.0,1.5676764759186048,0.3,0.0,0.0,1.570796,0.666667,1.0,0.0,-0.0,0.15466776370405247,0.3
1769796431.927209,-0.0,0.0,1.5520002902762982,0.3,0.0,0.0,1.570796,0.666667,1.0,0.0,-0.0,0.15764426893582448,0.3
1769796431.947639,-0.0,0.0,1.5566637840773014,0.3,0.0,0.0,1.570796,0.666667,1.0,0.0,-0.0,0.157269864308505,0.3
1769796431.967654,-0.0,0.0,1.5687996898005632,0.3,0.0,0.0,1.570796,0.666667,1.0,0.0,-0.0,0.15583466576693153,0.3
1769796431.987734,-0.0,0.0,1.5563058859010186,0.3,0.0,0.0,1.570796,0.666667,1.0,0.0,-0.0,0.15029100098327816,0.3
1769796432.007852,-0.0,0.0,1.5732947784282616,0.3,0.0,0.0,1.570796,0.666667,1.0,0.0,-0.0,0.15205718048095637,0.3
1769796432.028348,-0.0,0.0,1.5635011513075285,0.3,0.0,0.0,1.570796,0.666667,1.0,0.0,-0.0,0.14347474681395936,0.3
1769796432.04889,-0.0,0.0,1.5820531869020096,0.3,0.0,0.0,1.570796,0.666667,1.0,0.0,-0.0,0.13992586188966513,0.3
1769796432.068839,-0.0,0.0,1.5839414332011443,0.3,0.0,0.0,1.570796,0.666667,1.0,0.0,-0.0,0.14202629921304885,0.3
1769796432.089151,-0.0,0.0,1.5571998393373774,0.3,0.0,0.0,1.570796,0.666667,1.0,0.0,-0.0,0.14810461329717342,0.3
1769796432.109563,-0.0,0.0,1.5638182446496358,0.3,0.0,0.0,1.570796,0.666667,1.0,0.0,-0.0,0.1545289996737956,0.3
1769796432.129816,-0.0,0.0,1.5646682740712778,0.3,0.0,0.0,1.570796,0.666667,1.0,0.0,-0.0,0.15095943857725155,0.3
1769796432.14978,-0.0,0.0,1.5679085226270095,0.3,0.0,0.0,1.570796,0.666667,1.0,0.0,-0.0,0.14660328238001932,0.3
1769796432.170158,-0.0,0.0,1.5768867132413324,0.3,0.0,0.0,1.570796,0.666667,1.0,0.0,-0.0,0.144140262205954,0.3
1769796432.190485,-0.0,0.0,1.5720573345934739,0.3,0.0,0.0,1.570796,0.666667,1.0,0.0,-0.0,0.13906897325223624,0.3
1769796432.210665,-0.0,0.0,1.5831223894881628,0.3,0.0,0.0,1.570796,0.666667,1.0,0.0,-0.0,0.14021613871286984,0.3
1769796432.231847,-0.0,-9.499999999999999e-05,1.5734452168594317,0.3,0.0,0.0,1.570796,0.666667,1.0,0.0,-0.0,0.14455313042374437,0.3
1769796432.25113,0.00037999999999999997,-0.0005506666666666668,1.5633213334183702,0.3,0.0,0.0,1.570796,0.666667,1.0,0.0,0.000285,0.15704140363876115,0.3
1769796432.271652,0.0018226666666666669,-0.0017315000000000002,1.5629548732163623,0.3,0.0,0.0,1.570796,0.666667,1.0,0.0,0.0013670000000000002,0.17098104156094227,0.3
1769796432.291785,0.004723333333333334,-0.0039148333333333335,1.5663761016412656,0.3,0.0,0.0,1.570796,0.666667,1.0,0.0,0.0035425,0.1925780055517764,0.3
1769796432.311875,0.008733333333333334,-0.007120083333333333,1.5535357304123025,0.3,0.0,0.0,1.570796,0.666667,1.0,0.0,0.006835,0.21535865756222508,0.3
1769796432.332457,0.013201,-0.011105416666666668,1.572442413327926,0.3,0.0,0.0,1.570796,0.666667,1.0,0.0,0.01098275,0.24058365706533721,0.3
1769796432.35265,0.017764,-0.015531333333333333,1.5874494091420044,0.3,0.0,0.0,1.570796,0.666667,1.0,0.0,0.015498500000000002,0.2766707983532414,0.3
1769796432.372641,0.022427,-0.020150916666666668,1.5534693968020523,0.3,0.0,0.0,1.570796,0.666667,1.0,0.0,0.02011275,0.31083827155649174,0.3
1769796432.392672,0.027211666666666665,-0.02489825,1.5784633810846556,0.3,0.0,0.0,1.570796,0.666667,1.0,0.0,0.024841500000000002,0.3442235286084065,0.3
1769796432.412783,0.03219033333333333,-0.02982866666666667,1.594681595984715,0.3,0.0,0.0,1.570796,0.666667,1.0,0.0,0.029740500000000003,0.3688498521122589,0.3
1769796432.432974,0.03748566666666667,-0.035035333333333335,1.582716564799642,0.3,0.0,0.0,1.570796,0.666667,1.0,0.0,0.034904,0.39938778466504105,0.3
1769796432.45341,0.04325366666666666,-0.040600833333333336,1.5832841413827592,0.3,0.0,0.0,1.570796,0.666667,1.0,0.0,0.040461500000000004,0.4375979287072144,0.3
1769796432.473702,0.049473666666666666,-0.04654116666666667,1.565535297279306,0.3,0.0,0.0,1.570796,0.666667,1.0,0.0,0.046437000000000006,0.4661322278038713,0.3
1769796432.493664,0.05595166666666667,-0.05276683333333334,1.581172457561566,0.3,0.0,0.0,1.570796,0.666667,1.0,0.0,0.052725,0.5047717850568808,0.3
1769796432.513951,0.06238833333333332,-0.059116166666666664,1.5657045749310425,0.3,0.0,0.0,1.570796,0.666667,1.0,0.0,0.059138500000000004,0.5406842291218447,0.3
1769796432.534419,0.06865099999999999,-0.0654185,1.577350236495215,0.3,0.0,0.0,1.570796,0.666667,1.0,0.0,0.065485,0.5810134702762495,0.3
1769796432.554669,0.074683,-0.07154883333333333,1.5578416636890349,0.3,0.0,0.0,1.570796,0.666667,1.0,0.0,0.071632,0.601598894417832,0.3
1769796432.574832,0.080473,-0.07701116666666667,1.5834035019793957,0.3,0.0,0.0,1.570796,0.666667,1.0,0.0,0.0775295,0.6109,0.3
1769796432.594974,0.08423766666666667,-0.08180066666666667,1.5637939588989922,0.3,0.0,0.0,1.570796,0.666667,1.0,0.0,0.081872,0.6109,0.3
1769796432.594974,0.08780899999999998,-0.08594966666666666,1.5811837504559882,0.3,0.0,0.0,1.570796,0.666667,1.0,0.0,0.08600050000000001,0.6109,0.3
1769796432.615581,0.091279,-0.089949,1.5653519703592615,0.3,0.0,0.0,1.570796,0.666667,1.0,0.0,0.0899765,0.6109,0.3
1769796432.635663,0.09647033333333332,-0.09429758333333334,1.5731636759792251,0.3,0.0,0.0,1.570796,0.666667,1.0,0.0,0.09387,0.6109,0.3
1769796432.655761,0.10163199999999999,-0.0990355,1.5632698695677463,0.3,0.0,0.0,1.570796,0.666667,1.0,0.0,0.09904625,0.6109,0.3
1769796432.67587,0.10676066666666666,-0.10375775,1.579868949702826,0.3,0.0,0.0,1.570796,0.666667,1.0,0.0,0.10419025,0.6109,0.3
1769796432.696062,0.110168,-0.10760641666666666,1.5761363018598213,0.3,0.0,0.0,1.570796,0.666667,1.0,0.0,0.10803675,0.6109,0.3
1769796432.696062,0.111865,-0.11016466666666667,1.5689127556098894,0.3,0.0,0.0,1.570796,0.666667,1.0,0.0,0.11059225,0.6109,0.3
1769796432.696062,0.111865,-0.11144075000000002,1.5695781491834313,0.3,0.0,0.0,1.570796,0.666667,1.0,0.0,0.111865,0.6109,0.3
1769796432.696062,0.111865,-0.111865,1.5607935350734865,0.3,0.0,0.0,1.570796,0.666667,1.0,0.0,0.111865,0.6109,0.3
1769796432.696062,0.111865,-0.111865,1.5781709530410113,0.3,0.0,0.0,1.570796,0.666667,1.0,0.0,0.111865,0.6109,0.3
1769796432.696062,0.111865,-0.111865,1.5658573828948055,0.3,0.0,0.0,1.570796,0.666667,1.0,0.0,0.111865,0.6109,0.3
1769796432.696062,0.111865,-0.111865,1.5635071808133678,0.3,0.0,0.0,1.570796,0.666667,1.0,0.0,0.111865,0.6109,0.3
1769796432.696062,0.111865,-0.111865,1.5822640960970726,0.3,0.0,0.0,1.570796,0.666667,1.0,0.0,0.111865,0.6109,0.3
1769796432.696062,0.111865,-0.111865,1.572527944547377,0.3,0.0,0.0,1.570796,0.666667,1.0,0.0,0.111865,0.6109,0.3
1769796432.696062,0.111865,-0.111865,1.5739126795789815,0.3,0.0,0.0,1.570796,0.666667,1.0,0.0,0.111865,0.6109,0.3
1769796432.696062,0.111865,-0.111865,1.571589510443002,0.3,0.0,0.0,1.570796,0.666667,1.0,0.0,0.111865,0.6109,0.3
1769796432.696062,0.111865,-0.111865,1.565626719325223,0.3,0.0,0.0,1.570796,0.666667,1.0,0.0,0.111865,0.6109,0.3
1769796432.696062,0.111865,-0.111865,1.567687774101757,0.3,0.0,0.0,1.570796,0.666667,1.0,0.0,0.111865,0.6109,0.3
1769796432.696062,0.111865,-0.111865,1.5566573442443679,0.3,0.0,0.0,1.570796,0.666667,1.0,0.0,0.111865,0.6109,0.3
1769796432.696062,0.111865,-0.111865,1.5788628790232246,0.3,0.0,0.0,1.570796,0.666667,1.0,0.0,0.111865,0.6109,0.3
1769796432.696062,0.111865,-0.111865,1.5694178998606518,0.3,0.0,0.0,1.570796,0.666667,1.0,0.0,0.111865,0.6109,0.3
1769796432.696062,0.111865,-0.111865,1.559115613453927,0.3,0.0,0.0,1.570796,0.666667,1.0,0.0,0.111865,0.6109,0.3
1769796432.696062,0.111865,-0.111865,1.574793399372733,0.3,0.0,0.0,1.570796,0.666667,1.0,0.0,0.111865,0.6109,0.3
1769796432.696062,0.111865,-0.111865,1.583156428284313,0.3,0.0,0.0,1.570796,0.666667,1.0,0.0,0.111865,0.6109,0.3
1769796432.696062,0.111865,-0.111865,1.5756253934400843,0.3,0.0,0.0,1.570796,0.666667,1.0,0.0,0.111865,0.6109,0.3
1769796432.696062,0.111865,-0.111865,1.5826895053164534,0.3,0.0,0.0,1.570796,0.666667,1.0,0.0,0.111865,0.6109,0.3
1769796432.696062,0.111865,-0.111865,1.578568494746627,0.3,0.0,0.0,1.570796,0.666667,1.0,0.0,0.111865,0.6109,0.3
1769796432.696062,0.111865,-0.111865,1.5399459612766497,0.3,0.0,0.0,1.570796,0.666667,1.0,0.0,0.111865,0.6109,0.3
1769796432.696062,0.111865,-0.111865,1.5687658578438577,0.3,0.0,0.0,1.570796,0.666667,1.0,0.0,0.111865,0.6109,0.3
1769796432.696062,0.111865,-0.111865,1.5802498577839659,0.3,0.0,0.0,1.570796,0.666667,1.0,0.0,0.111865,0.6109,0.3
1769796432.696062,0.111865,-0.111865,1.5647824272809807,0.3,0.0,0.0,1.570796,0.666667,1.0,0.0,0.111865,0.6109,0.3
1769796432.696062,0.111865,-0.111865,1.5827241508211123,0.3,0.0,0.0,1.570796,0.666667,1.0,0.0,0.111865,0.6109,0.3
1769796432.696062,0.111865,-0.111865,1.566246804059136,0.3,0.0,0.0,1.570796,0.666667,1.0,0.0,0.111865,0.6109,0.3
1769796432.696062,0.111865,-0.111865,1.5615741257725302,0.3,0.0,0.0,1.570796,0.666667,1.0,0.0,0.111865,0.6109,0.3
1769796432.696062,0.111865,-0.111865,1.5546604729078497,0.3,0.0,0.0,1.570796,0.666667,1.0,0.0,0.111865,0.6109,0.3
1769796432.696062,0.111865,-0.111865,1.556928741845853,0.3,0.0,0.0,1.570796,0.666667,1.0,0.0,0.111865,0.6109,0.3
1769796432.696062,0.111865,-0.111865,1.5872825968471116,0.3,0.0,0.0,1.570796,0.666667,1.0,0.0,0.111865,0.6109,0.3
1769796432.696062,0.111865,-0.111865,1.565027858457678,0.3,0.0,0.0,1.570796,0.666667,1.0,0.0,0.111865,0.6109,0.3
1769796432.696062,0.111865,-0.111865,1.5517788081560757,0.3,0.0,0.0,1.570796,0.666667,1.0,0.0,0.111865,0.6109,0.3
1769796432.696062,0.111865,-0.111865,1.5858768793684581,0.3,0.0,0.0,1.570796,0.666667,1.0,0.0,0.111865,0.6109,0.3
1769796432.696062,0.111865,-0.111865,1.5810452828576047,0.3,0.0,0.0,1.570796,0.666667,1.0,0.0,0.111865,0.6109,0.3
1769796432.696062,0.111865,-0.111865,1.567683464667367,0.3,0.0,0.0,1.570796,0.666667,1.0,0.0,0.111865,0.6109,0.3
1769796432.696062,0.111865,-0.111865,1.580228163121307,0.3,0.0,0.0,1.570796,0.666667,1.0,0.0,0.111865,0.6109,0.3
1769796432.696062,0.111865,-0.111865,1.5659728321264315,0.3,0.0,0.0,1.570796,0.666667,1.0,0.0,0.111865,0.6109,0.3
1769796432.696062,0.111865,-0.111865,1.5712274537843647,0.3,0.0,0.0,1.570796,0.666667,1.0,0.0,0.111865,0.6109,0.3
1769796432.696062,0.111865,-0.111865,1.5549388826078803,0.3,0.0,0.0,1.570796,0.666667,1.0,0.0,0.111865,0.6109,0.3
1769796432.696062,0.111865,-0.111865,1.5933721620878307,0.3,0.0,0.0,1.570796,0.666667,1.0,0.0,0.111865,0.6109,0.3
1769796432.696062,0.111865,-0.111865,1.6007983351850914,0.3,0.0,0.0,1.570796,0.666667,1.0,0.0,0.111865,0.6109,0.3
1769796432.696062,0.111865,-0.111865,1.5698958822794091,0.3,0.0,0.0,1.570796,0.666667,1.0,0.0,0.111865,0.6109,0.3
1769796432.696062,0.111865,-0.111865,1.5697660515536496,0.3,0.0,0.0,1.570796,0.666667,1.0,0.0,0.111865,0.6109,0.3
1769796432.696062,0.111865,-0.111865,1.5546127735564421,0.3,0.0,0.0,1.570796,0.666667,1.0,0.0,0.111865,0.6109,0.3
1769796432.696062,0.111865,-0.111865,1.5929385876545095,0.3,0.0,0.0,1.570796,0.666667,1.0,0.0,0.111865,0.6109,0.3
1769796432.696062,0.111865,-0.111865,1.5646326357147837,0.3,0.0,0.0,1.570796,0.666667,1.0,0.0,0.111865,0.6109,0.3
1769796432.696062,0.111865,-0.111865,1.5683405577048535,0.3,0.0,0.0,1.570796,0.666667,1.0,0.0,0.111865,0.6109,0.3
1769796432.696062,0.111865,-0.111865,1.5721668879882464,0.3,0.0,0.0,1.570796,0.666667,1.0,0.0,0.111865,0.6109,0.3
1769796432.696062,0.111865,-0.111865,1.5642495952205904,0.3,0.0,0.0,1.570796,0.666667,1.0,0.0,0.111865,0.6109,0.3
1769796432.696062,0.111865,-0.111865,1.5791792347693123,0.3,0.0,0.0,1.570796,0.666667,1.0,0.0,0.111865,0.6109,0.3
1769796432.696062,0.111865,-0.111865,1.5842453975238455,0.3,0.0,0.0,1.570796,0.666667,1.0,0.0,0.111865,0.6109,0.3
1769796432.696062,0.111865,-0.111865,1.5804241146292504,0.3,0.0,0.0,1.570796,0.666667,1.0,0.0,0.111865,0.6109,0.3
1769796432.696062,0.111865,-0.111865,1.5729461148691677,0.3,0.0,0.0,1.570796,0.666667,1.0,0.0,0.111865,0.6109,0.3
1769796432.696062,0.111865,-0.111865,1.5636231963743343,0.3,0.0,0.0,1.570796,0.666667,1.0,0.0,0.111865,0.6109,0.3
1769796432.696062,0.111865,-0.111865,1.576915036784096,0.3,0.0,0.0,1.570796,0.666667,1.0,0.0,0.111865,0.6109,0.3
1769796432.696062,0.111865,-0.111865,1.5777509032132335,0.3,0.0,0.0,1.570796,0.666667,1.0,0.0,0.111865,0.6109,0.3
1769796432.696062,0.111865,-0.111865,1.582013290374188,0.3,0.0,0.0,1.570796,0.666667,1.0,0.0,0.111865,0.6109,0.3
1769796432.696062,0.111865,-0.111865,1.5833082044394593,0.3,0.0,0.0,1.570796,0.666667,1.0,0.0,0.111865,0.6109,0.3
1769796432.696062,0.111865,-0.111865,1.5773701749082245,0.3,0.0,0.0,1.570796,0.666667,1.0,0.0,0.111865,0.6109,0.3
1769796432.696062,0.111865,-0.111865,1.5882018306158907,0.3,0.0,0.0,1.570796,0.666667,1.0,0.0,0.111865,0.6109,0.3
1769796432.696062,0.111865,-0.111865,1.5680545906092263,0.3,0.0,0.0,1.570796,0.666667,1.0,0.0,0.111865,0.6109,0.3
1769796432.696062,0.111865,-0.111865,1.5730258047954209,0.3,0.0,0.0,1.570796,0.666667,1.0,0.0,0.111865,0.6109,0.3
1769796432.696062,0.111865,-0.111865,1.5505048449211083,0.3,0.0,0.0,1.570796,0.666667,1.0,0.0,0.111865,0.6109,0.3
1769796432.696062,0.111865,-0.111865,1.5570503162883453,0.3,0.0,0.0,1.570796,0.666667,1.0,0.0,0.111865,0.6109,0.3
1769796432.696062,0.111865,-0.111865,1.5864590251575645,0.3,0.0,0.0,1.570796,0.666667,1.0,0.0,0.111865,0.6109,0.3
1769796432.696062,0.111865,-0.111865,1.5798362339218928,0.3,0.0,0.0,1.570796,0.666667,1.0,0.0,0.111865,0.6109,0.3
1769796432.696062,0.111865,-0.111865,1.5869246173954035,0.3,0.0,0.0,1.570796,0.666667,1.0,0.0,0.111865,0.6109,0.3
1769796432.696062,0.111865,-0.111865,1.5790896956444402,0.3,0.0,0.0,1.570796,0.666667,1.0,0.0,0.111865,0.6109,0.3
1769796432.696062,0.111865,-0.111865,1.5565402119700613,0.3,0.0,0.0,1.570796,0.666667,1.0,0.0,0.111865,0.6109,0.3
1769796432.696062,0.111865,-0.111865,1.559362984600241,0.3,0.0,0.0,1.570796,0.666667,1.0,0.0,0.111865,0.6109,0.3
1769796432.696062,0.111865,-0.111865,1.560051002561416,0.3,0.0,0.0,1.570796,0.666667,1.0,0.0,0.111865,0.6109,0.3
1769796432.696062,0.111865,-0.111865,1.5820396472269935,0.3,0.0,0.0,1.570796,0.666667,1.0,0.0,0.111865,0.6109,0.3
1769796432.696062,0.111865,-0.111865,1.565263901135781,0.3,0.0,0.0,1.570796,0.666667,1.0,0.0,0.111865,0.6109,0.3
1769796432.696062,0.111865,-0.111865,1.5594603767415993,0.3,0.0,0.0,1.570796,0.666667,1.0,0.0,0.111865,0.6109,0.3
1769796432.696062,0.111865,-0.111865,1.5639548387796953,0.3,0.0,0.0,1.570796,0.666667,1.0,0.0,0.111865,0.6109,0.3
1769796432.696062,0.111865,-0.111865,1.5598186425501666,0.3,0.0,0.0,1.570796,0.666667,1.0,0.0,0.111865,0.6109,0.3
1769796432.696062,0.111865,-0.111865,1.570765838121007,0.3,0.0,0.0,1.570796,0.666667,1.0,0.0,0.111865,0.6109,0.3
1769796432.696062,0.111865,-0.111865,1.5770590533830313,0.3,0.0,0.0,1.570796,0.666667,1.0,0.0,0.111865,0.6109,0.3
1769796432.696062,0.111865,-0.111865,1.5761041529994562,0.3,0.0,0.0,1.570796,0.666667,1.0,0.0,0.111865,0.6109,0.3
1769796432.696062,0.111865,-0.111865,1.5718804945552216,0.3,0.0,0.0,1.570796,0.666667,1.0,0.0,0.111865,0.6109,0.3
1769796432.696062,0.111865,-0.111865,1.5518089701640445,0.3,0.0,0.0,1.570796,0.666667,1.0,0.0,0.111865,0.6109,0.3
1769796432.696062,0.111865,-0.111865,1.5644880684795692,0.3,0.0,0.0,1.570796,0.666667,1.0,0.0,0.111865,0.6109,0.3
1769796432.696062,0.111865,-0.111865,1.5882114499901296,0.3,0.0,0.0,1.570796,0.666667,1.0,0.0,0.111865,0.6109,0.3
1769796432.696062,0.111865,-0.111865,1.552932116436739,0.3,0.0,0.0,1.570796,0.666667,1.0,0.0,0.111865,0.6109,0.3
1769796432.696062,0.111865,-0.111865,1.5868038067473638,0.3,0.0,0.0,1.570796,0.666667,1.0,0.0,0.111865,0.6109,0.3
1769796432.696062,0.111865,-0.111865,1.562417827069299,0.3,0.0,0.0,1.570796,0.666667,1.0,0.0,0.111865,0.6109,0.3
1769796432.696062,0.111865,-0.111865,1.5529145824797403,0.3,0.0,0.0,1.570796,0.666667,1.0,0.0,0.111865,0.6109,0.3
1769796432.696062,0.111865,-0.111865,1.584074864112697,0.3,0.0,0.0,1.570796,0.666667,1.0,0.0,0.111865,0.6109,0.3
1769796432.696062,0.111865,-0.111865,1.582973691028854,0.3,0.0,0.0,1.570796,0.666667,1.0,0.0,0.111865,0.6109,0.3
1769796432.696062,0.111865,-0.111865,1.5803421615296955,0.3,0.0,0.0,1.570796,0.666667,1.0,0.0,0.111865,0.6109,0.3
1769796432.696062,0.111865,-0.111865,1.5884442484115164,0.3,0.0,0.0,1.570796,0.666667,1.0,0.0,0.111865,0.6109,0.3
1769796432.696062,0.111865,-0.111865,1.5762909737542832,0.3,0.0,0.0,1.570796,0.666667,1.0,0.0,0.111865,0.6109,0.3
1769796432.696062,0.111865,-0.111865,1.5785121407604328,0.3,0.0,0.0,1.570796,0.666667,1.0,0.0,0.111865,0.6109,0.3
1769796432.696062,0.111865,-0.111865,1.560548730499331,0.3,0.0,0.0,1.570796,0.666667,1.0,0.0,0.111865,0.6109,0.3
1769796432.696062,0.111865,-0.111865,1.564224577417571,0.3,0.0,0.0,1.570796,0.666667,1.0,0.0,0.111865,0.6109,0.3
1769796432.696062,0.111865,-0.111865,1.5735781335286443,0.3,0.0,0.0,1.570796,0.666667,1.0,0.0,0.111865,0.6109,0.3
1769796432.696062,0.111865,-0.111865,1.5660103751470729,0.3,0.0,0.0,1.570796,0.666667,1.0,0.0,0.111865,0.6109,0.3
1769796432.696062,0.111865,-0.111865,1.5586236250616015,0.3,0.0,0.0,1.570796,0.666667,1.0,0.0,0.111865,0.6109,0.3
1769796432.696062,0.111865,-0.111865,1.5755028722282043,0.3,0.0,0.0,1.570796,0.666667,1.0,0.0,0.111865,0.6109,0.3
1769796432.696062,0.111865,-0.111865,1.5789374854816558,0.3,0.0,0.0,1.570796,0.666667,1.0,0.0,0.111865,0.6109,0.3
1769796432.696062,0.111865,-0.111865,1.5535488037273644,0.3,0.0,0.0,1.570796,0.666667,1.0,0.0,0.111865,0.6109,0.3
1769796432.696062,0.111865,-0.111865,1.5734811416424803,0.3,0.0,0.0,1.570796,0.666667,1.0,0.0,0.111865,0.6109,0.3
1769796432.696062,0.111865,-0.111865,1.5896869735088706,0.3,0.0,0.0,1.570796,0.666667,1.0,0.0,0.111865,0.6109,0.3
1769796432.696062,0.111865,-0.111865,1.5685747774910146,0.3,0.0,0.0,1.570796,0.666667,1.0,0.0,0.111865,0.6109,0.3
1769796432.696062,0.111865,-0.111865,1.5771326901702902,0.3,0.0,0.0,1.570796,0.666667,1.0,0.0,0.111865,0.6109,0.3
1769796432.696062,0.111865,-0.111865,1.5782416195412727,0.3,0.0,0.0,1.570796,0.666667,1.0,0.0,0.111865,0.6109,0.3
1769796432.696062,0.111865,-0.111865,1.5713185594327561,0.3,0.0,0.0,1.570796,0.666667,1.0,0.0,0.111865,0.6109,0.3
1769796432.696062,0.111865,-0.111865,1.5873308274145508,0.3,0.0,0.0,1.570796,0.666667,1.0,0.0,0.111865,0.6109,0.3
1769796432.696062,0.111865,-0.111865,1.5638047670711075,0.3,0.0,0.0,1.570796,0.666667,1.0,0.0,0.111865,0.6109,0.3
1769796432.696062,0.111865,-0.111865,1.5772155949819404,0.3,0.0,0.0,1.570796,0.666667,1.0,0.0,0.111865,0.6109,0.3
1769796432.696062,0.111865,-0.111865,1.571055073601249,0.3,0.0,0.0,1.570796,0.666667,1.0,0.0,0.111865,0.6109,0.3
1769796432.696062,0.111865,-0.111865,1.5545032030544603,0.3,0.0,0.0,1.570796,0.666667,1.0,0.0,0.111865,0.6109,0.3
1769796432.696062,0.111865,-0.111865,1.5691736027702556,0.3,0.0,0.0,1.570796,0.666667,1.0,0.0,0.111865,0.6109,0.3
1769796432.696062,0.111865,-0.111865,1.5840569730496723,0.3,0.0,0.0,1.570796,0.666667,1.0,0.0,0.111865,0.6109,0.3
1769796432.696062,0.111865,-0.111865,1.5682926116531017,0.3,0.0,0.0,1.570796,0.666667,1.0,0.0,0.111865,0.6109,0.3
1769796432.696062,0.111865,-0.111865,1.563451487168382,0.3,0.0,0.0,1.570796,0.666667,1.0,0.0,0.111865,0.6109,0.3
1769796432.696062,0.111865,-0.111865,1.5816797245705674,0.3,0.0,0.0,1.570796,0.666667,1.0,0.0,0.111865,0.6109,0.3
1769796432.696062,0.111865,-0.111865,1.5961422305953075,0.3,0.0,0.0,1.570796,0.666667,1.0,0.0,0.111865,0.6109,0.3
1769796432.696062,0.111865,-0.111865,1.5525002877681644,0.3,0.0,0.0,1.570796,0.666667,1.0,0.0,0.111865,0.6109,0.3
1769796432.696062,0.111865,-0.111865,1.5801782087027214,0.3,0.0,0.0,1.570796,0.666667,1.0,0.0,0.111865,0.6109,0.3
1769796432.696062,0.111865,-0.111865,1.5729391836430113,0.3,0.0,0.0,1.570796,0.666667,1.0,0.0,0.111865,0.6109,0.3
1769796432.696062,0.111865,-0.111865,1.57471706562227,0.3,0.0,0.0,1.570796,0.666667,1.0,0.0,0.111865,0.6109,0.3
1769796432.696062,0.111865,-0.111865,1.5624989153690447,0.3,0.0,0.0,1.570796,0.666667,1.0,0.0,0.111865,0.6109,0.3
1769796432.696062,0.111865,-0.111865,1.5829449121946928,0.3,0.0,0.0,1.570796,0.666667,1.0,0.0,0.111865,0.6109,0.3
1769796432.696062,0.111865,-0.111865,1.57377701935937,0.3,0.0,0.0,1.570796,0.666667,1.0,0.0,0.111865,0.6109,0.3
1769796432.696062,0.111865,-0.111865,1.5720930269279174,0.3,0.0,0.0,1.570796,0.666667,1.0,0.0,0.111865,0.6109,0.3
1769796432.696062,0.111865,-0.111865,1.5639715226029427,0.3,0.0,0.0,1.570796,0.666667,1.0,0.0,0.111865,0.6109,0.3
1769796432.696062,0.111865,-0.111865,1.5729772804935809,0.3,0.0,0.0,1.570796,0.666667,1.0,0.0,0.111865,0.6109,0.3
1769796432.696062,0.111865,-0.111865,1.5576776775189969,0.3,0.0,0.0,1.570796,0.666667,1.0,0.0,0.111865,0.6109,0.3
1769796432.696062,0.111865,-0.111865,1.5762927053873494,0.3,0.0,0.0,1.570796,0.666667,1.0,0.0,0.111865,0.6109,0.3
1769796432.696062,0.111865,-0.111865,1.5658684439118424,0.3,0.0,0.0,1.570796,0.666667,1.0,0.0,0.111865,0.6109,0.3
1769796432.696062,0.111865,-0.111865,1.5728793048773644,0.3,0.0,0.0,1.570796,0.666667,1.0,0.0,0.111865,0.6109,0.3
1769796432.696062,0.111865,-0.111865,1.576803433259264,0.3,0.0,0.0,1.570796,0.666667,1.0,0.0,0.111865,0.6109,0.3
1769796432.696062,0.111865,-0.111865,1.5646770230616978,0.3,0.0,0.0,1.570796,0.666667,1.0,0.0,0.111865,0.6109,0.3
1769796432.696062,0.111865,-0.111865,1.5946925903857596,0.3,0.0,0.0,1.570796,0.666667,1.0,0.0,0.111865,0.6109,0.3
1769796432.696062,0.111865,-0.111865,1.5569634895581312,0.3,0.0,0.0,1.570796,0.666667,1.0,0.0,0.111865,0.6109,0.3
1769796432.696062,0.111865,-0.111865,1.5804817289760553,0.3,0.0,0.0,1.570796,0.666667,1.0,0.0,0.111865,0.6109,0.3
1769796432.696062,0.111865,-0.111865,1.5708083257820449,0.3,0.0,0.0,1.570796,0.666667,1.0,0.0,0.111865,0.6109,0.3
1769796432.696062,0.111865,-0.111865,1.5671827924384303,0.3,0.0,0.0,1.570796,0.666667,1.0,0.0,0.111865,0.6109,0.3
1769796432.696062,0.111865,-0.111865,1.5745636311931095,0.3,0.0,0.0,1.570796,0.666667,1.0,0.0,0.111865,0.6109,0.3
1769796432.696062,0.111865,-0.111865,1.5977840595347064,0.3,0.0,0.0,1.570796,0.666667,1.0,0.0,0.111865,0.6109,0.3
1769796432.696062,0.111865,-0.111865,1.5670207649990173,0.3,0.0,0.0,1.570796,0.666667,1.0,0.0,0.111865,0.6109,0.3
1769796432.696062,0.111865,-0.111865,1.5797042637909082,0.3,0.0,0.0,1.570796,0.666667,1.0,0.0,0.111865,0.6109,0.3
1769796432.696062,0.111865,-0.111865,1.5666687909546309,0.3,0.0,0.0,1.570796,0.666667,1.0,0.0,0.111865,0.6109,0.3
1769796432.696062,0.111865,-0.111865,1.5714464546037206,0.3,0.0,0.0,1.570796,0.666667,1.0,0.0,0.111865,0.6109,0.3
1769796432.696062,0.111865,-0.111865,1.5838626368952764,0.3,0.0,0.0,1.570796,0.666667,1.0,0.0,0.111865,0.6109,0.3
1769796432.696062,0.111865,-0.111865,1.5750895721808569,0.3,0.0,0.0,1.570796,0.666667,1.0,0.0,0.111865,0.6109,0.3
1769796432.696062,0.111865,-0.111865,1.5763401879978909,0.3,0.0,0.0,1.570796,0.666667,1.0,0.0,0.111865,0.6109,0.3
1769796432.696062,0.111865,-0.111865,1.561664968862858,0.3,0.0,0.0,1.570796,0.666667,1.0,0.0,0.111865,0.6109,0.3
1769796432.696062,0.111865,-0.111865,1.5703917965644079,0.3,0.0,0.0,1.570796,0.666667,1.0,0.0,0.111865,0.6109,0.3
1769796432.696062,0.111865,-0.111865,1.5629378953343802,0.3,0.0,0.0,1.570796,0.666667,1.0,0.0,0.111865,0.6109,0.3
1769796432.696062,0.111865,-0.111865,1.568619662024578,0.3,0.0,0.0,1.570796,0.666667,1.0,0.0,0.111865,0.6109,0.3
1769796432.696062,0.111865,-0.111865,1.5757034119548872,0.3,0.0,0.0,1.570796,0.666667,1.0,0.0,0.111865,0.6109,0.3
1769796432.696062,0.111865,-0.111865,1.5731921745177215,0.3,0.0,0.0,1.570796,0.666667,1.0,0.0,0.111865,0.6109,0.3
1769796432.696062,0.111865,-0.111865,1.568375266703176,0.3,0.0,0.0,1.570796,0.666667,1.0,0.0,0.111865,0.6109,0.3
1769796432.696062,0.111865,-0.111865,1.5752060527632143,0.3,0.0,0.0,1.570796,0.666667,1.0,0.0,0.111865,0.6109,0.3
1769796432.696062,0.111865,-0.111865,1.559908393515118,0.3,0.0,0.0,1.570796,0.666667,1.0,0.0,0.111865,0.6109,0.3
1769796432.696062,0.111865,-0.111865,1.5681186805351806,0.3,0.0,0.0,1.570796,0.666667,1.0,0.0,0.111865,0.6109,0.3
1769796432.696062,0.111865,-0.111865,1.5743107310453073,0.3,0.0,0.0,1.570796,0.666667,1.0,0.0,0.111865,0.6109,0.3
1769796432.696062,0.111865,-0.111865,1.5778328049402919,0.3,0.0,0.0,1.570796,0.666667,1.0,0.0,0.111865,0.6109,0.3
1769796432.696062,0.111865,-0.111865,1.5597399295221572,0.3,0.0,0.0,1.570796,0.666667,1.0,0.0,0.111865,0.6109,0.3
1769796432.696062,0.111865,-0.111865,1.5501902708003297,0.3,0.0,0.0,1.570796,0.666667,1.0,0.0,0.111865,0.6109,0.3
1769796432.696062,0.111865,-0.111865,1.5736960539236444,0.3,0.0,0.0,1.570796,0.666667,1.0,0.0,0.111865,0.6109,0.3
1769796432.696062,0.111865,-0.111865,1.5635537307063312,0.3,0.0,0.0,1.570796,0.666667,1.0,0.0,0.111865,0.6109,0.3
1769796432.696062,0.111865,-0.111865,1.5938508524061958,0.3,0.0,0.0,1.570796,0.666667,1.0,0.0,0.111865,0.6109,0.3
1769796432.696062,0.111865,-0.111865,1.5839816545396157,0.3,0.0,0.0,1.570796,0.666667,1.0,0.0,0.111865,0.6109,0.3
1769796432.696062,0.111865,-0.111865,1.5765237449492666,0.3,0.0,0.0,1.570796,0.666667,1.0,0.0,0.111865,0.6109,0.3
1769796432.696062,0.111865,-0.111865,1.5723861788694753,0.3,0.0,0.0,1.570796,0.666667,1.0,0.0,0.111865,0.6109,0.3
1769796432.696062,0.111865,-0.111865,1.5771113047375733,0.3,0.0,0.0,1.570796,0.666667,1.0,0.0,0.111865,0.6109,0.3
1769796432.696062,0.111865,-0.111865,1.5614705813658671,0.3,0.0,0.0,1.570796,0.666667,1.0,0.0,0.111865,0.6109,0.3
1769796432.696062,0.111865,-0.111865,1.5688747270572365,0.3,0.0,0.0,1.570796,0.666667,1.0,0.0,0.111865,0.6109,0.3
1769796432.696062,0.111865,-0.111865,1.5624930336247864,0.3,0.0,0.0,1.570796,0.666667,1.0,0.0,0.111865,0.6109,0.3
1769796432.696062,0.111865,-0.111865,1.5690617876431014,0.3,0.0,0.0,1.570796,0.666667,1.0,0.0,0.111865,0.6109,0.3
1769796432.696062,0.111865,-0.111865,1.5681583804565369,0.3,0.0,0.0,1.570796,0.666667,1.0,0.0,0.111865,0.6109,0.3
1769796432.696062,0.111865,-0.111865,1.5878618199301195,0.3,0.0,0.0,1.570796,0.666667,1.0,0.0,0.111865,0.6109,0.3
1769796432.696062,0.111865,-0.111865,1.5721733462022411,0.3,0.0,0.0,1.570796,0.666667,1.0,0.0,0.111865,0.6109,0.3
1769796432.696062,0.111865,-0.111865,1.5725764585241655,0.3,0.0,0.0,1.570796,0.666667,1.0,0.0,0.111865,0.6109,0.3
1769796432.696062,0.111865,-0.111865,1.548008181644029,0.3,0.0,0.0,1.570796,0.666667,1.0,0.0,0.111865,0.6109,0.3
1769796432.696062,0.111865,-0.111865,1.5744854037202376,0.3,0.0,0.0,1.570796,0.666667,1.0,0.0,0.111865,0.6109,0.3
1769796432.696062,0.111865,-0.111865,1.5454233169368228,0.3,0.0,0.0,1.570796,0.666667,1.0,0.0,0.111865,0.6109,0.3
1769796432.696062,0.111865,-0.111865,1.5737138537395547,0.3,0.0,0.0,1.570796,0.666667,1.0,0.0,0.111865,0.6109,0.3
1769796432.696062,0.111865,-0.111865,1.5712022188026558,0.3,0.0,0.0,1.570796,0.666667,1.0,0.0,0.111865,0.6109,0.3
1769796432.696062,0.111865,-0.111865,1.5765441716714725,0.3,0.0,0.0,1.570796,0.666667,1.0,0.0,0.111865,0.6109,0.3
1769796432.696062,0.111865,-0.111865,1.5577412958637924,0.3,0.0,0.0,1.570796,0.666667,1.0,0.0,0.111865,0.6109,0.3
1769796432.696062,0.111865,-0.111865,1.5686455742591698,0.3,0.0,0.0,1.570796,0.666667,1.0,0.0,0.111865,0.6109,0.3
1769796432.696062,0.111865,-0.111865,1.558620260984181,0.3,0.0,0.0,1.570796,0.666667,1.0,0.0,0.111865,0.6109,0.3
1769796432.696062,0.111865,-0.111865,1.5848806942022742,0.3,0.0,0.0,1.570796,0.666667,1.0,0.0,0.111865,0.6109,0.3
1769796432.696062,0.111865,-0.111865,1.5663737694133968,0.3,0.0,0.0,1.570796,0.666667,1.0,0.0,0.111865,0.6109,0.3
1769796432.696062,0.111865,-0.111865,1.570770989349984,0.3,0.0,0.0,1.570796,0.666667,1.0,0.0,0.111865,0.6109,0.3
1769796432.696062,0.111865,-0.111865,1.5600416139382312,0.3,0.0,0.0,1.570796,0.666667,1.0,0.0,0.111865,0.6109,0.3
1769796432.696062,0.111865,-0.111865,1.582755560775018,0.3,0.0,0.0,1.570796,0.666667,1.0,0.0,0.111865,0.6109,0.3
1769796432.696062,0.111865,-0.111865,1.5618174178629671,0.3,0.0,0.0,1.570796,0.666667,1.0,0.0,0.111865,0.6109,0.3
1769796432.696062,0.111865,-0.111865,1.5713256641682805,0.3,0.0,0.0,1.570796,0.666667,1.0,0.0,0.111865,0.6109,0.3
1769796432.696062,0.111865,-0.111865,1.5637827685580603,0.3,0.0,0.0,1.570796,0.666667,1.0,0.0,0.111865,0.6109,0.3
1769796432.696062,0.111865,-0.111865,1.5696863037945485,0.3,0.0,0.0,1.570796,0.666667,1.0,0.0,0.111865,0.6109,0.3
1769796432.696062,0.111865,-0.111865,1.5777913573092828,0.3,0.0,0.0,1.570796,0.666667,1.0,0.0,0.111865,0.6109,0.3
1769796432.696062,0.111865,-0.111865,1.5785186628759773,0.3,0.0,0.0,1.570796,0.666667,1.0,0.0,0.111865,0.6109,0.3
1769796432.696062,0.111865,-0.111865,1.5866426152451336,0.3,0.0,0.0,1.570796,0.666667,1.0,0.0,0.111865,0.6109,0.3
1769796432.696062,0.111865,-0.111865,1.5657940716932583,0.3,0.0,0.0,1.570796,0.666667,1.0,0.0,0.111865,0.6109,0.3
1769796432.696062,0.111865,-0.111865,1.5942021555898496,0.3,0.0,0.0,1.570796,0.666667,1.0,0.0,0.111865,0.6109,0.3
1769796432.696062,0.111865,-0.111865,1.566883474650366,0.3,0.0,0.0,1.570796,0.666667,1.0,0.0,0.111865,0.6109,0.3
1769796432.696062,0.111865,-0.111865,1.5734458674188216,0.3,0.0,0.0,1.570796,0.666667,1.0,0.0,0.111865,0.6109,0.3
1769796432.696062,0.111865,-0.111865,1.5793357287069694,0.3,0.0,0.0,1.570796,0.666667,1.0,0.0,0.111865,0.6109,0.3
1769796432.696062,0.111865,-0.111865,1.5607465632010975,0.3,0.0,0.0,1.570796,0.666667,1.0,0.0,0.111865,0.6109,0.3
1769796432.696062,0.111865,-0.111865,1.5909939368864292,0.3,0.0,0.0,1.570796,0.666667,1.0,0.0,0.111865,0.6109,0.3
1769796432.696062,0.111865,-0.111865,1.5710851841971973,0.3,0.0,0.0,1.570796,0.666667,1.0,0.0,0.111865,0.6109,0.3
1769796432.696062,0.111865,-0.111865,1.5792073714102721,0.3,0.0,0.0,1.570796,0.666667,1.0,0.0,0.111865,0.6109,0.3
1769796432.696062,0.111865,-0.111865,1.587307940382313,0.3,0.0,0.0,1.570796,0.666667,1.0,0.0,0.111865,0.6109,0.3
1769796432.696062,0.111865,-0.111865,1.5769468639214699,0.3,0.0,0.0,1.570796,0.666667,1.0,0.0,0.111865,0.6109,0.3
1769796432.696062,0.111865,-0.111865,1.5774766710560948,0.3,0.0,0.0,1.570796,0.666667,1.0,0.0,0.111865,0.6109,0.3
1769796432.696062,0.111865,-0.111865,1.5692360885814804,0.3,0.0,0.0,1.570796,0.666667,1.0,0.0,0.111865,0.6109,0.3
1769796432.696062,0.111865,-0.111865,1.579627289349469,0.3,0.0,0.0,1.570796,0.666667,1.0,0.0,0.111865,0.6109,0.3
1769796432.696062,0.111865,-0.111865,1.5543590887317613,0.3,0.0,0.0,1.570796,0.666667,1.0,0.0,0.111865,0.6109,0.3
1769796432.696062,0.111865,-0.111865,1.5702506929354563,0.3,0.0,0.0,1.570796,0.666667,1.0,0.0,0.111865,0.6109,0.3
1769796432.696062,0.111865,-0.111865,1.5708123230477835,0.3,0.0,0.0,1.570796,0.666667,1.0,0.0,0.111865,0.6109,0.3
1769796432.696062,0.111865,-0.111865,1.5649354931679311,0.3,0.0,0.0,1.570796,0.666667,1.0,0.0,0.111865,0.6109,0.3
1769796432.696062,0.111865,-0.111865,1.5770235001026225,0.3,0.0,0.0,1.570796,0.666667,1.0,0.0,0.111865,0.6109,0.3
1769796432.696062,0.111865,-0.111865,1.5757385856397395,0.3,0.0,0.0,1.570796,0.666667,1.0,0.0,0.111865,0.6109,0.3
1769796432.696062,0.111865,-0.111865,1.5718545920873812,0.3,0.0,0.0,1.570796,0.666667,1.0,0.0,0.111865,0.6109,0.3
1769796432.696062,0.111865,-0.111865,1.5829977182860242,0.3,0.0,0.0,1.570796,0.666667,1.0,0.0,0.111865,0.6109,0.3
1769796432.696062,0.111865,-0.111865,1.5773609853633528,0.3,0.0,0.0,1.570796,0.666667,1.0,0.0,0.111865,0.6109,0.3
1769796432.696062,0.111865,-0.111865,1.5697625719872754,0.3,0.0,0.0,1.570796,0.666667,1.0,0.0,0.111865,0.6109,0.3
1769796432.696062,0.111865,-0.111865,1.5875414596240545,0.3,0.0,0.0,1.570796,0.666667,1.0,0.0,0.111865,0.6109,0.3
1769796432.696062,0.111865,-0.111865,1.5893099699294553,0.3,0.0,0.0,1.570796,0.666667,1.0,0.0,0.111865,0.6109,0.3
1769796432.696062,0.111865,-0.111865,1.5667364814059679,0.3,0.0,0.0,1.570796,0.666667,1.0,0.0,0.111865,0.6109,0.3
1769796432.696062,0.111865,-0.111865,1.5823384445780602,0.3,0.0,0.0,1.570796,0.666667,1.0,0.0,0.111865,0.6109,0.3
1769796432.696062,0.111865,-0.111865,1.5734112601718206,0.3,0.0,0.0,1.570796,0.666667,1.0,0.0,0.111865,0.6109,0.3
1769796432.696062,0.111865,-0.111865,1.5753211566885303,0.3,0.0,0.0,1.570796,0.666667,1.0,0.0,0.111865,0.6109,0.3
1769796432.696062,0.111865,-0.111865,1.5642686684834368,0.3,0.0,0.0,1.570796,0.666667,1.0,0.0,0.111865,0.6109,0.3
1769796432.696062,0.111865,-0.111865,1.5885785836146904,0.3,0.0,0.0,1.570796,0.666667,1.0,0.0,0.111865,0.6109,0.3
1769796432.696062,0.111865,-0.111865,1.5826443156761332,0.3,0.0,0.0,1.570796,0.666667,1.0,0.0,0.111865,0.6109,0.3
1769796432.696062,0.111865,-0.111865,1.5817912457667016,0.3,0.0,0.0,1.570796,0.666667,1.0,0.0,0.111865,0.6109,0.3
1769796432.696062,0.111865,-0.111865,1.5660825247430314,0.3,0.0,0.0,1.570796,0.666667,1.0,0.0,0.111865,0.6109,0.3
1769796432.696062,0.111865,-0.111865,1.574290665318735,0.3,0.0,0.0,1.570796,0.666667,1.0,0.0,0.111865,0.6109,0.3
1769796432.696062,0.111865,-0.111865,1.5679060711209492,0.3,0.0,0.0,1.570796,0.666667,1.0,0.0,0.111865,0.6109,0.3
1769796432.696062,0.111865,-0.111865,1.576404724878405,0.3,0.0,0.0,1.570796,0.666667,1.0,0.0,0.111865,0.6109,0.3
1769796432.696062,0.111865,-0.111865,1.5869622928124996,0.3,0.0,0.0,1.570796,0.666667,1.0,0.0,0.111865,0.6109,0.3
1769796432.696062,0.111865,-0.111865,1.5540000507440888,0.3,0.0,0.0,1.570796,0.666667,1.0,0.0,0.111865,0.6109,0.3
1769796432.696062,0.111865,-0.111865,1.5871513881590493,0.3,0.0,0.0,1.570796,0.666667,1.0,0.0,0.111865,0.6109,0.3
1769796432.696062,0.111865,-0.111865,1.5772772806243671,0.3,0.0,0.0,1.570796,0.666667,1.0,0.0,0.111865,0.6109,0.3
1769796432.696062,0.111865,-0.111865,1.5666489654958076,0.3,0.0,0.0,1.570796,0.666667,1.0,0.0,0.111865,0.6109,0.3
1769796432.696062,0.111865,-0.111865,1.5789832516380358,0.3,0.0,0.0,1.570796,0.666667,1.0,0.0,0.111865,0.6109,0.3
1769796432.696062,0.111865,-0.111865,1.5712310759304229,0.3,0.0,0.0,1.570796,0.666667,1.0,0.0,0.111865,0.6109,0.3
1769796432.696062,0.111865,-0.111865,1.567372806883077,0.3,0.0,0.0,1.570796,0.666667,1.0,0.0,0.111865,0.6109,0.3
1769796432.696062,0.111865,-0.111865,1.5639281982179105,0.3,0.0,0.0,1.570796,0.666667,1.0,0.0,0.111865,0.6109,0.3
1769796432.696062,0.111865,-0.111865,1.5961441717609597,0.3,0.0,0.0,1.570796,0.666667,1.0,0.0,0.111865,0.6109,0.3
1769796432.696062,0.111865,-0.111865,1.5648426008034888,0.3,0.0,0.0,1.570796,0.666667,1.0,0.0,0.111865,0.6109,0.3
1769796432.696062,0.111865,-0.111865,1.551640154884699,0.3,0.0,0.0,1.570796,0.666667,1.0,0.0,0.111865,0.6109,0.3
1769796432.696062,0.111865,-0.111865,1.5748474522050606,0.3,0.0,0.0,1.570796,0.666667,1.0,0.0,0.111865,0.6109,0.3
1769796432.696062,0.111865,-0.111865,1.5588165701845926,0.3,0.0,0.0,1.570796,0.666667,1.0,0.0,0.111865,0.6109,0.3
1769796432.696062,0.111865,-0.111865,1.5799931711261197,0.3,0.0,0.0,1.570796,0.666667,1.0,0.0,0.111865,0.6109,0.3
1769796432.696062,0.111865,-0.111865,1.5947044473062437,0.3,0.0,0.0,1.570796,0.666667,1.0,0.0,0.111865,0.6109,0.3
1769796432.696062,0.111865,-0.111865,1.5706228103989168,0.3,0.0,0.0,1.570796,0.666667,1.0,0.0,0.111865,0.6109,0.3
1769796432.696062,0.111865,-0.111865,1.5548403039779786,0.3,0.0,0.0,1.570796,0.666667,1.0,0.0,0.111865,0.6109,0.3
1769796432.696062,0.111865,-0.111865,1.5805774237926629,0.3,0.0,0.0,1.570796,0.666667,1.0,0.0,0.111865,0.6109,0.3
1769796432.696062,0.111865,-0.111865,1.5851077769168191,0.3,0.0,0.0,1.570796,0.666667,1.0,0.0,0.111865,0.6109,0.3
1769796432.696062,0.111865,-0.111865,1.5726350522674797,0.3,0.0,0.0,1.570796,0.666667,1.0,0.0,0.111865,0.6109,0.3
1769796432.696062,0.111865,-0.111865,1.5675109617607987,0.3,0.0,0.0,1.570796,0.666667,1.0,0.0,0.111865,0.6109,0.3
1769796432.696062,0.111865,-0.111865,1.5724701552388836,0.3,0.0,0.0,1.570796,0.666667,1.0,0.0,0.111865,0.6109,0.3
1769796432.696062,0.111865,-0.111865,1.575650462034159,0.3,0.0,0.0,1.570796,0.666667,1.0,0.0,0.111865,0.6109,0.3
1769796432.696062,0.111865,-0.111865,1.5708735972416885,0.3,0.0,0.0,1.570796,0.666667,1.0,0.0,0.111865,0.6109,0.3
1769796432.696062,0.111865,-0.111865,1.5801886238513496,0.3,0.0,0.0,1.570796,0.666667,1.0,0.0,0.111865,0.6109,0.3
1769796432.696062,0.111865,-0.111865,1.57191681410276,0.3,0.0,0.0,1.570796,0.666667,1.0,0.0,0.111865,0.6109,0.3
1769796432.696062,0.111865,-0.111865,1.576266634238859,0.3,0.0,0.0,1.570796,0.666667,1.0,0.0,0.111865,0.6109,0.3
1769796432.696062,0.111865,-0.111865,1.5685835390735312,0.3,0.0,0.0,1.570796,0.666667,1.0,0.0,0.111865,0.6109,0.3
1769796432.696062,0.111865,-0.111865,1.5664378741161449,0.3,0.0,0.0,1.570796,0.666667,1.0,0.0,0.111865,0.6109,0.3
1769796432.696062,0.111865,-0.111865,1.575984614344748,0.3,0.0,0.0,1.570796,0.666667,1.0,0.0,0.111865,0.6109,0.3
1769796432.696062,0.111865,-0.111865,1.5626187912362486,0.3,0.0,0.0,1.570796,0.666667,1.0,0.0,0.111865,0.6109,0.3
1769796432.696062,0.111865,-0.111865,1.575830431540371,0.3,0.0,0.0,1.570796,0.666667,1.0,0.0,0.111865,0.6109,0.3
1769796432.696062,0.111865,-0.111865,1.5733576411355183,0.3,0.0,0.0,1.570796,0.666667,1.0,0.0,0.111865,0.6109,0.3
1769796432.696062,0.111865,-0.111865,1.5684385026966219,0.3,0.0,0.0,1.570796,0.666667,1.0,0.0,0.111865,0.6109,0.3
1769796432.696062,0.111865,-0.111865,1.5812180687351998,0.3,0.0,0.0,1.570796,0.666667,1.0,0.0,0.111865,0.6109,0.3
1769796432.696062,0.111865,-0.111865,1.5683298578331215,0.3,0.0,0.0,1.570796,0.666667,1.0,0.0,0.111865,0.6109,0.3
1769796432.696062,0.111865,-0.111865,1.560464584346354,0.3,0.0,0.0,1.570796,0.666667,1.0,0.0,0.111865,0.6109,0.3
1769796432.696062,0.111865,-0.111865,1.5704096425309078,0.3,0.0,0.0,1.570796,0.666667,1.0,0.0,0.111865,0.6109,0.3
1769796432.696062,0.111865,-0.111865,1.5834525315487433,0.3,0.0,0.0,1.570796,0.666667,1.0,0.0,0.111865,0.6109,0.3
1769796432.696062,0.111865,-0.111865,1.5869710939970492,0.3,0.0,0.0,1.570796,0.666667,1.0,0.0,0.111865,0.6109,0.3
1769796432.696062,0.111865,-0.111865,1.5747801580971494,0.3,0.0,0.0,1.570796,0.666667,1.0,0.0,0.111865,0.6109,0.3
1769796432.696062,0.111865,-0.111865,1.5694973364284714,0.3,0.0,0.0,1.570796,0.666667,1.0,0.0,0.111865,0.6109,0.3
1769796432.696062,0.111865,-0.111865,1.5873147930531755,0.3,0.0,0.0,1.570796,0.666667,1.0,0.0,0.111865,0.6109,0.3
1769796432.696062,0.111865,-0.111865,1.5613834271702507,0.3,0.0,0.0,1.570796,0.666667,1.0,0.0,0.111865,0.6109,0.3
1769796432.696062,0.111865,-0.111865,1.5878960930732002,0.3,0.0,0.0,1.570796,0.666667,1.0,0.0,0.111865,0.6109,0.3
1769796432.696062,0.111865,-0.111865,1.5695015623572213,0.3,0.0,0.0,1.570796,0.666667,1.0,0.0,0.111865,0.6109,0.3
1769796432.696062,0.111865,-0.111865,1.5763824648924614,0.3,0.0,0.0,1.570796,0.666667,1.0,0.0,0.111865,0.6109,0.3
1769796432.696062,0.111865,-0.111865,1.571700624376161,0.3,0.0,0.0,1.570796,0.666667,1.0,0.0,0.111865,0.6109,0.3
1769796432.696062,0.111865,-0.111865,1.5779736741019927,0.3,0.0,0.0,1.570796,0.666667,1.0,0.0,0.111865,0.6109,0.3
1769796432.696062,0.111865,-0.111865,1.5619500151044694,0.3,0.0,0.0,1.570796,0.666667,1.0,0.0,0.111865,0.6109,0.3
1769796432.696062,0.111865,-0.111865,1.5742271611344445,0.3,0.0,0.0,1.570796,0.666667,1.0,0.0,0.111865,0.6109,0.3
1769796432.696062,0.111865,-0.111865,1.5561049116453527,0.3,0.0,0.0,1.570796,0.666667,1.0,0.0,0.111865,0.6109,0.3
1769796432.696062,0.111865,-0.111865,1.577973269308697,0.3,0.0,0.0,1.570796,0.666667,1.0,0.0,0.111865,0.6109,0.3
1769796432.696062,0.111865,-0.111865,1.5573951023494141,0.3,0.0,0.0,1.570796,0.666667,1.0,0.0,0.111865,0.6109,0.3
1769796432.696062,0.111865,-0.111865,1.5743975213133778,0.3,0.0,0.0,1.570796,0.666667,1.0,0.0,0.111865,0.6109,0.3
1769796432.696062,0.111865,-0.111865,1.5667912476259964,0.3,0.0,0.0,1.570796,0.666667,1.0,0.0,0.111865,0.6109,0.3
1769796432.696062,0.111865,-0.111865,1.5753575661976011,0.3,0.0,0.0,1.570796,0.666667,1.0,0.0,0.111865,0.6109,0.3
1769796432.696062,0.111865,-0.111865,1.5660870165662928,0.3,0.0,0.0,1.570796,0.666667,1.0,0.0,0.111865,0.6109,0.3
1769796432.696062,0.111865,-0.111865,1.5636954161448178,0.3,0.0,0.0,1.570796,0.666667,1.0,0.0,0.111865,0.6109,0.3
1769796432.696062,0.111865,-0.111865,1.579033564295418,0.3,0.0,0.0,1.570796,0.666667,1.0,0.0,0.111865,0.6109,0.3
1769796432.696062,0.111865,-0.111865,1.5870693761328802,0.3,0.0,0.0,1.570796,0.666667,1.0,0.0,0.111865,0.6109,0.3
1769796432.696062,0.111865,-0.111865,1.5766140628294845,0.3,0.0,0.0,1.570796,0.666667,1.0,0.0,0.111865,0.6109,0.3
1769796432.696062,0.111865,-0.111865,1.569011224699637,0.3,0.0,0.0,1.570796,0.666667,1.0,0.0,0.111865,0.6109,0.3
1769796432.696062,0.111865,-0.111865,1.567797901342578,0.3,0.0,0.0,1.570796,0.666667,1.0,0.0,0.111865,0.6109,0.3
1769796432.696062,0.111865,-0.111865,1.5681545640173251,0.3,0.0,0.0,1.570796,0.666667,1.0,0.0,0.111865,0.6109,0.3
1769796432.696062,0.111865,-0.111865,1.562825536000285,0.3,0.0,0.0,1.570796,0.666667,1.0,0.0,0.111865,0.6109,0.3
1769796432.696062,0.111865,-0.111865,1.5675748728891128,0.3,0.0,0.0,1.570796,0.666667,1.0,0.0,0.111865,0.6109,0.3
1769796432.696062,0.111865,-0.111865,1.5781899099926668,0.3,0.0,0.0,1.570796,0.666667,1.0,0.0,0.111865,0.6109,0.3
1769796432.696062,0.111865,-0.111865,1.5730070826905345,0.3,0.0,0.0,1.570796,0.666667,1.0,0.0,0.111865,0.6109,0.3
1769796432.696062,0.111865,-0.111865,1.5729591290432625,0.3,0.0,0.0,1.570796,0.666667,1.0,0.0,0.111865,0.6109,0.3
1769796432.696062,0.111865,-0.111865,1.5658653477529638,0.3,0.0,0.0,1.570796,0.666667,1.0,0.0,0.111865,0.6109,0.3
1769796432.696062,0.111865,-0.111865,1.5582726118726478,0.3,0.0,0.0,1.570796,0.666667,1.0,0.0,0.111865,0.6109,0.3
1769796432.696062,0.111865,-0.111865,1.5490115636378678,0.3,0.0,0.0,1.570796,0.666667,1.0,0.0,0.111865,0.6109,0.3
1769796432.696062,0.111865,-0.111865,1.562855577460629,0.3,0.0,0.0,1.570796,0.666667,1.0,0.0,0.111865,0.6109,0.3
1769796432.696062,0.111865,-0.111865,1.5694621846756367,0.3,0.0,0.0,1.570796,0.666667,1.0,0.0,0.111865,0.6109,0.3
1769796432.696062,0.111865,-0.111865,1.5591666411773253,0.3,0.0,0.0,1.570796,0.666667,1.0,0.0,0.111865,0.6109,0.3
1769796432.696062,0.111865,-0.111865,1.5706172014407087,0.3,0.0,0.0,1.570796,0.666667,1.0,0.0,0.111865,0.6109,0.3
1769796432.696062,0.111865,-0.111865,1.5774602531139814,0.3,0.0,0.0,1.570796,0.666667,1.0,0.0,0.111865,0.6109,0.3
1769796432.696062,0.111865,-0.111865,1.5429590741132029,0.3,0.0,0.0,1.570796,0.666667,1.0,0.0,0.111865,0.6109,0.3
1769796432.696062,0.111865,-0.111865,1.579406431884008,0.3,0.0,0.0,1.570796,0.666667,1.0,0.0,0.111865,0.6109,0.3
1769796432.696062,0.111865,-0.111865,1.5808333753090535,0.3,0.0,0.0,1.570796,0.666667,1.0,0.0,0.111865,0.6109,0.3
1769796432.696062,0.111865,-0.111865,1.5722266920658965,0.3,0.0,0.0,1.570796,0.666667,1.0,0.0,0.111865,0.6109,0.3
1769796432.696062,0.111865,-0.111865,1.576631265167679,0.3,0.0,0.0,1.570796,0.666667,1.0,0.0,0.111865,0.6109,0.3
1769796432.696062,0.111865,-0.111865,1.5541384920295347,0.3,0.0,0.0,1.570796,0.666667,1.0,0.0,0.111865,0.6109,0.3
1769796432.696062,0.111865,-0.111865,1.5790309769153168,0.3,0.0,0.0,1.570796,0.666667,1.0,0.0,0.111865,0.6109,0.3
1769796432.696062,0.111865,-0.111865,1.5606115485127656,0.3,0.0,0.0,1.570796,0.666667,1.0,0.0,0.111865,0.6109,0.3
1769796432.696062,0.111865,-0.111865,1.566445473222901,0.3,0.0,0.0,1.570796,0.666667,1.0,0.0,0.111865,0.6109,0.3
1769796432.696062,0.111865,-0.111865,1.5682724553176957,0.3,0.0,0.0,1.570796,0.666667,1.0,0.0,0.111865,0.6109,0.3
1769796432.696062,0.111865,-0.111865,1.5788638831211246,0.3,0.0,0.0,1.570796,0.666667,1.0,0.0,0.111865,0.6109,0.3
1769796432.696062,0.111865,-0.111865,1.559763363751913,0.3,0.0,0.0,1.570796,0.666667,1.0,0.0,0.111865,0.6109,0.3
1769796432.696062,0.111865,-0.111865,1.5584750386648092,0.3,0.0,0.0,1.570796,0.666667,1.0,0.0,0.111865,0.6109,0.3
1769796432.696062,0.111865,-0.111865,1.5734215958408486,0.3,0.0,0.0,1.570796,0.666667,1.0,0.0,0.111865,0.6109,0.3
1769796432.696062,0.111865,-0.111865,1.5633468319051267,0.3,0.0,0.0,1.570796,0.666667,1.0,0.0,0.111865,0.6109,0.3
1769796432.696062,0.111865,-0.111865,1.5678808205603891,0.3,0.0,0.0,1.570796,0.666667,1.0,0.0,0.111865,0.6109,0.3
1769796432.696062,0.111865,-0.111865,1.595369815645422,0.3,0.0,0.0,1.570796,0.666667,1.0,0.0,0.111865,0.6109,0.3
1769796432.696062,0.111865,-0.111865,1.5662490775168088,0.3,0.0,0.0,1.570796,0.666667,1.0,0.0,0.111865,0.6109,0.3
1769796432.696062,0.111865,-0.111865,1.5830760837501001,0.3,0.0,0.0,1.570796,0.666667,1.0,0.0,0.111865,0.6109,0.3
1769796432.696062,0.111865,-0.111865,1.5678505051136613,0.3,0.0,0.0,1.570796,0.666667,1.0,0.0,0.111865,0.6109,0.3
1769796432.696062,0.111865,-0.111865,1.564483652142618,0.3,0.0,0.0,1.570796,0.666667,1.0,0.0,0.111865,0.6109,0.3
1769796432.696062,0.111865,-0.111865,1.5734143442472714,0.3,0.0,0.0,1.570796,0.666667,1.0,0.0,0.111865,0.6109,0.3
1769796432.696062,0.111865,-0.111865,1.5594709690239927,0.3,0.0,0.0,1.570796,0.666667,1.0,0.0,0.111865,0.6109,0.3
1769796432.696062,0.111865,-0.111865,1.5664564002733932,0.3,0.0,0.0,1.570796,0.666667,1.0,0.0,0.111865,0.6109,0.3
1769796432.696062,0.111865,-0.111865,1.5838214932159098,0.3,0.0,0.0,1.570796,0.666667,1.0,0.0,0.111865,0.6109,0.3
1769796432.696062,0.111865,-0.111865,1.5593035083673956,0.3,0.0,0.0,1.570796,0.666667,1.0,0.0,0.111865,0.6109,0.3
1769796432.696062,0.111865,-0.111865,1.562098830157309,0.3,0.0,0.0,1.570796,0.666667,1.0,0.0,0.111865,0.6109,0.3
1769796432.696062,0.111865,-0.111865,1.5821965472389248,0.3,0.0,0.0,1.570796,0.666667,1.0,0.0,0.111865,0.6109,0.3
1769796432.696062,0.111865,-0.111865,1.588922597206959,0.3,0.0,0.0,1.570796,0.666667,1.0,0.0,0.111865,0.6109,0.3
1769796432.696062,0.111865,-0.111865,1.5741166585186714,0.3,0.0,0.0,1.570796,0.666667,1.0,0.0,0.111865,0.6109,0.3
1769796432.696062,0.111865,-0.111865,1.562218685527522,0.3,0.0,0.0,1.570796,0.666667,1.0,0.0,0.111865,0.6109,0.3
1769796432.696062,0.111865,-0.111865,1.5418735233108902,0.3,0.0,0.0,1.570796,0.666667,1.0,0.0,0.111865,0.6109,0.3
1769796432.696062,0.111865,-0.111865,1.5724545093431734,0.3,0.0,0.0,1.570796,0.666667,1.0,0.0,0.111865,0.6109,0.3
1769796432.696062,0.111865,-0.111865,1.55915721303492,0.3,0.0,0.0,1.570796,0.666667,1.0,0.0,0.111865,0.6109,0.3
1769796432.696062,0.111865,-0.111865,1.5541066915096946,0.3,0.0,0.0,1.570796,0.666667,1.0,0.0,0.111865,0.6109,0.3
1769796432.696062,0.111865,-0.111865,1.5822117270495846,0.3,0.0,0.0,1.570796,0.666667,1.0,0.0,0.111865,0.6109,0.3
1769796432.696062,0.111865,-0.111865,1.5671991330029957,0.3,0.0,0.0,1.570796,0.666667,1.0,0.0,0.111865,0.6109,0.3
1769796432.696062,0.111865,-0.111865,1.579375501492909,0.3,0.0,0.0,1.570796,0.666667,1.0,0.0,0.111865,0.6109,0.3
1769796432.696062,0.111865,-0.111865,1.5572590956528864,0.3,0.0,0.0,1.570796,0.666667,1.0,0.0,0.111865,0.6109,0.3
1769796432.696062,0.111865,-0.111865,1.5687022636926935,0.3,0.0,0.0,1.570796,0.666667,1.0,0.0,0.111865,0.6109,0.3
1769796432.696062,0.111865,-0.111865,1.5622746233303286,0.3,0.0,0.0,1.570796,0.666667,1.0,0.0,0.111865,0.6109,0.3
1769796432.696062,0.111865,-0.111865,1.569356629461208,0.3,0.0,0.0,1.570796,0.666667,1.0,0.0,0.111865,0.6109,0.3
1769796432.696062,0.111865,-0.111865,1.5628618955179305,0.3,0.0,0.0,1.570796,0.666667,1.0,0.0,0.111865,0.6109,0.3
1769796432.696062,0.111865,-0.111865,1.5884742125722968,0.3,0.0,0.0,1.570796,0.666667,1.0,0.0,0.111865,0.6109,0.3
1769796432.696062,0.111865,-0.111865,1.5569428523838116,0.3,0.0,0.0,1.570796,0.666667,1.0,0.0,0.111865,0.6109,0.3
1769796432.696062,0.111865,-0.111865,1.5711645796262204,0.3,0.0,0.0,1.570796,0.666667,1.0,0.0,0.111865,0.6109,0.3
1769796432.696062,0.111865,-0.111865,1.5804530287381666,0.3,0.0,0.0,1.570796,0.666667,1.0,0.0,0.111865,0.6109,0.3
1769796432.696062,0.111865,-0.111865,1.5618941302504012,0.3,0.0,0.0,1.570796,0.666667,1.0,0.0,0.111865,0.6109,0.3
1769796432.696062,0.111865,-0.111865,1.5681715342204752,0.3,0.0,0.0,1.570796,0.666667,1.0,0.0,0.111865,0.6109,0.3
1769796432.696062,0.111865,-0.111865,1.5635064384622552,0.3,0.0,0.0,1.570796,0.666667,1.0,0.0,0.111865,0.6109,0.3
1769796432.696062,0.111865,-0.111865,1.579790183753826,0.3,0.0,0.0,1.570796,0.666667,1.0,0.0,0.111865,0.6109,0.3
1769796432.696062,0.111865,-0.111865,1.581651963712551,0.3,0.0,0.0,1.570796,0.666667,1.0,0.0,0.111865,0.6109,0.3
1769796432.696062,0.111865,-0.111865,1.5611497568194113,0.3,0.0,0.0,1.570796,0.666667,1.0,0.0,0.111865,0.6109,0.3
1769796432.696062,0.111865,-0.111865,1.5670864921722174,0.3,0.0,0.0,1.570796,0.666667,1.0,0.0,0.111865,0.6109,0.3
1769796432.696062,0.111865,-0.111865,1.5779722418847857,0.3,0.0,0.0,1.570796,0.666667,1.0,0.0,0.111865,0.6109,0.3
1769796432.696062,0.111865,-0.111865,1.5623170208990291,0.3,0.0,0.0,1.570796,0.666667,1.0,0.0,0.111865,0.6109,0.3
1769796432.696062,0.111865,-0.111865,1.5564455453459414,0.3,0.0,0.0,1.570796,0.666667,1.0,0.0,0.111865,0.6109,0.3
1769796432.696062,0.111865,-0.111865,1.5694215466561072,0.3,0.0,0.0,1.570796,0.666667,1.0,0.0,0.111865,0.6109,0.3
1769796432.696062,0.111865,-0.111865,1.5748272225283622,0.3,0.0,0.0,1.570796,0.666667,1.0,0.0,0.111865,0.6109,0.3
1769796432.696062,0.111865,-0.111865,1.5859899073589847,0.3,0.0,0.0,1.570796,0.666667,1.0,0.0,0.111865,0.6109,0.3
1769796432.696062,0.111865,-0.111865,1.5590100205289008,0.3,0.0,0.0,1.570796,0.666667,1.0,0.0,0.111865,0.6109,0.3
1769796432.696062,0.111865,-0.111865,1.5713685808599258,0.3,0.0,0.0,1.570796,0.666667,1.0,0.0,0.111865,0.6109,0.3
1769796432.696062,0.111865,-0.111865,1.5728735222519894,0.3,0.0,0.0,1.570796,0.666667,1.0,0.0,0.111865,0.6109,0.3
1769796432.696062,0.111865,-0.111865,1.5586920554688255,0.3,0.0,0.0,1.570796,0.666667,1.0,0.0,0.111865,0.6109,0.3
1769796432.696062,0.111865,-0.111865,1.5776981501728828,0.3,0.0,0.0,1.570796,0.666667,1.0,0.0,0.111865,0.6109,0.3
1769796432.696062,0.111865,-0.111865,1.5817067517474408,0.3,0.0,0.0,1.570796,0.666667,1.0,0.0,0.111865,0.6109,0.3
1769796432.696062,0.111865,-0.111865,1.5596301913485586,0.3,0.0,0.0,1.570796,0.666667,1.0,0.0,0.111865,0.6109,0.3
1769796432.696062,0.111865,-0.111865,1.5677133711329636,0.3,0.0,0.0,1.570796,0.666667,1.0,0.0,0.111865,0.6109,0.3
1769796432.696062,0.111865,-0.111865,1.5698579534380475,0.3,0.0,0.0,1.570796,0.666667,1.0,0.0,0.111865,0.6109,0.3
1769796432.696062,0.111865,-0.111865,1.563579692721063,0.3,0.0,0.0,1.570796,0.666667,1.0,0.0,0.111865,0.6109,0.3
1769796432.696062,0.111865,-0.111865,1.5587514350753726,0.3,0.0,0.0,1.570796,0.666667,1.0,0.0,0.111865,0.6109,0.3
1769796432.696062,0.111865,-0.111865,1.5626514224602621,0.3,0.0,0.0,1.570796,0.666667,1.0,0.0,0.111865,0.6109,0.3
1769796432.696062,0.111865,-0.111865,1.5790653108516268,0.3,0.0,0.0,1.570796,0.666667,1.0,0.0,0.111865,0.6109,0.3
1769796432.696062,0.111865,-0.111865,1.5815039400175752,0.3,0.0,0.0,1.570796,0.666667,1.0,0.0,0.111865,0.6109,0.3
1769796432.696062,0.111865,-0.111865,1.5883098382889576,0.3,0.0,0.0,1.570796,0.666667,1.0,0.0,0.111865,0.6109,0.3
1769796432.696062,0.111865,-0.111865,1.5768693285288586,0.3,0.0,0.0,1.570796,0.666667,1.0,0.0,0.111865,0.6109,0.3
1769796432.696062,0.111865,-0.111865,1.5599977516671986,0.3,0.0,0.0,1.570796,0.666667,1.0,0.0,0.111865,0.6109,0.3
1769796432.696062,0.111865,-0.111865,1.5484248299530972,0.3,0.0,0.0,1.570796,0.666667,1.0,0.0,0.111865,0.6109,0.3
1769796432.696062,0.111865,-0.111865,1.5917770921892551,0.3,0.0,0.0,1.570796,0.666667,1.0,0.0,0.111865,0.6109,0.3
1769796432.696062,0.111865,-0.111865,1.5754415233919457,0.3,0.0,0.0,1.570796,0.666667,1.0,0.0,0.111865,0.6109,0.3
1769796432.696062,0.111865,-0.111865,1.6027256464663333,0.3,0.0,0.0,1.570796,0.666667,1.0,0.0,0.111865,0.6109,0.3
1769796432.696062,0.111865,-0.111865,1.5631846267052958,0.3,0.0,0.0,1.570796,0.666667,1.0,0.0,0.111865,0.6109,0.3
1769796432.696062,0.111865,-0.111865,1.5855122882369668,0.3,0.0,0.0,1.570796,0.666667,1.0,0.0,0.111865,0.6109,0.3
1769796432.696062,0.111865,-0.111865,1.5702717286868344,0.3,0.0,0.0,1.570796,0.666667,1.0,0.0,0.111865,0.6109,0.3
1769796432.696062,0.111865,-0.111865,1.573195282025575,0.3,0.0,0.0,1.570796,0.666667,1.0,0.0,0.111865,0.6109,0.3
1769796432.696062,0.111865,-0.111865,1.5658522487047928,0.3,0.0,0.0,1.570796,0.666667,1.0,0.0,0.111865,0.6109,0.3
1769796432.696062,0.111865,-0.111865,1.5743991473614651,0.3,0.0,0.0,1.570796,0.666667,1.0,0.0,0.111865,0.6109,0.3
1769796432.696062,0.111865,-0.111865,1.583928595225478,0.3,0.0,0.0,1.570796,0.666667,1.0,0.0,0.111865,0.6109,0.3
1769796432.696062,0.111865,-0.111865,1.5681578511801741,0.3,0.0,0.0,1.570796,0.666667,1.0,0.0,0.111865,0.6109,0.3
1769796432.696062,0.111865,-0.111865,1.5773406071942107,0.3,0.0,0.0,1.570796,0.666667,1.0,0.0,0.111865,0.6109,0.3
1769796432.696062,0.111865,-0.111865,1.5774004767029788,0.3,0.0,0.0,1.570796,0.666667,1.0,0.0,0.111865,0.6109,0.3
1769796432.696062,0.111865,-0.111865,1.5681161443231344,0.3,0.0,0.0,1.570796,0.666667,1.0,0.0,0.111865,0.6109,0.3
1769796432.696062,0.111865,-0.111865,1.566535381983255,0.3,0.0,0.0,1.570796,0.666667,1.0,0.0,0.111865,0.6109,0.3
1769796432.696062,0.111865,-0.111865,1.5686237265676342,0.3,0.0,0.0,1.570796,0.666667,1.0,0.0,0.111865,0.6109,0.3
1769796432.696062,0.111865,-0.111865,1.5715925201268304,0.3,0.0,0.0,1.570796,0.666667,1.0,0.0,0.111865,0.6109,0.3
1769796432.696062,0.111865,-0.111865,1.581967435854316,0.3,0.0,0.0,1.570796,0.666667,1.0,0.0,0.111865,0.6109,0.3
1769796432.696062,0.111865,-0.111865,1.5715200885801202,0.3,0.0,0.0,1.570796,0.666667,1.0,0.0,0.111865,0.6109,0.3
1769796432.696062,0.111865,-0.111865,1.5796993954546281,0.3,0.0,0.0,1.570796,0.666667,1.0,0.0,0.111865,0.6109,0.3
1769796432.696062,0.111865,-0.111865,1.576384794272152,0.3,0.0,0.0,1.570796,0.666667,1.0,0.0,0.111865,0.6109,0.3
1769796432.696062,0.111865,-0.111865,1.5874660959202758,0.3,0.0,0.0,1.570796,0.666667,1.0,0.0,0.111865,0.6109,0.3
1769796432.696062,0.111865,-0.111865,1.575694610958743,0.3,0.0,0.0,1.570796,0.666667,1.0,0.0,0.111865,0.6109,0.3
1769796432.696062,0.111865,-0.111865,1.5730988697426775,0.3,0.0,0.0,1.570796,0.666667,1.0,0.0,0.111865,0.6109,0.3
1769796432.696062,0.111865,-0.111865,1.5734975238050692,0.3,0.0,0.0,1.570796,0.666667,1.0,0.0,0.111865,0.6109,0.3
1769796432.696062,0.111865,-0.111865,1.5732112956282274,0.3,0.0,0.0,1.570796,0.666667,1.0,0.0,0.111865,0.6109,0.3
1769796432.696062,0.111865,-0.111865,1.5744015157487106,0.3,0.0,0.0,1.570796,0.666667,1.0,0.0,0.111865,0.6109,0.3
1769796432.696062,0.111865,-0.111865,1.5911573330940407,0.3,0.0,0.0,1.570796,0.666667,1.0,0.0,0.111865,0.6109,0.3
1769796432.696062,0.111865,-0.111865,1.5707947985114739,0.3,0.0,0.0,1.570796,0.666667,1.0,0.0,0.111865,0.6109,0.3
1769796432.696062,0.111865,-0.111865,1.5644298434526265,0.3,0.0,0.0,1.570796,0.666667,1.0,0.0,0.111865,0.6109,0.3
1769796432.696062,0.111865,-0.111865,1.5739590518302597,0.3,0.0,0.0,1.570796,0.666667,1.0,0.0,0.111865,0.6109,0.3
1769796432.696062,0.111865,-0.111865,1.5759724214889759,0.3,0.0,0.0,1.570796,0.666667,1.0,0.0,0.111865,0.6109,0.3
1769796432.696062,0.111865,-0.111865,1.5640879658036655,0.3,0.0,0.0,1.570796,0.666667,1.0,0.0,0.111865,0.6109,0.3
1769796432.696062,0.111865,-0.111865,1.55069358107282,0.3,0.0,0.0,1.570796,0.666667,1.0,0.0,0.111865,0.6109,0.3
1769796432.696062,0.111865,-0.111865,1.5624106531888868,0.3,0.0,0.0,1.570796,0.666667,1.0,0.0,0.111865,0.6109,0.3
1769796432.696062,0.111865,-0.111865,1.565512695144737,0.3,0.0,0.0,1.570796,0.666667,1.0,0.0,0.111865,0.6109,0.3
1769796432.696062,0.111865,-0.111865,1.5768783026999569,0.3,0.0,0.0,1.570796,0.666667,1.0,0.0,0.111865,0.6109,0.3
1769796432.696062,0.111865,-0.111865,1.5654309030474944,0.3,0.0,0.0,1.570796,0.666667,1.0,0.0,0.111865,0.6109,0.3
1769796432.696062,0.111865,-0.111865,1.5699095270124748,0.3,0.0,0.0,1.570796,0.666667,1.0,0.0,0.111865,0.6109,0.3
1769796432.696062,0.111865,-0.111865,1.568088367117694,0.3,0.0,0.0,1.570796,0.666667,1.0,0.0,0.111865,0.6109,0.3
1769796432.696062,0.111865,-0.111865,1.5539214820676395,0.3,0.0,0.0,1.570796,0.666667,1.0,0.0,0.111865,0.6109,0.3
1769796432.696062,0.111865,-0.111865,1.5784264190859634,0.3,0.0,0.0,1.570796,0.666667,1.0,0.0,0.111865,0.6109,0.3
1769796432.696062,0.111865,-0.111865,1.5585908592578808,0.3,0.0,0.0,1.570796,0.666667,1.0,0.0,0.111865,0.6109,0.3
1769796432.696062,0.111865,-0.111865,1.574979987515528,0.3,0.0,0.0,1.570796,0.666667,1.0,0.0,0.111865,0.6109,0.3
1769796432.696062,0.111865,-0.111865,1.5704222467817195,0.3,0.0,0.0,1.570796,0.666667,1.0,0.0,0.111865,0.6109,0.3
1769796432.696062,0.111865,-0.111865,1.5717867242018853,0.3,0.0,0.0,1.570796,0.666667,1.0,0.0,0.111865,0.6109,0.3
1769796432.696062,0.111865,-0.111865,1.5654358235671513,0.3,0.0,0.0,1.570796,0.666667,1.0,0.0,0.111865,0.6109,0.3
1769796432.696062,0.111865,-0.111865,1.5764650433730107,0.3,0.0,0.0,1.570796,0.666667,1.0,0.0,0.111865,0.6109,0.3
1769796432.696062,0.111865,-0.111865,1.564138721548663,0.3,0.0,0.0,1.570796,0.666667,1.0,0.0,0.111865,0.6109,0.3
1769796432.696062,0.111865,-0.111865,1.5612125024355874,0.3,0.0,0.0,1.570796,0.666667,1.0,0.0,0.111865,0.6109,0.3
1769796432.696062,0.111865,-0.111865,1.554694248805135,0.3,0.0,0.0,1.570796,0.666667,1.0,0.0,0.111865,0.6109,0.3
1769796432.696062,0.111865,-0.111865,1.5838624377757478,0.3,0.0,0.0,1.570796,0.666667,1.0,0.0,0.111865,0.6109,0.3
1769796432.696062,0.111865,-0.111865,1.577606193053547,0.3,0.0,0.0,1.570796,0.666667,1.0,0.0,0.111865,0.6109,0.3
1769796432.696062,0.111865,-0.111865,1.563608165439114,0.3,0.0,0.0,1.570796,0.666667,1.0,0.0,0.111865,0.6109,0.3
1769796432.696062,0.111865,-0.111865,1.5671427246455376,0.3,0.0,0.0,1.570796,0.666667,1.0,0.0,0.111865,0.6109,0.3
1769796432.696062,0.111865,-0.111865,1.566383881154659,0.3,0.0,0.0,1.570796,0.666667,1.0,0.0,0.111865,0.6109,0.3
1769796432.696062,0.111865,-0.111865,1.5729948764932564,0.3,0.0,0.0,1.570796,0.666667,1.0,0.0,0.111865,0.6109,0.3
1769796432.696062,0.111865,-0.111865,1.5588355295598346,0.3,0.0,0.0,1.570796,0.666667,1.0,0.0,0.111865,0.6109,0.3
1769796432.696062,0.111865,-0.111865,1.5732494531055603,0.3,0.0,0.0,1.570796,0.666667,1.0,0.0,0.111865,0.6109,0.3
1769796432.696062,0.111865,-0.111865,1.5960611635200748,0.3,0.0,0.0,1.570796,0.666667,1.0,0.0,0.111865,0.6109,0.3
1769796432.696062,0.111865,-0.111865,1.5793281739840588,0.3,0.0,0.0,1.570796,0.666667,1.0,0.0,0.111865,0.6109,0.3
1769796432.696062,0.111865,-0.111865,1.5881616553633016,0.3,0.0,0.0,1.570796,0.666667,1.0,0.0,0.111865,0.6109,0.3
1769796432.696062,0.111865,-0.111865,1.574952659600178,0.3,0.0,0.0,1.570796,0.666667,1.0,0.0,0.111865,0.6109,0.3
1769796432.696062,0.111865,-0.111865,1.5857627859154235,0.3,0.0,0.0,1.570796,0.666667,1.0,0.0,0.111865,0.6109,0.3
1769796432.696062,0.111865,-0.111865,1.573199410718205,0.3,0.0,0.0,1.570796,0.666667,1.0,0.0,0.111865,0.6109,0.3
1769796432.696062,0.111865,-0.111865,1.5712575314887451,0.3,0.0,0.0,1.570796,0.666667,1.0,0.0,0.111865,0.6109,0.3
1769796432.696062,0.111865,-0.111865,1.5688670302714036,0.3,0.0,0.0,1.570796,0.666667,1.0,0.0,0.111865,0.6109,0.3
1769796432.696062,0.111865,-0.111865,1.5756869698038165,0.3,0.0,0.0,1.570796,0.666667,1.0,0.0,0.111865,0.6109,0.3
1769796432.696062,0.111865,-0.111865,1.5747235737150522,0.3,0.0,0.0,1.570796,0.666667,1.0,0.0,0.111865,0.6109,0.3
1769796432.696062,0.111865,-0.111865,1.5638362816306828,0.3,0.0,0.0,1.570796,0.666667,1.0,0.0,0.111865,0.6109,0.3
1769796432.696062,0.111865,-0.111865,1.5804430206506344,0.3,0.0,0.0,1.570796,0.666667,1.0,0.0,0.111865,0.6109,0.3
1769796432.696062,0.111865,-0.111865,1.5853492886134486,0.3,0.0,0.0,1.570796,0.666667,1.0,0.0,0.111865,0.6109,0.3
1769796432.696062,0.111865,-0.111865,1.5765619551256864,0.3,0.0,0.0,1.570796,0.666667,1.0,0.0,0.111865,0.6109,0.3
1769796432.696062,0.111865,-0.111865,1.5754510258113015,0.3,0.0,0.0,1.570796,0.666667,1.0,0.0,0.111865,0.6109,0.3
1769796432.696062,0.111865,-0.111865,1.5805599104578194,0.3,0.0,0.0,1.570796,0.666667,1.0,0.0,0.111865,0.6109,0.3
1769796432.696062,0.111865,-0.111865,1.5673262177318155,0.3,0.0,0.0,1.570796,0.666667,1.0,0.0,0.111865,0.6109,0.3
1769796432.696062,0.111865,-0.111865,1.5729195863126428,0.3,0.0,0.0,1.570796,0.666667,1.0,0.0,0.111865,0.6109,0.3
1769796432.696062,0.111865,-0.111865,1.5773889454293517,0.3,0.0,0.0,1.570796,0.666667,1.0,0.0,0.111865,0.6109,0.3
1769796432.696062,0.111865,-0.111865,1.5719474284992194,0.3,0.0,0.0,1.570796,0.666667,1.0,0.0,0.111865,0.6109,0.3
1769796432.696062,0.111865,-0.111865,1.5836566649409365,0.3,0.0,0.0,1.570796,0.666667,1.0,0.0,0.111865,0.6109,0.3
1769796432.696062,0.111865,-0.111865,1.5690675499775055,0.3,0.0,0.0,1.570796,0.666667,1.0,0.0,0.111865,0.6109,0.3
1769796432.696062,0.111865,-0.111865,1.5603107271882224,0.3,0.0,0.0,1.570796,0.666667,1.0,0.0,0.111865,0.6109,0.3
1769796432.696062,0.111865,-0.111865,1.5776180985386636,0.3,0.0,0.0,1.570796,0.666667,1.0,0.0,0.111865,0.6109,0.3
1769796432.696062,0.111865,-0.111865,1.5837508834034562,0.3,0.0,0.0,1.570796,0.666667,1.0,0.0,0.111865,0.6109,0.3
1769796432.696062,0.111865,-0.111865,1.5914717154031859,0.3,0.0,0.0,1.570796,0.666667,1.0,0.0,0.111865,0.6109,0.3
1769796432.696062,0.111865,-0.111865,1.571096008325107,0.3,0.0,0.0,1.570796,0.666667,1.0,0.0,0.111865,0.6109,0.3
1769796432.696062,0.111865,-0.111865,1.5806419802469236,0.3,0.0,0.0,1.570796,0.666667,1.0,0.0,0.111865,0.6109,0.3
1769796432.696062,0.111865,-0.111865,1.5700988678557362,0.3,0.0,0.0,1.570796,0.666667,1.0,0.0,0.111865,0.6109,0.3
1769796432.696062,0.111865,-0.111865,1.5842041305027676,0.3,0.0,0.0,1.570796,0.666667,1.0,0.0,0.111865,0.6109,0.3
1769796432.696062,0.111865,-0.111865,1.5637224624107964,0.3,0.0,0.0,1.570796,0.666667,1.0,0.0,0.111865,0.6109,0.3
1769796432.696062,0.111865,-0.111865,1.5529383173930225,0.3,0.0,0.0,1.570796,0.666667,1.0,0.0,0.111865,0.6109,0.3
1769796432.696062,0.111865,-0.111865,1.5902357686700441,0.3,0.0,0.0,1.570796,0.666667,1.0,0.0,0.111865,0.6109,0.3
1769796432.696062,0.111865,-0.111865,1.5727765382300114,0.3,0.0,0.0,1.570796,0.666667,1.0,0.0,0.111865,0.6109,0.3
1769796432.696062,0.111865,-0.111865,1.5649265901627987,0.3,0.0,0.0,1.570796,0.666667,1.0,0.0,0.111865,0.6109,0.3
1769796432.696062,0.111865,-0.111865,1.5909012744287379,0.3,0.0,0.0,1.570796,0.666667,1.0,0.0,0.111865,0.6109,0.3
1769796432.696062,0.111865,-0.111865,1.5828920900442607,0.3,0.0,0.0,1.570796,0.666667,1.0,0.0,0.111865,0.6109,0.3
1769796432.696062,0.111865,-0.111865,1.575211773079689,0.3,0.0,0.0,1.570796,0.666667,1.0,0.0,0.111865,0.6109,0.3
1769796432.696062,0.111865,-0.111865,1.5814996535342356,0.3,0.0,0.0,1.570796,0.666667,1.0,0.0,0.111865,0.6109,0.3
1769796432.696062,0.111865,-0.111865,1.5785876715122105,0.3,0.0,0.0,1.570796,0.666667,1.0,0.0,0.111865,0.6109,0.3
1769796432.696062,0.111865,-0.111865,1.5762478644803088,0.3,0.0,0.0,1.570796,0.666667,1.0,0.0,0.111865,0.6109,0.3
1769796432.696062,0.111865,-0.111865,1.5699594494767597,0.3,0.0,0.0,1.570796,0.666667,1.0,0.0,0.111865,0.6109,0.3
1769796432.696062,0.111865,-0.111865,1.5609365851574,0.3,0.0,0.0,1.570796,0.666667,1.0,0.0,0.111865,0.6109,0.3
1769796432.696062,0.111865,-0.111865,1.583179544517348,0.3,0.0,0.0,1.570796,0.666667,1.0,0.0,0.111865,0.6109,0.3
1769796432.696062,0.111865,-0.111865,1.55658120668296,0.3,0.0,0.0,1.570796,0.666667,1.0,0.0,0.111865,0.6109,0.3
1769796432.696062,0.111865,-0.111865,1.5773939844103138,0.3,0.0,0.0,1.570796,0.666667,1.0,0.0,0.111865,0.6109,0.3
1769796432.696062,0.111865,-0.111865,1.5888825197154435,0.3,0.0,0.0,1.570796,0.666667,1.0,0.0,0.111865,0.6109,0.3
1769796432.696062,0.111865,-0.111865,1.5741036144279477,0.3,0.0,0.0,1.570796,0.666667,1.0,0.0,0.111865,0.6109,0.3
1769796432.696062,0.111865,-0.111865,1.567836176439896,0.3,0.0,0.0,1.570796,0.666667,1.0,0.0,0.111865,0.6109,0.3
1769796432.696062,0.111865,-0.111865,1.571063418350144,0.3,0.0,0.0,1.570796,0.666667,1.0,0.0,0.111865,0.6109,0.3
1769796432.696062,0.111865,-0.111865,1.5657254126170206,0.3,0.0,0.0,1.570796,0.666667,1.0,0.0,0.111865,0.6109,0.3
1769796432.696062,0.111865,-0.111865,1.5770828423764223,0.3,0.0,0.0,1.570796,0.666667,1.0,0.0,0.111865,0.6109,0.3
1769796432.696062,0.111865,-0.111865,1.5781073979416893,0.3,0.0,0.0,1.570796,0.666667,1.0,0.0,0.111865,0.6109,0.3
1769796432.696062,0.111865,-0.111865,1.58041462377243,0.3,0.0,0.0,1.570796,0.666667,1.0,0.0,0.111865,0.6109,0.3
1769796432.696062,0.111865,-0.111865,1.5853544861367677,0.3,0.0,0.0,1.570796,0.666667,1.0,0.0,0.111865,0.6109,0.3
1769796432.696062,0.111865,-0.111865,1.5611704673429512,0.3,0.0,0.0,1.570796,0.666667,1.0,0.0,0.111865,0.6109,0.3
1769796432.696062,0.111865,-0.111865,1.5755418381624702,0.3,0.0,0.0,1.570796,0.666667,1.0,0.0,0.111865,0.6109,0.3
1769796432.696062,0.111865,-0.111865,1.5821556266315617,0.3,0.0,0.0,1.570796,0.666667,1.0,0.0,0.111865,0.6109,0.3
1769796432.696062,0.111865,-0.111865,1.5738437342167158,0.3,0.0,0.0,1.570796,0.666667,1.0,0.0,0.111865,0.6109,0.3
1769796432.696062,0.111865,-0.111865,1.5687152061608653,0.3,0.0,0.0,1.570796,0.666667,1.0,0.0,0.111865,0.6109,0.3
1769796432.696062,0.111865,-0.111865,1.5573063774258544,0.3,0.0,0.0,1.570796,0.666667,1.0,0.0,0.111865,0.6109,0.3
1769796432.696062,0.111865,-0.111865,1.5742497551323806,0.3,0.0,0.0,1.570796,0.666667,1.0,0.0,0.111865,0.6109,0.3
1769796432.696062,0.111865,-0.111865,1.5563204686643364,0.3,0.0,0.0,1.570796,0.666667,1.0,0.0,0.111865,0.6109,0.3
1769796432.696062,0.111865,-0.111865,1.5723100164643675,0.3,0.0,0.0,1.570796,0.666667,1.0,0.0,0.111865,0.6109,0.3
1769796432.696062,0.111865,-0.111865,1.5864950617807105,0.3,0.0,0.0,1.570796,0.666667,1.0,0.0,0.111865,0.6109,0.3
1769796432.696062,0.111865,-0.111865,1.571018098719394,0.3,0.0,0.0,1.570796,0.666667,1.0,0.0,0.111865,0.6109,0.3
1769796432.696062,0.111865,-0.111865,1.5703491315058116,0.3,0.0,0.0,1.570796,0.666667,1.0,0.0,0.111865,0.6109,0.3
1769796432.696062,0.111865,-0.111865,1.5616544748526606,0.3,0.0,0.0,1.570796,0.666667,1.0,0.0,0.111865,0.6109,0.3
1769796432.696062,0.111865,-0.111865,1.5453684300739545,0.3,0.0,0.0,1.570796,0.666667,1.0,0.0,0.111865,0.6109,0.3
1769796432.696062,0.111865,-0.111865,1.5766794249056626,0.3,0.0,0.0,1.570796,0.666667,1.0,0.0,0.111865,0.6109,0.3
1769796432.696062,0.111865,-0.111865,1.6020692561365113,0.3,0.0,0.0,1.570796,0.666667,1.0,0.0,0.111865,0.6109,0.3
1769796432.696062,0.111865,-0.111865,1.567468564312554,0.3,0.0,0.0,1.570796,0.666667,1.0,0.0,0.111865,0.6109,0.3
1769796432.696062,0.111865,-0.111865,1.5722400377488897,0.3,0.0,0.0,1.570796,0.666667,1.0,0.0,0.111865,0.6109,0.3
1769796432.696062,0.111865,-0.111865,1.5701024529467837,0.3,0.0,0.0,1.570796,0.666667,1.0,0.0,0.111865,0.6109,0.3
1769796432.696062,0.111865,-0.111865,1.577564675957699,0.3,0.0,0.0,1.570796,0.666667,1.0,0.0,0.111865,0.6109,0.3
1769796432.696062,0.111865,-0.111865,1.5803223498020287,0.3,0.0,0.0,1.570796,0.666667,1.0,0.0,0.111865,0.6109,0.3
1769796432.696062,0.111865,-0.111865,1.5789884595191095,0.3,0.0,0.0,1.570796,0.666667,1.0,0.0,0.111865,0.6109,0.3
1769796432.696062,0.111865,-0.111865,1.5770679772933118,0.3,0.0,0.0,1.570796,0.666667,1.0,0.0,0.111865,0.6109,0.3
1769796432.696062,0.111865,-0.111865,1.5671147370463239,0.3,0.0,0.0,1.570796,0.666667,1.0,0.0,0.111865,0.6109,0.3
1769796432.696062,0.111865,-0.111865,1.5533089834361458,0.3,0.0,0.0,1.570796,0.666667,1.0,0.0,0.111865,0.6109,0.3
1769796432.696062,0.111865,-0.111865,1.5614239260950638,0.3,0.0,0.0,1.570796,0.666667,1.0,0.0,0.111865,0.6109,0.3
1769796432.696062,0.111865,-0.111865,1.5718613336744842,0.3,0.0,0.0,1.570796,0.666667,1.0,0.0,0.111865,0.6109,0.3
1769796432.696062,0.111865,-0.111865,1.5592870507151424,0.3,0.0,0.0,1.570796,0.666667,1.0,0.0,0.111865,0.6109,0.3
1769796432.696062,0.111865,-0.111865,1.575719053378489,0.3,0.0,0.0,1.570796,0.666667,1.0,0.0,0.111865,0.6109,0.3
1769796432.696062,0.111865,-0.111865,1.5629002469959525,0.3,0.0,0.0,1.570796,0.666667,1.0,0.0,0.111865,0.6109,0.3
1769796432.696062,0.111865,-0.111865,1.5752364387858853,0.3,0.0,0.0,1.570796,0.666667,1.0,0.0,0.111865,0.6109,0.3
1769796432.696062,0.111865,-0.111865,1.5659382976385434,0.3,0.0,0.0,1.570796,0.666667,1.0,0.0,0.111865,0.6109,0.3
1769796432.696062,0.111865,-0.111865,1.5653455447013902,0.3,0.0,0.0,1.570796,0.666667,1.0,0.0,0.111865,0.6109,0.3
1769796432.696062,0.111865,-0.111865,1.5818437330592097,0.3,0.0,0.0,1.570796,0.666667,1.0,0.0,0.111865,0.6109,0.3
1769796432.696062,0.111865,-0.111865,1.5953430920185154,0.3,0.0,0.0,1.570796,0.666667,1.0,0.0,0.111865,0.6109,0.3
1769796432.696062,0.111865,-0.111865,1.573279519678337,0.3,0.0,0.0,1.570796,0.666667,1.0,0.0,0.111865,0.6109,0.3
1769796432.696062,0.111865,-0.111865,1.5739892677261058,0.3,0.0,0.0,1.570796,0.666667,1.0,0.0,0.111865,0.6109,0.3
1769796432.696062,0.111865,-0.111865,1.555757451216834,0.3,0.0,0.0,1.570796,0.666667,1.0,0.0,0.111865,0.6109,0.3
1769796432.696062,0.111865,-0.111865,1.5777098425406624,0.3,0.0,0.0,1.570796,0.666667,1.0,0.0,0.111865,0.6109,0.3
1769796432.696062,0.111865,-0.111865,1.5818779914053844,0.3,0.0,0.0,1.570796,0.666667,1.0,0.0,0.111865,0.6109,0.3
1769796432.696062,0.111865,-0.111865,1.5768562083309785,0.3,0.0,0.0,1.570796,0.666667,1.0,0.0,0.111865,0.6109,0.3
1769796432.696062,0.111865,-0.111865,1.5708916082687954,0.3,0.0,0.0,1.570796,0.666667,1.0,0.0,0.111865,0.6109,0.3
1769796432.696062,0.111865,-0.111865,1.5727191805283072,0.3,0.0,0.0,1.570796,0.666667,1.0,0.0,0.111865,0.6109,0.3
1769796432.696062,0.111865,-0.111865,1.5874926770795306,0.3,0.0,0.0,1.570796,0.666667,1.0,0.0,0.111865,0.6109,0.3
1769796432.696062,0.111865,-0.111865,1.5623887435189803,0.3,0.0,0.0,1.570796,0.666667,1.0,0.0,0.111865,0.6109,0.3
1769796432.696062,0.111865,-0.111865,1.572850954765731,0.3,0.0,0.0,1.570796,0.666667,1.0,0.0,0.111865,0.6109,0.3
1769796432.696062,0.111865,-0.111865,1.5596961764353172,0.3,0.0,0.0,1.570796,0.666667,1.0,0.0,0.111865,0.6109,0.3
1769796432.696062,0.111865,-0.111865,1.5755934237125342,0.3,0.0,0.0,1.570796,0.666667,1.0,0.0,0.111865,0.6109,0.3
1769796432.696062,0.111865,-0.111865,1.570471901490456,0.3,0.0,0.0,1.570796,0.666667,1.0,0.0,0.111865,0.6109,0.3
1769796432.696062,0.111865,-0.111865,1.5692117084033448,0.3,0.0,0.0,1.570796,0.666667,1.0,0.0,0.111865,0.6109,0.3
1769796432.696062,0.111865,-0.111865,1.5808834781600618,0.3,0.0,0.0,1.570796,0.666667,1.0,0.0,0.111865,0.6109,0.3
1769796432.696062,0.111865,-0.111865,1.5687380797570816,0.3,0.0,0.0,1.570796,0.666667,1.0,0.0,0.111865,0.6109,0.3
1769796432.696062,0.111865,-0.111865,1.561808444824765,0.3,0.0,0.0,1.570796,0.666667,1.0,0.0,0.111865,0.6109,0.3
1769796432.696062,0.111865,-0.111865,1.5643359017008496,0.3,0.0,0.0,1.570796,0.666667,1.0,0.0,0.111865,0.6109,0.3
1769796432.696062,0.111865,-0.111865,1.562011496744705,0.3,0.0,0.0,1.570796,0.666667,1.0,0.0,0.111865,0.6109,0.3
1769796432.696062,0.111865,-0.111865,1.5637267027359412,0.3,0.0,0.0,1.570796,0.666667,1.0,0.0,0.111865,0.6109,0.3
1769796432.696062,0.111865,-0.111865,1.5717356824933888,0.3,0.0,0.0,1.570796,0.666667,1.0,0.0,0.111865,0.6109,0.3
1769796432.696062,0.111865,-0.111865,1.580085485869006,0.3,0.0,0.0,1.570796,0.666667,1.0,0.0,0.111865,0.6109,0.3
1769796432.696062,0.111865,-0.111865,1.575192378075075,0.3,0.0,0.0,1.570796,0.666667,1.0,0.0,0.111865,0.6109,0.3
1769796432.696062,0.111865,-0.111865,1.5760557389088512,0.3,0.0,0.0,1.570796,0.666667,1.0,0.0,0.111865,0.6109,0.3
1769796432.696062,0.111865,-0.111865,1.5618150657313759,0.3,0.0,0.0,1.570796,0.666667,1.0,0.0,0.111865,0.6109,0.3
1769796432.696062,0.111865,-0.111865,1.5668308945249252,0.3,0.0,0.0,1.570796,0.666667,1.0,0.0,0.111865,0.6109,0.3
1769796432.696062,0.111865,-0.111865,1.5768174915329498,0.3,0.0,0.0,1.570796,0.666667,1.0,0.0,0.111865,0.6109,0.3
1769796432.696062,0.111865,-0.111865,1.5660791728187609,0.3,0.0,0.0,1.570796,0.666667,1.0,0.0,0.111865,0.6109,0.3
1769796432.696062,0.111865,-0.111865,1.5634000513496737,0.3,0.0,0.0,1.570796,0.666667,1.0,0.0,0.111865,0.6109,0.3
1769796432.696062,0.111865,-0.111865,1.5655035664091137,0.3,0.0,0.0,1.570796,0.666667,1.0,0.0,0.111865,0.6109,0.3
1769796432.696062,0.111865,-0.111865,1.56623272290253,0.3,0.0,0.0,1.570796,0.666667,1.0,0.0,0.111865,0.6109,0.3
1769796432.696062,0.111865,-0.111865,1.5643657237365327,0.3,0.0,0.0,1.570796,0.666667,1.0,0.0,0.111865,0.6109,0.3
1769796432.696062,0.111865,-0.111865,1.5801837957548288,0.3,0.0,0.0,1.570796,0.666667,1.0,0.0,0.111865,0.6109,0.3
1769796432.696062,0.111865,-0.111865,1.571724622420443,0.3,0.0,0.0,1.570796,0.666667,1.0,0.0,0.111865,0.6109,0.3
1769796432.696062,0.111865,-0.111865,1.575802220361364,0.3,0.0,0.0,1.570796,0.666667,1.0,0.0,0.111865,0.6109,0.3
1769796432.696062,0.111865,-0.111865,1.5846979492366444,0.3,0.0,0.0,1.570796,0.666667,1.0,0.0,0.111865,0.6109,0.3
1769796432.696062,0.111865,-0.111865,1.5765281898925547,0.3,0.0,0.0,1.570796,0.666667,1.0,0.0,0.111865,0.6109,0.3
1769796432.696062,0.111865,-0.111865,1.5624749712857748,0.3,0.0,0.0,1.570796,0.666667,1.0,0.0,0.111865,0.6109,0.3
1769796432.696062,0.111865,-0.111865,1.5821623193471575,0.3,0.0,0.0,1.570796,0.666667,1.0,0.0,0.111865,0.6109,0.3
1769796432.696062,0.111865,-0.111865,1.5787112507157308,0.3,0.0,0.0,1.570796,0.666667,1.0,0.0,0.111865,0.6109,0.3
1769796432.696062,0.111865,-0.111865,1.5727119297179388,0.3,0.0,0.0,1.570796,0.666667,1.0,0.0,0.111865,0.6109,0.3
1769796432.696062,0.111865,-0.111865,1.5581765455889114,0.3,0.0,0.0,1.570796,0.666667,1.0,0.0,0.111865,0.6109,0.3
1769796432.696062,0.111865,-0.111865,1.556325101737745,0.3,0.0,0.0,1.570796,0.666667,1.0,0.0,0.111865,0.6109,0.3
1769796432.696062,0.111865,-0.111865,1.5683383530741855,0.3,0.0,0.0,1.570796,0.666667,1.0,0.0,0.111865,0.6109,0.3
1769796432.696062,0.111865,-0.111865,1.5835930639802582,0.3,0.0,0.0,1.570796,0.666667,1.0,0.0,0.111865,0.6109,0.3
1769796432.696062,0.111865,-0.111865,1.5704840782786007,0.3,0.0,0.0,1.570796,0.666667,1.0,0.0,0.111865,0.6109,0.3
1769796432.696062,0.111865,-0.111865,1.573633458378907,0.3,0.0,0.0,1.570796,0.666667,1.0,0.0,0.111865,0.6109,0.3
1769796432.696062,0.111865,-0.111865,1.5935673488565223,0.3,0.0,0.0,1.570796,0.666667,1.0,0.0,0.111865,0.6109,0.3
1769796432.696062,0.111865,-0.111865,1.5761471842776058,0.3,0.0,0.0,1.570796,0.666667,1.0,0.0,0.111865,0.6109,0.3
1769796432.696062,0.111865,-0.111865,1.553854906817521,0.3,0.0,0.0,1.570796,0.666667,1.0,0.0,0.111865,0.6109,0.3
1769796432.696062,0.111865,-0.111865,1.568541036947777,0.3,0.0,0.0,1.570796,0.666667,1.0,0.0,0.111865,0.6109,0.3
1769796432.696062,0.111865,-0.111865,1.5738422192689385,0.3,0.0,0.0,1.570796,0.666667,1.0,0.0,0.111865,0.6109,0.3
1769796432.696062,0.111865,-0.111865,1.5850191884462028,0.3,0.0,0.0,1.570796,0.666667,1.0,0.0,0.111865,0.6109,0.3
1769796432.696062,0.111865,-0.111865,1.5809369117172,0.3,0.0,0.0,1.570796,0.666667,1.0,0.0,0.111865,0.6109,0.3
1769796432.696062,0.111865,-0.111865,1.571769550238204,0.3,0.0,0.0,1.570796,0.666667,1.0,0.0,0.111865,0.6109,0.3
1769796432.696062,0.111865,-0.111865,1.577824577680438,0.3,0.0,0.0,1.570796,0.666667,1.0,0.0,0.111865,0.6109,0.3
1769796432.696062,0.111865,-0.111865,1.5509319039245504,0.3,0.0,0.0,1.570796,0.666667,1.0,0.0,0.111865,0.6109,0.3
1769796432.696062,0.111865,-0.111865,1.5792439866076295,0.3,0.0,0.0,1.570796,0.666667,1.0,0.0,0.111865,0.6109,0.3
1769796432.696062,0.111865,-0.111865,1.5715311378774226,0.3,0.0,0.0,1.570796,0.666667,1.0,0.0,0.111865,0.6109,0.3
1769796432.696062,0.111865,-0.111865,1.5710580463849937,0.3,0.0,0.0,1.570796,0.666667,1.0,0.0,0.111865,0.6109,0.3
1769796432.696062,0.111865,-0.111865,1.5632922074677345,0.3,0.0,0.0,1.570796,0.666667,1.0,0.0,0.111865,0.6109,0.3
1769796432.696062,0.111865,-0.111865,1.5777183068020486,0.3,0.0,0.0,1.570796,0.666667,1.0,0.0,0.111865,0.6109,0.3
1769796432.696062,0.111865,-0.111865,1.5623097971859978,0.3,0.0,0.0,1.570796,0.666667,1.0,0.0,0.111865,0.6109,0.3
1769796432.696062,0.111865,-0.111865,1.551839172697417,0.3,0.0,0.0,1.570796,0.666667,1.0,0.0,0.111865,0.6109,0.3
1769796432.696062,0.111865,-0.111865,1.5769434137692584,0.3,0.0,0.0,1.570796,0.666667,1.0,0.0,0.111865,0.6109,0.3
1769796432.696062,0.111865,-0.111865,1.5645097498463052,0.3,0.0,0.0,1.570796,0.666667,1.0,0.0,0.111865,0.6109,0.3
1769796432.696062,0.111865,-0.111865,1.5791997245764484,0.3,0.0,0.0,1.570796,0.666667,1.0,0.0,0.111865,0.6109,0.3
1769796432.696062,0.111865,-0.111865,1.57516348887127,0.3,0.0,0.0,1.570796,0.666667,1.0,0.0,0.111865,0.6109,0.3
1769796432.696062,0.111865,-0.111865,1.5788656531878007,0.3,0.0,0.0,1.570796,0.666667,1.0,0.0,0.111865,0.6109,0.3
1769796432.696062,0.111865,-0.111865,1.5841516457584166,0.3,0.0,0.0,1.570796,0.666667,1.0,0.0,0.111865,0.6109,0.3
1769796432.696062,0.111865,-0.111865,1.5686873198806743,0.3,0.0,0.0,1.570796,0.666667,1.0,0.0,0.111865,0.6109,0.3
1769796432.696062,0.111865,-0.111865,1.5616398124773196,0.3,0.0,0.0,1.570796,0.666667,1.0,0.0,0.111865,0.6109,0.3
1769796432.696062,0.111865,-0.111865,1.5769339014224193,0.3,0.0,0.0,1.570796,0.666667,1.0,0.0,0.111865,0.6109,0.3
1769796432.696062,0.111865,-0.111865,1.5801856490885329,0.3,0.0,0.0,1.570796,0.666667,1.0,0.0,0.111865,0.6109,0.3
1769796432.696062,0.111865,-0.111865,1.5650192601932895,0.3,0.0,0.0,1.570796,0.666667,1.0,0.0,0.111865,0.6109,0.3
1769796432.696062,0.111865,-0.111865,1.5675041052366323,0.3,0.0,0.0,1.570796,0.666667,1.0,0.0,0.111865,0.6109,0.3
1769796432.696062,0.111865,-0.111865,1.5665269025119561,0.3,0.0,0.0,1.570796,0.666667,1.0,0.0,0.111865,0.6109,0.3
1769796432.696062,0.111865,-0.111865,1.5685623088024967,0.3,0.0,0.0,1.570796,0.666667,1.0,0.0,0.111865,0.6109,0.3
1769796432.696062,0.111865,-0.111865,1.5680187443054523,0.3,0.0,0.0,1.570796,0.666667,1.0,0.0,0.111865,0.6109,0.3
1769796432.696062,0.111865,-0.111865,1.5611590202000205,0.3,0.0,0.0,1.570796,0.666667,1.0,0.0,0.111865,0.6109,0.3
1769796432.696062,0.111865,-0.111865,1.569201907743892,0.3,0.0,0.0,1.570796,0.666667,1.0,0.0,0.111865,0.6109,0.3
1769796432.696062,0.111865,-0.111865,1.557263511457101,0.3,0.0,0.0,1.570796,0.666667,1.0,0.0,0.111865,0.6109,0.3
1769796432.696062,0.111865,-0.111865,1.5974706671968002,0.3,0.0,0.0,1.570796,0.666667,1.0,0.0,0.111865,0.6109,0.3
1769796432.696062,0.111865,-0.111865,1.5848734061396452,0.3,0.0,0.0,1.570796,0.666667,1.0,0.0,0.111865,0.6109,0.3
1769796432.696062,0.111865,-0.111865,1.5858057290350014,0.3,0.0,0.0,1.570796,0.666667,1.0,0.0,0.111865,0.6109,0.3
1769796432.696062,0.111865,-0.111865,1.5808999850223744,0.3,0.0,0.0,1.570796,0.666667,1.0,0.0,0.111865,0.6109,0.3
1769796432.696062,0.111865,-0.111865,1.565040455210318,0.3,0.0,0.0,1.570796,0.666667,1.0,0.0,0.111865,0.6109,0.3
1769796432.696062,0.111865,-0.111865,1.586976851757779,0.3,0.0,0.0,1.570796,0.666667,1.0,0.0,0.111865,0.6109,0.3
1769796432.696062,0.111865,-0.111865,1.5561290896745208,0.3,0.0,0.0,1.570796,0.666667,1.0,0.0,0.111865,0.6109,0.3
1769796432.696062,0.111865,-0.111865,1.5623363709171454,0.3,0.0,0.0,1.570796,0.666667,1.0,0.0,0.111865,0.6109,0.3
1769796432.696062,0.111865,-0.111865,1.5508746662639796,0.3,0.0,0.0,1.570796,0.666667,1.0,0.0,0.111865,0.6109,0.3
1769796432.696062,0.111865,-0.111865,1.5862603800531432,0.3,0.0,0.0,1.570796,0.666667,1.0,0.0,0.111865,0.6109,0.3
1769796432.696062,0.111865,-0.111865,1.5731503256445527,0.3,0.0,0.0,1.570796,0.666667,1.0,0.0,0.111865,0.6109,0.3
1769796432.696062,0.111865,-0.111865,1.5847341249060474,0.3,0.0,0.0,1.570796,0.666667,1.0,0.0,0.111865,0.6109,0.3
1769796432.696062,0.111865,-0.111865,1.5871806834958222,0.3,0.0,0.0,1.570796,0.666667,1.0,0.0,0.111865,0.6109,0.3
1769796432.696062,0.111865,-0.111865,1.5672387686946447,0.3,0.0,0.0,1.570796,0.666667,1.0,0.0,0.111865,0.6109,0.3
1769796432.696062,0.111865,-0.111865,1.5794790574019868,0.3,0.0,0.0,1.570796,0.666667,1.0,0.0,0.111865,0.6109,0.3
1769796432.696062,0.111865,-0.111865,1.5687094937821648,0.3,0.0,0.0,1.570796,0.666667,1.0,0.0,0.111865,0.6109,0.3
1769796432.696062,0.111865,-0.111865,1.5744826401974867,0.3,0.0,0.0,1.570796,0.666667,1.0,0.0,0.111865,0.6109,0.3
1769796432.696062,0.111865,-0.111865,1.5739578836453125,0.3,0.0,0.0,1.570796,0.666667,1.0,0.0,0.111865,0.6109,0.3
1769796432.696062,0.111865,-0.111865,1.5809057603020815,0.3,0.0,0.0,1.570796,0.666667,1.0,0.0,0.111865,0.6109,0.3
1769796432.696062,0.111865,-0.111865,1.5876296976536326,0.3,0.0,0.0,1.570796,0.666667,1.0,0.0,0.111865,0.6109,0.3
1769796432.696062,0.111865,-0.111865,1.566217764195819,0.3,0.0,0.0,1.570796,0.666667,1.0,0.0,0.111865,0.6109,0.3
1769796432.696062,0.111865,-0.111865,1.5515333709525247,0.3,0.0,0.0,1.570796,0.666667,1.0,0.0,0.111865,0.6109,0.3
1769796432.696062,0.111865,-0.111865,1.5809842019129137,0.3,0.0,0.0,1.570796,0.666667,1.0,0.0,0.111865,0.6109,0.3
1769796432.696062,0.111865,-0.111865,1.5698462966450997,0.3,0.0,0.0,1.570796,0.666667,1.0,0.0,0.111865,0.6109,0.3
1769796432.696062,0.111865,-0.111865,1.570413293879883,0.3,0.0,0.0,1.570796,0.666667,1.0,0.0,0.111865,0.6109,0.3
1769796432.696062,0.111865,-0.111865,1.5666258775382935,0.3,0.0,0.0,1.570796,0.666667,1.0,0.0,0.111865,0.6109,0.3
1769796432.696062,0.111865,-0.111865,1.5596648029257765,0.3,0.0,0.0,1.570796,0.666667,1.0,0.0,0.111865,0.6109,0.3
1769796432.696062,0.111865,-0.111865,1.5740591774685688,0.3,0.0,0.0,1.570796,0.666667,1.0,0.0,0.111865,0.6109,0.3
1769796432.696062,0.111865,-0.111865,1.5764810842313686,0.3,0.0,0.0,1.570796,0.666667,1.0,0.0,0.111865,0.6109,0.3
1769796432.696062,0.111865,-0.111865,1.5843664589656292,0.3,0.0,0.0,1.570796,0.666667,1.0,0.0,0.111865,0.6109,0.3
1769796432.696062,0.111865,-0.111865,1.5646940465940475,0.3,0.0,0.0,1.570796,0.666667,1.0,0.0,0.111865,0.6109,0.3
1769796432.696062,0.111865,-0.111865,1.566212231402543,0.3,0.0,0.0,1.570796,0.666667,1.0,0.0,0.111865,0.6109,0.3
1769796432.696062,0.111865,-0.111865,1.5826719925481922,0.3,0.0,0.0,1.570796,0.666667,1.0,0.0,0.111865,0.6109,0.3
1769796432.696062,0.111865,-0.111865,1.577285296314839,0.3,0.0,0.0,1.570796,0.666667,1.0,0.0,0.111865,0.6109,0.3
1769796432.696062,0.111865,-0.111865,1.580930548151569,0.3,0.0,0.0,1.570796,0.666667,1.0,0.0,0.111865,0.6109,0.3
1769796432.696062,0.111865,-0.111865,1.573146421899781,0.3,0.0,0.0,1.570796,0.666667,1.0,0.0,0.111865,0.6109,0.3
1769796432.696062,0.111865,-0.111865,1.5722377388629998,0.3,0.0,0.0,1.570796,0.666667,1.0,0.0,0.111865,0.6109,0.3
1769796432.696062,0.111865,-0.111865,1.5760756019287887,0.3,0.0,0.0,1.570796,0.666667,1.0,0.0,0.111865,0.6109,0.3
1769796432.696062,0.111865,-0.111865,1.5549637690086964,0.3,0.0,0.0,1.570796,0.666667,1.0,0.0,0.111865,0.6109,0.3
1769796432.696062,0.111865,-0.111865,1.5471571084323577,0.3,0.0,0.0,1.570796,0.666667,1.0,0.0,0.111865,0.6109,0.3
1769796432.696062,0.111865,-0.111865,1.5709967310911526,0.3,0.0,0.0,1.570796,0.666667,1.0,0.0,0.111865,0.6109,0.3
1769796432.696062,0.111865,-0.111865,1.5698589515939485,0.3,0.0,0.0,1.570796,0.666667,1.0,0.0,0.111865,0.6109,0.3
1769796432.696062,0.111865,-0.111865,1.584278762207162,0.3,0.0,0.0,1.570796,0.666667,1.0,0.0,0.111865,0.6109,0.3
1769796432.696062,0.111865,-0.111865,1.5718154985729278,0.3,0.0,0.0,1.570796,0.666667,1.0,0.0,0.111865,0.6109,0.3
1769796432.696062,0.111865,-0.111865,1.5787227695174866,0.3,0.0,0.0,1.570796,0.666667,1.0,0.0,0.111865,0.6109,0.3
1769796432.696062,0.111865,-0.111865,1.5846899829306735,0.3,0.0,0.0,1.570796,0.666667,1.0,0.0,0.111865,0.6109,0.3
1769796432.696062,0.111865,-0.111865,1.5648203252655986,0.3,0.0,0.0,1.570796,0.666667,1.0,0.0,0.111865,0.6109,0.3
1769796432.696062,0.111865,-0.111865,1.5734757910986972,0.3,0.0,0.0,1.570796,0.666667,1.0,0.0,0.111865,0.6109,0.3
1769796432.696062,0.111865,-0.111865,1.5722264696655732,0.3,0.0,0.0,1.570796,0.666667,1.0,0.0,0.111865,0.6109,0.3
1769796432.696062,0.111865,-0.111865,1.5739286515253748,0.3,0.0,0.0,1.570796,0.666667,1.0,0.0,0.111865,0.6109,0.3
1769796432.696062,0.111865,-0.111865,1.5622757949888397,0.3,0.0,0.0,1.570796,0.666667,1.0,0.0,0.111865,0.6109,0.3
1769796432.696062,0.111865,-0.111865,1.559158542119747,0.3,0.0,0.0,1.570796,0.666667,1.0,0.0,0.111865,0.6109,0.3
1769796432.696062,0.111865,-0.111865,1.5829737996240056,0.3,0.0,0.0,1.570796,0.666667,1.0,0.0,0.111865,0.6109,0.3
1769796432.696062,0.111865,-0.111865,1.5664396709075836,0.3,0.0,0.0,1.570796,0.666667,1.0,0.0,0.111865,0.6109,0.3
1769796432.696062,0.111865,-0.111865,1.5743968359718916,0.3,0.0,0.0,1.570796,0.666667,1.0,0.0,0.111865,0.6109,0.3
1769796432.696062,0.111865,-0.111865,1.5750177320927248,0.3,0.0,0.0,1.570796,0.666667,1.0,0.0,0.111865,0.6109,0.3
1769796432.696062,0.111865,-0.111865,1.568720572846231,0.3,0.0,0.0,1.570796,0.666667,1.0,0.0,0.111865,0.6109,0.3
1769796432.696062,0.111865,-0.111865,1.5780253831295197,0.3,0.0,0.0,1.570796,0.666667,1.0,0.0,0.111865,0.6109,0.3
1769796432.696062,0.111865,-0.111865,1.577494046145601,0.3,0.0,0.0,1.570796,0.666667,1.0,0.0,0.111865,0.6109,0.3
1769796432.696062,0.111865,-0.111865,1.557678956479665,0.3,0.0,0.0,1.570796,0.666667,1.0,0.0,0.111865,0.6109,0.3
1769796432.696062,0.111865,-0.111865,1.5758597571058828,0.3,0.0,0.0,1.570796,0.666667,1.0,0.0,0.111865,0.6109,0.3
1769796432.696062,0.111865,-0.111865,1.5681107513101755,0.3,0.0,0.0,1.570796,0.666667,1.0,0.0,0.111865,0.6109,0.3
1769796432.696062,0.111865,-0.111865,1.5816650583107672,0.3,0.0,0.0,1.570796,0.666667,1.0,0.0,0.111865,0.6109,0.3
1769796432.696062,0.111865,-0.111865,1.5641590351064978,0.3,0.0,0.0,1.570796,0.666667,1.0,0.0,0.111865,0.6109,0.3
1769796432.696062,0.111865,-0.111865,1.563037148362818,0.3,0.0,0.0,1.570796,0.666667,1.0,0.0,0.111865,0.6109,0.3
1769796432.696062,0.111865,-0.111865,1.5825688866500565,0.3,0.0,0.0,1.570796,0.666667,1.0,0.0,0.111865,0.6109,0.3
1769796432.696062,0.111865,-0.111865,1.5934159643388601,0.3,0.0,0.0,1.570796,0.666667,1.0,0.0,0.111865,0.6109,0.3
1769796432.696062,0.111865,-0.111865,1.5679596533547513,0.3,0.0,0.0,1.570796,0.666667,1.0,0.0,0.111865,0.6109,0.3
1769796432.696062,0.111865,-0.111865,1.569769331045379,0.3,0.0,0.0,1.570796,0.666667,1.0,0.0,0.111865,0.6109,0.3
1769796432.696062,0.111865,-0.111865,1.56104193398287,0.3,0.0,0.0,1.570796,0.666667,1.0,0.0,0.111865,0.6109,0.3
1769796432.696062,0.111865,-0.111865,1.5721227297117737,0.3,0.0,0.0,1.570796,0.666667,1.0,0.0,0.111865,0.6109,0.3
1769796432.696062,0.111865,-0.111865,1.5666219171752724,0.3,0.0,0.0,1.570796,0.666667,1.0,0.0,0.111865,0.6109,0.3
1769796432.696062,0.111865,-0.111865,1.55541928109698,0.3,0.0,0.0,1.570796,0.666667,1.0,0.0,0.111865,0.6109,0.3
1769796432.696062,0.111865,-0.111865,1.5594230855226887,0.3,0.0,0.0,1.570796,0.666667,1.0,0.0,0.111865,0.6109,0.3
1769796432.696062,0.111865,-0.111865,1.567913260335865,0.3,0.0,0.0,1.570796,0.666667,1.0,0.0,0.111865,0.6109,0.3
1769796432.696062,0.111865,-0.111865,1.581512547480348,0.3,0.0,0.0,1.570796,0.666667,1.0,0.0,0.111865,0.6109,0.3
1769796432.696062,0.111865,-0.111865,1.5752218664579443,0.3,0.0,0.0,1.570796,0.666667,1.0,0.0,0.111865,0.6109,0.3
1769796432.696062,0.111865,-0.111865,1.5635545891897473,0.3,0.0,0.0,1.570796,0.666667,1.0,0.0,0.111865,0.6109,0.3
1769796432.696062,0.111865,-0.111865,1.562103284321254,0.3,0.0,0.0,1.570796,0.666667,1.0,0.0,0.111865,0.6109,0.3
1769796432.696062,0.111865,-0.111865,1.5715878374231882,0.3,0.0,0.0,1.570796,0.666667,1.0,0.0,0.111865,0.6109,0.3
1769796432.696062,0.111865,-0.111865,1.5691260949072867,0.3,0.0,0.0,1.570796,0.666667,1.0,0.0,0.111865,0.6109,0.3
1769796432.696062,0.111865,-0.111865,1.5749786792738525,0.3,0.0,0.0,1.570796,0.666667,1.0,0.0,0.111865,0.6109,0.3
1769796432.696062,0.111865,-0.111865,1.5745785797826075,0.3,0.0,0.0,1.570796,0.666667,1.0,0.0,0.111865,0.6109,0.3
1769796432.696062,0.111865,-0.111865,1.5828133428991853,0.3,0.0,0.0,1.570796,0.666667,1.0,0.0,0.111865,0.6109,0.3
1769796432.696062,0.111865,-0.111865,1.5585132068797878,0.3,0.0,0.0,1.570796,0.666667,1.0,0.0,0.111865,0.6109,0.3
1769796432.696062,0.111865,-0.111865,1.5697875675007587,0.3,0.0,0.0,1.570796,0.666667,1.0,0.0,0.111865,0.6109,0.3
1769796432.696062,0.111865,-0.111865,1.5758705141911118,0.3,0.0,0.0,1.570796,0.666667,1.0,0.0,0.111865,0.6109,0.3
1769796432.696062,0.111865,-0.111865,1.549391076566929,0.3,0.0,0.0,1.570796,0.666667,1.0,0.0,0.111865,0.6109,0.3
1769796432.696062,0.111865,-0.111865,1.5843722183562228,0.3,0.0,0.0,1.570796,0.666667,1.0,0.0,0.111865,0.6109,0.3
1769796432.696062,0.111865,-0.111865,1.5661653480013313,0.3,0.0,0.0,1.570796,0.666667,1.0,0.0,0.111865,0.6109,0.3
1769796432.696062,0.111865,-0.111865,1.5533128757920982,0.3,0.0,0.0,1.570796,0.666667,1.0,0.0,0.111865,0.6109,0.3
1769796432.696062,0.111865,-0.111865,1.5792567093336713,0.3,0.0,0.0,1.570796,0.666667,1.0,0.0,0.111865,0.6109,0.3
1769796432.696062,0.111865,-0.111865,1.5884086295209832,0.3,0.0,0.0,1.570796,0.666667,1.0,0.0,0.111865,0.6109,0.3
1769796432.696062,0.111865,-0.111865,1.5632716707227816,0.3,0.0,0.0,1.570796,0.666667,1.0,0.0,0.111865,0.6109,0.3
1769796432.696062,0.111865,-0.111865,1.5563784709598771,0.3,0.0,0.0,1.570796,0.666667,1.0,0.0,0.111865,0.6109,0.3
1769796432.696062,0.111865,-0.111865,1.562547315076387,0.3,0.0,0.0,1.570796,0.666667,1.0,0.0,0.111865,0.6109,0.3
1769796432.696062,0.111865,-0.111865,1.5590873165860237,0.3,0.0,0.0,1.570796,0.666667,1.0,0.0,0.111865,0.6109,0.3
1769796432.696062,0.111865,-0.111865,1.5709519275473338,0.3,0.0,0.0,1.570796,0.666667,1.0,0.0,0.111865,0.6109,0.3
1769796432.696062,0.111865,-0.111865,1.560905610209078,0.3,0.0,0.0,1.570796,0.666667,1.0,0.0,0.111865,0.6109,0.3
1769796432.696062,0.111865,-0.111865,1.555096495387362,0.3,0.0,0.0,1.570796,0.666667,1.0,0.0,0.111865,0.6109,0.3
1769796432.696062,0.111865,-0.111865,1.5778564027151525,0.3,0.0,0.0,1.570796,0.666667,1.0,0.0,0.111865,0.6109,0.3
1769796432.696062,0.111865,-0.111865,1.5646493648933122,0.3,0.0,0.0,1.570796,0.666667,1.0,0.0,0.111865,0.6109,0.3
1769796432.696062,0.111865,-0.111865,1.5736343280226015,0.3,0.0,0.0,1.570796,0.666667,1.0,0.0,0.111865,0.6109,0.3
1769796432.696062,0.111865,-0.111865,1.5672900482720613,0.3,0.0,0.0,1.570796,0.666667,1.0,0.0,0.111865,0.6109,0.3
1769796432.696062,0.111865,-0.111865,1.5724141660987145,0.3,0.0,0.0,1.570796,0.666667,1.0,0.0,0.111865,0.6109,0.3
1769796432.696062,0.111865,-0.111865,1.5713102887057446,0.3,0.0,0.0,1.570796,0.666667,1.0,0.0,0.111865,0.6109,0.3
1769796432.696062,0.111865,-0.111865,1.5565717412204096,0.3,0.0,0.0,1.570796,0.666667,1.0,0.0,0.111865,0.6109,0.3
1769796432.696062,0.111865,-0.111865,1.561308572867361,0.3,0.0,0.0,1.570796,0.666667,1.0,0.0,0.111865,0.6109,0.3
1769796432.696062,0.111865,-0.111865,1.567398466865003,0.3,0.0,0.0,1.570796,0.666667,1.0,0.0,0.111865,0.6109,0.3
1769796432.696062,0.111865,-0.111865,1.5643756732954017,0.3,0.0,0.0,1.570796,0.666667,1.0,0.0,0.111865,0.6109,0.3
1769796432.696062,0.111865,-0.111865,1.5676170914183933,0.3,0.0,0.0,1.570796,0.666667,1.0,0.0,0.111865,0.6109,0.3
1769796432.696062,0.111865,-0.111865,1.5732429690477194,0.3,0.0,0.0,1.570796,0.666667,1.0,0.0,0.111865,0.6109,0.3
1769796432.696062,0.111865,-0.111865,1.5700816390778407,0.3,0.0,0.0,1.570796,0.666667,1.0,0.0,0.111865,0.6109,0.3
1769796432.696062,0.111865,-0.111865,1.5742194912303171,0.3,0.0,0.0,1.570796,0.666667,1.0,0.0,0.111865,0.6109,0.3
1769796432.696062,0.111865,-0.111865,1.5650757361542371,0.3,0.0,0.0,1.570796,0.666667,1.0,0.0,0.111865,0.6109,0.3
1769796432.696062,0.111865,-0.111865,1.5819998739977232,0.3,0.0,0.0,1.570796,0.666667,1.0,0.0,0.111865,0.6109,0.3
1769796432.696062,0.111865,-0.111865,1.5702856680706065,0.3,0.0,0.0,1.570796,0.666667,1.0,0.0,0.111865,0.6109,0.3
1769796432.696062,0.111865,-0.111865,1.5733206315416617,0.3,0.0,0.0,1.570796,0.666667,1.0,0.0,0.111865,0.6109,0.3
1769796432.696062,0.111865,-0.111865,1.5758338311415687,0.3,0.0,0.0,1.570796,0.666667,1.0,0.0,0.111865,0.6109,0.3
1769796432.696062,0.111865,-0.111865,1.5805813079508746,0.3,0.0,0.0,1.570796,0.666667,1.0,0.0,0.111865,0.6109,0.3
1769796432.696062,0.111865,-0.111865,1.5659749473738895,0.3,0.0,0.0,1.570796,0.666667,1.0,0.0,0.111865,0.6109,0.3
1769796432.696062,0.111865,-0.111865,1.5734307373250482,0.3,0.0,0.0,1.570796,0.666667,1.0,0.0,0.111865,0.6109,0.3
1769796432.696062,0.111865,-0.111865,1.5667175295217621,0.3,0.0,0.0,1.570796,0.666667,1.0,0.0,0.111865,0.6109,0.3
1769796432.696062,0.111865,-0.111865,1.5798264359674465,0.3,0.0,0.0,1.570796,0.666667,1.0,0.0,0.111865,0.6109,0.3
1769796432.696062,0.111865,-0.111865,1.5695819157498812,0.3,0.0,0.0,1.570796,0.666667,1.0,0.0,0.111865,0.6109,0.3
1769796432.696062,0.111865,-0.111865,1.5506067939497157,0.3,0.0,0.0,1.570796,0.666667,1.0,0.0,0.111865,0.6109,0.3
1769796432.696062,0.111865,-0.111865,1.5594280435072967,0.3,0.0,0.0,1.570796,0.666667,1.0,0.0,0.111865,0.6109,0.3
1769796432.696062,0.111865,-0.111865,1.579145835620343,0.3,0.0,0.0,1.570796,0.666667,1.0,0.0,0.111865,0.6109,0.3
1769796432.696062,0.111865,-0.111865,1.568637354083555,0.3,0.0,0.0,1.570796,0.666667,1.0,0.0,0.111865,0.6109,0.3
1769796432.696062,0.111865,-0.111865,1.5833945279775274,0.3,0.0,0.0,1.570796,0.666667,1.0,0.0,0.111865,0.6109,0.3
1769796432.696062,0.111865,-0.111865,1.5898606854676234,0.3,0.0,0.0,1.570796,0.666667,1.0,0.0,0.111865,0.6109,0.3
1769796432.696062,0.111865,-0.111865,1.5539896227468797,0.3,0.0,0.0,1.570796,0.666667,1.0,0.0,0.111865,0.6109,0.3
1769796432.696062,0.111865,-0.111865,1.577298465579437,0.3,0.0,0.0,1.570796,0.666667,1.0,0.0,0.111865,0.6109,0.3
1769796432.696062,0.111865,-0.111865,1.5622428133399475,0.3,0.0,0.0,1.570796,0.666667,1.0,0.0,0.111865,0.6109,0.3
1769796432.696062,0.111865,-0.111865,1.5765613135625018,0.3,0.0,0.0,1.570796,0.666667,1.0,0.0,0.111865,0.6109,0.3
1769796432.696062,0.111865,-0.111865,1.5637740382951797,0.3,0.0,0.0,1.570796,0.666667,1.0,0.0,0.111865,0.6109,0.3
1769796432.696062,0.111865,-0.111865,1.5715607540168521,0.3,0.0,0.0,1.570796,0.666667,1.0,0.0,0.111865,0.6109,0.3
1769796432.696062,0.111865,-0.111865,1.5941304067302238,0.3,0.0,0.0,1.570796,0.666667,1.0,0.0,0.111865,0.6109,0.3
1769796432.696062,0.111865,-0.111865,1.5643444021268347,0.3,0.0,0.0,1.570796,0.666667,1.0,0.0,0.111865,0.6109,0.3
1769796432.696062,0.111865,-0.111865,1.5759113393619308,0.3,0.0,0.0,1.570796,0.666667,1.0,0.0,0.111865,0.6109,0.3
1769796432.696062,0.111865,-0.111865,1.5822414546648134,0.3,0.0,0.0,1.570796,0.666667,1.0,0.0,0.111865,0.6109,0.3
1769796432.696062,0.111865,-0.111865,1.5565606276059174,0.3,0.0,0.0,1.570796,0.666667,1.0,0.0,0.111865,0.6109,0.3
1769796432.696062,0.111865,-0.111865,1.5705833816031276,0.3,0.0,0.0,1.570796,0.666667,1.0,0.0,0.111865,0.6109,0.3
1769796432.696062,0.111865,-0.111865,1.5650996029565836,0.3,0.0,0.0,1.570796,0.666667,1.0,0.0,0.111865,0.6109,0.3
1769796432.696062,0.111865,-0.111865,1.5691792438861396,0.3,0.0,0.0,1.570796,0.666667,1.0,0.0,0.111865,0.6109,0.3
1769796432.696062,0.111865,-0.111865,1.562108035810879,0.3,0.0,0.0,1.570796,0.666667,1.0,0.0,0.111865,0.6109,0.3
1769796432.696062,0.111865,-0.111865,1.5753762277112124,0.3,0.0,0.0,1.570796,0.666667,1.0,0.0,0.111865,0.6109,0.3
1769796432.696062,0.111865,-0.111865,1.5710541751944458,0.3,0.0,0.0,1.570796,0.666667,1.0,0.0,0.111865,0.6109,0.3
1769796432.696062,0.111865,-0.111865,1.5873290963780122,0.3,0.0,0.0,1.570796,0.666667,1.0,0.0,0.111865,0.6109,0.3
1769796432.696062,0.111865,-0.111865,1.5740688410884487,0.3,0.0,0.0,1.570796,0.666667,1.0,0.0,0.111865,0.6109,0.3
1769796432.696062,0.111865,-0.111865,1.5601038584443951,0.3,0.0,0.0,1.570796,0.666667,1.0,0.0,0.111865,0.6109,0.3
1769796432.696062,0.111865,-0.111865,1.5754564880680837,0.3,0.0,0.0,1.570796,0.666667,1.0,0.0,0.111865,0.6109,0.3
1769796432.696062,0.111865,-0.111865,1.5753643159941035,0.3,0.0,0.0,1.570796,0.666667,1.0,0.0,0.111865,0.6109,0.3
1769796432.696062,0.111865,-0.111865,1.57148834165053,0.3,0.0,0.0,1.570796,0.666667,1.0,0.0,0.111865,0.6109,0.3
1769796432.696062,0.111865,-0.111865,1.5681228454909693,0.3,0.0,0.0,1.570796,0.666667,1.0,0.0,0.111865,0.6109,0.3
1769796432.696062,0.111865,-0.111865,1.5671346641131554,0.3,0.0,0.0,1.570796,0.666667,1.0,0.0,0.111865,0.6109,0.3
1769796432.696062,0.111865,-0.111865,1.5689278952587626,0.3,0.0,0.0,1.570796,0.666667,1.0,0.0,0.111865,0.6109,0.3
1769796432.696062,0.111865,-0.111865,1.571345568557396,0.3,0.0,0.0,1.570796,0.666667,1.0,0.0,0.111865,0.6109,0.3
1769796432.696062,0.111865,-0.111865,1.5695522798478705,0.3,0.0,0.0,1.570796,0.666667,1.0,0.0,0.111865,0.6109,0.3
1769796432.696062,0.111865,-0.111865,1.5643948350777332,0.3,0.0,0.0,1.570796,0.666667,1.0,0.0,0.111865,0.6109,0.3
1769796432.696062,0.111865,-0.111865,1.561529089411962,0.3,0.0,0.0,1.570796,0.666667,1.0,0.0,0.111865,0.6109,0.3
1769796432.696062,0.111865,-0.111865,1.5651553763881836,0.3,0.0,0.0,1.570796,0.666667,1.0,0.0,0.111865,0.6109,0.3
1769796432.696062,0.111865,-0.111865,1.583614937795727,0.3,0.0,0.0,1.570796,0.666667,1.0,0.0,0.111865,0.6109,0.3
1769796432.696062,0.111865,-0.111865,1.5543162828079515,0.3,0.0,0.0,1.570796,0.666667,1.0,0.0,0.111865,0.6109,0.3
1769796432.696062,0.111865,-0.111865,1.554326556803407,0.3,0.0,0.0,1.570796,0.666667,1.0,0.0,0.111865,0.6109,0.3
1769796432.696062,0.111865,-0.111865,1.5614722463030086,0.3,0.0,0.0,1.570796,0.666667,1.0,0.0,0.111865,0.6109,0.3
1769796432.696062,0.111865,-0.111865,1.5713714797229685,0.3,0.0,0.0,1.570796,0.666667,1.0,0.0,0.111865,0.6109,0.3
1769796432.696062,0.111865,-0.111865,1.5776097088709646,0.3,0.0,0.0,1.570796,0.666667,1.0,0.0,0.111865,0.6109,0.3
1769796432.696062,0.111865,-0.111865,1.5860926089417218,0.3,0.0,0.0,1.570796,0.666667,1.0,0.0,0.111865,0.6109,0.3
1769796432.696062,0.111865,-0.111865,1.5776364710296251,0.3,0.0,0.0,1.570796,0.666667,1.0,0.0,0.111865,0.6109,0.3
1769796432.696062,0.111865,-0.111865,1.5864153310283464,0.3,0.0,0.0,1.570796,0.666667,1.0,0.0,0.111865,0.6109,0.3
1769796432.696062,0.111865,-0.111865,1.5863492709834082,0.3,0.0,0.0,1.570796,0.666667,1.0,0.0,0.111865,0.6109,0.3
1769796432.696062,0.111865,-0.111865,1.5711121476813315,0.3,0.0,0.0,1.570796,0.666667,1.0,0.0,0.111865,0.6109,0.3
1769796432.696062,0.111865,-0.111865,1.565616825507632,0.3,0.0,0.0,1.570796,0.666667,1.0,0.0,0.111865,0.6109,0.3
1769796432.696062,0.111865,-0.111865,1.5509982872908357,0.3,0.0,0.0,1.570796,0.666667,1.0,0.0,0.111865,0.6109,0.3
1769796432.696062,0.111865,-0.111865,1.5677914251696103,0.3,0.0,0.0,1.570796,0.666667,1.0,0.0,0.111865,0.6109,0.3
1769796432.696062,0.111865,-0.111865,1.560682348133948,0.3,0.0,0.0,1.570796,0.666667,1.0,0.0,0.111865,0.6109,0.3
1769796432.696062,0.111865,-0.111865,1.5839908185051335,0.3,0.0,0.0,1.570796,0.666667,1.0,0.0,0.111865,0.6109,0.3
1769796432.696062,0.111865,-0.111865,1.579353978287966,0.3,0.0,0.0,1.570796,0.666667,1.0,0.0,0.111865,0.6109,0.3
1769796432.696062,0.111865,-0.111865,1.5925734919439003,0.3,0.0,0.0,1.570796,0.666667,1.0,0.0,0.111865,0.6109,0.3
1769796432.696062,0.111865,-0.111865,1.5688801345975163,0.3,0.0,0.0,1.570796,0.666667,1.0,0.0,0.111865,0.6109,0.3
1769796432.696062,0.111865,-0.111865,1.5809468851266637,0.3,0.0,0.0,1.570796,0.666667,1.0,0.0,0.111865,0.6109,0.3
1769796432.696062,0.111865,-0.111865,1.5688165349119125,0.3,0.0,0.0,1.570796,0.666667,1.0,0.0,0.111865,0.6109,0.3
1769796432.696062,0.111865,-0.111865,1.5778169963301494,0.3,0.0,0.0,1.570796,0.666667,1.0,0.0,0.111865,0.6109,0.3
1769796432.696062,0.111865,-0.111865,1.563171974247914,0.3,0.0,0.0,1.570796,0.666667,1.0,0.0,0.111865,0.6109,0.3
1769796432.696062,0.111865,-0.111865,1.568923653692622,0.3,0.0,0.0,1.570796,0.666667,1.0,0.0,0.111865,0.6109,0.3
1769796432.696062,0.111865,-0.111865,1.5661919188402718,0.3,0.0,0.0,1.570796,0.666667,1.0,0.0,0.111865,0.6109,0.3
1769796432.696062,0.111865,-0.111865,1.5622749529787798,0.3,0.0,0.0,1.570796,0.666667,1.0,0.0,0.111865,0.6109,0.3
1769796432.696062,0.111865,-0.111865,1.5518371730576446,0.3,0.0,0.0,1.570796,0.666667,1.0,0.0,0.111865,0.6109,0.3
1769796432.696062,0.111865,-0.111865,1.5798379682143862,0.3,0.0,0.0,1.570796,0.666667,1.0,0.0,0.111865,0.6109,0.3
1769796432.696062,0.111865,-0.111865,1.5769727491833403,0.3,0.0,0.0,1.570796,0.666667,1.0,0.0,0.111865,0.6109,0.3
1769796432.696062,0.111865,-0.111865,1.5828621052239513,0.3,0.0,0.0,1.570796,0.666667,1.0,0.0,0.111865,0.6109,0.3
1769796432.696062,0.111865,-0.111865,1.568405197677709,0.3,0.0,0.0,1.570796,0.666667,1.0,0.0,0.111865,0.6109,0.3
1769796432.696062,0.111865,-0.111865,1.5687786071286982,0.3,0.0,0.0,1.570796,0.666667,1.0,0.0,0.111865,0.6109,0.3
1769796432.696062,0.111865,-0.111865,1.5551513391789553,0.3,0.0,0.0,1.570796,0.666667,1.0,0.0,0.111865,0.6109,0.3
1769796432.696062,0.111865,-0.111865,1.5629043471245574,0.3,0.0,0.0,1.570796,0.666667,1.0,0.0,0.111865,0.6109,0.3
1769796432.696062,0.111865,-0.111865,1.564186098154588,0.3,0.0,0.0,1.570796,0.666667,1.0,0.0,0.111865,0.6109,0.3
1769796432.696062,0.111865,-0.111865,1.5568489499536384,0.3,0.0,0.0,1.570796,0.666667,1.0,0.0,0.111865,0.6109,0.3
1769796432.696062,0.111865,-0.111865,1.569220524033384,0.3,0.0,0.0,1.570796,0.666667,1.0,0.0,0.111865,0.6109,0.3
1769796432.696062,0.111865,-0.111865,1.5649268448420535,0.3,0.0,0.0,1.570796,0.666667,1.0,0.0,0.111865,0.6109,0.3
1769796432.696062,0.111865,-0.111865,1.5637365695986363,0.3,0.0,0.0,1.570796,0.666667,1.0,0.0,0.111865,0.6109,0.3
1769796432.696062,0.111865,-0.111865,1.5729059667446312,0.3,0.0,0.0,1.570796,0.666667,1.0,0.0,0.111865,0.6109,0.3
1769796432.696062,0.111865,-0.111865,1.5805637690868972,0.3,0.0,0.0,1.570796,0.666667,1.0,0.0,0.111865,0.6109,0.3
1769796432.696062,0.111865,-0.111865,1.570241532507107,0.3,0.0,0.0,1.570796,0.666667,1.0,0.0,0.111865,0.6109,0.3
1769796432.696062,0.111865,-0.111865,1.5642609251947086,0.3,0.0,0.0,1.570796,0.666667,1.0,0.0,0.111865,0.6109,0.3
1769796432.696062,0.111865,-0.111865,1.558817570567395,0.3,0.0,0.0,1.570796,0.666667,1.0,0.0,0.111865,0.6109,0.3
1769796432.696062,0.111865,-0.111865,1.5694614447533193,0.3,0.0,0.0,1.570796,0.666667,1.0,0.0,0.111865,0.6109,0.3
1769796432.696062,0.111865,-0.111865,1.5733431804207647,0.3,0.0,0.0,1.570796,0.666667,1.0,0.0,0.111865,0.6109,0.3
1769796432.696062,0.111865,-0.111865,1.5727634702621949,0.3,0.0,0.0,1.570796,0.666667,1.0,0.0,0.111865,0.6109,0.3
1769796432.696062,0.111865,-0.111865,1.5658024484064863,0.3,0.0,0.0,1.570796,0.666667,1.0,0.0,0.111865,0.6109,0.3
1769796432.696062,0.111865,-0.111865,1.5745172064167368,0.3,0.0,0.0,1.570796,0.666667,1.0,0.0,0.111865,0.6109,0.3
1769796432.696062,0.111865,-0.111865,1.5739162283636727,0.3,0.0,0.0,1.570796,0.666667,1.0,0.0,0.111865,0.6109,0.3
1769796432.696062,0.111865,-0.111865,1.5880752983217372,0.3,0.0,0.0,1.570796,0.666667,1.0,0.0,0.111865,0.6109,0.3
1769796432.696062,0.111865,-0.111865,1.5734719830623958,0.3,0.0,0.0,1.570796,0.666667,1.0,0.0,0.111865,0.6109,0.3
1769796432.696062,0.111865,-0.111865,1.5847592078203159,0.3,0.0,0.0,1.570796,0.666667,1.0,0.0,0.111865,0.6109,0.3
1769796432.696062,0.111865,-0.111865,1.565731638533552,0.3,0.0,0.0,1.570796,0.666667,1.0,0.0,0.111865,0.6109,0.3
1769796432.696062,0.111865,-0.111865,1.558414106444957,0.3,0.0,0.0,1.570796,0.666667,1.0,0.0,0.111865,0.6109,0.3
1769796432.696062,0.111865,-0.111865,1.5768078081246009,0.3,0.0,0.0,1.570796,0.666667,1.0,0.0,0.111865,0.6109,0.3
1769796432.696062,0.111865,-0.111865,1.5690260265344567,0.3,0.0,0.0,1.570796,0.666667,1.0,0.0,0.111865,0.6109,0.3
1769796432.696062,0.111865,-0.111865,1.574060951868092,0.3,0.0,0.0,1.570796,0.666667,1.0,0.0,0.111865,0.6109,0.3
1769796432.696062,0.111865,-0.111865,1.5729030349930775,0.3,0.0,0.0,1.570796,0.666667,1.0,0.0,0.111865,0.6109,0.3
1769796432.696062,0.111865,-0.111865,1.5804758621327937,0.3,0.0,0.0,1.570796,0.666667,1.0,0.0,0.111865,0.6109,0.3
1769796432.696062,0.111865,-0.111865,1.5710661857026451,0.3,0.0,0.0,1.570796,0.666667,1.0,0.0,0.111865,0.6109,0.3
1769796432.696062,0.111865,-0.111865,1.5621070239444417,0.3,0.0,0.0,1.570796,0.666667,1.0,0.0,0.111865,0.6109,0.3
1769796432.696062,0.111865,-0.111865,1.5726074921982085,0.3,0.0,0.0,1.570796,0.666667,1.0,0.0,0.111865,0.6109,0.3
1769796432.696062,0.111865,-0.111865,1.5773541780032616,0.3,0.0,0.0,1.570796,0.666667,1.0,0.0,0.111865,0.6109,0.3
1769796432.696062,0.111865,-0.111865,1.5846033687971763,0.3,0.0,0.0,1.570796,0.666667,1.0,0.0,0.111865,0.6109,0.3
1769796432.696062,0.111865,-0.111865,1.570468042250913,0.3,0.0,0.0,1.570796,0.666667,1.0,0.0,0.111865,0.6109,0.3
1769796432.696062,0.111865,-0.111865,1.5639306913908055,0.3,0.0,0.0,1.570796,0.666667,1.0,0.0,0.111865,0.6109,0.3
1769796432.696062,0.111865,-0.111865,1.550272534893261,0.3,0.0,0.0,1.570796,0.666667,1.0,0.0,0.111865,0.6109,0.3
1769796432.696062,0.111865,-0.111865,1.557294603474348,0.3,0.0,0.0,1.570796,0.666667,1.0,0.0,0.111865,0.6109,0.3
1769796432.696062,0.111865,-0.111865,1.578473045436365,0.3,0.0,0.0,1.570796,0.666667,1.0,0.0,0.111865,0.6109,0.3
1769796432.696062,0.111865,-0.111865,1.5758056445802133,0.3,0.0,0.0,1.570796,0.666667,1.0,0.0,0.111865,0.6109,0.3
1769796432.696062,0.111865,-0.111865,1.5511099069847516,0.3,0.0,0.0,1.570796,0.666667,1.0,0.0,0.111865,0.6109,0.3
1769796432.696062,0.111865,-0.111865,1.5643426419997066,0.3,0.0,0.0,1.570796,0.666667,1.0,0.0,0.111865,0.6109,0.3
1769796432.696062,0.111865,-0.111865,1.570653147121225,0.3,0.0,0.0,1.570796,0.666667,1.0,0.0,0.111865,0.6109,0.3
1769796432.696062,0.111865,-0.111865,1.5752387640228092,0.3,0.0,0.0,1.570796,0.666667,1.0,0.0,0.111865,0.6109,0.3
1769796432.696062,0.111865,-0.111865,1.5646076833767908,0.3,0.0,0.0,1.570796,0.666667,1.0,0.0,0.111865,0.6109,0.3
1769796432.696062,0.111865,-0.111865,1.5729033524472331,0.3,0.0,0.0,1.570796,0.666667,1.0,0.0,0.111865,0.6109,0.3
1769796432.696062,0.111865,-0.111865,1.5739745714034452,0.3,0.0,0.0,1.570796,0.666667,1.0,0.0,0.111865,0.6109,0.3
1769796432.696062,0.111865,-0.111865,1.5658385596608222,0.3,0.0,0.0,1.570796,0.666667,1.0,0.0,0.111865,0.6109,0.3
1769796432.696062,0.111865,-0.111865,1.569729811876701,0.3,0.0,0.0,1.570796,0.666667,1.0,0.0,0.111865,0.6109,0.3
1769796432.696062,0.111865,-0.111865,1.5774641628094141,0.3,0.0,0.0,1.570796,0.666667,1.0,0.0,0.111865,0.6109,0.3
1769796432.696062,0.111865,-0.111865,1.5764074047487262,0.3,0.0,0.0,1.570796,0.666667,1.0,0.0,0.111865,0.6109,0.3
1769796432.696062,0.111865,-0.111865,1.5545768276923249,0.3,0.0,0.0,1.570796,0.666667,1.0,0.0,0.111865,0.6109,0.3
1769796432.696062,0.111865,-0.111865,1.5752078704471097,0.3,0.0,0.0,1.570796,0.666667,1.0,0.0,0.111865,0.6109,0.3
1769796432.696062,0.111865,-0.111865,1.5641848931800588,0.3,0.0,0.0,1.570796,0.666667,1.0,0.0,0.111865,0.6109,0.3
1769796432.696062,0.111865,-0.111865,1.5684912866897476,0.3,0.0,0.0,1.570796,0.666667,1.0,0.0,0.111865,0.6109,0.3
1769796432.696062,0.111865,-0.111865,1.5722671199208917,0.3,0.0,0.0,1.570796,0.666667,1.0,0.0,0.111865,0.6109,0.3
1769796432.696062,0.111865,-0.111865,1.5603228291248668,0.3,0.0,0.0,1.570796,0.666667,1.0,0.0,0.111865,0.6109,0.3
1769796432.696062,0.111865,-0.111865,1.5648262627171543,0.3,0.0,0.0,1.570796,0.666667,1.0,0.0,0.111865,0.6109,0.3
1769796432.696062,0.111865,-0.111865,1.5659537979104472,0.3,0.0,0.0,1.570796,0.666667,1.0,0.0,0.111865,0.6109,0.3
1769796432.696062,0.111865,-0.111865,1.5691830483354874,0.3,0.0,0.0,1.570796,0.666667,1.0,0.0,0.111865,0.6109,0.3
1769796432.696062,0.111865,-0.111865,1.5774282253000953,0.3,0.0,0.0,1.570796,0.666667,1.0,0.0,0.111865,0.6109,0.3
1769796432.696062,0.111865,-0.111865,1.5791143764634472,0.3,0.0,0.0,1.570796,0.666667,1.0,0.0,0.111865,0.6109,0.3
1769796432.696062,0.111865,-0.111865,1.5638017953337582,0.3,0.0,0.0,1.570796,0.666667,1.0,0.0,0.111865,0.6109,0.3
1769796432.696062,0.111865,-0.111865,1.563277991572553,0.3,0.0,0.0,1.570796,0.666667,1.0,0.0,0.111865,0.6109,0.3
1769796432.696062,0.111865,-0.111865,1.5919036483984148,0.3,0.0,0.0,1.570796,0.666667,1.0,0.0,0.111865,0.6109,0.3
1769796432.696062,0.111865,-0.111865,1.5801552822415899,0.3,0.0,0.0,1.570796,0.666667,1.0,0.0,0.111865,0.6109,0.3
1769796432.696062,0.111865,-0.111865,1.5673644780845293,0.3,0.0,0.0,1.570796,0.666667,1.0,0.0,0.111865,0.6109,0.3
1769796432.696062,0.111865,-0.111865,1.55362233011705,0.3,0.0,0.0,1.570796,0.666667,1.0,0.0,0.111865,0.6109,0.3
1769796432.696062,0.111865,-0.111865,1.5730334303426032,0.3,0.0,0.0,1.570796,0.666667,1.0,0.0,0.111865,0.6109,0.3
1769796432.696062,0.111865,-0.111865,1.5806260129646357,0.3,0.0,0.0,1.570796,0.666667,1.0,0.0,0.111865,0.6109,0.3
1769796432.696062,0.111865,-0.111865,1.5653225218446267,0.3,0.0,0.0,1.570796,0.666667,1.0,0.0,0.111865,0.6109,0.3
1769796432.696062,0.111865,-0.111865,1.5571760457172086,0.3,0.0,0.0,1.570796,0.666667,1.0,0.0,0.111865,0.6109,0.3
1769796432.696062,0.111865,-0.111865,1.5661436249443517,0.3,0.0,0.0,1.570796,0.666667,1.0,0.0,0.111865,0.6109,0.3
1769796432.696062,0.111865,-0.111865,1.592474059620987,0.3,0.0,0.0,1.570796,0.666667,1.0,0.0,0.111865,0.6109,0.3
1769796432.696062,0.111865,-0.111865,1.5624422526454853,0.3,0.0,0.0,1.570796,0.666667,1.0,0.0,0.111865,0.6109,0.3
1769796432.696062,0.111865,-0.111865,1.5578790536294829,0.3,0.0,0.0,1.570796,0.666667,1.0,0.0,0.111865,0.6109,0.3
1769796432.696062,0.111865,-0.111865,1.5723386388271525,0.3,0.0,0.0,1.570796,0.666667,1.0,0.0,0.111865,0.6109,0.3
1769796432.696062,0.111865,-0.111865,1.557059148549249,0.3,0.0,0.0,1.570796,0.666667,1.0,0.0,0.111865,0.6109,0.3
1769796432.696062,0.111865,-0.111865,1.5873071678300614,0.3,0.0,0.0,1.570796,0.666667,1.0,0.0,0.111865,0.6109,0.3
1769796432.696062,0.111865,-0.111865,1.5706486591601252,0.3,0.0,0.0,1.570796,0.666667,1.0,0.0,0.111865,0.6109,0.3
1769796432.696062,0.111865,-0.111865,1.571518982953236,0.3,0.0,0.0,1.570796,0.666667,1.0,0.0,0.111865,0.6109,0.3
1769796432.696062,0.111865,-0.111865,1.5709115036086743,0.3,0.0,0.0,1.570796,0.666667,1.0,0.0,0.111865,0.6109,0.3
1769796432.696062,0.111865,-0.111865,1.549233619598215,0.3,0.0,0.0,1.570796,0.666667,1.0,0.0,0.111865,0.6109,0.3
1769796432.696062,0.111865,-0.111865,1.5521676196560183,0.3,0.0,0.0,1.570796,0.666667,1.0,0.0,0.111865,0.6109,0.3
1769796432.696062,0.111865,-0.111865,1.5644877793686531,0.3,0.0,0.0,1.570796,0.666667,1.0,0.0,0.111865,0.6109,0.3
1769796432.696062,0.111865,-0.111865,1.5819483132775014,0.3,0.0,0.0,1.570796,0.666667,1.0,0.0,0.111865,0.6109,0.3
1769796432.696062,0.111865,-0.111865,1.578749022864812,0.3,0.0,0.0,1.570796,0.666667,1.0,0.0,0.111865,0.6109,0.3
1769796432.696062,0.111865,-0.111865,1.5682932706148422,0.3,0.0,0.0,1.570796,0.666667,1.0,0.0,0.111865,0.6109,0.3
1769796432.696062,0.111865,-0.111865,1.5693021057710879,0.3,0.0,0.0,1.570796,0.666667,1.0,0.0,0.111865,0.6109,0.3
1769796432.696062,0.111865,-0.111865,1.5529509753711714,0.3,0.0,0.0,1.570796,0.666667,1.0,0.0,0.111865,0.6109,0.3
1769796432.696062,0.111865,-0.111865,1.5782076263915545,0.3,0.0,0.0,1.570796,0.666667,1.0,0.0,0.111865,0.6109,0.3
1769796432.696062,0.111865,-0.111865,1.5615879153844008,0.3,0.0,0.0,1.570796,0.666667,1.0,0.0,0.111865,0.6109,0.3
1769796432.696062,0.111865,-0.111865,1.569376057589362,0.3,0.0,0.0,1.570796,0.666667,1.0,0.0,0.111865,0.6109,0.3
1769796432.696062,0.111865,-0.111865,1.5468688773377401,0.3,0.0,0.0,1.570796,0.666667,1.0,0.0,0.111865,0.6109,0.3
1769796432.696062,0.111865,-0.111865,1.5806525428850087,0.3,0.0,0.0,1.570796,0.666667,1.0,0.0,0.111865,0.6109,0.3
1769796432.696062,0.111865,-0.111865,1.5776665230722167,0.3,0.0,0.0,1.570796,0.666667,1.0,0.0,0.111865,0.6109,0.3
1769796432.696062,0.111865,-0.111865,1.5667727137048508,0.3,0.0,0.0,1.570796,0.666667,1.0,0.0,0.111865,0.6109,0.3
1769796432.696062,0.111865,-0.111865,1.5507378828443452,0.3,0.0,0.0,1.570796,0.666667,1.0,0.0,0.111865,0.6109,0.3
1769796432.696062,0.111865,-0.111865,1.56807423171769,0.3,0.0,0.0,1.570796,0.666667,1.0,0.0,0.111865,0.6109,0.3
1769796432.696062,0.111865,-0.111865,1.5656082191015392,0.3,0.0,0.0,1.570796,0.666667,1.0,0.0,0.111865,0.6109,0.3
1769796432.696062,0.111865,-0.111865,1.5933993969047366,0.3,0.0,0.0,1.570796,0.666667,1.0,0.0,0.111865,0.6109,0.3
1769796432.696062,0.111865,-0.111865,1.5682119484646007,0.3,0.0,0.0,1.570796,0.666667,1.0,0.0,0.111865,0.6109,0.3
1769796432.696062,0.111865,-0.111865,1.567867632829368,0.3,0.0,0.0,1.570796,0.666667,1.0,0.0,0.111865,0.6109,0.3
1769796432.696062,0.111865,-0.111865,1.567062875408508,0.3,0.0,0.0,1.570796,0.666667,1.0,0.0,0.111865,0.6109,0.3
1769796432.696062,0.111865,-0.111865,1.5653833111909892,0.3,0.0,0.0,1.570796,0.666667,1.0,0.0,0.111865,0.6109,0.3
1769796432.696062,0.111865,-0.111865,1.565401897074915,0.3,0.0,0.0,1.570796,0.666667,1.0,0.0,0.111865,0.6109,0.3
1769796432.696062,0.111865,-0.111865,1.5833943610476355,0.3,0.0,0.0,1.570796,0.666667,1.0,0.0,0.111865,0.6109,0.3
1769796432.696062,0.111865,-0.111865,1.5696975703476186,0.3,0.0,0.0,1.570796,0.666667,1.0,0.0,0.111865,0.6109,0.3
1769796432.696062,0.111865,-0.111865,1.5660602397754229,0.3,0.0,0.0,1.570796,0.666667,1.0,0.0,0.111865,0.6109,0.3
1769796432.696062,0.111865,-0.111865,1.5629712750756588,0.3,0.0,0.0,1.570796,0.666667,1.0,0.0,0.111865,0.6109,0.3
1769796432.696062,0.111865,-0.111865,1.5611837687799544,0.3,0.0,0.0,1.570796,0.666667,1.0,0.0,0.111865,0.6109,0.3
1769796432.696062,0.111865,-0.111865,1.5752375279952087,0.3,0.0,0.0,1.570796,0.666667,1.0,0.0,0.111865,0.6109,0.3
1769796432.696062,0.111865,-0.111865,1.5605123963128853,0.3,0.0,0.0,1.570796,0.666667,1.0,0.0,0.111865,0.6109,0.3
1769796432.696062,0.111865,-0.111865,1.576357666752607,0.3,0.0,0.0,1.570796,0.666667,1.0,0.0,0.111865,0.6109,0.3
1769796432.696062,0.111865,-0.111865,1.5686494567755267,0.3,0.0,0.0,1.570796,0.666667,1.0,0.0,0.111865,0.6109,0.3
1769796432.696062,0.111865,-0.111865,1.5674331216010866,0.3,0.0,0.0,1.570796,0.666667,1.0,0.0,0.111865,0.6109,0.3
1769796432.696062,0.111865,-0.111865,1.5701722213064273,0.3,0.0,0.0,1.570796,0.666667,1.0,0.0,0.111865,0.6109,0.3
1769796432.696062,0.111865,-0.111865,1.5714844462866207,0.3,0.0,0.0,1.570796,0.666667,1.0,0.0,0.111865,0.6109,0.3
1769796432.696062,0.111865,-0.111865,1.5602024939796204,0.3,0.0,0.0,1.570796,0.666667,1.0,0.0,0.111865,0.6109,0.3
1769796432.696062,0.111865,-0.111865,1.5730487895059087,0.3,0.0,0.0,1.570796,0.666667,1.0,0.0,0.111865,0.6109,0.3
1769796432.696062,0.111865,-0.111865,1.5603575300927246,0.3,0.0,0.0,1.570796,0.666667,1.0,0.0,0.111865,0.6109,0.3
1769796432.696062,0.111865,-0.111865,1.563806235428,0.3,0.0,0.0,1.570796,0.666667,1.0,0.0,0.111865,0.6109,0.3
1769796432.696062,0.111865,-0.111865,1.5694471914764208,0.3,0.0,0.0,1.570796,0.666667,1.0,0.0,0.111865,0.6109,0.3
1769796432.696062,0.111865,-0.111865,1.5906836996674485,0.3,0.0,0.0,1.570796,0.666667,1.0,0.0,0.111865,0.6109,0.3
1769796432.696062,0.111865,-0.111865,1.5727170567204938,0.3,0.0,0.0,1.570796,0.666667,1.0,0.0,0.111865,0.6109,0.3
1769796432.696062,0.111865,-0.111865,1.579657360719407,0.3,0.0,0.0,1.570796,0.666667,1.0,0.0,0.111865,0.6109,0.3
1769796432.696062,0.111865,-0.111865,1.5771141367470667,0.3,0.0,0.0,1.570796,0.666667,1.0,0.0,0.111865,0.6109,0.3
1769796432.696062,0.111865,-0.111865,1.575445900000549,0.3,0.0,0.0,1.570796,0.666667,1.0,0.0,0.111865,0.6109,0.3
1769796432.696062,0.111865,-0.111865,1.5595397637347999,0.3,0.0,0.0,1.570796,0.666667,1.0,0.0,0.111865,0.6109,0.3
1769796432.696062,0.111865,-0.111865,1.5722197904404231,0.3,0.0,0.0,1.570796,0.666667,1.0,0.0,0.111865,0.6109,0.3
1769796432.696062,0.111865,-0.111865,1.552665109752469,0.3,0.0,0.0,1.570796,0.666667,1.0,0.0,0.111865,0.6109,0.3
1769796432.696062,0.111865,-0.111865,1.5418250458077818,0.3,0.0,0.0,1.570796,0.666667,1.0,0.0,0.111865,0.6109,0.3
1769796432.696062,0.111865,-0.111865,1.5661856868222317,0.3,0.0,0.0,1.570796,0.666667,1.0,0.0,0.111865,0.6109,0.3
1769796432.696062,0.111865,-0.111865,1.567442256337029,0.3,0.0,0.0,1.570796,0.666667,1.0,0.0,0.111865,0.6109,0.3
1769796432.696062,0.111865,-0.111865,1.5526200146331397,0.3,0.0,0.0,1.570796,0.666667,1.0,0.0,0.111865,0.6109,0.3
1769796432.696062,0.111865,-0.111865,1.5861511424688906,0.3,0.0,0.0,1.570796,0.666667,1.0,0.0,0.111865,0.6109,0.3
1769796432.696062,0.111865,-0.111865,1.5744243665543234,0.3,0.0,0.0,1.570796,0.666667,1.0,0.0,0.111865,0.6109,0.3
1769796432.696062,0.111865,-0.111865,1.5730348061677708,0.3,0.0,0.0,1.570796,0.666667,1.0,0.0,0.111865,0.6109,0.3
1769796432.696062,0.111865,-0.111865,1.5744957244667914,0.3,0.0,0.0,1.570796,0.666667,1.0,0.0,0.111865,0.6109,0.3
1769796432.696062,0.111865,-0.111865,1.5436155683082076,0.3,0.0,0.0,1.570796,0.666667,1.0,0.0,0.111865,0.6109,0.3
1769796432.696062,0.111865,-0.111865,1.5524512015949756,0.3,0.0,0.0,1.570796,0.666667,1.0,0.0,0.111865,0.6109,0.3
1769796432.696062,0.111865,-0.111865,1.5802212142466336,0.3,0.0,0.0,1.570796,0.666667,1.0,0.0,0.111865,0.6109,0.3
1769796432.696062,0.111865,-0.111865,1.566815609468581,0.3,0.0,0.0,1.570796,0.666667,1.0,0.0,0.111865,0.6109,0.3
1769796432.696062,0.111865,-0.111865,1.5863472030782957,0.3,0.0,0.0,1.570796,0.666667,1.0,0.0,0.111865,0.6109,0.3
1769796432.696062,0.111865,-0.111865,1.5655760935720295,0.3,0.0,0.0,1.570796,0.666667,1.0,0.0,0.111865,0.6109,0.3
1769796432.696062,0.111865,-0.111865,1.5852867170107634,0.3,0.0,0.0,1.570796,0.666667,1.0,0.0,0.111865,0.6109,0.3
1769796432.696062,0.111865,-0.111865,1.5841959007417752,0.3,0.0,0.0,1.570796,0.666667,1.0,0.0,0.111865,0.6109,0.3
1769796432.696062,0.111865,-0.111865,1.5767276894332083,0.3,0.0,0.0,1.570796,0.666667,1.0,0.0,0.111865,0.6109,0.3
1769796432.696062,0.111865,-0.111865,1.5634221203280247,0.3,0.0,0.0,1.570796,0.666667,1.0,0.0,0.111865,0.6109,0.3
1769796432.696062,0.111865,-0.111865,1.5805138202493734,0.3,0.0,0.0,1.570796,0.666667,1.0,0.0,0.111865,0.6109,0.3
1769796432.696062,0.111865,-0.111865,1.56005751721339,0.3,0.0,0.0,1.570796,0.666667,1.0,0.0,0.111865,0.6109,0.3
1769796432.696062,0.111865,-0.111865,1.5625773289109395,0.3,0.0,0.0,1.570796,0.666667,1.0,0.0,0.111865,0.6109,0.3
1769796432.696062,0.111865,-0.111865,1.5893626075728344,0.3,0.0,0.0,1.570796,0.666667,1.0,0.0,0.111865,0.6109,0.3
1769796432.696062,0.111865,-0.111865,1.570656021818603,0.3,0.0,0.0,1.570796,0.666667,1.0,0.0,0.111865,0.6109,0.3
1769796432.696062,0.111865,-0.111865,1.5728931548912732,0.3,0.0,0.0,1.570796,0.666667,1.0,0.0,0.111865,0.6109,0.3
1769796432.696062,0.111865,-0.111865,1.586361656272453,0.3,0.0,0.0,1.570796,0.666667,1.0,0.0,0.111865,0.6109,0.3
1769796432.696062,0.111865,-0.111865,1.583312576124817,0.3,0.0,0.0,1.570796,0.666667,1.0,0.0,0.111865,0.6109,0.3
1769796432.696062,0.111865,-0.111865,1.5712671284336588,0.3,0.0,0.0,1.570796,0.666667,1.0,0.0,0.111865,0.6109,0.3
1769796432.696062,0.111865,-0.111865,1.5832201081773805,0.3,0.0,0.0,1.570796,0.666667,1.0,0.0,0.111865,0.6109,0.3
1769796432.696062,0.111865,-0.111865,1.5686964397629775,0.3,0.0,0.0,1.570796,0.666667,1.0,0.0,0.111865,0.6109,0.3
1769796432.696062,0.111865,-0.111865,1.5804203014788567,0.3,0.0,0.0,1.570796,0.666667,1.0,0.0,0.111865,0.6109,0.3
1769796432.696062,0.111865,-0.111865,1.5732688787429263,0.3,0.0,0.0,1.570796,0.666667,1.0,0.0,0.111865,0.6109,0.3
1769796432.696062,0.111865,-0.111865,1.5574272631275652,0.3,0.0,0.0,1.570796,0.666667,1.0,0.0,0.111865,0.6109,0.3
1769796432.696062,0.111865,-0.111865,1.5560605865194628,0.3,0.0,0.0,1.570796,0.666667,1.0,0.0,0.111865,0.6109,0.3
1769796432.696062,0.111865,-0.111865,1.556423653097356,0.3,0.0,0.0,1.570796,0.666667,1.0,0.0,0.111865,0.6109,0.3
1769796432.696062,0.111865,-0.111865,1.5616563917280766,0.3,0.0,0.0,1.570796,0.666667,1.0,0.0,0.111865,0.6109,0.3
1769796432.696062,0.111865,-0.111865,1.5693064028746093,0.3,0.0,0.0,1.570796,0.666667,1.0,0.0,0.111865,0.6109,0.3
1769796432.696062,0.111865,-0.111865,1.5741493285047712,0.3,0.0,0.0,1.570796,0.666667,1.0,0.0,0.111865,0.6109,0.3
1769796432.696062,0.111865,-0.111865,1.5607483062629401,0.3,0.0,0.0,1.570796,0.666667,1.0,0.0,0.111865,0.6109,0.3
1769796432.696062,0.111865,-0.111865,1.566639274044514,0.3,0.0,0.0,1.570796,0.666667,1.0,0.0,0.111865,0.6109,0.3
1769796432.696062,0.111865,-0.111865,1.5793051744447921,0.3,0.0,0.0,1.570796,0.666667,1.0,0.0,0.111865,0.6109,0.3
1769796432.696062,0.111865,-0.111865,1.5746779849063828,0.3,0.0,0.0,1.570796,0.666667,1.0,0.0,0.111865,0.6109,0.3
1769796432.696062,0.111865,-0.111865,1.5672912729110533,0.3,0.0,0.0,1.570796,0.666667,1.0,0.0,0.111865,0.6109,0.3
1769796432.696062,0.111865,-0.111865,1.5903026070747872,0.3,0.0,0.0,1.570796,0.666667,1.0,0.0,0.111865,0.6109,0.3
1769796432.696062,0.111865,-0.111865,1.5679295706565355,0.3,0.0,0.0,1.570796,0.666667,1.0,0.0,0.111865,0.6109,0.3
1769796432.696062,0.111865,-0.111865,1.5606249075339123,0.3,0.0,0.0,1.570796,0.666667,1.0,0.0,0.111865,0.6109,0.3
1769796432.696062,0.111865,-0.111865,1.5790353570506896,0.3,0.0,0.0,1.570796,0.666667,1.0,0.0,0.111865,0.6109,0.3
1769796432.696062,0.111865,-0.111865,1.5712905848201055,0.3,0.0,0.0,1.570796,0.666667,1.0,0.0,0.111865,0.6109,0.3
1769796432.696062,0.111865,-0.111865,1.5726855158439133,0.3,0.0,0.0,1.570796,0.666667,1.0,0.0,0.111865,0.6109,0.3
1769796432.696062,0.111865,-0.111865,1.5803329600467177,0.3,0.0,0.0,1.570796,0.666667,1.0,0.0,0.111865,0.6109,0.3
1769796432.696062,0.111865,-0.111865,1.5742311641238806,0.3,0.0,0.0,1.570796,0.666667,1.0,0.0,0.111865,0.6109,0.3
1769796432.696062,0.111865,-0.111865,1.5641831923415843,0.3,0.0,0.0,1.570796,0.666667,1.0,0.0,0.111865,0.6109,0.3
1769796432.696062,0.111865,-0.111865,1.5750048436694777,0.3,0.0,0.0,1.570796,0.666667,1.0,0.0,0.111865,0.6109,0.3
1769796432.696062,0.111865,-0.111865,1.5901205541794754,0.3,0.0,0.0,1.570796,0.666667,1.0,0.0,0.111865,0.6109,0.3
1769796432.696062,0.111865,-0.111865,1.5817005115847016,0.3,0.0,0.0,1.570796,0.666667,1.0,0.0,0.111865,0.6109,0.3
1769796432.696062,0.111865,-0.111865,1.5586399330894039,0.3,0.0,0.0,1.570796,0.666667,1.0,0.0,0.111865,0.6109,0.3
1769796432.696062,0.111865,-0.111865,1.5841901615438567,0.3,0.0,0.0,1.570796,0.666667,1.0,0.0,0.111865,0.6109,0.3
1769796432.696062,0.111865,-0.111865,1.5748465388546011,0.3,0.0,0.0,1.570796,0.666667,1.0,0.0,0.111865,0.6109,0.3
1769796432.696062,0.111865,-0.111865,1.57137575668263,0.3,0.0,0.0,1.570796,0.666667,1.0,0.0,0.111865,0.6109,0.3
1769796432.696062,0.111865,-0.111865,1.5819102416279136,0.3,0.0,0.0,1.570796,0.666667,1.0,0.0,0.111865,0.6109,0.3
1769796432.696062,0.111865,-0.111865,1.588130062172166,0.3,0.0,0.0,1.570796,0.666667,1.0,0.0,0.111865,0.6109,0.3
1769796432.696062,0.111865,-0.111865,1.5863554201517824,0.3,0.0,0.0,1.570796,0.666667,1.0,0.0,0.111865,0.6109,0.3
1769796432.696062,0.111865,-0.111865,1.5779995558068682,0.3,0.0,0.0,1.570796,0.666667,1.0,0.0,0.111865,0.6109,0.3
1769796432.696062,0.111865,-0.111865,1.564441771590778,0.3,0.0,0.0,1.570796,0.666667,1.0,0.0,0.111865,0.6109,0.3
1769796432.696062,0.111865,-0.111865,1.5980671861419746,0.3,0.0,0.0,1.570796,0.666667,1.0,0.0,0.111865,0.6109,0.3
1769796432.696062,0.111865,-0.111865,1.5732179990766788,0.3,0.0,0.0,1.570796,0.666667,1.0,0.0,0.111865,0.6109,0.3
1769796432.696062,0.111865,-0.111865,1.5669911412557656,0.3,0.0,0.0,1.570796,0.666667,1.0,0.0,0.111865,0.6109,0.3
1769796432.696062,0.111865,-0.111865,1.5687026843153151,0.3,0.0,0.0,1.570796,0.666667,1.0,0.0,0.111865,0.6109,0.3
1769796432.696062,0.111865,-0.111865,1.5737658062521864,0.3,0.0,0.0,1.570796,0.666667,1.0,0.0,0.111865,0.6109,0.3
1769796432.696062,0.111865,-0.111865,1.571863618942703,0.3,0.0,0.0,1.570796,0.666667,1.0,0.0,0.111865,0.6109,0.3
1769796432.696062,0.111865,-0.111865,1.562231158503946,0.3,0.0,0.0,1.570796,0.666667,1.0,0.0,0.111865,0.6109,0.3
1769796432.696062,0.111865,-0.111865,1.568199687992029,0.3,0.0,0.0,1.570796,0.666667,1.0,0.0,0.111865,0.6109,0.3
1769796432.696062,0.111865,-0.111865,1.5698031682270472,0.3,0.0,0.0,1.570796,0.666667,1.0,0.0,0.111865,0.6109,0.3
1769796432.696062,0.111865,-0.111865,1.5739489459559504,0.3,0.0,0.0,1.570796,0.666667,1.0,0.0,0.111865,0.6109,0.3
1769796432.696062,0.111865,-0.111865,1.561750611296856,0.3,0.0,0.0,1.570796,0.666667,1.0,0.0,0.111865,0.6109,0.3
1769796432.696062,0.111865,-0.111865,1.554645587775766,0.3,0.0,0.0,1.570796,0.666667,1.0,0.0,0.111865,0.6109,0.3
1769796432.696062,0.111865,-0.111865,1.5727997118383121,0.3,0.0,0.0,1.570796,0.666667,1.0,0.0,0.111865,0.6109,0.3
1769796432.696062,0.111865,-0.111865,1.5800037046071225,0.3,0.0,0.0,1.570796,0.666667,1.0,0.0,0.111865,0.6109,0.3
1769796432.696062,0.111865,-0.111865,1.5783349536687,0.3,0.0,0.0,1.570796,0.666667,1.0,0.0,0.111865,0.6109,0.3
1769796432.696062,0.111865,-0.111865,1.5720005434293003,0.3,0.0,0.0,1.570796,0.666667,1.0,0.0,0.111865,0.6109,0.3
1769796432.696062,0.111865,-0.111865,1.569654564947653,0.3,0.0,0.0,1.570796,0.666667,1.0,0.0,0.111865,0.6109,0.3
1769796432.696062,0.111865,-0.111865,1.544758928076892,0.3,0.0,0.0,1.570796,0.666667,1.0,0.0,0.111865,0.6109,0.3
1769796432.696062,0.111865,-0.111865,1.5572874958512515,0.3,0.0,0.0,1.570796,0.666667,1.0,0.0,0.111865,0.6109,0.3
1769796432.696062,0.111865,-0.111865,1.5780253497311114,0.3,0.0,0.0,1.570796,0.666667,1.0,0.0,0.111865,0.6109,0.3
1769796432.696062,0.111865,-0.111865,1.5710947081473539,0.3,0.0,0.0,1.570796,0.666667,1.0,0.0,0.111865,0.6109,0.3
1769796432.696062,0.111865,-0.111865,1.5637890348442995,0.3,0.0,0.0,1.570796,0.666667,1.0,0.0,0.111865,0.6109,0.3
1769796432.696062,0.111865,-0.111865,1.5694422125945093,0.3,0.0,0.0,1.570796,0.666667,1.0,0.0,0.111865,0.6109,0.3
1769796432.696062,0.111865,-0.111865,1.571281883634658,0.3,0.0,0.0,1.570796,0.666667,1.0,0.0,0.111865,0.6109,0.3
1769796432.696062,0.111865,-0.111865,1.5746947448404447,0.3,0.0,0.0,1.570796,0.666667,1.0,0.0,0.111865,0.6109,0.3
1769796432.696062,0.111865,-0.11228525,1.568626619186596,0.3,0.0,0.0,1.570796,0.666667,1.0,0.0,0.111865,0.6109,0.3
1769796432.696062,0.113546,-0.11355241666666667,1.568432602341004,0.3,0.0,0.0,1.570796,0.666667,1.0,0.0,0.11312575,0.6109,0.3
1769796453.516712,0.11693366666666666,-0.1161295,1.5821099493354485,0.3,0.0,0.0,1.570796,0.666667,1.0,0.0,0.1156665,0.6109,0.3
1769796453.536728,0.12217333333333334,-0.12006883333333333,1.5673898798939745,0.3,0.0,0.0,1.570796,0.666667,1.0,0.0,0.11959625000000002,0.6109,0.3
1769796453.557095,0.12762233333333334,-0.12499241666666668,1.5813448635433076,0.3,0.0,0.0,1.570796,0.666667,1.0,0.0,0.12494374999999999,0.6109,0.3
1769796453.577327,0.13324033333333335,-0.13049491666666665,1.5800625253318896,0.3,0.0,0.0,1.570796,0.666667,1.0,0.0,0.13043725,0.6109,0.3
1769796453.597773,0.13887266666666667,-0.10472633333333335,1.564609415793924,0.3,0.0,0.0,1.570796,0.666667,1.0,0.0,0.13610375,0.6109,0.3
1769796453.618086,0.14446366666666666,-0.07903266666666665,1.6232837793256938,0.3,-0.00296,0.094186,1.633628,0.666667,1.0,0.094232,0.141824,0.6109,0.3
1769796453.638347,0.14999366666666666,-0.05335041666666666,1.6481708328841829,0.3,-0.00296,0.094186,1.633628,0.666667,1.0,0.094232,0.14754224999999999,0.6109,0.3
1769796453.658753,0.15543566666666667,-0.059017583333333325,1.6238726579458178,0.3,-0.00296,0.094186,1.633628,0.666667,1.0,0.094232,0.153243,0.6109,0.3
1769796453.679026,0.16072866666666666,-0.06457299999999999,1.6493710733625744,0.3,-0.00296,0.094186,1.633628,0.666667,1.0,0.094232,0.1588255,0.6109,0.3
1769796453.700044,0.16577833333333333,-0.06995433333333334,1.6407081289342904,0.3,-0.00296,0.094186,1.633628,0.666667,1.0,0.094232,0.1642085,0.6109,0.3
1769796453.719728,0.17057699999999998,-0.07513025,1.6327603099280938,0.3,-0.00296,0.094186,1.633628,0.666667,1.0,0.094232,0.169387,0.6109,0.3
1769796453.740044,0.17515633333333333,-0.08009975,1.630408478745816,0.3,-0.00296,0.094186,1.633628,0.666667,1.0,0.094232,0.17435325,0.6109,0.3
1769796453.760077,0.17958566666666664,-0.08488516666666666,1.6357388719765484,0.3,-0.00296,0.094186,1.633628,0.666667,1.0,0.094232,0.179117,0.6109,0.3
1769796453.78039,0.18387166666666666,-0.08951575,1.6497433478320227,0.3,-0.00296,0.094186,1.633628,0.666667,1.0,0.094232,0.18374325,0.6109,0.3
1769796453.801115,0.18803433333333333,-0.09402866666666666,1.6375255008864822,0.3,-0.00296,0.094186,1.633628,0.666667,1.0,0.094232,0.188245,0.6109,0.3
1769796453.82102,0.19212966666666667,-0.09845750000000002,1.6467410731175818,0.3,-0.00296,0.094186,1.633628,0.666667,1.0,0.094232,0.19265575000000001,0.6109,0.3
1769796453.841658,0.19620533333333334,-0.10284933333333333,1.636354735364125,0.3,-0.00296,0.094186,1.633628,0.666667,1.0,0.094232,0.19702975,0.6109,0.3
1769796453.861861,0.20032533333333333,-0.10725849999999999,1.63487951817354,0.3,-0.00296,0.094186,1.633628,0.666667,1.0,0.094232,0.2014205,0.6109,0.3
1769796453.881905,0.204541,-0.111718,1.6348007798319928,0.3,-0.00296,0.094186,1.633628,0.666667,1.0,0.094232,0.20588325000000002,0.6109,0.3
1769796453.902012,0.208825,-0.11623399999999999,1.6322487045618799,0.3,-0.00296,0.094186,1.633628,0.666667,1.0,0.094232,0.21040825,0.6109,0.3
1769796453.92239,0.21311499999999997,-0.12077933333333334,1.634179659918574,0.3,-0.00296,0.094186,1.633628,0.666667,1.0,0.094232,0.2149685,0.6109,0.3
1769796453.942568,0.21733833333333333,-0.12531108333333332,1.6228924625920842,0.3,-0.00296,0.094186,1.633628,0.666667,1.0,0.094232,0.21951925,0.6109,0.3
1769796453.962808,0.22148299999999999,-0.12978683333333332,1.632017243272235,0.3,-0.00296,0.094186,1.633628,0.666667,1.0,0.094232,0.2240035,0.6109,0.3
1769796453.982892,0.22552633333333336,-0.13416316666666667,1.6172188529079974,0.3,-0.00296,0.094186,1.633628,0.666667,1.0,0.094232,0.22839575,0.6109,0.3
1769796454.003194,0.22940366666666664,-0.13840758333333333,1.632809737161429,0.3,-0.00296,0.094186,1.633628,0.666667,1.0,0.094232,0.23264825,0.6109,0.3
1769796454.023688,0.2330846666666667,-0.14249575,1.64035778906998,0.3,-0.00296,0.094186,1.633628,0.666667,1.0,0.094232,0.23673675,0.6109,0.3
1769796454.043858,0.23658666666666664,-0.14642383333333334,1.6496902192419798,0.3,-0.00296,0.094186,1.633628,0.666667,1.0,0.094232,0.24066025,0.6109,0.3
1769796454.064022,0.239968,-0.15021666666666667,1.6443004230859624,0.3,-0.00296,0.094186,1.633628,0.666667,1.0,0.094232,0.2444325,0.6109,0.3
1769796454.084193,0.24325700000000003,-0.12265541666666668,1.6360220890135828,0.3,-0.00296,0.094186,1.633628,0.666667,1.0,0.094232,0.24811525,0.6109,0.3
1769796454.104629,0.24645233333333336,-0.09506116666666668,1.692282090065834,0.3,-0.011828,0.188,1.69646,0.666667,1.0,0.188465,0.25179050000000003,0.6109,0.3
1769796454.124884,0.24955333333333338,-0.06746275,1.7113687130637705,0.3,-0.011828,0.188,1.69646,0.666667,1.0,0.188465,0.25546375,0.6109,0.3
1769796454.145433,0.2525543333333333,-0.07112541666666665,1.7080837372158624,0.3,-0.011828,0.188,1.69646,0.666667,1.0,0.188465,0.259134,0.6109,0.3
1769796454.165864,0.2554496666666667,-0.0747478333333333,1.698286802093088,0.3,-0.011828,0.188,1.69646,0.666667,1.0,0.188465,0.26277849999999997,0.6109,0.3
1769796454.185754,0.258233,-0.07829674999999998,1.6831742099166853,0.3,-0.011828,0.188,1.69646,0.666667,1.0,0.188465,0.266331,0.6109,0.3
1769796454.206185,0.2609033333333333,-0.08174516666666666,1.6892386892126043,0.3,-0.011828,0.188,1.69646,0.666667,1.0,0.188465,0.26978075,0.6109,0.3
1769796454.226492,0.26345900000000005,-0.08508783333333335,1.7082961981343265,0.3,-0.011828,0.188,1.69646,0.666667,1.0,0.188465,0.27312375,0.6109,0.3
1769796454.246762,0.26589966666666665,-0.08832258333333333,1.6884904994387782,0.3,-0.011828,0.188,1.69646,0.666667,1.0,0.188465,0.276359,0.6109,0.3
1769796454.266861,0.26822366666666664,-0.09144833333333334,1.677471613795899,0.3,-0.011828,0.188,1.69646,0.666667,1.0,0.188465,0.279485,0.6109,0.3
1769796454.286884,0.27043100000000003,-0.09446391666666666,1.7051845795301668,0.3,-0.011828,0.188,1.69646,0.666667,1.0,0.188465,0.282501,0.6109,0.3
1769796454.30729,0.27252000000000004,-0.09736833333333333,1.7034755691992483,0.3,-0.011828,0.188,1.69646,0.666667,1.0,0.188465,0.28540575,0.6109,0.3
1769796454.327661,0.2744906666666667,-0.1001605,1.7061848999353064,0.3,-0.011828,0.188,1.69646,0.666667,1.0,0.188465,0.28819825,0.6109,0.3
1769796454.347677,0.2763416666666667,-0.10283933333333334,1.7112034430978598,0.3,-0.011828,0.188,1.69646,0.666667,1.0,0.188465,0.2908775,0.6109,0.3
1769796454.368258,0.278073,-0.10540475,1.6886858218253966,0.3,-0.011828,0.188,1.69646,0.666667,1.0,0.188465,0.29344225,0.6109,0.3
1769796454.388376,0.27969099999999997,-0.10785775000000002,1.7047359658332868,0.3,-0.011828,0.188,1.69646,0.666667,1.0,0.188465,0.2958945,0.6109,0.3
1769796454.408751,0.281202,-0.11020058333333334,1.697426342490044,0.3,-0.011828,0.188,1.69646,0.666667,1.0,0.188465,0.2982365,0.6109,0.3
1769796454.42924,0.2826106666666667,-0.11243625,1.693588464537904,0.3,-0.011828,0.188,1.69646,0.666667,1.0,0.188465,0.30047075,0.6109,0.3
1769796454.449399,0.28391800000000006,-0.11457574999999999,1.6998120648000825,0.3,-0.011828,0.188,1.69646,0.666667,1.0,0.188465,0.30260149999999997,0.6109,0.3
1769796454.469829,0.2851576666666667,-0.11667791666666666,1.6917309829831382,0.3,-0.011828,0.188,1.69646,0.666667,1.0,0.188465,0.304655,0.6109,0.3
1769796454.490079,0.2864096666666667,-0.08778125000000002,1.7035077145216901,0.3,-0.011828,0.188,1.69646,0.666667,1.0,0.188465,0.30677725,0.6109,0.3
1769796454.510503,0.28767499999999996,-0.05896358333333337,1.7521024355395485,0.3,-0.026569,0.281072,1.759292,0.666667,1.0,0.282697,0.3089835,0.6109,0.3
1769796454.530722,0.288919,-0.030221583333333375,1.7551675106025009,0.3,-0.026569,0.281072,1.759292,0.666667,1.0,0.282697,0.31127400000000005,0.6109,0.3
1769796454.55073,0.290062,-0.03252000000000003,1.7516703296503937,0.3,-0.026569,0.281072,1.759292,0.666667,1.0,0.282697,0.31362325,0.6109,0.3
1769796454.570659,0.29109066666666666,-0.03475325000000001,1.7594174825797129,0.3,-0.026569,0.281072,1.759292,0.666667,1.0,0.282697,0.31587875,0.6109,0.3
1769796454.59078,0.291941,-0.03682483333333334,1.7628583331674081,0.3,-0.026569,0.281072,1.759292,0.666667,1.0,0.282697,0.31797375,0.6109,0.3
1769796454.611079,0.29252933333333336,-0.03868800000000002,1.7439250310711651,0.3,-0.026569,0.281072,1.759292,0.666667,1.0,0.282697,0.319838,0.6109,0.3
1769796454.631704,0.29286,-0.04031966666666668,1.756852350332364,0.3,-0.026569,0.281072,1.759292,0.666667,1.0,0.282697,0.32146825,0.6109,0.3
1769796454.651872,0.29299433333333336,-0.041736833333333355,1.7512921249884046,0.3,-0.026569,0.281072,1.759292,0.666667,1.0,0.282697,0.32286875,0.6109,0.3
1769796454.672191,0.2930126666666667,-0.04297891666666668,1.7364832355770192,0.3,-0.026569,0.281072,1.759292,0.666667,1.0,0.282697,0.32408950000000003,0.6109,0.3
1769796454.692954,0.29291566666666663,-0.04408400000000003,1.745614164879429,0.3,-0.026569,0.281072,1.759292,0.666667,1.0,0.282697,0.3251945,0.6109,0.3
1769796454.712782,0.292703,-0.045075083333333356,1.7649729413124304,0.3,-0.026569,0.281072,1.759292,0.666667,1.0,0.282697,0.32618400000000003,0.6109,0.3
1769796454.732927,0.292383,-0.04595608333333336,1.7546881064192137,0.3,-0.026569,0.281072,1.759292,0.666667,1.0,0.282697,0.32706275,0.6109,0.3
1769796454.753318,0.29197,-0.04673100000000002,1.7756156619532413,0.3,-0.026569,0.281072,1.759292,0.666667,1.0,0.282697,0.3278375,0.6109,0.3
1769796454.773968,0.2914596666666667,-0.04740283333333336,1.7566003106647619,0.3,-0.026569,0.281072,1.759292,0.666667,1.0,0.282697,0.32850875,0.6109,0.3
1769796454.794286,0.29083866666666663,-0.04797050000000003,1.7444822021894146,0.3,-0.026569,0.281072,1.759292,0.666667,1.0,0.282697,0.32907825,0.6109,0.3
1769796454.814549,0.2900936666666667,-0.04842975000000003,1.7654452362865287,0.3,-0.026569,0.281072,1.759292,0.666667,1.0,0.282697,0.3295405,0.6109,0.3
1769796454.83492,0.2892253333333334,-0.04877158333333337,1.7507421785416333,0.3,-0.026569,0.281072,1.759292,0.666667,1.0,0.282697,0.3298865,0.6109,0.3
1769796454.854936,0.288607,-0.04900175000000003,1.7685707963173114,0.3,-0.026569,0.281072,1.759292,0.666667,1.0,0.282697,0.33010375000000003,0.6109,0.3
1769796454.854936,0.28790033333333337,-0.04916033333333336,1.7599587383224815,0.3,-0.026569,0.281072,1.759292,0.666667,1.0,0.282697,0.330231,0.6109,0.3
1769796454.875404,0.287096,-0.01863766666666668,1.7599773999739514,0.3,-0.026569,0.281072,1.759292,0.666667,1.0,0.282697,0.33036225,0.6109,0.3
1769796454.895756,0.285814,0.011876499999999993,1.8119563937824168,0.3,-0.047125,0.373035,1.822124,0.666667,1.0,0.376929,0.33049875,0.6109,0.3
1769796454.916055,0.2843896666666667,0.042392583333333345,1.8378084769477205,0.3,-0.047125,0.373035,1.822124,0.666667,1.0,0.376929,0.3306515,0.6109,0.3
1769796454.936518,0.28283300000000006,0.04229908333333334,1.8162618203355487,0.3,-0.047125,0.373035,1.822124,0.666667,1.0,0.376929,0.330777,0.6109,0.3
1769796454.957046,0.28115399999999996,0.04229508333333334,1.8246802720192439,0.3,-0.047125,0.373035,1.822124,0.666667,1.0,0.376929,0.33077925,0.6109,0.3
1769796454.97704,0.2793656666666667,0.042409416666666665,1.8107395967583741,0.3,-0.047125,0.373035,1.822124,0.666667,1.0,0.376929,0.3306635,0.6109,0.3
1769796454.997818,0.27748100000000003,0.042637666666666664,1.8111702192972938,0.3,-0.047125,0.373035,1.822124,0.666667,1.0,0.376929,0.330434,0.6109,0.3
1769796455.017691,0.2755053333333333,0.042975416666666655,1.825218338290553,0.3,-0.047125,0.373035,1.822124,0.666667,1.0,0.376929,0.3300945,0.6109,0.3
1769796455.038554,0.27343500000000004,0.04341866666666666,1.8217126668573331,0.3,-0.047125,0.373035,1.822124,0.666667,1.0,0.376929,0.32965025000000003,0.6109,0.3
1769796455.058237,0.27127266666666666,0.04396775000000001,1.8386274131417417,0.3,-0.047125,0.373035,1.822124,0.666667,1.0,0.376929,0.32910425,0.6109,0.3
1769796455.078577,0.26901,0.044625666666666695,1.8409951290703945,0.3,-0.047125,0.373035,1.822124,0.666667,1.0,0.376929,0.32844724999999997,0.6109,0.3
1769796455.098773,0.2666446666666667,0.04539233333333335,1.8347909012228385,0.3,-0.047125,0.373035,1.822124,0.666667,1.0,0.376929,0.3276765,0.6109,0.3
1769796455.118799,0.26418800000000003,0.046264000000000007,1.818869017282575,0.3,-0.047125,0.373035,1.822124,0.666667,1.0,0.376929,0.32680425,0.6109,0.3
1769796455.138969,0.2616593333333333,0.04723025000000001,1.8283697976068753,0.3,-0.047125,0.373035,1.822124,0.666667,1.0,0.376929,0.32583225,0.6109,0.3
1769796455.159171,0.2590676666666667,0.04828325000000002,1.8177635137398218,0.3,-0.047125,0.373035,1.822124,0.666667,1.0,0.376929,0.32477775,0.6109,0.3
1769796455.179725,0.256395,0.049420166666666675,1.8151022411787658,0.3,-0.047125,0.373035,1.822124,0.666667,1.0,0.376929,0.32364525,0.6109,0.3
1769796455.19991,0.253632,0.05064633333333333,1.8341847084546252,0.3,-0.047125,0.373035,1.822124,0.666667,1.0,0.376929,0.3224215,0.6109,0.3
1769796455.220042,0.2507726666666667,0.051943666666666666,1.8109786295626547,0.3,-0.047125,0.373035,1.822124,0.666667,1.0,0.376929,0.32109925,0.6109,0.3
1769796455.240502,0.24781600000000004,0.08344808333333335,1.8278978397835515,0.3,-0.047125,0.373035,1.822124,0.666667,1.0,0.376929,0.31975325,0.6109,0.3
1769796455.260765,0.24476500000000004,0.11496525000000002,1.8947106634571234,0.3,-0.073415,0.463525,1.884956,0.666667,1.0,0.471161,0.31839825,0.6109,0.3
1769796455.280783,0.24162300000000003,0.14648541666666667,1.8858841509762594,0.3,-0.073415,0.463525,1.884956,0.666667,1.0,0.471161,0.31703775,0.6109,0.3
1769796455.300892,0.23840400000000003,0.14785975,1.8932906099052684,0.3,-0.073415,0.463525,1.884956,0.666667,1.0,0.471161,0.31568275,0.6109,0.3
1769796455.321274,0.23513233333333336,0.14926116666666667,1.8923841227505807,0.3,-0.073415,0.463525,1.884956,0.666667,1.0,0.471161,0.31427525,0.6109,0.3
1769796455.342006,0.23184133333333334,0.15069783333333334,1.8989269097252832,0.3,-0.073415,0.463525,1.884956,0.666667,1.0,0.471161,0.31283350000000004,0.6109,0.3
1769796455.361904,0.22853900000000002,0.15217225,1.8862730836368562,0.3,-0.073415,0.463525,1.884956,0.666667,1.0,0.471161,0.31137275,0.6109,0.3
1769796455.382065,0.22517,0.1537185,1.882327896795089,0.3,-0.073415,0.463525,1.884956,0.666667,1.0,0.471161,0.309852,0.6109,0.3
1769796455.402679,0.22164133333333336,0.15540075,1.89429670134587,0.3,-0.073415,0.463525,1.884956,0.666667,1.0,0.471161,0.30819475,0.6109,0.3
1769796455.422923,0.21786666666666668,0.15727866666666668,1.8830086150633798,0.3,-0.073415,0.463525,1.884956,0.666667,1.0,0.471161,0.306326,0.6109,0.3
1769796455.44304,0.21386366666666667,0.1593774166666667,1.9058058786523697,0.3,-0.073415,0.463525,1.884956,0.666667,1.0,0.471161,0.30421825,0.6109,0.3
1769796455.463432,0.20968833333333337,0.16168025,1.8773210533925169,0.3,-0.073415,0.463525,1.884956,0.666667,1.0,0.471161,0.3018985,0.6109,0.3
1769796455.483636,0.205407,0.16414716666666668,1.886825276274102,0.3,-0.073415,0.463525,1.884956,0.666667,1.0,0.471161,0.2994175,0.6109,0.3
1769796455.503889,0.20103533333333334,0.1667455,1.8837758583906028,0.3,-0.073415,0.463525,1.884956,0.666667,1.0,0.471161,0.2968175,0.6109,0.3
1769796455.523849,0.19657166666666667,0.1694591666666667,1.8929065193474677,0.3,-0.073415,0.463525,1.884956,0.666667,1.0,0.471161,0.2941035,0.6109,0.3
1769796455.544074,0.19201766666666667,0.17228583333333336,1.8733191881722904,0.3,-0.073415,0.463525,1.884956,0.666667,1.0,0.471161,0.2912765,0.6109,0.3
1769796455.564459,0.187372,0.17522525000000003,1.8999952192457876,0.3,-0.073415,0.463525,1.884956,0.666667,1.0,0.471161,0.28833749999999997,0.6109,0.3
1769796455.584689,0.18263933333333338,0.17827550000000003,1.8764148224726915,0.3,-0.073415,0.463525,1.884956,0.666667,1.0,0.471161,0.28528525,0.6109,0.3
1769796455.604874,0.17782133333333336,0.21095975000000003,1.894983310316383,0.3,-0.073415,0.463525,1.884956,0.666667,1.0,0.471161,0.28212574999999995,0.6109,0.3
1769796455.625155,0.17292000000000005,0.24369125000000003,1.9441867532274213,0.3,-0.105335,0.552187,1.947787,0.666667,1.0,0.565394,0.27894674999999997,0.6109,0.3
1769796455.645552,0.16794,0.2764254166666667,1.9562091125795658,0.3,-0.105335,0.552187,1.947787,0.666667,1.0,0.565394,0.27575275,0.6109,0.3
1769796455.665715,0.16291433333333336,0.2795714166666667,1.9604588890864885,0.3,-0.105335,0.552187,1.947787,0.666667,1.0,0.565394,0.27258525,0.6109,0.3
1769796455.685882,0.15791500000000003,0.28267608333333333,1.9399447878584615,0.3,-0.105335,0.552187,1.947787,0.666667,1.0,0.565394,0.26950874999999996,0.6109,0.3
1769796455.706991,0.15295333333333336,0.2857458333333333,1.9695662679759485,0.3,-0.105335,0.552187,1.947787,0.666667,1.0,0.565394,0.26643875,0.6109,0.3
1769796455.726891,0.14800466666666667,0.28882041666666664,1.9450010111562788,0.3,-0.105335,0.552187,1.947787,0.666667,1.0,0.565394,0.263376,0.6109,0.3
1769796455.746706,0.1430036666666667,0.29193183333333333,1.953539847920314,0.3,-0.105335,0.552187,1.947787,0.666667,1.0,0.565394,0.26028500000000004,0.6109,0.3
1769796455.766718,0.13794266666666669,0.29511099999999996,1.9551240272676622,0.3,-0.105335,0.552187,1.947787,0.666667,1.0,0.565394,0.2571045,0.6109,0.3
1769796455.787134,0.13282133333333335,0.2983713333333333,1.946473339086237,0.3,-0.105335,0.552187,1.947787,0.666667,1.0,0.565394,0.2538385,0.6109,0.3
1769796455.807736,0.12766666666666668,0.3016965,1.9305036981250678,0.3,-0.105335,0.552187,1.947787,0.666667,1.0,0.565394,0.250504,0.6109,0.3
1769796455.827974,0.12252166666666668,0.30506266666666665,1.9427276014126083,0.3,-0.105335,0.552187,1.947787,0.666667,1.0,0.565394,0.247129,0.6109,0.3
1769796455.848055,0.11742600000000002,0.30844241666666666,1.9465060431134318,0.3,-0.105335,0.552187,1.947787,0.666667,1.0,0.565394,0.24374,0.6109,0.3
1769796455.868335,0.11239500000000002,0.31181966666666666,1.9434933370740506,0.3,-0.105335,0.552187,1.947787,0.666667,1.0,0.565394,0.24036475,0.6109,0.3
1769796455.888493,0.10740166666666669,0.315196,1.9346788111829956,0.3,-0.105335,0.552187,1.947787,0.666667,1.0,0.565394,0.23699725,0.6109,0.3
1769796455.908983,0.10240933333333335,0.3185978333333333,1.9477616019042534,0.3,-0.105335,0.552187,1.947787,0.666667,1.0,0.565394,0.23361099999999999,0.6109,0.3
1769796455.929132,0.09735866666666669,0.3220766666666666,1.9421488550482386,0.3,-0.105335,0.552187,1.947787,0.666667,1.0,0.565394,0.23015924999999998,0.6109,0.3
1769796455.949528,0.09218366666666668,0.3257,1.941859954504192,0.3,-0.105335,0.552187,1.947787,0.666667,1.0,0.565394,0.22656075,0.6109,0.3
1769796455.969673,0.0868196666666667,0.32952133333333333,1.9634249988453578,0.3,-0.105335,0.552187,1.947787,0.666667,1.0,0.565394,0.222741,0.6109,0.3
1769796455.990091,0.08128533333333336,0.3335584166666667,1.9483985206737147,0.3,-0.105335,0.552187,1.947787,0.666667,1.0,0.565394,0.21869525,0.6109,0.3
1769796456.010731,0.07564366666666668,0.33778383333333334,1.9462941063669625,0.3,-0.105335,0.552187,1.947787,0.666667,1.0,0.565394,0.21444950000000002,0.6109,0.3
1769796456.030655,0.06997200000000002,0.34212974999999995,1.9371566392550827,0.3,-0.105335,0.552187,1.947787,0.666667,1.0,0.565394,0.21006475,0.6109,0.3
1769796456.050956,0.06425400000000002,0.37536275,1.960955885937472,0.3,-0.105335,0.552187,1.947787,0.666667,1.0,0.565394,0.2056575,0.6109,0.3
1769796456.07093,0.05846000000000002,0.4086160833333334,2.012808665857045,0.3,-0.142759,0.638669,2.010619,0.666667,1.0,0.659626,0.2012325,0.6109,0.3
1769796456.091321,0.052578000000000014,0.44188775,2.017434275578331,0.3,-0.142759,0.638669,2.010619,0.666667,1.0,0.659626,0.19678675,0.6109,0.3
1769796456.111731,0.04664100000000002,0.4463640833333334,2.0177366926912588,0.3,-0.142759,0.638669,2.010619,0.666667,1.0,0.659626,0.1923245,0.6109,0.3
1769796456.131833,0.04067966666666669,0.45087816666666675,2.0148407042016645,0.3,-0.142759,0.638669,2.010619,0.666667,1.0,0.659626,0.18780349999999998,0.6109,0.3
1769796456.152012,0.034714333333333354,0.45542875000000005,2.01057054977358,0.3,-0.142759,0.638669,2.010619,0.666667,1.0,0.659626,0.18324449999999998,0.6109,0.3
1769796456.172411,0.028757333333333353,0.459995,2.0081121287036474,0.3,-0.142759,0.638669,2.010619,0.666667,1.0,0.659626,0.17867275,0.6109,0.3
1769796456.192821,0.02282533333333335,0.46455716666666663,1.990748535380972,0.3,-0.142759,0.638669,2.010619,0.666667,1.0,0.659626,0.17410475,0.6109,0.3
1769796456.212931,0.016923666666666684,0.46910266666666667,2.0198450160882095,0.3,-0.142759,0.638669,2.010619,0.666667,1.0,0.659626,0.169558,0.6109,0.3
1769796456.233041,0.011055333333333353,0.4736247500000001,2.013792011526044,0.3,-0.142759,0.638669,2.010619,0.666667,1.0,0.659626,0.16503625,0.6109,0.3
1769796456.253303,0.005222666666666685,0.47812341666666675,2.013487085008448,0.3,-0.142759,0.638669,2.010619,0.666667,1.0,0.659626,0.16053850000000003,0.6109,0.3
1769796456.273737,-0.0005746666666666481,0.48260058333333333,2.0211110489470934,0.3,-0.142759,0.638669,2.010619,0.666667,1.0,0.659626,0.156062,0.6109,0.3
1769796456.294033,-0.006342666666666648,0.4870575833333333,2.0134327131600607,0.3,-0.142759,0.638669,2.010619,0.666667,1.0,0.659626,0.15160475,0.6109,0.3
1769796456.314309,-0.01208499999999998,0.4911294166666667,2.025518171296232,0.3,-0.142759,0.638669,2.010619,0.666667,1.0,0.659626,0.1471675,0.6109,0.3
1769796456.334734,-0.015905333333333316,0.4948170833333334,2.0183925068993855,0.3,-0.142759,0.638669,2.010619,0.666667,1.0,0.659626,0.1438465,0.6109,0.3
1769796456.334734,-0.01970666666666665,0.4981210833333334,2.0020878848987187,0.3,-0.142759,0.638669,2.010619,0.666667,1.0,0.659626,0.14054175,0.6109,0.3
1769796456.354991,-0.02348966666666665,0.5014089166666666,2.01327053745415,0.3,-0.142759,0.638669,2.010619,0.666667,1.0,0.659626,0.13725549999999997,0.6109,0.3
1769796456.37642,-0.029160333333333316,0.50505175,2.017683658281305,0.3,-0.142759,0.638669,2.010619,0.666667,1.0,0.659626,0.133983,0.6109,0.3
1769796456.395727,-0.03483666666666665,0.5090650833333333,2.0192107124073257,0.3,-0.142759,0.638669,2.010619,0.666667,1.0,0.659626,0.12961325,0.6109,0.3
1769796456.415684,-0.04057066666666665,0.5134675833333334,2.0103761985491784,0.3,-0.142759,0.638669,2.010619,0.666667,1.0,0.659626,0.1252155,0.6109,0.3
1769796456.43585,-0.046379666666666645,0.51790625,2.004632483092996,0.3,-0.142759,0.638669,2.010619,0.666667,1.0,0.659626,0.12077550000000001,0.6109,0.3
1769796456.456279,-0.052248666666666645,0.5223778333333334,2.0133405254195473,0.3,-0.142759,0.638669,2.010619,0.666667,1.0,0.659626,0.11629724999999999,0.6109,0.3
1769796456.476748,-0.05812466666666665,0.5268620833333334,2.000666848698168,0.3,-0.142759,0.638669,2.010619,0.666667,1.0,0.659626,0.11180075,0.6109,0.3
1769796456.496854,-0.06398166666666665,0.5313335,2.009315933025551,0.3,-0.142759,0.638669,2.010619,0.666667,1.0,0.659626,0.10732275,0.6109,0.3
1769796456.517127,-0.06981133333333332,0.535764,1.9983647946113758,0.3,-0.142759,0.638669,2.010619,0.666667,1.0,0.659626,0.102883,0.6109,0.3
1769796456.537359,-0.07561333333333331,0.5681073333333334,1.9932194076688659,0.3,-0.142759,0.638669,2.010619,0.666667,1.0,0.659626,0.09850925,0.6109,0.3
1769796456.557712,-0.08138666666666665,0.60034825,2.0727783477917483,0.3,-0.18554,0.722631,2.073451,0.666667,1.0,0.753858,0.09425475,0.6109,0.3
1769796456.578104,-0.08713066666666663,0.632467,2.0799608840665087,0.3,-0.18554,0.722631,2.073451,0.666667,1.0,0.753858,0.09012224999999999,0.6109,0.3
1769796456.598111,-0.09283899999999996,0.6364773333333335,2.0800439421842984,0.3,-0.18554,0.722631,2.073451,0.666667,1.0,0.753858,0.086115,0.6109,0.3
1769796456.618468,-0.09849066666666663,0.6403781666666667,2.0606434990004523,0.3,-0.18554,0.722631,2.073451,0.666667,1.0,0.753858,0.08222375,0.6109,0.3
1769796456.638709,-0.10404299999999998,0.6441805,2.0851608423032695,0.3,-0.18554,0.722631,2.073451,0.666667,1.0,0.753858,0.07841975,0.6109,0.3
1769796456.658848,-0.10948966666666664,0.6478939166666667,2.0763038963182465,0.3,-0.18554,0.722631,2.073451,0.666667,1.0,0.753858,0.074708,0.6109,0.3
1769796456.679124,-0.11485166666666664,0.651521,2.065956589434838,0.3,-0.18554,0.722631,2.073451,0.666667,1.0,0.753858,0.07108350000000001,0.6091535686090531,0.3
1769796456.699607,-0.1201673333333333,0.6550737500000001,2.0930107347841886,0.3,-0.18554,0.722631,2.073451,0.666667,1.0,0.753858,0.0675385,0.6091535686090531,0.3
1769796456.71967,-0.12545299999999998,0.6585644166666667,2.05881165959494,0.3,-0.18554,0.722631,2.073451,0.666667,1.0,0.753858,0.06404975,0.5984662723065729,0.3
1769796456.739903,-0.1307103333333333,0.6620008333333334,2.074889651756091,0.3,-0.18554,0.722631,2.073451,0.666667,1.0,0.753858,0.0606115,0.5863984451727646,0.3
1769796456.760272,-0.13594199999999998,0.6653853333333334,2.0637315093732713,0.3,-0.18554,0.722631,2.073451,0.666667,1.0,0.753858,0.05722925,0.5590223824787367,0.3
1769796456.780552,-0.14115599999999998,0.6687308333333334,2.082134086652404,0.3,-0.18554,0.722631,2.073451,0.666667,1.0,0.753858,0.05389625,0.5405345972728067,0.3
1769796456.801019,-0.14642566666666665,0.6720530833333332,2.065913185036641,0.3,-0.18554,0.722631,2.073451,0.666667,1.0,0.753858,0.050575,0.5112729992305179,0.3
1769796456.821002,-0.15176599999999998,0.6753639166666666,2.075137796802478,0.3,-0.18554,0.722631,2.073451,0.666667,1.0,0.753858,0.0472625,0.49342949259551827,0.3
1769796456.841107,-0.15716099999999997,0.6786593333333334,2.059183476060402,0.3,-0.18554,0.722631,2.073451,0.666667,1.0,0.753858,0.04396375,0.4779229744053126,0.3
1769796456.86165,-0.16254633333333332,0.6819182500000002,2.0382701490558244,0.3,-0.18554,0.722631,2.073451,0.666667,1.0,0.753858,0.04068875,0.4592937673465376,0.3
1769796456.881835,-0.1679103333333333,0.6851163333333333,2.0631612074405714,0.3,-0.18554,0.722631,2.073451,0.666667,1.0,0.753858,0.03748575,0.4304886888416524,0.3
1769796456.90177,-0.173247,0.6882316666666667,2.07610032412021,0.3,-0.18554,0.722631,2.073451,0.666667,1.0,0.753858,0.0343695,0.39071518921416676,0.3
1769796456.921861,-0.17853866666666662,0.6912404166666667,2.0873689299589135,0.3,-0.18554,0.722631,2.073451,0.666667,1.0,0.753858,0.03134275,0.36779074540759193,0.3
1769796456.942218,-0.18377066666666667,0.7211471666666668,2.0687991001371975,0.3,-0.18554,0.722631,2.073451,0.666667,1.0,0.753858,0.0284595,0.3460538493606009,0.3
1769796456.96263,-0.18892399999999998,0.7508855833333334,2.146386788894102,0.3,-0.233508,0.80374,2.136283,0.666667,1.0,0.84809,0.02575825,0.33029184701094977,0.3
1769796456.982676,-0.19399666666666662,0.7804395833333334,2.1417443872978965,0.3,-0.233508,0.80374,2.136283,0.666667,1.0,0.84809,0.0232365,0.31006449019146337,0.3
1769796457.003044,-0.19896966666666663,0.7827883333333334,2.140114113673623,0.3,-0.233508,0.80374,2.136283,0.666667,1.0,0.84809,0.0209065,0.2958876274275457,0.3
1769796457.023496,-0.20386866666666667,0.7849930833333335,2.140329043787247,0.3,-0.233508,0.80374,2.136283,0.666667,1.0,0.84809,0.018712,0.2800359120689081,0.3
1769796457.044594,-0.20866666666666667,0.7870785000000001,2.145173973150086,0.3,-0.233508,0.80374,2.136283,0.666667,1.0,0.84809,0.016622249999999998,0.26522913399057946,0.3
1769796457.064128,-0.21334699999999998,0.7890564166666666,2.137820084833936,0.3,-0.233508,0.80374,2.136283,0.666667,1.0,0.84809,0.01465025,0.25397357429653683,0.3
1769796457.084683,-0.21790733333333334,0.7909275833333332,2.132317887112948,0.3,-0.233508,0.80374,2.136283,0.666667,1.0,0.84809,0.01277825,0.24116351722539633,0.3
1769796457.104707,-0.22237300000000002,0.7927016666666667,2.1408328335191826,0.3,-0.233508,0.80374,2.136283,0.666667,1.0,0.84809,0.01100875,0.22917638089873985,0.3
1769796457.124777,-0.22679033333333332,0.7943878333333333,2.1366512342062483,0.3,-0.233508,0.80374,2.136283,0.666667,1.0,0.84809,0.009328,0.21390664253137404,0.3
1769796457.145134,-0.2311573333333333,0.7959959166666666,2.1392607953762925,0.3,-0.233508,0.80374,2.136283,0.666667,1.0,0.84809,0.007719749999999999,0.2047889797936342,0.3
1769796457.165518,-0.235479,0.7975345833333334,2.1322084243058743,0.3,-0.233508,0.80374,2.136283,0.666667,1.0,0.84809,0.006184500000000001,0.19612867135950587,0.3
1769796457.185691,-0.23977633333333329,0.7990069166666666,2.1277087076154335,0.3,-0.233508,0.80374,2.136283,0.666667,1.0,0.84809,0.004712000000000001,0.1812543447948024,0.3
1769796457.205956,-0.2440543333333333,0.8004158333333334,2.1499654064007374,0.3,-0.233508,0.80374,2.136283,0.666667,1.0,0.84809,0.00330275,0.1729005949852408,0.3
1769796457.225994,-0.24830933333333335,0.8017605,2.1247348464790625,0.3,-0.233508,0.80374,2.136283,0.666667,1.0,0.84809,0.00195775,0.15718435201735448,0.3
1769796457.24649,-0.2525136666666667,0.80303475,2.144232849785361,0.3,-0.233508,0.80374,2.136283,0.666667,1.0,0.84809,0.000678,0.1467306409087486,0.3
1769796457.266745,-0.2566656666666667,0.8301819166666666,2.1524678236408104,0.3,-0.233508,0.80374,2.136283,0.666667,1.0,0.84809,-0.00052,0.13289752520224674,0.3
1769796457.286968,-0.2607656666666667,0.8571893333333334,2.202782710115055,0.3,-0.286475,0.881678,2.199115,0.666667,1.0,0.942323,-0.00154575,0.12473070096158989,0.3
1769796457.307264,-0.2648216666666667,0.8840321666666666,2.2083271972798144,0.3,-0.286475,0.881678,2.199115,0.666667,1.0,0.942323,-0.00240625,0.12437529354892339,0.3
1769796457.32778,-0.2688103333333333,0.8847426666666666,2.1967770882398043,0.3,-0.286475,0.881678,2.199115,0.666667,1.0,0.942323,-0.0031104999999999995,0.11359261091318462,0.3
1769796457.348072,-0.2727433333333333,0.8853429999999999,2.2187863422987864,0.3,-0.286475,0.881678,2.199115,0.666667,1.0,0.942323,-0.00367725,0.11316200556359118,0.3
1769796457.368515,-0.27662566666666666,0.8858740833333333,2.1956146402434698,0.3,-0.286475,0.881678,2.199115,0.666667,1.0,0.942323,-0.00420725,0.1084370837431096,0.3
1769796457.388688,-0.2804923333333333,0.8863705833333334,2.1988191066688407,0.3,-0.286475,0.881678,2.199115,0.666667,1.0,0.942323,-0.00470375,0.11110006068137301,0.3
1769796457.408895,-0.2843503333333333,0.8868318333333334,2.199694026227272,0.3,-0.286475,0.881678,2.199115,0.666667,1.0,0.942323,-0.00516675,0.10511161613067316,0.3
1769796457.42926,-0.28820599999999996,0.8872565,2.203450660278456,0.3,-0.286475,0.881678,2.199115,0.666667,1.0,0.942323,-0.0055910000000000005,0.10361105835300961,0.3
1769796457.449485,-0.292055,0.887645,2.194189218181225,0.3,-0.286475,0.881678,2.199115,0.666667,1.0,0.942323,-0.00597775,0.1041635979639376,0.3
1769796457.469665,-0.2959,0.88800125,2.189716209660253,0.3,-0.286475,0.881678,2.199115,0.666667,1.0,0.942323,-0.00633225,0.1031757024152979,0.3
1769796457.489719,-0.29973999999999995,0.8883305833333334,2.1991258088287187,0.3,-0.286475,0.881678,2.199115,0.666667,1.0,0.942323,-0.00665975,0.09823918343461109,0.3
1769796457.510005,-0.30357766666666663,0.8886365833333333,2.201774701256553,0.3,-0.286475,0.881678,2.199115,0.666667,1.0,0.942323,-0.00696575,0.09691213843978304,0.3
1769796457.530265,-0.30740466666666666,0.8889201666666665,2.187034552011701,0.3,-0.286475,0.881678,2.199115,0.666667,1.0,0.942323,-0.00725025,0.08861315261874086,0.3
1769796457.550614,-0.311214,0.8891799166666666,2.217473982510666,0.3,-0.286475,0.881678,2.199115,0.666667,1.0,0.942323,-0.0075105,0.08168140968067851,0.3
1769796457.570751,-0.31500233333333333,0.8893979999999999,2.217032819767862,0.3,-0.286475,0.881678,2.199115,0.666667,1.0,0.942323,-0.007745,0.07251799651682679,0.3
1769796457.591056,-0.318767,0.91436175,2.209586087011876,0.3,-0.286475,0.881678,2.199115,0.666667,1.0,0.942323,-0.0079045,0.07792309942206536,0.3
1769796457.61159,-0.32250966666666664,0.9392235833333333,2.260535235028245,0.3,-0.34423,0.956136,2.261947,0.666667,1.0,1.036555,-0.00794375,0.08191337446991613,0.3
1769796457.631894,-0.32622466666666666,0.9639768333333333,2.2666059709313986,0.3,-0.34423,0.956136,2.261947,0.666667,1.0,1.036555,-0.0078725,0.08672404415351677,0.3
1769796457.651952,-0.329906,0.9638301666666665,2.259383355822406,0.3,-0.34423,0.956136,2.261947,0.666667,1.0,1.036555,-0.00770625,0.08389401595138878,0.3
1769796457.672375,-0.3335636666666666,0.9636454166666667,2.2715491346583843,0.3,-0.34423,0.956136,2.261947,0.666667,1.0,1.036555,-0.00750375,0.0896403699556979,0.3
1769796457.692604,-0.3372143333333333,0.9634595833333334,2.252755688745343,0.3,-0.34423,0.956136,2.261947,0.666667,1.0,1.036555,-0.00731825,0.08798896097907276,0.3
1769796457.71366,-0.34087533333333325,0.9632873333333333,2.2667319609371344,0.3,-0.34423,0.956136,2.261947,0.666667,1.0,1.036555,-0.00714875,0.09388628355672152,0.3
1769796457.732893,-0.34454499999999993,0.9631248333333332,2.2594122291289684,0.3,-0.34423,0.956136,2.261947,0.666667,1.0,1.036555,-0.006987,0.10154030354010839,0.3
1769796457.75344,-0.34822166666666665,0.9629681666666666,2.233166548454922,0.3,-0.34423,0.956136,2.261947,0.666667,1.0,1.036555,-0.00683075,0.10958426477048515,0.3
1769796457.773832,-0.3519033333333333,0.9628278333333332,2.2470887419784806,0.3,-0.34423,0.956136,2.261947,0.666667,1.0,1.036555,-0.006678750000000001,0.10746734505367415,0.3
1769796457.794417,-0.3543593333333333,0.9626904166666667,2.2672399869047575,0.3,-0.34423,0.956136,2.261947,0.666667,1.0,1.036555,-0.006566,0.09803430127523367,0.3
1769796457.794417,-0.35804966666666665,0.9625536666666666,2.26457897190245,0.3,-0.34423,0.956136,2.261947,0.666667,1.0,1.036555,-0.006418500000000001,0.08892053566511511,0.3
1769796457.834857,-0.36174833333333334,0.96241675,2.2777828721454028,0.3,-0.34423,0.956136,2.261947,0.666667,1.0,1.036555,-0.0062685,0.08893897998588747,0.3
1769796457.854911,-0.365447,0.962278,2.2711276179445923,0.3,-0.34423,0.956136,2.261947,0.666667,1.0,1.036555,-0.00615525,0.09055223518951995,0.3
1769796457.854911,-0.3679213333333333,0.9621494166666666,2.2637042080460295,0.3,-0.34423,0.956136,2.261947,0.666667,1.0,1.036555,-0.006002250000000001,0.09851881199456437,0.3
1769796457.87532,-0.37039533333333335,0.9620186666666667,2.256755453717347,0.3,-0.34423,0.956136,2.261947,0.666667,1.0,1.036555,-0.00588275,0.10422432560274714,0.3
1769796457.895824,-0.37410266666666664,0.9618590833333333,2.2564593862051825,0.3,-0.34423,0.956136,2.261947,0.666667,1.0,1.036555,-0.005763,0.10717370919131304,0.3
1769796457.915915,-0.3778026666666667,0.9851894166666667,2.2583474428243306,0.3,-0.34423,0.956136,2.261947,0.666667,1.0,1.036555,-0.0055235,0.10879393012975032,0.3
1769796457.935829,-0.3814953333333333,1.00841675,2.3203527320405675,0.3,-0.406547,1.026821,2.324779,0.666667,1.0,1.130787,-0.005188750000000001,0.11917402465238695,0.3
1769796457.956137,-0.3851853333333333,1.0315509166666665,2.295833355750545,0.3,-0.406547,1.026821,2.324779,0.666667,1.0,1.130787,-0.00476,0.1202759361219119,0.3
1769796457.976463,-0.38888199999999995,1.03105975,2.3272757726235715,0.3,-0.406547,1.026821,2.324779,0.666667,1.0,1.130787,-0.004241,0.12601529441735923,0.3
1769796457.996903,-0.39259299999999997,1.0305434166666667,2.3138192260316988,0.3,-0.406547,1.026821,2.324779,0.666667,1.0,1.130787,-0.0037152500000000002,0.11774073098465848,0.3
1769796458.017328,-0.39633,1.0300456666666669,2.332343302745534,0.3,-0.406547,1.026821,2.324779,0.666667,1.0,1.130787,-0.0032110000000000003,0.12420890858719447,0.3
1769796458.037482,-0.4001083333333333,1.02958425,2.3192893092579263,0.3,-0.406547,1.026821,2.324779,0.666667,1.0,1.130787,-0.00274775,0.12397357141662535,0.3
1769796458.057707,-0.4039296666666667,1.0291645833333334,2.325120838935579,0.3,-0.406547,1.026821,2.324779,0.666667,1.0,1.130787,-0.002331,0.12481123966608572,0.3
1769796458.077797,-0.407777,1.0287835833333334,2.3394767330615855,0.3,-0.406547,1.026821,2.324779,0.666667,1.0,1.130787,-0.0019519999999999997,0.128488509037014,0.3
1769796458.098061,-0.4116363333333333,1.0284316666666669,2.3168230654522386,0.3,-0.406547,1.026821,2.324779,0.666667,1.0,1.130787,-0.0016047499999999998,0.13121947610063414,0.3
1769796458.118584,-0.415506,1.0281013333333335,2.3248175458990477,0.3,-0.406547,1.026821,2.324779,0.666667,1.0,1.130787,-0.00127525,0.13669936462489665,0.3
1769796458.138852,-0.41939666666666664,1.02779075,2.3304513504933957,0.3,-0.406547,1.026821,2.324779,0.666667,1.0,1.130787,-0.000961,0.13571761107342684,0.3
1769796458.159177,-0.42330666666666666,1.027502,2.3267889273434124,0.3,-0.406547,1.026821,2.324779,0.666667,1.0,1.130787,-0.000673,0.13985697233989258,0.3
1769796458.179754,-0.42723400000000006,1.0272376666666667,2.318970408969705,0.3,-0.406547,1.026821,2.324779,0.666667,1.0,1.130787,-0.000409,0.14873206465383312,0.3
1769796458.199843,-0.4311773333333333,1.0269920833333332,2.3098130667703223,0.3,-0.406547,1.026821,2.324779,0.666667,1.0,1.130787,-0.00016800000000000002,0.15211900635558473,0.3
1769796458.219931,-0.43513533333333326,1.0489430833333333,2.3221905903944355,0.3,-0.406547,1.026821,2.324779,0.666667,1.0,1.130787,6.375e-05,0.14955798587844435,0.3
1769796458.240376,-0.4391076666666667,1.0708445,2.395396584819658,0.3,-0.473179,1.093453,2.38761,0.666667,1.0,1.22502,0.00037,0.14674151794476123,0.3
1769796458.260781,-0.44308733333333333,1.0926690833333332,2.388107117417799,0.3,-0.473179,1.093453,2.38761,0.666667,1.0,1.22502,0.00075975,0.1518723127998962,0.3
1769796458.281079,-0.44708566666666666,1.09221375,2.378368498526241,0.3,-0.473179,1.093453,2.38761,0.666667,1.0,1.22502,0.001222,0.15146239040319506,0.3
1769796458.301544,-0.451111,1.09172975,2.4069760748877203,0.3,-0.473179,1.093453,2.38761,0.666667,1.0,1.22502,0.0017360000000000001,0.15646913296823337,0.3
1769796458.321677,-0.455173,1.091259,2.383959094581225,0.3,-0.473179,1.093453,2.38761,0.666667,1.0,1.22502,0.0022117499999999997,0.15190529089704127,0.3
1769796458.341803,-0.45926466666666665,1.0908344166666668,2.4026645051379396,0.3,-0.473179,1.093453,2.38761,0.666667,1.0,1.22502,0.0026342500000000003,0.15978519036598487,0.3
1769796458.361903,-0.4633823333333333,1.0904577500000001,2.3928308946148817,0.3,-0.473179,1.093453,2.38761,0.666667,1.0,1.22502,0.0030097500000000003,0.16158229205558491,0.3
1769796458.382506,-0.46752666666666665,1.0901245833333333,2.387405261649796,0.3,-0.473179,1.093453,2.38761,0.666667,1.0,1.22502,0.00334175,0.16442545499870975,0.3
1769796458.402982,-0.47169733333333336,1.0898321666666668,2.401917475053873,0.3,-0.473179,1.093453,2.38761,0.666667,1.0,1.22502,0.0036337500000000003,0.16383768287385134,0.3
1769796458.423012,-0.475894,1.0895800833333333,2.4011557087755784,0.3,-0.473179,1.093453,2.38761,0.666667,1.0,1.22502,0.0038870000000000003,0.16923838809677785,0.3
1769796458.443245,-0.4801203333333333,1.0893682500000001,2.3766944594377826,0.3,-0.473179,1.093453,2.38761,0.666667,1.0,1.22502,0.004098,0.1741379961881779,0.3
1769796458.463968,-0.484375,1.0891946666666668,2.3922462901471038,0.3,-0.473179,1.093453,2.38761,0.666667,1.0,1.22502,0.0042692500000000005,0.1801872709610867,0.3
1769796458.484031,-0.48865099999999995,1.08905375,2.3869556512290697,0.3,-0.473179,1.093453,2.38761,0.666667,1.0,1.22502,0.00440775,0.17875999841308154,0.3
1769796458.503861,-0.49293799999999993,1.088938,2.3838307220578363,0.3,-0.473179,1.093453,2.38761,0.666667,1.0,1.22502,0.0045207500000000005,0.18033421029155386,0.3
1769796458.52409,-0.49723366666666663,1.0888306666666667,2.3897584520238446,0.3,-0.473179,1.093453,2.38761,0.666667,1.0,1.22502,0.0046165,0.18667772587520637,0.3
1769796458.544643,-0.5015406666666666,1.1094698333333335,2.370778410293416,0.3,-0.473179,1.093453,2.38761,0.666667,1.0,1.22502,0.00472975,0.18861045092725684,0.3
1769796458.564904,-0.505861,1.13005275,2.4442472019419226,0.3,-0.543864,1.15577,2.450442,0.666667,1.0,1.319252,0.00492025,0.19472680031222087,0.3
1769796458.584935,-0.5101686666666666,1.1505643333333333,2.438337187491079,0.3,-0.543864,1.15577,2.450442,0.666667,1.0,1.319252,0.00518475,0.19482799208749144,0.3
1769796458.605039,-0.5144686666666667,1.1502491666666668,2.439145877121171,0.3,-0.543864,1.15577,2.450442,0.666667,1.0,1.319252,0.0055119999999999995,0.19398283712689657,0.3
1769796458.625362,-0.5187759999999999,1.1499180000000002,2.454448979353947,0.3,-0.543864,1.15577,2.450442,0.666667,1.0,1.319252,0.0058657499999999994,0.19288474093239869,0.3
1769796458.645681,-0.523126,1.1496060000000001,2.4497396685818393,0.3,-0.543864,1.15577,2.450442,0.666667,1.0,1.319252,0.00617825,0.19606825539604344,0.3
1769796458.666057,-0.5275259999999999,1.1493326666666668,2.4368511797241372,0.3,-0.543864,1.15577,2.450442,0.666667,1.0,1.319252,0.006448000000000001,0.2009949416961634,0.3
1769796458.686148,-0.5319766666666667,1.1490953333333334,2.445200979500047,0.3,-0.543864,1.15577,2.450442,0.666667,1.0,1.319252,0.006685750000000001,0.1958560274779788,0.3
1769796458.706445,-0.536474,1.1488908333333334,2.470036713598537,0.3,-0.543864,1.15577,2.450442,0.666667,1.0,1.319252,0.0068902500000000005,0.19033312196955532,0.3
1769796458.726775,-0.5410153333333333,1.14872,2.457577176233221,0.3,-0.543864,1.15577,2.450442,0.666667,1.0,1.319252,0.0070615,0.18575454583881293,0.3
1769796458.747053,-0.5455886666666666,1.1485839999999998,2.462674053863413,0.3,-0.543864,1.15577,2.450442,0.666667,1.0,1.319252,0.00719825,0.1883928832959888,0.3
1769796458.767397,-0.5501953333333333,1.1484828333333335,2.4651229679482065,0.3,-0.543864,1.15577,2.450442,0.666667,1.0,1.319252,0.007298250000000001,0.19011679778993282,0.3
1769796458.787718,-0.5548233333333333,1.1484145,2.4545002139091316,0.3,-0.543864,1.15577,2.450442,0.666667,1.0,1.319252,0.007365,0.196333559650644,0.3
1769796458.807813,-0.5594703333333333,1.1483750833333335,2.445285842194878,0.3,-0.543864,1.15577,2.450442,0.666667,1.0,1.319252,0.00740325,0.1985569085589378,0.3
1769796458.827964,-0.5641273333333333,1.1483605833333332,2.459051669912781,0.3,-0.543864,1.15577,2.450442,0.666667,1.0,1.319252,0.0074164999999999995,0.19998453312585462,0.3
1769796458.848732,-0.5687943333333333,1.1483509166666668,2.4512180451807595,0.3,-0.543864,1.15577,2.450442,0.666667,1.0,1.319252,0.007408499999999999,0.20266904623326706,0.3
1769796458.868742,-0.5734676666666667,1.1675636666666669,2.4373788162777656,0.3,-0.543864,1.15577,2.450442,0.666667,1.0,1.319252,0.00743225,0.20387482808498159,0.3
1769796458.889096,-0.5781496666666666,1.1867126666666667,2.5194996431547887,0.3,-0.618322,1.213525,2.513274,0.666667,1.0,1.413484,0.00753325,0.2010779646602376,0.3
1769796458.909347,-0.5828423333333334,1.2057843333333336,2.5240929641582253,0.3,-0.618322,1.213525,2.513274,0.666667,1.0,1.413484,0.0077165,0.2023682328774449,0.3
1769796458.929686,-0.5875576666666666,1.205548,2.500773215907631,0.3,-0.618322,1.213525,2.513274,0.666667,1.0,1.413484,0.00797225,0.2083458318332618,0.3
1769796458.950074,-0.5923013333333332,1.20529575,2.5068217181904986,0.3,-0.618322,1.213525,2.513274,0.666667,1.0,1.413484,0.00824225,0.2126363295382819,0.3
1769796458.970042,-0.5970766666666666,1.2050685833333334,2.5163123112778116,0.3,-0.618322,1.213525,2.513274,0.666667,1.0,1.413484,0.00847325,0.20889192721102176,0.3
1769796458.990509,-0.6018776666666666,1.2048865,2.5173411032321886,0.3,-0.618322,1.213525,2.513274,0.666667,1.0,1.413484,0.00865375,0.21054195592581237,0.3
1769796459.010796,-0.6067026666666666,1.2047503333333334,2.5058818990432266,0.3,-0.618322,1.213525,2.513274,0.666667,1.0,1.413484,0.0087885,0.21259949283499813,0.3
1769796459.030991,-0.6115523333333334,1.2046556666666668,2.51362194457213,0.3,-0.618322,1.213525,2.513274,0.666667,1.0,1.413484,0.00888175,0.21528109621794922,0.3
1769796459.051475,-0.6164243333333332,1.2045985833333333,2.5114177594355,0.3,-0.618322,1.213525,2.513274,0.666667,1.0,1.413484,0.00893775,0.21218987472878095,0.3
1769796459.071691,-0.6213113333333333,1.2045754166666667,2.516289301177967,0.3,-0.618322,1.213525,2.513274,0.666667,1.0,1.413484,0.008959749999999999,0.21103175927572412,0.3
1769796459.091748,-0.6262093333333333,1.204583,2.5174650722244385,0.3,-0.618322,1.213525,2.513274,0.666667,1.0,1.413484,0.008951250000000001,0.2041645501765205,0.3
1769796459.111827,-0.6311140000000001,1.2046171666666667,2.5313334100979827,0.3,-0.618322,1.213525,2.513274,0.666667,1.0,1.413484,0.008915,0.2077490746142426,0.3
1769796459.132262,-0.6360176666666666,1.20467275,2.505290669428649,0.3,-0.618322,1.213525,2.513274,0.666667,1.0,1.413484,0.00885725,0.2083040687390523,0.3
1769796459.153522,-0.640907,1.2047447500000001,2.5167032173949058,0.3,-0.618322,1.213525,2.513274,0.666667,1.0,1.413484,0.0087845,0.21503029373724378,0.3
1769796459.172964,-0.6457836666666666,1.2048050833333335,2.5089152157977175,0.3,-0.618322,1.213525,2.513274,0.666667,1.0,1.413484,0.008699,0.2150059482218348,0.3
1769796459.193303,-0.650655,1.2224776666666666,2.504224766973418,0.3,-0.618322,1.213525,2.513274,0.666667,1.0,1.413484,0.00867625,0.2114674776160659,0.3
1769796459.213505,-0.655531,1.2400784166666667,2.5883345809531506,0.3,-0.69626,1.266492,2.576106,0.666667,1.0,1.507716,0.00873375,0.20748449915254777,0.3
1769796459.233704,-0.6604263333333332,1.2576067499999999,2.586261761016122,0.3,-0.69626,1.266492,2.576106,0.666667,1.0,1.507716,0.00886375,0.20890078627335618,0.3
1769796459.254708,-0.6653693333333334,1.2574379166666667,2.5666535862089996,0.3,-0.69626,1.266492,2.576106,0.666667,1.0,1.507716,0.00905825,0.2159381671952704,0.3
1769796459.274086,-0.6703416666666667,1.2572645,2.5690275105691875,0.3,-0.69626,1.266492,2.576106,0.666667,1.0,1.507716,0.00924025,0.21823664632151799,0.3
1769796459.294441,-0.6753333333333332,1.2571209166666666,2.5833799012865093,0.3,-0.69626,1.266492,2.576106,0.666667,1.0,1.507716,0.009384,0.2145428303410225,0.3
1769796459.314662,-0.6803233333333333,1.2570159166666668,2.5797317179830035,0.3,-0.69626,1.266492,2.576106,0.666667,1.0,1.507716,0.009489000000000001,0.21614092511690886,0.3
1769796459.334904,-0.6836576666666666,1.2569464166666668,2.568546355977375,0.3,-0.69626,1.266492,2.576106,0.666667,1.0,1.507716,0.009555250000000001,0.21981123353364404,0.3
1769796459.334904,-0.6870069999999999,1.2569083333333333,2.57372974695744,0.3,-0.69626,1.266492,2.576106,0.666667,1.0,1.507716,0.0095925,0.22077815746319893,0.3
1769796459.355293,-0.6903686666666666,1.2568966666666668,2.5779542543029104,0.3,-0.69626,1.266492,2.576106,0.666667,1.0,1.507716,0.00960325,0.2176724761951706,0.3
1769796459.375378,-0.6954216666666667,1.2569077499999999,2.5778406352245216,0.3,-0.69626,1.266492,2.576106,0.666667,1.0,1.507716,0.00959025,0.22237936360166552,0.3
1769796459.395674,-0.7004933333333332,1.25694175,2.5593864519921143,0.3,-0.69626,1.266492,2.576106,0.666667,1.0,1.507716,0.00955925,0.2202383441472513,0.3
1769796459.415915,-0.7055826666666666,1.25699875,2.5832717609280604,0.3,-0.69626,1.266492,2.576106,0.666667,1.0,1.507716,0.00950125,0.2208698758493284,0.3
1769796459.43628,-0.7106883333333333,1.2570798333333333,2.5750531683556965,0.3,-0.69626,1.266492,2.576106,0.666667,1.0,1.507716,0.00941925,0.21715131930954112,0.3
1769796459.457133,-0.7158096666666666,1.2571824166666665,2.569563031496483,0.3,-0.69626,1.266492,2.576106,0.666667,1.0,1.507716,0.009316,0.21927596443722164,0.3
1769796459.476912,-0.7209470000000001,1.25730425,2.5736908157131273,0.3,-0.69626,1.266492,2.576106,0.666667,1.0,1.507716,0.0091935,0.2173395164966493,0.3
1769796459.497507,-0.7260986666666667,1.25741375,2.578353165985524,0.3,-0.69626,1.266492,2.576106,0.666667,1.0,1.507716,0.00905375,0.21296292344317794,0.3
1769796459.518958,-0.7312623333333333,1.2734670833333335,2.5810161691498084,0.3,-0.69626,1.266492,2.576106,0.666667,1.0,1.507716,0.0089875,0.20084834572116253,0.3
1769796459.538521,-0.7364336666666667,1.2894422499999998,2.670982615545987,0.3,-0.777369,1.31446,2.638938,0.666667,1.0,1.601949,0.0090015,0.20229004368356904,0.3
1769796459.558902,-0.741609,1.3053380833333332,2.636812875145172,0.3,-0.777369,1.31446,2.638938,0.666667,1.0,1.601949,0.00909625,0.19626210817232478,0.3
1769796459.578833,-0.7467956666666667,1.3051993333333334,2.6616082407805104,0.3,-0.777369,1.31446,2.638938,0.666667,1.0,1.601949,0.009268,0.20761305659338467,0.3
1769796459.599087,-0.7520303333333332,1.3050537500000001,2.641187564937955,0.3,-0.777369,1.31446,2.638938,0.666667,1.0,1.601949,0.009417749999999999,0.20779139753439213,0.3
1769796459.619665,-0.7573146666666667,1.3049402500000002,2.6392708584410474,0.3,-0.777369,1.31446,2.638938,0.666667,1.0,1.601949,0.009533,0.21922594393106207,0.3
1769796459.639725,-0.7626406666666665,1.3048648333333335,2.629485512729126,0.3,-0.777369,1.31446,2.638938,0.666667,1.0,1.601949,0.0096085,0.2189289968563443,0.3
1769796459.65984,-0.767973,1.30482725,2.643100916062395,0.3,-0.777369,1.31446,2.638938,0.666667,1.0,1.601949,0.009644,0.211767566839808,0.3
1769796459.679983,-0.7733093333333333,1.3048241666666667,2.6610614730242808,0.3,-0.777369,1.31446,2.638938,0.666667,1.0,1.601949,0.00964575,0.20938015117107445,0.3
1769796459.701021,-0.778649,1.3048510833333333,2.638645152541219,0.3,-0.777369,1.31446,2.638938,0.666667,1.0,1.601949,0.00961775,0.21122855148854625,0.3
1769796459.721928,-0.783991,1.3049047500000002,2.638544031872424,0.3,-0.777369,1.31446,2.638938,0.666667,1.0,1.601949,0.00956325,0.20871455749272996,0.3
1769796459.740793,-0.7893379999999999,1.304983,2.665266943154077,0.3,-0.777369,1.31446,2.638938,0.666667,1.0,1.601949,0.00948475,0.20788558899497223,0.3
1769796459.761215,-0.7946986666666667,1.3050844166666666,2.6384182955255535,0.3,-0.777369,1.31446,2.638938,0.666667,1.0,1.601949,0.009382999999999999,0.21213200304155558,0.3
1769796459.781508,-0.8000763333333333,1.3052075833333334,2.6224039756161672,0.3,-0.777369,1.31446,2.638938,0.666667,1.0,1.601949,0.009259,0.2225174404304581,0.3
1769796459.802056,-0.805469,1.3053415,2.6342293074181673,0.3,-0.777369,1.31446,2.638938,0.666667,1.0,1.601949,0.009115249999999998,0.22312451283961265,0.3
1769796459.822171,-0.810869,1.3197120833333333,2.6329574509232683,0.3,-0.777369,1.31446,2.638938,0.666667,1.0,1.601949,0.00898125,0.21836581477227854,0.3
1769796459.842523,-0.8162729999999999,1.3340271666666668,2.6971328188891124,0.3,-0.861331,1.357241,2.70177,0.666667,1.0,1.696181,0.008928249999999999,0.22086366343720865,0.3
1769796459.862674,-0.8216823333333334,1.34826425,2.6877087695615898,0.3,-0.861331,1.357241,2.70177,0.666667,1.0,1.696181,0.008951,0.22763703551357084,0.3
1769796459.883071,-0.8270799999999999,1.3481763333333332,2.676539949108315,0.3,-0.861331,1.357241,2.70177,0.666667,1.0,1.696181,0.009051,0.22992487561180375,0.3
1769796459.903527,-0.8324746666666667,1.3480604166666668,2.6928038977196005,0.3,-0.861331,1.357241,2.70177,0.666667,1.0,1.696181,0.009192,0.22554111920534617,0.3
1769796459.923756,-0.8378723333333333,1.34795325,2.703909103694336,0.3,-0.861331,1.357241,2.70177,0.666667,1.0,1.696181,0.00929875,0.2160121552556923,0.3
1769796459.943742,-0.843295,1.3478812500000001,2.7070432208207786,0.3,-0.861331,1.357241,2.70177,0.666667,1.0,1.696181,0.0093725,0.21714993109005268,0.3
1769796459.964381,-0.8487296666666667,1.347844,2.691210051839748,0.3,-0.861331,1.357241,2.70177,0.666667,1.0,1.696181,0.009408,0.21704903927515673,0.3
1769796459.984747,-0.854167,1.34784,2.705348605328364,0.3,-0.861331,1.357241,2.70177,0.666667,1.0,1.696181,0.0094105,0.21711954912698742,0.3
1769796460.004823,-0.8596013333333333,1.3478649166666667,2.707277230594133,0.3,-0.861331,1.357241,2.70177,0.666667,1.0,1.696181,0.0093845,0.20877093059163063,0.3
1769796460.025042,-0.8650359999999999,1.3479153333333336,2.71523687111128,0.3,-0.861331,1.357241,2.70177,0.666667,1.0,1.696181,0.00933325,0.20834616958642313,0.3
1769796460.045544,-0.8704726666666667,1.3479885833333334,2.7058995359001328,0.3,-0.861331,1.357241,2.70177,0.666667,1.0,1.696181,0.00925925,0.21150855560499285,0.3
1769796460.065797,-0.8759106666666666,1.3480824166666665,2.6965786078344776,0.3,-0.861331,1.357241,2.70177,0.666667,1.0,1.696181,0.009164750000000001,0.21219966806098012,0.3
1769796460.085969,-0.881351,1.3481946666666669,2.7110944516706654,0.3,-0.861331,1.357241,2.70177,0.666667,1.0,1.696181,0.00905175,0.21425328179361072,0.3
1769796460.106327,-0.8867933333333333,1.3483234166666664,2.697045154975178,0.3,-0.861331,1.357241,2.70177,0.666667,1.0,1.696181,0.0089225,0.20810777073965128,0.3
1769796460.12665,-0.8922386666666666,1.348453,2.7122922611399036,0.3,-0.861331,1.357241,2.70177,0.666667,1.0,1.696181,0.0087785,0.21081115589738256,0.3
1769796460.146924,-0.8976983333333334,1.3610260833333332,2.7002682087367966,0.3,-0.861331,1.357241,2.70177,0.666667,1.0,1.696181,0.008663,0.2070311672460942,0.3
1769796460.167251,-0.9031786666666667,1.3735378333333335,2.768781199653772,0.3,-0.947813,1.394665,2.764602,0.666667,1.0,1.790413,0.00862725,0.2106065972385525,0.3
1769796460.187416,-0.9086853333333332,1.385972416666667,2.7630385666112,0.3,-0.947813,1.394665,2.764602,0.666667,1.0,1.790413,0.00866725,0.2183797683813562,0.3
1769796460.208198,-0.9141819999999999,1.3858742500000003,2.741170912088588,0.3,-0.947813,1.394665,2.764602,0.666667,1.0,1.790413,0.00878325,0.22276002948351756,0.3
1769796460.228201,-0.9196636666666667,1.3857543333333335,2.7576366957307084,0.3,-0.947813,1.394665,2.764602,0.666667,1.0,1.790413,0.008921749999999999,0.23065390339180417,0.3
1769796460.248574,-0.925132,1.3856492500000002,2.7429043786288734,0.3,-0.947813,1.394665,2.764602,0.666667,1.0,1.790413,0.009027,0.22258489771321063,0.3
1769796460.268841,-0.9306203333333333,1.3855791666666668,2.767415353977486,0.3,-0.947813,1.394665,2.764602,0.666667,1.0,1.790413,0.009098499999999999,0.2230905089702058,0.3
1769796460.289047,-0.9361356666666666,1.3855425833333335,2.7579611565329265,0.3,-0.947813,1.394665,2.764602,0.666667,1.0,1.790413,0.009132000000000001,0.21202841388710525,0.3
1769796460.309448,-0.9416786666666667,1.3855365,2.7766895935617817,0.3,-0.947813,1.394665,2.764602,0.666667,1.0,1.790413,0.009136749999999999,0.213550808395552,0.3
1769796460.329817,-0.9472483333333334,1.3855557500000002,2.7628263397396844,0.3,-0.947813,1.394665,2.764602,0.666667,1.0,1.790413,0.00911675,0.20814346801020991,0.3
1769796460.349895,-0.9528403333333332,1.3855976666666667,2.7731924210768635,0.3,-0.947813,1.394665,2.764602,0.666667,1.0,1.790413,0.00907425,0.2113344096086134,0.3
1769796460.370641,-0.9584483333333335,1.3856607500000002,2.7664662485445883,0.3,-0.947813,1.394665,2.764602,0.666667,1.0,1.790413,0.009011,0.21863994725517558,0.3
1769796460.391663,-0.964067,1.385744,2.7403773672729566,0.3,-0.947813,1.394665,2.764602,0.666667,1.0,1.790413,0.0089275,0.21604770579988583,0.3
1769796460.410725,-0.969694,1.3858463333333335,2.77733474295217,0.3,-0.947813,1.394665,2.764602,0.666667,1.0,1.790413,0.0088245,0.21771770326315265,0.3
1769796460.431017,-0.9753273333333333,1.3859660833333336,2.7583634360437563,0.3,-0.947813,1.394665,2.764602,0.666667,1.0,1.790413,0.008704,0.20860331515042993,0.3
1769796460.45154,-0.9809663333333333,1.3860820833333334,2.764192882747942,0.3,-0.947813,1.394665,2.764602,0.666667,1.0,1.790413,0.00856825,0.2168246591133127,0.3
1769796460.471738,-0.9866093333333333,1.3968012500000002,2.7519610225808075,0.3,-0.947813,1.394665,2.764602,0.666667,1.0,1.790413,0.008476500000000001,0.21480417181442987,0.3
1769796460.492106,-0.9922543333333333,1.4074521666666666,2.825594089252631,0.3,-1.036475,1.426585,2.827433,0.666667,1.0,1.884646,0.0084665,0.2123210672802509,0.3
1769796460.512311,-0.9978949999999999,1.41802475,2.833760697600047,0.3,-1.036475,1.426585,2.827433,0.666667,1.0,1.884646,0.0085355,0.21132353255782843,0.3
1769796460.532715,-1.0035343333333333,1.4179034166666666,2.8197954760019566,0.3,-1.036475,1.426585,2.827433,0.666667,1.0,1.884646,0.00867875,0.218250262032204,0.3
1769796460.552674,-1.009182,1.41776625,2.8070523793049547,0.3,-1.036475,1.426585,2.827433,0.666667,1.0,1.884646,0.0088305,0.21730875626873566,0.3
1769796460.572747,-1.0148503333333334,1.4176509166666669,2.839508859841511,0.3,-1.036475,1.426585,2.827433,0.666667,1.0,1.884646,0.008947,0.2135614172646165,0.3
1769796460.592976,-1.020543,1.4175734166666667,2.8332135292507026,0.3,-1.036475,1.426585,2.827433,0.666667,1.0,1.884646,0.00902475,0.20666971225981415,0.3
1769796460.613345,-1.0262593333333336,1.4175338333333334,2.8299568301950573,0.3,-1.036475,1.426585,2.827433,0.666667,1.0,1.884646,0.009063,0.21016023484642588,0.3
1769796460.633701,-1.0320003333333334,1.4175301666666666,2.830185538500405,0.3,-1.036475,1.426585,2.827433,0.666667,1.0,1.884646,0.00906575,0.21543394057642798,0.3
1769796460.65402,-1.0377613333333333,1.4175587500000002,2.817382052324021,0.3,-1.036475,1.426585,2.827433,0.666667,1.0,1.884646,0.00903575,0.22070655075030374,0.3
1769796460.6746,-1.0435360000000002,1.4176063333333335,2.8136463871642623,0.3,-1.036475,1.426585,2.827433,0.666667,1.0,1.884646,0.008977249999999999,0.21481738041246087,0.3
1769796460.694855,-1.047388,1.41766775,2.8465169200059597,0.3,-1.036475,1.426585,2.827433,0.666667,1.0,1.884646,0.008923,0.21267035051408567,0.3
1769796460.694855,-1.0512453333333334,1.4177384166666667,2.822344316590663,0.3,-1.036475,1.426585,2.827433,0.666667,1.0,1.884646,0.0088515,0.20921070193958813,0.3
1769796460.715206,-1.055108,1.4178240000000002,2.822043231427008,0.3,-1.036475,1.426585,2.827433,0.666667,1.0,1.884646,0.008765249999999999,0.21356017430048083,0.3
1769796460.735626,-1.0609046666666668,1.41793225,2.831778042206174,0.3,-1.036475,1.426585,2.827433,0.666667,1.0,1.884646,0.00866625,0.21272190330159957,0.3
1769796460.755878,-1.066706,1.418063166666667,2.822392017492728,0.3,-1.036475,1.426585,2.827433,0.666667,1.0,1.884646,0.00852675,0.2134960863179096,0.3
1769796460.775974,-1.07251,1.4181886666666668,2.816374623916177,0.3,-1.036475,1.426585,2.827433,0.666667,1.0,1.884646,0.0083725,0.2124831620714042,0.3
1769796460.795994,-1.0782990000000001,1.4270298333333333,2.831397541051424,0.3,-1.036475,1.426585,2.827433,0.666667,1.0,1.884646,0.00828975,0.2120972257671471,0.3
1769796460.816566,-1.0840546666666666,1.4357895833333334,2.885404720532949,0.3,-1.126965,1.452875,2.890265,0.666667,1.0,1.978878,0.00829325,0.21168401046952923,0.3
1769796460.837039,-1.0897759999999999,1.4444646666666667,2.8816760913834725,0.3,-1.126965,1.452875,2.890265,0.666667,1.0,1.978878,0.00838325,0.20977258341220342,0.3
1769796460.857341,-1.0954856666666666,1.444324,2.9029839008832212,0.3,-1.126965,1.452875,2.890265,0.666667,1.0,1.978878,0.0085545,0.20884410658583782,0.3
1769796460.877111,-1.1012173333333335,1.4441705,2.8903737594875447,0.3,-1.126965,1.452875,2.890265,0.666667,1.0,1.978878,0.00871525,0.2066544449644637,0.3
1769796460.897372,-1.1069806666666666,1.4440440833333332,2.8911487459569694,0.3,-1.126965,1.452875,2.890265,0.666667,1.0,1.978878,0.008843750000000001,0.21574493170934397,0.3
1769796460.917818,-1.1127753333333332,1.4439539999999997,2.8784507602256006,0.3,-1.126965,1.452875,2.890265,0.666667,1.0,1.978878,0.00893375,0.21598815407454117,0.3
1769796460.937848,-1.1185859999999999,1.4439014166666666,2.8917339694520647,0.3,-1.126965,1.452875,2.890265,0.666667,1.0,1.978878,0.0089855,0.2172057859721088,0.3
1769796460.958325,-1.1244043333333333,1.4438839166666666,2.8889351958675893,0.3,-1.126965,1.452875,2.890265,0.666667,1.0,1.978878,0.009001499999999999,0.21239329045455282,0.3
1769796460.978346,-1.1302273333333333,1.4438978333333334,2.892590797130333,0.3,-1.126965,1.452875,2.890265,0.666667,1.0,1.978878,0.00898625,0.21491181404789628,0.3
1769796460.99865,-1.1360583333333332,1.4439393333333335,2.8843619433587,0.3,-1.126965,1.452875,2.890265,0.666667,1.0,1.978878,0.00894375,0.20881886956386805,0.3
1769796461.018936,-1.1418996666666665,1.4440053333333331,2.9059325361103046,0.3,-1.126965,1.452875,2.890265,0.666667,1.0,1.978878,0.008877,0.20957470134263848,0.3
1769796461.038867,-1.1477513333333336,1.4440933333333332,2.8886134053085124,0.3,-1.126965,1.452875,2.890265,0.666667,1.0,1.978878,0.00878825,0.2058078498699759,0.3
1769796461.059989,-1.1536126666666666,1.4442010833333334,2.894863295021257,0.3,-1.126965,1.452875,2.890265,0.666667,1.0,1.978878,0.00867975,0.20856265473070693,0.3
1769796461.079314,-1.159477,1.4443244166666667,2.89360380182292,0.3,-1.126965,1.452875,2.890265,0.666667,1.0,1.978878,0.00855375,0.20556698312250807,0.3
1769796461.099702,-1.1653413333333333,1.4512814166666665,2.895569699824624,0.3,-1.126965,1.452875,2.890265,0.666667,1.0,1.978878,0.00841825,0.20377991106895432,0.3
1769796461.120073,-1.1712006666666666,1.458188,2.9595669280282557,0.3,-1.218928,1.473431,2.953097,0.666667,1.0,2.07311,0.00836475,0.2034764578210628,0.3
1769796461.140284,-1.177057,1.4650155,2.957671020553541,0.3,-1.218928,1.473431,2.953097,0.666667,1.0,2.07311,0.008390000000000002,0.20493449969998845,0.3
1769796461.16179,-1.1828916666666667,1.4649189166666667,2.9563757181844688,0.3,-1.218928,1.473431,2.953097,0.666667,1.0,2.07311,0.00849175,0.20492063293858573,0.3
1769796461.180856,-1.1887136666666667,1.4647875833333333,2.9600841181750837,0.3,-1.218928,1.473431,2.953097,0.666667,1.0,2.07311,0.008654499999999999,0.20285303920121575,0.3
1769796461.201408,-1.194528,1.4646585833333334,2.9677095289662496,0.3,-1.218928,1.473431,2.953097,0.666667,1.0,2.07311,0.008784,0.21187411675715462,0.3
1769796461.22172,-1.200361,1.4645646666666667,2.9306736919496865,0.3,-1.218928,1.473431,2.953097,0.666667,1.0,2.07311,0.00887875,0.22059419272207545,0.3
1769796461.241669,-1.2062083333333333,1.4645054999999998,2.9373130939633993,0.3,-1.218928,1.473431,2.953097,0.666667,1.0,2.07311,0.00893625,0.22539365513015105,0.3
1769796461.261975,-1.2120716666666667,1.46447975,2.9541268710935236,0.3,-1.218928,1.473431,2.953097,0.666667,1.0,2.07311,0.0089615,0.21315471224682955,0.3
1769796461.282101,-1.2179476666666667,1.4644843333333333,2.967492190879947,0.3,-1.218928,1.473431,2.953097,0.666667,1.0,2.07311,0.008956,0.20923810181543323,0.3
1769796461.302719,-1.2238360000000001,1.4645169166666667,2.949936675930325,0.3,-1.218928,1.473431,2.953097,0.666667,1.0,2.07311,0.0089225,0.21177343485416658,0.3
1769796461.322825,-1.2297353333333334,1.46457475,2.9453286478855034,0.3,-1.218928,1.473431,2.953097,0.666667,1.0,2.07311,0.00886375,0.21363994741878248,0.3
1769796461.343208,-1.235643,1.4646554166666668,2.9608992163421823,0.3,-1.218928,1.473431,2.953097,0.666667,1.0,2.07311,0.0087825,0.21794163109861975,0.3
1769796461.363764,-1.2415583333333335,1.4647565833333334,2.935021384712694,0.3,-1.218928,1.473431,2.953097,0.666667,1.0,2.07311,0.008680499999999999,0.21244236696516286,0.3
1769796461.384002,-1.2474796666666668,1.4648760833333334,2.9596934876157666,0.3,-1.218928,1.473431,2.953097,0.666667,1.0,2.07311,0.00856025,0.2131333653828288,0.3
1769796461.404443,-1.2534070000000002,1.46500475,2.9561586878247983,0.3,-1.218928,1.473431,2.953097,0.666667,1.0,2.07311,0.008424000000000001,0.20146015861015484,0.3
1769796461.42457,-1.2593396666666667,1.4700228333333334,2.966414497177823,0.3,-1.218928,1.473431,2.953097,0.666667,1.0,2.07311,0.0082945,0.20374337274907442,0.3
1769796461.444778,-1.2652753333333335,1.4749853333333334,3.013221707950301,0.3,-1.312,1.488172,3.015929,0.666667,1.0,2.167342,0.008247,0.2094033613114892,0.3
1769796461.464851,-1.271212,1.4798695000000002,3.0003284156070817,0.3,-1.312,1.488172,3.015929,0.666667,1.0,2.167342,0.0082775,0.2151201063584255,0.3
1769796461.484914,-1.2771306666666666,1.4797736666666668,3.01268444055877,0.3,-1.312,1.488172,3.015929,0.666667,1.0,2.167342,0.008383,0.20883425464552616,0.3
1769796461.505325,-1.283042,1.4796489166666664,3.034900729500296,0.3,-1.312,1.488172,3.015929,0.666667,1.0,2.167342,0.0085345,0.2054490150205408,0.3
1769796461.525727,-1.2889563333333334,1.479532,3.0140079781639604,0.3,-1.312,1.488172,3.015929,0.666667,1.0,2.167342,0.00865175,0.2064844874957471,0.3
1769796461.54574,-1.2948959999999998,1.4794503333333335,3.012152248992953,0.3,-1.312,1.488172,3.015929,0.666667,1.0,2.167342,0.00873375,0.21301037669785391,0.3
1769796461.566241,-1.3008486666666668,1.4794030833333334,3.016989373542611,0.3,-1.312,1.488172,3.015929,0.666667,1.0,2.167342,0.0087795,0.2147190654882546,0.3
1769796461.586599,-1.3068006666666667,1.4793878333333337,3.0097452419406237,0.3,-1.312,1.488172,3.015929,0.666667,1.0,2.167342,0.0087935,0.21575125105119505,0.3
1769796461.606834,-1.3127456666666668,1.47940075,3.009832069438645,0.3,-1.312,1.488172,3.015929,0.666667,1.0,2.167342,0.008779499999999999,0.21729860391894015,0.3
1769796461.627429,-1.3186840000000002,1.47943875,3.0123746819528874,0.3,-1.312,1.488172,3.015929,0.666667,1.0,2.167342,0.008740749999999999,0.21949554463610899,0.3
1769796461.647727,-1.3246176666666667,1.47949925,3.002349686812049,0.3,-1.312,1.488172,3.015929,0.666667,1.0,2.167342,0.0086795,0.2136036832897549,0.3
1769796461.667975,-1.330547,1.4795800000000001,3.0262837753949756,0.3,-1.312,1.488172,3.015929,0.666667,1.0,2.167342,0.008598,0.21072028155047742,0.3
1769796461.687989,-1.3364726666666666,1.4796789166666666,3.0183836347667197,0.3,-1.312,1.488172,3.015929,0.666667,1.0,2.167342,0.008498499999999999,0.20174680218413776,0.3
1769796461.707889,-1.3423996666666664,1.4797945000000003,3.026500916016643,0.3,-1.312,1.488172,3.015929,0.666667,1.0,2.167342,0.00838275,0.20843822663021325,0.3
1769796461.728482,-1.3483463333333334,1.4799136666666666,3.004115107049721,0.3,-1.312,1.488172,3.015929,0.666667,1.0,2.167342,0.00825125,0.20750364160227816,0.3
1769796461.748439,-1.354332,1.482959916666667,3.0181428514423714,0.3,-1.312,1.488172,3.015929,0.666667,1.0,2.167342,0.008140999999999999,0.2140778454578034,0.3
1769796461.768859,-1.3603560000000001,1.4859459166666669,3.0677941076197373,0.3,-1.405814,1.49704,3.078761,0.666667,1.0,2.261575,0.008112000000000001,0.20829404030752782,0.3
1769796461.788895,-1.3663990000000001,1.4888538333333334,3.082214379843938,0.3,-1.405814,1.49704,3.078761,0.666667,1.0,2.261575,0.00816125,0.21010858308989658,0.3
1769796461.809228,-1.3724150000000002,1.4887439166666667,3.076915325982899,0.3,-1.405814,1.49704,3.078761,0.666667,1.0,2.261575,0.008285250000000001,0.21141446829109498,0.3
1769796461.829567,-1.378408,1.4886090833333334,3.066685364338768,0.3,-1.405814,1.49704,3.078761,0.666667,1.0,2.261575,0.008441750000000001,0.21067852217710378,0.3
1769796461.849825,-1.3843866666666667,1.4884856666666666,3.088195127177762,0.3,-1.405814,1.49704,3.078761,0.666667,1.0,2.261575,0.00856575,0.210106683546004,0.3
1769796461.869912,-1.390385,1.4883960833333332,3.0812815199925607,0.3,-1.405814,1.49704,3.078761,0.666667,1.0,2.261575,0.0086555,0.2072059095993709,0.3
1769796461.889952,-1.3964079999999999,1.4883400833333333,3.076659832493332,0.3,-1.405814,1.49704,3.078761,0.666667,1.0,2.261575,0.0087105,0.20883684360617139,0.3
1769796461.910388,-1.402449,1.488315833333333,3.084485382325263,0.3,-1.405814,1.49704,3.078761,0.666667,1.0,2.261575,0.00873375,0.20404552122898556,0.3
1769796461.930757,-1.4084993333333333,1.4883203333333332,3.0964033305938767,0.3,-1.405814,1.49704,3.078761,0.666667,1.0,2.261575,0.00872825,0.2082592014267114,0.3
1769796461.950693,-1.4145446666666668,1.4883503333333332,3.063623575985331,0.3,-1.405814,1.49704,3.078761,0.666667,1.0,2.261575,0.008697,0.21637127926351243,0.3
1769796461.970981,-1.4205826666666665,1.4884028333333335,3.0593397240482765,0.3,-1.405814,1.49704,3.078761,0.666667,1.0,2.261575,0.008643749999999999,0.2272170247796493,0.3
1769796461.991189,-1.4266136666666667,1.4884752499999998,3.062563519489947,0.3,-1.405814,1.49704,3.078761,0.666667,1.0,2.261575,0.00857075,0.21793044048540988,0.3
1769796462.011779,-1.4326386666666668,1.4885655,3.091014997480313,0.3,-1.405814,1.49704,3.078761,0.666667,1.0,2.261575,0.00847975,0.20656785014901824,0.3
1769796462.031789,-1.4386583333333334,1.48867175,3.091074965166319,0.3,-1.405814,1.49704,3.078761,0.666667,1.0,2.261575,0.008373,0.19985646145048738,0.3
1769796462.0521,-1.4446736666666666,1.4887707500000003,3.0805586079647984,0.3,-1.405814,1.49704,3.078761,0.666667,1.0,2.261575,0.008251999999999999,0.2115548574330893,0.3
1769796462.072602,-1.4506843333333332,1.4898164166666668,3.0536220180506723,0.3,-1.405814,1.49704,3.078761,0.666667,1.0,2.261575,0.008182749999999999,0.21714781972346167,0.3
1769796462.092767,-1.4566906666666666,1.4907920833333332,3.1361249915534146,0.3,-1.5,1.5,3.141593,0.666667,1.0,2.355807,0.008196,0.22357139401669057,0.3
1769796462.112919,-1.4626806666666667,1.4916926666666666,3.1241992297769303,0.3,-1.5,1.5,3.141593,0.666667,1.0,2.355807,0.008285,0.21700672973559884,0.3
1769796462.133178,-1.468632333333333,1.4915603333333334,3.137989335954475,0.3,-1.5,1.5,3.141593,0.666667,1.0,2.355807,0.008441,0.21843135945494294,0.3
1769796462.153297,-1.4745533333333334,1.4914200833333335,3.1353874963823762,0.3,-1.5,1.5,3.141593,0.666667,1.0,2.355807,0.008593,0.21527149334287565,0.3
1769796462.173911,-1.4804623333333333,1.4913066666666666,3.138089919575441,0.3,-1.5,1.5,3.141593,0.666667,1.0,2.355807,0.00870575,0.2129620708337836,0.3
1769796462.194271,-1.4863876666666667,1.4912295000000002,3.147856638919395,0.3,-1.5,1.5,3.141593,0.666667,1.0,2.355807,0.00878125,0.20668467939097201,0.3
1769796462.21454,-1.492327666666667,1.4911830833333335,3.155945566090509,0.3,-1.5,1.5,3.141593,0.666667,1.0,2.355807,0.0088245,0.20311808560539413,0.3
1769796462.234729,-1.4962923333333336,1.491162,3.1489247525920567,0.3,-1.5,1.5,3.141593,0.666667,1.0,2.355807,0.008845,0.20785555545355175,0.3
1769796462.234729,-1.5002656666666667,1.49116175,3.133696092081211,0.3,-1.5,1.5,3.141593,0.666667,1.0,2.355807,0.0088445,0.21470847954984185,0.3
1769796462.25524,-1.5042463333333334,1.4911806666666667,3.1356415695332363,0.3,-1.5,1.5,3.141593,0.666667,1.0,2.355807,0.00882525,0.2194501256329359,0.3
1769796462.275516,-1.510218,1.4912194166666666,3.1342881251655075,0.3,-1.5,1.5,3.141593,0.666667,1.0,2.355807,0.008788250000000001,0.21403577262444598,0.3
1769796462.295778,-1.5161906666666667,1.4912786666666669,3.149072274792066,0.3,-1.5,1.5,3.141593,0.666667,1.0,2.355807,0.00872825,0.2091314562206434,0.3
1769796462.315858,-1.522159,1.491359,3.1482966672306865,0.3,-1.5,1.5,3.141593,0.666667,1.0,2.355807,0.0086475,0.20219581121993788,0.3
1769796462.336186,-1.5281216666666666,1.4914585000000002,3.153428317373566,0.3,-1.5,1.5,3.141593,0.666667,1.0,2.355807,0.008547250000000001,0.2060647929111491,0.3
1769796462.356662,-1.5340783333333334,1.4915754166666668,3.135632583554645,0.3,-1.5,1.5,3.141593,0.666667,1.0,2.355807,0.00842975,0.20861627124510174,0.3
1769796462.376878,-1.5400293333333333,1.4916841666666667,3.138314110006665,0.3,-1.5,1.5,3.141593,0.666667,1.0,2.355807,0.00829675,0.20544465597751907,0.3
1769796462.39711,-1.5459759999999998,1.4907652500000002,3.1604134908939883,0.3,-1.5,1.5,3.141593,0.666667,1.0,2.355807,0.008221,0.20534552221669508,0.3
1769796462.417464,-1.5519189999999998,1.4897729999999998,3.1970979816004323,0.3,-1.594186,1.49704,3.204425,0.666667,1.0,2.450039,0.0082265,0.20473611512848314,0.3
1769796462.437968,-1.5578580000000002,1.4887015000000001,3.2035905693859044,0.3,-1.594186,1.49704,3.204425,0.666667,1.0,2.450039,0.008313500000000001,0.21264954272853007,0.3
1769796462.457843,-1.5637983333333334,1.4885656666666665,3.200926515523799,0.3,-1.594186,1.49704,3.204425,0.666667,1.0,2.450039,0.0084755,0.21969669335262307,0.3
1769796462.477971,-1.5697563333333333,1.488417,3.178648850753102,0.3,-1.594186,1.49704,3.204425,0.666667,1.0,2.450039,0.008634000000000001,0.2269608049015672,0.3
1769796462.498658,-1.5757330000000003,1.4882929999999999,3.1851645746792236,0.3,-1.594186,1.49704,3.204425,0.666667,1.0,2.450039,0.0087595,0.22328752540173033,0.3
1769796462.518687,-1.5817286666666666,1.4882043333333332,3.2146420359985854,0.3,-1.594186,1.49704,3.204425,0.666667,1.0,2.450039,0.0088475,0.21528668419731986,0.3
1769796462.538852,-1.5877316666666665,1.488151,3.20436632158903,0.3,-1.594186,1.49704,3.204425,0.666667,1.0,2.450039,0.0089,0.20940424168885138,0.3
1769796462.558909,-1.593748,1.48813025,3.2028495889376924,0.3,-1.594186,1.49704,3.204425,0.666667,1.0,2.450039,0.0089195,0.20856734853625766,0.3
1769796462.579278,-1.599778,1.4881393333333335,3.217928022624877,0.3,-1.594186,1.49704,3.204425,0.666667,1.0,2.450039,0.00890975,0.21119603365619868,0.3
1769796462.599661,-1.6058206666666666,1.4881754166666668,3.1963758673862745,0.3,-1.594186,1.49704,3.204425,0.666667,1.0,2.450039,0.00887275,0.21295398244416977,0.3
1769796462.619801,-1.6118723333333334,1.4882358333333332,3.196664957735642,0.3,-1.594186,1.49704,3.204425,0.666667,1.0,2.450039,0.00881125,0.21972297702524904,0.3
1769796462.639809,-1.6179293333333333,1.4883177500000002,3.1955020872854605,0.3,-1.594186,1.49704,3.204425,0.666667,1.0,2.450039,0.0087285,0.21380000460319235,0.3
1769796462.659997,-1.623973,1.4884185833333332,3.2118847350234,0.3,-1.594186,1.49704,3.204425,0.666667,1.0,2.450039,0.008627000000000001,0.21368480996475436,0.3
1769796462.680422,-1.6299973333333335,1.4885360833333332,3.195394328413124,0.3,-1.594186,1.49704,3.204425,0.666667,1.0,2.450039,0.00850875,0.21074370518105123,0.3
1769796462.700689,-1.6359993333333334,1.4886368333333333,3.2023909148839547,0.3,-1.594186,1.49704,3.204425,0.666667,1.0,2.450039,0.008376,0.221482813031874,0.3
1769796462.720679,-1.6419933333333334,1.4857316666666665,3.177434808812791,0.3,-1.594186,1.49704,3.204425,0.666667,1.0,2.450039,0.00832475,0.21395883676041913,0.3
1769796462.740988,-1.6479819999999998,1.4827450833333333,3.2795755928107218,0.3,-1.688,1.488172,3.267256,0.666667,1.0,2.544271,0.008356249999999999,0.21512762258520515,0.3
1769796462.761528,-1.6539603333333333,1.4796804166666668,3.2629004105069903,0.3,-1.688,1.488172,3.267256,0.666667,1.0,2.544271,0.00846775,0.20355259185114416,0.3
1769796462.781725,-1.6599726666666665,1.4795312500000002,3.277901486996853,0.3,-1.688,1.488172,3.267256,0.666667,1.0,2.544271,0.008650749999999999,0.20466594095029422,0.3
1769796462.80194,-1.666018,1.4793806666666667,3.278846329622669,0.3,-1.688,1.488172,3.267256,0.666667,1.0,2.544271,0.008803749999999999,0.20374259925769414,0.3
1769796462.822601,-1.6720963333333332,1.4792655833333335,3.268671188235228,0.3,-1.688,1.488172,3.267256,0.666667,1.0,2.544271,0.0089195,0.2098164498957277,0.3
1769796462.842712,-1.678159,1.4791878333333335,3.261498133339809,0.3,-1.688,1.488172,3.267256,0.666667,1.0,2.544271,0.008996,0.21329152246195437,0.3
1769796462.86305,-1.6842043333333334,1.47914575,3.270556850631929,0.3,-1.688,1.488172,3.267256,0.666667,1.0,2.544271,0.009037,0.20993023628616034,0.3
1769796462.883271,-1.6902336666666669,1.4791356666666668,3.2791998701938927,0.3,-1.688,1.488172,3.267256,0.666667,1.0,2.544271,0.009045749999999998,0.20721283885327244,0.3
1769796462.903709,-1.6962476666666666,1.47915425,3.270626704965252,0.3,-1.688,1.488172,3.267256,0.666667,1.0,2.544271,0.00902625,0.20757094057464087,0.3
1769796462.924085,-1.7022286666666666,1.4791983333333334,3.2693242305715398,0.3,-1.688,1.488172,3.267256,0.666667,1.0,2.544271,0.00898125,0.2094548067019523,0.3
1769796462.94421,-1.7081813333333333,1.47926525,3.2728977579071694,0.3,-1.688,1.488172,3.267256,0.666667,1.0,2.544271,0.0089135,0.21009185471362157,0.3
1769796462.964866,-1.7141123333333335,1.4793527500000003,3.2679781480445267,0.3,-1.688,1.488172,3.267256,0.666667,1.0,2.544271,0.0088255,0.20766963044800765,0.3
1769796462.984749,-1.7200453333333332,1.47945875,3.2741339082605387,0.3,-1.688,1.488172,3.267256,0.666667,1.0,2.544271,0.008718749999999999,0.21005237831677262,0.3
1769796463.005157,-1.725981,1.4795719166666668,3.2637447026079345,0.3,-1.688,1.488172,3.267256,0.666667,1.0,2.544271,0.008595499999999999,0.21514044648417432,0.3
1769796463.025629,-1.7319203333333333,1.47474525,3.2497697076093903,0.3,-1.688,1.488172,3.267256,0.666667,1.0,2.544271,0.008485999999999999,0.21664121943186712,0.3
1769796463.045722,-1.7378616666666666,1.4698607499999998,3.3307615815953033,0.3,-1.781072,1.473431,3.330088,0.666667,1.0,2.638504,0.00845775,0.21882136755685996,0.3
1769796463.065934,-1.7438103333333335,1.4648995833333334,3.3190047820937156,0.3,-1.781072,1.473431,3.330088,0.666667,1.0,2.638504,0.008507999999999998,0.21783458444409767,0.3
1769796463.085888,-1.7497170000000002,1.4647909166666668,3.3156551660133737,0.3,-1.781072,1.473431,3.330088,0.666667,1.0,2.638504,0.0086285,0.21855581310050085,0.3
1769796463.1066,-1.7555813333333334,1.46465975,3.332657585520854,0.3,-1.781072,1.473431,3.330088,0.666667,1.0,2.638504,0.00878375,0.2189318430748748,0.3
1769796463.126833,-1.7614026666666665,1.4645423333333334,3.321479247532477,0.3,-1.781072,1.473431,3.330088,0.666667,1.0,2.638504,0.0089015,0.21524761181062335,0.3
1769796463.146843,-1.7672340000000002,1.4644614999999999,3.330041294849094,0.3,-1.781072,1.473431,3.330088,0.666667,1.0,2.638504,0.008980750000000001,0.21587926210999328,0.3
1769796463.167153,-1.77309,1.464415,3.3316776100211474,0.3,-1.781072,1.473431,3.330088,0.666667,1.0,2.638504,0.009026250000000001,0.2131016663279849,0.3
1769796463.187618,-1.778961,1.4643994166666667,3.330727002949675,0.3,-1.781072,1.473431,3.330088,0.666667,1.0,2.638504,0.009041,0.21665161629363763,0.3
1769796463.208056,-1.7848366666666664,1.4644120833333334,3.3201049465198738,0.3,-1.781072,1.473431,3.330088,0.666667,1.0,2.638504,0.0090275,0.21886309007979884,0.3
1769796463.228124,-1.7906993333333332,1.4644507500000001,3.3241853085029445,0.3,-1.781072,1.473431,3.330088,0.666667,1.0,2.638504,0.00898825,0.21818122431673617,0.3
1769796463.248525,-1.7965506666666666,1.4645131666666664,3.331932585634314,0.3,-1.781072,1.473431,3.330088,0.666667,1.0,2.638504,0.008924999999999999,0.20999137152923744,0.3
1769796463.268677,-1.802392,1.4645970833333333,3.342902672758487,0.3,-1.781072,1.473431,3.330088,0.666667,1.0,2.638504,0.00884025,0.20359509479120716,0.3
1769796463.288768,-1.8082253333333334,1.4647001666666668,3.3416288418682654,0.3,-1.781072,1.473431,3.330088,0.666667,1.0,2.638504,0.0087365,0.20398032295033378,0.3
1769796463.308982,-1.8140496666666668,1.4648201666666667,3.3282171666847034,0.3,-1.781072,1.473431,3.330088,0.666667,1.0,2.638504,0.00861575,0.20543393461287573,0.3
1769796463.329334,-1.8198670000000001,1.4649425,3.336244510128332,0.3,-1.781072,1.473431,3.330088,0.666667,1.0,2.638504,0.00848025,0.2069349116558613,0.3
1769796463.34972,-1.825685,1.4581820833333332,3.334889030196829,0.3,-1.781072,1.473431,3.330088,0.666667,1.0,2.638504,0.0083695,0.2038065248732628,0.3
1769796463.369827,-1.8315063333333332,1.4513605833333336,3.398140732309668,0.3,-1.873035,1.452875,3.39292,0.666667,1.0,2.732736,0.008341000000000001,0.2049808293839459,0.3
1769796463.390363,-1.8373273333333333,1.4444630833333332,3.395051173750893,0.3,-1.873035,1.452875,3.39292,0.666667,1.0,2.732736,0.00838875,0.20883526616385825,0.3
1769796463.41059,-1.8431456666666666,1.4443605833333333,3.3868839202306216,0.3,-1.873035,1.452875,3.39292,0.666667,1.0,2.732736,0.008506,0.20735484411704894,0.3
1769796463.430943,-1.848967,1.444238666666667,3.405222643692096,0.3,-1.873035,1.452875,3.39292,0.666667,1.0,2.732736,0.0086485,0.21127280494149905,0.3
1769796463.450863,-1.8547996666666666,1.4441321666666667,3.3848847539511167,0.3,-1.873035,1.452875,3.39292,0.666667,1.0,2.732736,0.0087545,0.20981963925333344,0.3
1769796463.471075,-1.8606433333333332,1.44406025,3.393287305017625,0.3,-1.873035,1.452875,3.39292,0.666667,1.0,2.732736,0.0088255,0.21600839146858722,0.3
1769796463.491525,-1.866496,1.4440205833333335,3.388121774147203,0.3,-1.873035,1.452875,3.39292,0.666667,1.0,2.732736,0.00886425,0.2078503681700523,0.3
1769796463.511714,-1.8723543333333332,1.4440104166666667,3.4104082405496756,0.3,-1.873035,1.452875,3.39292,0.666667,1.0,2.732736,0.0088735,0.2089539385675504,0.3
1769796463.532053,-1.878211,1.4440270833333333,3.3902001577322514,0.3,-1.873035,1.452875,3.39292,0.666667,1.0,2.732736,0.008856,0.20721163385709315,0.3
1769796463.552162,-1.8840603333333334,1.4440679166666666,3.392334261268203,0.3,-1.873035,1.452875,3.39292,0.666667,1.0,2.732736,0.00881425,0.2137913692940537,0.3
1769796463.572535,-1.8898973333333335,1.44413025,3.3900776166791013,0.3,-1.873035,1.452875,3.39292,0.666667,1.0,2.732736,0.008751,0.21010264052689318,0.3
1769796463.592768,-1.8957223333333333,1.4442116666666667,3.3998096423190933,0.3,-1.873035,1.452875,3.39292,0.666667,1.0,2.732736,0.008669,0.2111922468970023,0.3
1769796463.612974,-1.9015356666666667,1.4443099166666666,3.3875254827275123,0.3,-1.873035,1.452875,3.39292,0.666667,1.0,2.732736,0.008570000000000001,0.20872079684754907,0.3
1769796463.633369,-1.9073393333333335,1.4444232499999998,3.3954326381465716,0.3,-1.873035,1.452875,3.39292,0.666667,1.0,2.732736,0.00845625,0.21183770021454618,0.3
1769796463.653701,-1.9131343333333335,1.4445295833333331,3.3881640962674813,0.3,-1.873035,1.452875,3.39292,0.666667,1.0,2.732736,0.008329,0.21303263787013962,0.3
1769796463.674155,-1.9189216666666666,1.4358333333333333,3.382006757271941,0.3,-1.873035,1.452875,3.39292,0.666667,1.0,2.732736,0.008251,0.21410929327731476,0.3
1769796463.694556,-1.9247016666666668,1.4270821666666667,3.45360091615877,0.3,-1.963525,1.426585,3.455752,0.666667,1.0,2.826968,0.008255,0.21691799781738455,0.3
1769796463.714802,-1.9285526666666666,1.4182546666666667,3.442223256881224,0.3,-1.963525,1.426585,3.455752,0.666667,1.0,2.826968,0.008292500000000001,0.21549268394795226,0.3
1769796463.714802,-1.9343473333333332,1.4181489999999999,3.450281477689745,0.3,-1.963525,1.426585,3.455752,0.666667,1.0,2.826968,0.0084435,0.21629189292738202,0.3
1769796463.754965,-1.9382176666666666,1.4180224166666668,3.4528426867088204,0.3,-1.963525,1.426585,3.455752,0.666667,1.0,2.826968,0.008572,0.21723075005988035,0.3
1769796463.754965,-1.9440196666666667,1.4179078333333335,3.4417312442424333,0.3,-1.963525,1.426585,3.455752,0.666667,1.0,2.826968,0.00867225,0.21877668661963287,0.3
1769796463.775664,-1.947873666666667,1.417821166666667,3.4486404088346414,0.3,-1.963525,1.426585,3.455752,0.666667,1.0,2.826968,0.00878725,0.2217573754637369,0.3
1769796463.795833,-1.9536416666666667,1.4177537500000001,3.4460439707497907,0.3,-1.963525,1.426585,3.455752,0.666667,1.0,2.826968,0.008832,0.21765840748125723,0.3
1769796463.816082,-1.9593703333333334,1.4177214166666667,3.4559588286975247,0.3,-1.963525,1.426585,3.455752,0.666667,1.0,2.826968,0.0088745,0.22238580964725108,0.3
1769796463.836557,-1.965063,1.4177107500000001,3.435333843884498,0.3,-1.963525,1.426585,3.455752,0.666667,1.0,2.826968,0.00888425,0.22045063250550723,0.3
1769796463.856725,-1.9707283333333334,1.4177301666666668,3.452541739196318,0.3,-1.963525,1.426585,3.455752,0.666667,1.0,2.826968,0.008863999999999999,0.220226230073318,0.3
1769796463.877139,-1.9763863333333334,1.4177764166666667,3.456777814129319,0.3,-1.963525,1.426585,3.455752,0.666667,1.0,2.826968,0.00881625,0.21132003419228848,0.3
1769796463.897662,-1.9820399999999998,1.4178465833333334,3.4610728570989537,0.3,-1.963525,1.426585,3.455752,0.666667,1.0,2.826968,0.0087455,0.2089600253960122,0.3
1769796463.917828,-1.987685,1.4179379166666666,3.4579906983373334,0.3,-1.963525,1.426585,3.455752,0.666667,1.0,2.826968,0.0086535,0.20903785437798195,0.3
1769796463.93832,-1.9933203333333331,1.4180485833333332,3.454628659002684,0.3,-1.963525,1.426585,3.455752,0.666667,1.0,2.826968,0.008542250000000001,0.20624655751882412,0.3
1769796463.958848,-1.9989460000000001,1.4181769166666667,3.466999140285056,0.3,-1.963525,1.426585,3.455752,0.666667,1.0,2.826968,0.0084135,0.21094518834840778,0.3
1769796463.979045,-2.004564333333333,1.41829475,3.441105625812949,0.3,-1.963525,1.426585,3.455752,0.666667,1.0,2.826968,0.0082685,0.20922055581481888,0.3
1769796463.999043,-2.010176,1.407729166666667,3.4564201653988693,0.3,-1.963525,1.426585,3.455752,0.666667,1.0,2.826968,0.00818875,0.21148176870809174,0.3
1769796464.019437,-2.0157813333333334,1.3970886666666669,3.521188296622704,0.3,-2.052187,1.394665,3.518584,0.666667,1.0,2.921201,0.00819025,0.20729577058570595,0.3
1769796464.039757,-2.0213753333333333,1.3863692500000002,3.516743695387504,0.3,-2.052187,1.394665,3.518584,0.666667,1.0,2.921201,0.00827,0.20301772292052425,0.3
1769796464.059951,-2.0269749999999997,1.38624075,3.534275487640629,0.3,-2.052187,1.394665,3.518584,0.666667,1.0,2.921201,0.008427,0.2107463641196151,0.3
1769796464.080313,-2.032586,1.3860994166666665,3.5006671252002093,0.3,-2.052187,1.394665,3.518584,0.666667,1.0,2.921201,0.00857575,0.21200389808554485,0.3
1769796464.100698,-2.038207,1.385981916666667,3.5159152689708946,0.3,-2.052187,1.394665,3.518584,0.666667,1.0,2.921201,0.008694,0.21512837881356486,0.3
1769796464.120758,-2.043814,1.3858975833333336,3.5269682089260197,0.3,-2.052187,1.394665,3.518584,0.666667,1.0,2.921201,0.008779499999999999,0.2123280667906141,0.3
1769796464.140846,-2.0493996666666665,1.3858475000000003,3.510540755706092,0.3,-2.052187,1.394665,3.518584,0.666667,1.0,2.921201,0.00882875,0.2127856845702224,0.3
1769796464.160981,-2.0549663333333332,1.3858308333333333,3.5154148733534787,0.3,-2.052187,1.394665,3.518584,0.666667,1.0,2.921201,0.008844250000000001,0.21317854762685007,0.3
1769796464.181422,-2.0605209999999996,1.3858443333333337,3.526915283392108,0.3,-2.052187,1.394665,3.518584,0.666667,1.0,2.921201,0.0088295,0.2107243690768742,0.3
1769796464.201739,-2.0660643333333333,1.3858845000000002,3.5179987805929684,0.3,-2.052187,1.394665,3.518584,0.666667,1.0,2.921201,0.008788250000000001,0.2061166622315136,0.3
1769796464.221875,-2.0716083333333333,1.3859482500000002,3.528374474849686,0.3,-2.052187,1.394665,3.518584,0.666667,1.0,2.921201,0.00872375,0.21175073358078653,0.3
1769796464.242383,-2.0771566666666668,1.3860330833333334,3.5085201740255627,0.3,-2.052187,1.394665,3.518584,0.666667,1.0,2.921201,0.00863825,0.21218862908885752,0.3
1769796464.262702,-2.082713,1.38613725,3.514567321989794,0.3,-2.052187,1.394665,3.518584,0.666667,1.0,2.921201,0.00853375,0.2173806153048307,0.3
1769796464.282904,-2.0882696666666667,1.3862584166666665,3.5102998108551935,0.3,-2.052187,1.394665,3.518584,0.666667,1.0,2.921201,0.00841125,0.21877357300212288,0.3
1769796464.303126,-2.0938216666666665,1.3738888333333332,3.5010420525543227,0.3,-2.052187,1.394665,3.518584,0.666667,1.0,2.921201,0.00827475,0.2206609816755554,0.3
1769796464.323555,-2.0993666666666666,1.3614688333333334,3.56950667514567,0.3,-2.138669,1.357241,3.581416,0.666667,1.0,3.015433,0.0082185,0.2242256167207353,0.3
1769796464.34385,-2.104906,1.3489675833333334,3.5613825696308217,0.3,-2.138669,1.357241,3.581416,0.666667,1.0,3.015433,0.008247250000000001,0.21466213803169146,0.3
1769796464.364296,-2.1104586666666667,1.3488639166666667,3.5935487149558294,0.3,-2.138669,1.357241,3.581416,0.666667,1.0,3.015433,0.0083545,0.21636686229073357,0.3
1769796464.384519,-2.1160200000000002,1.3487220833333333,3.566063016847713,0.3,-2.138669,1.357241,3.581416,0.666667,1.0,3.015433,0.0085295,0.2084981774148813,0.3
1769796464.405598,-2.121582333333333,1.3485821666666666,3.5890521243655247,0.3,-2.138669,1.357241,3.581416,0.666667,1.0,3.015433,0.00867275,0.2093563049556166,0.3
1769796464.424919,-2.127122,1.3484798333333334,3.591956581768278,0.3,-2.138669,1.357241,3.581416,0.666667,1.0,3.015433,0.008774249999999999,0.20330272588449316,0.3
1769796464.445249,-2.1326403333333332,1.3484164166666666,3.5867878525362302,0.3,-2.138669,1.357241,3.581416,0.666667,1.0,3.015433,0.0088365,0.20687057188822577,0.3
1769796464.465561,-2.138137,1.3483886666666667,3.578675814111412,0.3,-2.138669,1.357241,3.581416,0.666667,1.0,3.015433,0.008863,0.2079361961286663,0.3
1769796464.48571,-2.143615666666667,1.3483928333333333,3.590885492572533,0.3,-2.138669,1.357241,3.581416,0.666667,1.0,3.015433,0.0088575,0.2074397979577508,0.3
1769796464.505999,-2.149077,1.348425416666667,3.588210663131617,0.3,-2.138669,1.357241,3.581416,0.666667,1.0,3.015433,0.008824,0.20359158431044325,0.3
1769796464.526489,-2.1545246666666666,1.3484831666666668,3.5898750982706087,0.3,-2.138669,1.357241,3.581416,0.666667,1.0,3.015433,0.00876525,0.20631975894508137,0.3
1769796464.546648,-2.159958666666667,1.3485635,3.581492752334193,0.3,-2.138669,1.357241,3.581416,0.666667,1.0,3.015433,0.008684250000000001,0.21529491999112038,0.3
1769796464.566893,-2.1653803333333332,1.348664,3.55948901149517,0.3,-2.138669,1.357241,3.581416,0.666667,1.0,3.015433,0.008583,0.21570169220118116,0.3
1769796464.587097,-2.170790666666667,1.3487824999999998,3.5860091960252434,0.3,-2.138669,1.357241,3.581416,0.666667,1.0,3.015433,0.00846375,0.2151102670133559,0.3
1769796464.607547,-2.1761909999999998,1.3489053333333334,3.581120829475535,0.3,-2.138669,1.357241,3.581416,0.666667,1.0,3.015433,0.00832875,0.20595589147612303,0.3
1769796464.627838,-2.1815753333333334,1.3347389166666666,3.5843221760317094,0.3,-2.138669,1.357241,3.581416,0.666667,1.0,3.015433,0.0082145,0.20884079013639867,0.3
1769796464.648104,-2.186934,1.3205124166666666,3.6383412069375405,0.3,-2.222631,1.31446,3.644247,0.666667,1.0,3.109665,0.008182,0.20796357665825535,0.3
1769796464.668491,-2.192262,1.3062065,3.6460716099372985,0.3,-2.222631,1.31446,3.644247,0.666667,1.0,3.109665,0.00822725,0.2159943070234772,0.3
1769796464.688651,-2.1975863333333336,1.3060965,3.6242813184397096,0.3,-2.222631,1.31446,3.644247,0.666667,1.0,3.109665,0.00835125,0.20725065421064373,0.3
1769796464.709123,-2.20291,1.305958,3.6673067829339074,0.3,-2.222631,1.31446,3.644247,0.666667,1.0,3.109665,0.008512,0.2060374343364694,0.3
1769796464.729038,-2.208232333333333,1.3058279166666669,3.6518800840719736,0.3,-2.222631,1.31446,3.644247,0.666667,1.0,3.109665,0.008642750000000001,0.19487432325786633,0.3
1769796464.749189,-2.2135266666666666,1.3057330833333334,3.6604665078469623,0.3,-2.222631,1.31446,3.644247,0.666667,1.0,3.109665,0.008741500000000001,0.20881374470075276,0.3
1769796464.769752,-2.2187906666666666,1.3056761666666665,3.627948772982205,0.3,-2.222631,1.31446,3.644247,0.666667,1.0,3.109665,0.0087965,0.20992441773884749,0.3
1769796464.789947,-2.2240296666666666,1.3056568333333332,3.6504560077425854,0.3,-2.222631,1.31446,3.644247,0.666667,1.0,3.109665,0.0088135,0.20944500235966487,0.3
1769796464.810566,-2.2292513333333335,1.3056695833333334,3.6632201861941693,0.3,-2.222631,1.31446,3.644247,0.666667,1.0,3.109665,0.0087995,0.2097400426475865,0.3
1769796464.830769,-2.2344633333333332,1.30570775,3.626267170966072,0.3,-2.222631,1.31446,3.644247,0.666667,1.0,3.109665,0.008758249999999999,0.20677865294406592,0.3
1769796464.851058,-2.239665,1.3057670000000001,3.658651237677343,0.3,-2.222631,1.31446,3.644247,0.666667,1.0,3.109665,0.008699,0.2119861866841345,0.3
1769796464.871765,-2.244854333333333,1.3058445833333334,3.6464121619399386,0.3,-2.222631,1.31446,3.644247,0.666667,1.0,3.109665,0.008621750000000001,0.2026321898884086,0.3
1769796464.891816,-2.250033,1.3059399999999999,3.65238477575705,0.3,-2.222631,1.31446,3.644247,0.666667,1.0,3.109665,0.0085255,0.2046706830021607,0.3
1769796464.912081,-2.2552023333333335,1.3060520833333333,3.650374510874591,0.3,-2.222631,1.31446,3.644247,0.666667,1.0,3.109665,0.00841275,0.20585354694100966,0.3
1769796464.932347,-2.260365333333333,1.30616225,3.6396633750779936,0.3,-2.222631,1.31446,3.644247,0.666667,1.0,3.109665,0.008285500000000001,0.21148670174383685,0.3
1769796464.952753,-2.2655286666666665,1.29024825,3.633531465734672,0.3,-2.222631,1.31446,3.644247,0.666667,1.0,3.109665,0.008195000000000001,0.2138693843852577,0.3
1769796464.973254,-2.2706923333333333,1.2742693333333335,3.704606678406363,0.3,-2.30374,1.266492,3.707079,0.666667,1.0,3.203897,0.00818675,0.2112761186095363,0.3
1769796464.993852,-2.2758376666666664,1.2582147500000003,3.7104371904040097,0.3,-2.30374,1.266492,3.707079,0.666667,1.0,3.203897,0.00825425,0.21072441007272588,0.3
1769796465.013766,-2.2809406666666665,1.2580964166666666,3.698891441943113,0.3,-2.30374,1.266492,3.707079,0.666667,1.0,3.203897,0.008390749999999999,0.20459819153798076,0.3
1769796465.03377,-2.2860123333333333,1.2579609166666665,3.7253973316479407,0.3,-2.30374,1.266492,3.707079,0.666667,1.0,3.203897,0.00854175,0.20661953442475212,0.3
1769796465.053837,-2.291093666666667,1.25784125,3.7068576716274526,0.3,-2.30374,1.266492,3.707079,0.666667,1.0,3.203897,0.00866075,0.20394119212840092,0.3
1769796465.074209,-2.2962036666666665,1.2577530833333335,3.7098736903332967,0.3,-2.30374,1.266492,3.707079,0.666667,1.0,3.203897,0.00874975,0.21989433231046804,0.3
1769796465.094539,-2.2996243333333335,1.257695,3.679221766380243,0.3,-2.30374,1.266492,3.707079,0.666667,1.0,3.203897,0.00880625,0.22361284307986487,0.3
1769796465.094539,-2.304737,1.2576635833333334,3.6968666018529612,0.3,-2.30374,1.266492,3.707079,0.666667,1.0,3.203897,0.008835,0.22366377419502062,0.3
1769796465.134992,-2.30814,1.2576564166666666,3.710081971991465,0.3,-2.30374,1.266492,3.707079,0.666667,1.0,3.203897,0.008844000000000001,0.21380505895144727,0.3
1769796465.134992,-2.3132379999999997,1.2576703333333332,3.7087649848608404,0.3,-2.30374,1.266492,3.707079,0.666667,1.0,3.203897,0.00882775,0.2127235730468633,0.3
1769796465.155072,-2.316622,1.2577055833333333,3.6993267236835456,0.3,-2.30374,1.266492,3.707079,0.666667,1.0,3.203897,0.008793249999999999,0.21847120167564302,0.3
1769796465.175514,-2.3216889999999997,1.2577628333333333,3.6924000419649725,0.3,-2.30374,1.266492,3.707079,0.666667,1.0,3.203897,0.00873825,0.2167624786703782,0.3
1769796465.195757,-2.326741333333333,1.2578424166666666,3.712681369063585,0.3,-2.30374,1.266492,3.707079,0.666667,1.0,3.203897,0.008656,0.21510108405692271,0.3
1769796465.216108,-2.33178,1.2579439166666668,3.7030478983821675,0.3,-2.30374,1.266492,3.707079,0.666667,1.0,3.203897,0.0085545,0.21334237176088747,0.3
1769796465.236247,-2.3368093333333335,1.25806425,3.6949773572100466,0.3,-2.30374,1.266492,3.707079,0.666667,1.0,3.203897,0.00843375,0.21516364334050372,0.3
1769796465.256622,-2.3418283333333334,1.2581787500000001,3.704698957889775,0.3,-2.30374,1.266492,3.707079,0.666667,1.0,3.203897,0.008295,0.21118077708554472,0.3
1769796465.277033,-2.3468386666666667,1.2405985000000002,3.712504821249711,0.3,-2.30374,1.266492,3.707079,0.666667,1.0,3.203897,0.008211,0.20550963393141175,0.3
1769796465.296856,-2.351839333333334,1.2229459166666667,3.772641940472866,0.3,-2.381678,1.213525,3.769911,0.666667,1.0,3.29813,0.0082075,0.20208826509313638,0.3
1769796465.317281,-2.3568306666666667,1.2052131666666668,3.7778461061254087,0.3,-2.381678,1.213525,3.769911,0.666667,1.0,3.29813,0.00828575,0.20631075453851358,0.3
1769796465.337797,-2.3618063333333335,1.2050823333333334,3.764618771834773,0.3,-2.381678,1.213525,3.769911,0.666667,1.0,3.29813,0.00844225,0.2105167174800547,0.3
1769796465.357875,-2.366760666666667,1.2049351666666668,3.763450444063655,0.3,-2.381678,1.213525,3.769911,0.666667,1.0,3.29813,0.0086,0.20618858132372442,0.3
1769796465.378099,-2.3716863333333333,1.2048095833333334,3.7939744211494726,0.3,-2.381678,1.213525,3.769911,0.666667,1.0,3.29813,0.008727249999999999,0.20454243965750626,0.3
1769796465.39793,-2.37659,1.204718,3.771444594199782,0.3,-2.381678,1.213525,3.769911,0.666667,1.0,3.29813,0.008819,0.2022790446970465,0.3
1769796465.418607,-2.3814766666666665,1.2046623333333335,3.7732795294271426,0.3,-2.381678,1.213525,3.769911,0.666667,1.0,3.29813,0.00887475,0.20380748476440746,0.3
1769796465.438452,-2.386347666666667,1.2046414166666668,3.7899155303194814,0.3,-2.381678,1.213525,3.769911,0.666667,1.0,3.29813,0.00889425,0.20494338811830706,0.3
1769796465.458705,-2.3911983333333335,1.2046531666666667,3.7691292199213366,0.3,-2.381678,1.213525,3.769911,0.666667,1.0,3.29813,0.00888175,0.21044418821692015,0.3
1769796465.479071,-2.3960266666666663,1.2046941666666668,3.756046817960603,0.3,-2.381678,1.213525,3.769911,0.666667,1.0,3.29813,0.0088395,0.21622209880953247,0.3
1769796465.499074,-2.400835,1.2047605000000001,3.772038495402685,0.3,-2.381678,1.213525,3.769911,0.666667,1.0,3.29813,0.00877125,0.21720826493748735,0.3
1769796465.519587,-2.405621333333334,1.2048476666666668,3.7651985701105506,0.3,-2.381678,1.213525,3.769911,0.666667,1.0,3.29813,0.00868275,0.21036135270497092,0.3
1769796465.540051,-2.4103853333333336,1.2049513333333335,3.7750039973410643,0.3,-2.381678,1.213525,3.769911,0.666667,1.0,3.29813,0.008578,0.21071765660581912,0.3
1769796465.5605,-2.4151303333333334,1.2050686666666668,3.7696293511848844,0.3,-2.381678,1.213525,3.769911,0.666667,1.0,3.29813,0.00846025,0.2088609739044693,0.3
1769796465.580804,-2.4198626666666665,1.2051684999999999,3.768018080132237,0.3,-2.381678,1.213525,3.769911,0.666667,1.0,3.29813,0.008330750000000001,0.20957626418920258,0.3
1769796465.601181,-2.424585333333333,1.1859675833333334,3.770553128814611,0.3,-2.381678,1.213525,3.769911,0.666667,1.0,3.29813,0.008278500000000001,0.2113525604248626,0.3
1769796465.621671,-2.4293003333333334,1.1666887500000003,3.8260806356695,0.3,-2.456136,1.15577,3.832743,0.666667,1.0,3.392362,0.008308,0.20814158376991884,0.3
1769796465.641874,-2.434007333333333,1.1473318333333333,3.8409667148873403,0.3,-2.456136,1.15577,3.832743,0.666667,1.0,3.392362,0.00841225,0.20832014538568885,0.3
1769796465.661889,-2.4387163333333333,1.14718275,3.8345644799315655,0.3,-2.456136,1.15577,3.832743,0.666667,1.0,3.392362,0.00859425,0.20075777734198452,0.3
1769796465.681981,-2.443416333333333,1.1470268333333333,3.8512600527483345,0.3,-2.456136,1.15577,3.832743,0.666667,1.0,3.392362,0.00875525,0.20413360170870856,0.3
1769796465.702479,-2.448084,1.1469015,3.834636778097934,0.3,-2.456136,1.15577,3.832743,0.666667,1.0,3.392362,0.008879999999999999,0.2094170025850616,0.3
1769796465.722699,-2.452708,1.1468136666666668,3.822109578728752,0.3,-2.456136,1.15577,3.832743,0.666667,1.0,3.392362,0.008970249999999999,0.21694603845759453,0.3
1769796465.743253,-2.457298,1.1467633333333334,3.8317354978100746,0.3,-2.456136,1.15577,3.832743,0.666667,1.0,3.392362,0.00901875,0.21342788818502956,0.3
1769796465.762964,-2.4618783333333334,1.1467485000000002,3.84521925552627,0.3,-2.456136,1.15577,3.832743,0.666667,1.0,3.392362,0.009031,0.20655510919747447,0.3
1769796465.782988,-2.466450333333333,1.14676375,3.8425306848807694,0.3,-2.456136,1.15577,3.832743,0.666667,1.0,3.392362,0.00901475,0.20284095478068745,0.3
1769796465.803254,-2.4710156666666667,1.146804666666667,3.8418671518525827,0.3,-2.456136,1.15577,3.832743,0.666667,1.0,3.392362,0.008973,0.20362517445728665,0.3
1769796465.823612,-2.4755746666666663,1.1468685833333334,3.842828159747816,0.3,-2.456136,1.15577,3.832743,0.666667,1.0,3.392362,0.00890825,0.2035801313770843,0.3
1769796465.843789,-2.4801300000000004,1.1469528333333334,3.841315025177355,0.3,-2.456136,1.15577,3.832743,0.666667,1.0,3.392362,0.008823,0.21006261309687171,0.3
1769796465.863958,-2.484684,1.14705525,3.8201716141389297,0.3,-2.456136,1.15577,3.832743,0.666667,1.0,3.392362,0.008720249999999999,0.2115350214598918,0.3
1769796465.884408,-2.4892350000000003,1.14717125,3.8360463583827524,0.3,-2.456136,1.15577,3.832743,0.666667,1.0,3.392362,0.008601000000000001,0.2155384100871688,0.3
1769796465.904743,-2.4937796666666667,1.1264957500000001,3.8267960100720586,0.3,-2.456136,1.15577,3.832743,0.666667,1.0,3.392362,0.008475,0.20545999652646615,0.3
1769796465.925066,-2.4983136666666668,1.1057699166666668,3.9112379496002787,0.3,-2.526821,1.093453,3.895575,0.666667,1.0,3.486594,0.00842975,0.20229222774640734,0.3
1769796465.945767,-2.5028306666666666,1.084967166666667,3.907747664339843,0.3,-2.526821,1.093453,3.895575,0.666667,1.0,3.486594,0.0084615,0.2012666535666455,0.3
1769796465.965941,-2.5073543333333332,1.0848683333333333,3.893251941800152,0.3,-2.526821,1.093453,3.895575,0.666667,1.0,3.486594,0.00856625,0.20762290474291079,0.3
1769796465.985857,-2.5118786666666666,1.0847391666666668,3.8932368875887042,0.3,-2.526821,1.093453,3.895575,0.666667,1.0,3.486594,0.00872625,0.21046674835313692,0.3
1769796466.006128,-2.5164016666666664,1.0846169166666666,3.900890423746873,0.3,-2.526821,1.093453,3.895575,0.666667,1.0,3.486594,0.008849000000000001,0.2102376059668171,0.3
1769796466.026357,-2.520892,1.08453175,3.896192735673258,0.3,-2.526821,1.093453,3.895575,0.666667,1.0,3.486594,0.008933,0.2122417473986995,0.3
1769796466.046648,-2.5253463333333337,1.08448125,3.889862880622914,0.3,-2.526821,1.093453,3.895575,0.666667,1.0,3.486594,0.00898175,0.21857193431000496,0.3
1769796466.066795,-2.5297693333333333,1.084462,3.883174228015747,0.3,-2.526821,1.093453,3.895575,0.666667,1.0,3.486594,0.0090005,0.2215282756995788,0.3
1769796466.086687,-2.534167,1.0844705000000001,3.887476917678995,0.3,-2.526821,1.093453,3.895575,0.666667,1.0,3.486594,0.008990749999999999,0.21737611310272728,0.3
1769796466.106809,-2.5385476666666666,1.08450525,3.902004992442857,0.3,-2.526821,1.093453,3.895575,0.666667,1.0,3.486594,0.00895625,0.2154938518897899,0.3
1769796466.127036,-2.5429133333333334,1.0845648333333335,3.888145982554148,0.3,-2.526821,1.093453,3.895575,0.666667,1.0,3.486594,0.00889625,0.21609349015560375,0.3
1769796466.147693,-2.5472633333333334,1.0846478333333334,3.8855571554215627,0.3,-2.526821,1.093453,3.895575,0.666667,1.0,3.486594,0.008812,0.21245157785825985,0.3
1769796466.167744,-2.551597,1.0847523333333335,3.910970161174442,0.3,-2.526821,1.093453,3.895575,0.666667,1.0,3.486594,0.00870725,0.20839031005455685,0.3
1769796466.187799,-2.5559166666666666,1.0848760833333335,3.8977430249837717,0.3,-2.526821,1.093453,3.895575,0.666667,1.0,3.486594,0.00858275,0.2064878343910497,0.3
1769796466.208471,-2.560223666666667,1.08500375,3.888510026909198,0.3,-2.526821,1.093453,3.895575,0.666667,1.0,3.486594,0.00844075,0.2082672293282891,0.3
1769796466.228813,-2.564511,1.0628913333333334,3.9032675622760866,0.3,-2.526821,1.093453,3.895575,0.666667,1.0,3.486594,0.00832425,0.21361732604476558,0.3
1769796466.248962,-2.568777666666666,1.04071625,3.9426624575970592,0.3,-2.593453,1.026821,3.958407,0.666667,1.0,3.580827,0.008288,0.2137871568341562,0.3
1769796466.269274,-2.5730273333333336,1.0184605,3.949704348700414,0.3,-2.593453,1.026821,3.958407,0.666667,1.0,3.580827,0.008334,0.224043834526372,0.3
1769796466.28953,-2.577267333333333,1.01835125,3.936400902780689,0.3,-2.593453,1.026821,3.958407,0.666667,1.0,3.580827,0.0084595,0.2170134749385235,0.3
1769796466.310457,-2.5814906666666664,1.0182153333333335,3.967420539302358,0.3,-2.593453,1.026821,3.958407,0.666667,1.0,3.580827,0.00861575,0.21480632221984855,0.3
1769796466.330866,-2.5856879999999998,1.0180915833333335,3.959495848115816,0.3,-2.593453,1.026821,3.958407,0.666667,1.0,3.580827,0.00874175,0.20876494672627033,0.3
1769796466.350762,-2.589854,1.0180029166666666,3.9566899469966557,0.3,-2.593453,1.026821,3.958407,0.666667,1.0,3.580827,0.00883075,0.21948615509925065,0.3
1769796466.371044,-2.5939903333333336,1.0179499166666666,3.9362913184568926,0.3,-2.593453,1.026821,3.958407,0.666667,1.0,3.580827,0.00888175,0.22124448232327532,0.3
1769796466.391288,-2.598098,1.0179295,3.9552688278986543,0.3,-2.593453,1.026821,3.958407,0.666667,1.0,3.580827,0.008900749999999999,0.2232927110350691,0.3
1769796466.412679,-2.60218,1.0179371666666668,3.9535794955336616,0.3,-2.593453,1.026821,3.958407,0.666667,1.0,3.580827,0.008892,0.2158053212806157,0.3
1769796466.431912,-2.6062393333333334,1.017969916666667,3.956999691737015,0.3,-2.593453,1.026821,3.958407,0.666667,1.0,3.580827,0.00885875,0.21278365556894363,0.3
1769796466.451854,-2.6102806666666667,1.0180261666666668,3.9632332322585526,0.3,-2.593453,1.026821,3.958407,0.666667,1.0,3.580827,0.008802500000000001,0.20992920530286552,0.3
1769796466.472107,-2.6143086666666666,1.0181045833333333,3.959095632251791,0.3,-2.593453,1.026821,3.958407,0.666667,1.0,3.580827,0.00872325,0.21347022399224627,0.3
1769796466.492256,-2.6183259999999997,1.0182035,3.94606570083575,0.3,-2.593453,1.026821,3.958407,0.666667,1.0,3.580827,0.0086235,0.21494608692893247,0.3
1769796466.512795,-2.622333,1.0183202500000001,3.95742610629552,0.3,-2.593453,1.026821,3.958407,0.666667,1.0,3.580827,0.00850575,0.2171679976036144,0.3
1769796466.532747,-2.6263279999999996,1.0184319166666667,3.9492877979392698,0.3,-2.593453,1.026821,3.958407,0.666667,1.0,3.580827,0.008373,0.21162284843845333,0.3
1769796466.552844,-2.6303153333333333,0.9949429166666667,3.9601770719538125,0.3,-2.593453,1.026821,3.958407,0.666667,1.0,3.580827,0.0082885,0.20802929815883242,0.3
1769796466.573183,-2.6342976666666664,0.9713844166666666,4.029090012856921,0.3,-2.65577,0.956136,4.021239,0.666667,1.0,3.675059,0.00828775,0.20976438939062417,0.3
1769796466.593585,-2.6382576666666666,0.9477491666666668,4.00747916660261,0.3,-2.65577,0.956136,4.021239,0.666667,1.0,3.675059,0.0083635,0.2170149713937185,0.3
1769796466.613981,-2.642174333333333,0.9476255833333335,4.003579350019874,0.3,-2.65577,0.956136,4.021239,0.666667,1.0,3.675059,0.00850925,0.2198805125873696,0.3
1769796466.633862,-2.6460433333333335,0.9474893333333334,4.02309365361978,0.3,-2.65577,0.956136,4.021239,0.666667,1.0,3.675059,0.0086585,0.21685058199990712,0.3
1769796466.65439,-2.6498873333333335,0.9473735,4.020340893267259,0.3,-2.65577,0.956136,4.021239,0.666667,1.0,3.675059,0.00877225,0.2169674033529466,0.3
1769796466.674707,-2.6537376666666668,0.9472900833333334,4.005707140460086,0.3,-2.65577,0.956136,4.021239,0.666667,1.0,3.675059,0.00885675,0.2219114923519879,0.3
1769796466.69477,-2.656309,0.9472335833333334,4.00974829992349,0.3,-2.65577,0.956136,4.021239,0.666667,1.0,3.675059,0.00890875,0.22054735440086784,0.3
1769796466.69477,-2.658882333333333,0.9472008333333335,4.02437177216982,0.3,-2.65577,0.956136,4.021239,0.666667,1.0,3.675059,0.00894175,0.21620007097933272,0.3
1769796466.715004,-2.6614389999999997,0.9471886666666668,4.01897810639584,0.3,-2.65577,0.956136,4.021239,0.666667,1.0,3.675059,0.008955,0.2092831551289505,0.3
1769796466.735234,-2.6652633333333333,0.9471961666666667,4.031042907074916,0.3,-2.65577,0.956136,4.021239,0.666667,1.0,3.675059,0.00894525,0.20385351912228244,0.3
1769796466.755709,-2.6690663333333333,0.9472255833333333,4.041163404971625,0.3,-2.65577,0.956136,4.021239,0.666667,1.0,3.675059,0.00891925,0.19859673479812376,0.3
1769796466.775825,-2.6728503333333333,0.9472773333333334,4.033891805898226,0.3,-2.65577,0.956136,4.021239,0.666667,1.0,3.675059,0.00886675,0.20125374130171894,0.3
1769796466.796317,-2.6766159999999997,0.9473533333333334,4.022329615667024,0.3,-2.65577,0.956136,4.021239,0.666667,1.0,3.675059,0.00879,0.2089313219719966,0.3
1769796466.816715,-2.680364666666667,0.9474516666666667,4.016289636223861,0.3,-2.65577,0.956136,4.021239,0.666667,1.0,3.675059,0.00869125,0.21173320148390282,0.3
1769796466.836799,-2.6840976666666667,0.9475703333333333,4.023230767006719,0.3,-2.65577,0.956136,4.021239,0.666667,1.0,3.675059,0.00857175,0.20858604138395398,0.3
1769796466.857237,-2.6878173333333333,0.9476822500000001,4.029002108472839,0.3,-2.65577,0.956136,4.021239,0.666667,1.0,3.675059,0.008433999999999999,0.20436299923913778,0.3
1769796466.877883,-2.691525,0.9229343333333334,4.026812054719667,0.3,-2.65577,0.956136,4.021239,0.666667,1.0,3.675059,0.0083555,0.2044704084308878,0.3
1769796466.897957,-2.695222,0.8981128333333334,4.084137540018116,0.3,-2.713525,0.881678,4.08407,0.666667,1.0,3.769291,0.0083575,0.20202594308047775,0.3
1769796466.918156,-2.6989083333333332,0.8732115833333335,4.098852814275664,0.3,-2.713525,0.881678,4.08407,0.666667,1.0,3.769291,0.0084405,0.20355892190781746,0.3
1769796466.938501,-2.702581,0.87307725,4.086435806688406,0.3,-2.713525,0.881678,4.08407,0.666667,1.0,3.769291,0.008601250000000001,0.20439196587807676,0.3
1769796466.958688,-2.706235,0.8729275,4.084828149115106,0.3,-2.713525,0.881678,4.08407,0.666667,1.0,3.769291,0.0087605,0.2098945642321914,0.3
1769796466.979037,-2.7098633333333333,0.8728005833333333,4.0859507611272186,0.3,-2.713525,0.881678,4.08407,0.666667,1.0,3.769291,0.00888975,0.2142429203396606,0.3
1769796466.999212,-2.7134630000000004,0.8727086666666667,4.07591670687399,0.3,-2.713525,0.881678,4.08407,0.666667,1.0,3.769291,0.008982,0.2145116611786614,0.3
1769796467.019628,-2.7170330000000003,0.8726542500000001,4.086356216523148,0.3,-2.713525,0.881678,4.08407,0.666667,1.0,3.769291,0.00903625,0.21516640510257976,0.3
1769796467.039768,-2.720575,0.8726366666666667,4.084781225111328,0.3,-2.713525,0.881678,4.08407,0.666667,1.0,3.769291,0.009053,0.21165070637485664,0.3
1769796467.05988,-2.7240889999999998,0.87265325,4.08676639508355,0.3,-2.713525,0.881678,4.08407,0.666667,1.0,3.769291,0.009034750000000001,0.21135468390902237,0.3
1769796467.081309,-2.7275776666666665,0.8727006666666668,4.0885509825484085,0.3,-2.713525,0.881678,4.08407,0.666667,1.0,3.769291,0.008986500000000001,0.20303664954733325,0.3
1769796467.100493,-2.731044333333333,0.8727755,4.107086750525655,0.3,-2.713525,0.881678,4.08407,0.666667,1.0,3.769291,0.00891075,0.20637181442242544,0.3
1769796467.120728,-2.7344946666666665,0.8728743333333333,4.075264365501964,0.3,-2.713525,0.881678,4.08407,0.666667,1.0,3.769291,0.008810249999999999,0.20673202421588374,0.3
1769796467.140776,-2.7379306666666667,0.8729936666666668,4.083014788080433,0.3,-2.713525,0.881678,4.08407,0.666667,1.0,3.769291,0.00869,0.20769741782289905,0.3
1769796467.161438,-2.741353666666667,0.8731277500000001,4.103935041091547,0.3,-2.713525,0.881678,4.08407,0.666667,1.0,3.769291,0.00855275,0.21157225692295686,0.3
1769796467.182037,-2.744759666666667,0.8472621666666668,4.061190142957446,0.3,-2.713525,0.881678,4.08407,0.666667,1.0,3.769291,0.008407999999999999,0.20509846780059524,0.3
1769796467.202002,-2.748146,0.8213435833333333,4.162821007457788,0.3,-2.766492,0.80374,4.146902,0.666667,1.0,3.863523,0.00834875,0.2091598094902105,0.3
1769796467.222592,-2.7515103333333335,0.7953430000000002,4.1535130819819015,0.3,-2.766492,0.80374,4.146902,0.666667,1.0,3.863523,0.0083705,0.2013140067474507,0.3
1769796467.242801,-2.754863333333333,0.7952470000000001,4.147754705819566,0.3,-2.766492,0.80374,4.146902,0.666667,1.0,3.863523,0.00847175,0.2044319156274156,0.3
1769796467.263222,-2.7581996666666666,0.7951153333333334,4.156206724229716,0.3,-2.766492,0.80374,4.146902,0.666667,1.0,3.863523,0.00863675,0.20620405505954573,0.3
1769796467.283431,-2.7615149999999997,0.7949866666666668,4.150234347336478,0.3,-2.766492,0.80374,4.146902,0.666667,1.0,3.863523,0.008765499999999999,0.204381855117772,0.3
1769796467.303739,-2.7647973333333336,0.7948956666666668,4.156000983464953,0.3,-2.766492,0.80374,4.146902,0.666667,1.0,3.863523,0.00885775,0.20746097254411752,0.3
1769796467.324111,-2.76805,0.79484225,4.148878355336142,0.3,-2.766492,0.80374,4.146902,0.666667,1.0,3.863523,0.00890975,0.2078140168295315,0.3
1769796467.34455,-2.7712760000000003,0.7948243333333335,4.1506918463779705,0.3,-2.766492,0.80374,4.146902,0.666667,1.0,3.863523,0.00892575,0.2046910581884843,0.3
1769796467.364926,-2.7744786666666665,0.7948368333333334,4.165833833594329,0.3,-2.766492,0.80374,4.146902,0.666667,1.0,3.863523,0.0089115,0.20952084816167169,0.3
1769796467.385064,-2.7776623333333332,0.7948747500000001,4.133709414697468,0.3,-2.766492,0.80374,4.146902,0.666667,1.0,3.863523,0.00887225,0.20766382022202565,0.3
1769796467.404981,-2.780829,0.7949340000000001,4.1545620247504385,0.3,-2.766492,0.80374,4.146902,0.666667,1.0,3.863523,0.008812,0.21581182892948955,0.3
1769796467.425426,-2.7839803333333335,0.7950116666666668,4.140210094970712,0.3,-2.766492,0.80374,4.146902,0.666667,1.0,3.863523,0.00873375,0.21104802031600714,0.3
1769796467.445758,-2.7871163333333335,0.7951060833333333,4.146594471763744,0.3,-2.766492,0.80374,4.146902,0.666667,1.0,3.863523,0.008639250000000001,0.2180636546942615,0.3
1769796467.465907,-2.7902386666666668,0.7952164166666668,4.131814851604658,0.3,-2.766492,0.80374,4.146902,0.666667,1.0,3.863523,0.00852875,0.22109144878937795,0.3
1769796467.486241,-2.793347666666666,0.7953335,4.128478238339315,0.3,-2.766492,0.80374,4.146902,0.666667,1.0,3.863523,0.00840275,0.21929128307617796,0.3
1769796467.50653,-2.7964446666666665,0.7683885,4.149302017590076,0.3,-2.766492,0.80374,4.146902,0.666667,1.0,3.863523,0.008288,0.2130515244671978,0.3
1769796467.5268,-2.799530666666666,0.7413865000000001,4.211499367319251,0.3,-2.81446,0.722631,4.209734,0.666667,1.0,3.957756,0.00825475,0.2003373939228076,0.3
1769796467.547171,-2.802600333333333,0.71430375,4.228752507032403,0.3,-2.81446,0.722631,4.209734,0.666667,1.0,3.957756,0.00829975,0.19820428526712897,0.3
1769796467.567324,-2.8056536666666667,0.7141878333333335,4.21944630368319,0.3,-2.81446,0.722631,4.209734,0.666667,1.0,3.957756,0.008427249999999999,0.19776841554544047,0.3
1769796467.587553,-2.808681,0.7140384166666669,4.215541445568953,0.3,-2.81446,0.722631,4.209734,0.666667,1.0,3.957756,0.008602499999999999,0.20252673040110358,0.3
1769796467.607755,-2.8116803333333333,0.7138940000000001,4.217722638791815,0.3,-2.81446,0.722631,4.209734,0.666667,1.0,3.957756,0.008747999999999999,0.20204547418069083,0.3
1769796467.628088,-2.814644,0.7137845,4.224485944173688,0.3,-2.81446,0.722631,4.209734,0.666667,1.0,3.957756,0.0088605,0.20420057943957248,0.3
1769796467.64867,-2.8175753333333335,0.7137124166666667,4.212039884204858,0.3,-2.81446,0.722631,4.209734,0.666667,1.0,3.957756,0.008931,0.2056253359280855,0.3
1769796467.668918,-2.8204776666666667,0.7136780833333335,4.215071171741243,0.3,-2.81446,0.722631,4.209734,0.666667,1.0,3.957756,0.00896425,0.21011759946163666,0.3
1769796467.689349,-2.8233539999999997,0.7136774166666667,4.211882636990621,0.3,-2.81446,0.722631,4.209734,0.666667,1.0,3.957756,0.0089635,0.21479416394189121,0.3
1769796467.709653,-2.826207333333333,0.7137069166666669,4.197508017560808,0.3,-2.81446,0.722631,4.209734,0.666667,1.0,3.957756,0.008933,0.21858861779278868,0.3
1769796467.729952,-2.829038333333333,0.7137632500000001,4.203052409010256,0.3,-2.81446,0.722631,4.209734,0.666667,1.0,3.957756,0.00887575,0.2258323876779983,0.3
1769796467.751066,-2.831849333333333,0.7138433333333335,4.189943793763882,0.3,-2.81446,0.722631,4.209734,0.666667,1.0,3.957756,0.0087945,0.21686951534169652,0.3
1769796467.770682,-2.834642666666667,0.7139441666666668,4.221488816145958,0.3,-2.81446,0.722631,4.209734,0.666667,1.0,3.957756,0.008692749999999999,0.2109064626608633,0.3
1769796467.79075,-2.837423,0.7140628333333335,4.218315921977103,0.3,-2.81446,0.722631,4.209734,0.666667,1.0,3.957756,0.008573250000000001,0.2027377156736955,0.3
1769796467.810783,-2.8401913333333333,0.7141827500000001,4.210034731078006,0.3,-2.81446,0.722631,4.209734,0.666667,1.0,3.957756,0.0084385,0.19858383632940482,0.3
1769796467.831449,-2.842946,0.6862831666666667,4.232890013137861,0.3,-2.81446,0.722631,4.209734,0.666667,1.0,3.957756,0.008333,0.19613934212171066,0.3
1769796467.851426,-2.8456876666666666,0.6583198333333334,4.286421531700143,0.3,-2.857241,0.638669,4.272566,0.666667,1.0,4.051988,0.00831,0.19417492780268733,0.3
1769796467.871709,-2.8484133333333332,0.6302783333333335,4.278698145847594,0.3,-2.857241,0.638669,4.272566,0.666667,1.0,4.051988,0.008366499999999999,0.20137695876233894,0.3
1769796467.891798,-2.8511176666666667,0.6301675000000001,4.274546961012061,0.3,-2.857241,0.638669,4.272566,0.666667,1.0,4.051988,0.0084955,0.20738228507249878,0.3
1769796467.911902,-2.853787666666667,0.6300390833333335,4.271103470622009,0.3,-2.857241,0.638669,4.272566,0.666667,1.0,4.051988,0.0086425,0.2122151041289868,0.3
1769796467.932628,-2.856424333333333,0.6299302500000001,4.267679941934108,0.3,-2.857241,0.638669,4.272566,0.666667,1.0,4.051988,0.008751749999999999,0.21326494855651568,0.3
1769796467.953282,-2.8590280000000003,0.6298588333333335,4.274601133761984,0.3,-2.857241,0.638669,4.272566,0.666667,1.0,4.051988,0.008822,0.21335437831372076,0.3
1769796467.973084,-2.8616043333333336,0.6298213333333335,4.271874898109396,0.3,-2.857241,0.638669,4.272566,0.666667,1.0,4.051988,0.00885675,0.2095377767497408,0.3
1769796467.993273,-2.8641513333333335,0.6298143333333335,4.279226330399675,0.3,-2.857241,0.638669,4.272566,0.666667,1.0,4.051988,0.00886425,0.21057810511240363,0.3
1769796468.013731,-2.866675666666667,0.6298350000000001,4.2714688283239335,0.3,-2.857241,0.638669,4.272566,0.666667,1.0,4.051988,0.008843,0.20797721004182837,0.3
1769796468.033898,-2.8691816666666674,0.6298825833333335,4.2797063736076595,0.3,-2.857241,0.638669,4.272566,0.666667,1.0,4.051988,0.00879475,0.20941387139130918,0.3
1769796468.053997,-2.871672666666667,0.6299550833333335,4.273464492826632,0.3,-2.857241,0.638669,4.272566,0.666667,1.0,4.051988,0.0087215,0.2079581394032052,0.3
1769796468.074339,-2.874148,0.6300495833333334,4.273743166942802,0.3,-2.857241,0.638669,4.272566,0.666667,1.0,4.051988,0.0086255,0.20796085866389713,0.3
1769796468.094586,-2.876609,0.6301629166666668,4.27761168323814,0.3,-2.857241,0.638669,4.272566,0.666667,1.0,4.051988,0.00851125,0.21363485861045617,0.3
1769796468.114702,-2.879057,0.6302785833333334,4.253901559600624,0.3,-2.857241,0.638669,4.272566,0.666667,1.0,4.051988,0.0083815,0.21460036507606298,0.3
1769796468.134945,-2.8806849999999997,0.6303936666666669,4.268071274232698,0.3,-2.857241,0.638669,4.272566,0.666667,1.0,4.051988,0.0082785,0.21605094869547392,0.3
1769796468.134945,-2.882306,0.6304831666666667,4.270659237725481,0.3,-2.857241,0.638669,4.272566,0.666667,1.0,4.051988,0.008166,0.20945749864675922,0.3
1769796468.155185,-2.8839209999999995,0.6016992500000001,4.271857631540856,0.3,-2.857241,0.638669,4.272566,0.666667,1.0,4.051988,0.008112999999999999,0.20923343280174825,0.3
1769796468.17572,-2.8863410000000003,0.5728500833333334,4.331030393956051,0.3,-2.894665,0.552187,4.335398,0.666667,1.0,4.14622,0.00814825,0.20446327217665147,0.3
1769796468.195917,-2.8887543333333334,0.5439278333333335,4.3481888389263155,0.3,-2.894665,0.552187,4.335398,0.666667,1.0,4.14622,0.0082315,0.20187407692630577,0.3
1769796468.216107,-2.8911536666666664,0.5437858333333334,4.344455254126435,0.3,-2.894665,0.552187,4.335398,0.666667,1.0,4.14622,0.008397749999999999,0.2016807109306197,0.3
1769796468.236473,-2.8935299999999997,0.5436216666666668,4.334653467092318,0.3,-2.894665,0.552187,4.335398,0.666667,1.0,4.14622,0.008574249999999999,0.20356114951725138,0.3
1769796468.256887,-2.895873333333333,0.5434746666666668,4.346754822047446,0.3,-2.894665,0.552187,4.335398,0.666667,1.0,4.14622,0.008723999999999999,0.2044839654807988,0.3
1769796468.276781,-2.8981833333333333,0.5433617500000001,4.344640873036275,0.3,-2.894665,0.552187,4.335398,0.666667,1.0,4.14622,0.00883875,0.2029582642267583,0.3
1769796468.296943,-2.900460666666667,0.5432875,4.341314132818943,0.3,-2.894665,0.552187,4.335398,0.666667,1.0,4.14622,0.008912999999999999,0.20480955213375396,0.3
1769796468.31767,-2.9027076666666667,0.5432525833333334,4.343000500844514,0.3,-2.894665,0.552187,4.335398,0.666667,1.0,4.14622,0.00894675,0.2155498665417541,0.3
1769796468.337919,-2.9049236666666665,0.5432541666666667,4.313529769777258,0.3,-2.894665,0.552187,4.335398,0.666667,1.0,4.14622,0.0089435,0.21572212317133088,0.3
1769796468.357955,-2.907109666666667,0.5432875833333334,4.340489287303997,0.3,-2.894665,0.552187,4.335398,0.666667,1.0,4.14622,0.00890825,0.21331222511391412,0.3
1769796468.378237,-2.9092673333333336,0.5433475833333334,4.348940879049736,0.3,-2.894665,0.552187,4.335398,0.666667,1.0,4.14622,0.0088465,0.20986268268327457,0.3
1769796468.398653,-2.911401,0.5434295833333334,4.323010282091487,0.3,-2.894665,0.552187,4.335398,0.666667,1.0,4.14622,0.0087635,0.2155925075448304,0.3
1769796468.418802,-2.913513666666667,0.5435301666666668,4.3219608908953475,0.3,-2.894665,0.552187,4.335398,0.666667,1.0,4.14622,0.00866225,0.227260154737553,0.3
1769796468.438685,-2.915609,0.5436466666666667,4.31129302600403,0.3,-2.894665,0.552187,4.335398,0.666667,1.0,4.14622,0.00854475,0.22485431324982352,0.3
1769796468.458765,-2.9176896666666665,0.5141929166666668,4.327225167683349,0.3,-2.894665,0.552187,4.335398,0.666667,1.0,4.14622,0.008414,0.21937976202379286,0.3
1769796468.479355,-2.919757333333333,0.48469233333333345,4.399603167196146,0.3,-2.926585,0.463525,4.39823,0.666667,1.0,4.240452,0.008361500000000001,0.21450552662637268,0.3
1769796468.499969,-2.921808,0.4551154166666667,4.388633153155139,0.3,-2.926585,0.463525,4.39823,0.666667,1.0,4.240452,0.0083845,0.21347595164596575,0.3
1769796468.521175,-2.923831,0.4550209166666668,4.395295702471669,0.3,-2.926585,0.463525,4.39823,0.666667,1.0,4.240452,0.00848275,0.2200866191630947,0.3
1769796468.540457,-2.925812,0.4548920000000001,4.380236367799771,0.3,-2.926585,0.463525,4.39823,0.666667,1.0,4.240452,0.008645,0.2241049193751876,0.3
1769796468.560533,-2.927747,0.45476600000000006,4.379163005668627,0.3,-2.926585,0.463525,4.39823,0.666667,1.0,4.240452,0.00877125,0.22818913404835164,0.3
1769796468.58081,-2.9296423333333332,0.4546770833333334,4.3850236550295545,0.3,-2.926585,0.463525,4.39823,0.666667,1.0,4.240452,0.00886075,0.22371561916113494,0.3
1769796468.601366,-2.93151,0.4546238333333334,4.397675857756391,0.3,-2.926585,0.463525,4.39823,0.666667,1.0,4.240452,0.00891175,0.2202095159454558,0.3
1769796468.621668,-2.933355666666667,0.4546036666666667,4.391038570935846,0.3,-2.926585,0.463525,4.39823,0.666667,1.0,4.240452,0.008931,0.21384502411627473,0.3
1769796468.641804,-2.9351789999999998,0.4546122500000001,4.40408324992575,0.3,-2.926585,0.463525,4.39823,0.666667,1.0,4.240452,0.008921249999999999,0.2127183334268783,0.3
1769796468.662006,-2.9369789999999996,0.4546470833333334,4.40007752618963,0.3,-2.926585,0.463525,4.39823,0.666667,1.0,4.240452,0.008886,0.2134301051786288,0.3
1769796468.682302,-2.9387559999999997,0.45470566666666673,4.38802946204262,0.3,-2.926585,0.463525,4.39823,0.666667,1.0,4.240452,0.008826500000000001,0.21574195338655935,0.3
1769796468.702879,-2.9405133333333335,0.45478533333333343,4.396578500791294,0.3,-2.926585,0.463525,4.39823,0.666667,1.0,4.240452,0.0087455,0.21913382326209288,0.3
1769796468.723256,-2.9422523333333337,0.4548834166666667,4.388511710753218,0.3,-2.926585,0.463525,4.39823,0.666667,1.0,4.240452,0.008647,0.2094410915062285,0.3
1769796468.743367,-2.943975,0.45499758333333346,4.414713834963395,0.3,-2.926585,0.463525,4.39823,0.666667,1.0,4.240452,0.008532249999999998,0.20511723720003916,0.3
1769796468.763745,-2.9456830000000003,0.4551230000000001,4.406713557798098,0.3,-2.926585,0.463525,4.39823,0.666667,1.0,4.240452,0.008402999999999999,0.2020439637302037,0.3
1769796468.784017,-2.947378333333333,0.42506358333333344,4.394789644429645,0.3,-2.926585,0.463525,4.39823,0.666667,1.0,4.240452,0.00827075,0.2080151904223195,0.3
1769796468.804016,-2.949063,0.3949499166666668,4.457171825898394,0.3,-2.952875,0.373035,4.461062,0.666667,1.0,4.334685,0.0082205,0.21058686645817837,0.3
1769796468.824214,-2.9507386666666666,0.3647566666666668,4.460476660138932,0.3,-2.952875,0.373035,4.461062,0.666667,1.0,4.334685,0.008254,0.20809723593047338,0.3
1769796468.844504,-2.9523956666666664,0.36465591666666675,4.46582654922359,0.3,-2.952875,0.373035,4.461062,0.666667,1.0,4.334685,0.0083605,0.20808044871974088,0.3
1769796468.864904,-2.954025,0.36452400000000007,4.459861297611034,0.3,-2.952875,0.373035,4.461062,0.666667,1.0,4.334685,0.008522749999999999,0.208139324025468,0.3
1769796468.885262,-2.955617333333334,0.36439933333333335,4.463209713826445,0.3,-2.952875,0.373035,4.461062,0.666667,1.0,4.334685,0.00864975,0.20171884211573907,0.3
1769796468.905672,-2.9571756666666666,0.36431266666666673,4.487709138531836,0.3,-2.952875,0.373035,4.461062,0.666667,1.0,4.334685,0.008734500000000001,0.19652706511263104,0.3
1769796468.925969,-2.958702333333333,0.3642635000000001,4.477062063061146,0.3,-2.952875,0.373035,4.461062,0.666667,1.0,4.334685,0.00878275,0.19718341740148648,0.3
1769796468.946,-2.960200333333333,0.3642475000000001,4.461651446712463,0.3,-2.952875,0.373035,4.461062,0.666667,1.0,4.334685,0.00879725,0.20590493908329643,0.3
1769796468.966436,-2.9616743333333333,0.36426125000000004,4.461807351260598,0.3,-2.952875,0.373035,4.461062,0.666667,1.0,4.334685,0.0087825,0.2091721506224021,0.3
1769796468.987052,-2.963127333333334,0.36430116666666673,4.467291135879972,0.3,-2.952875,0.373035,4.461062,0.666667,1.0,4.334685,0.0087415,0.20880347150260184,0.3
1769796469.007027,-2.9645623333333333,0.36436391666666673,4.4616145473245385,0.3,-2.952875,0.373035,4.461062,0.666667,1.0,4.334685,0.0086775,0.20562137615954534,0.3
1769796469.027202,-2.9659793333333333,0.3644464166666667,4.469371747690038,0.3,-2.952875,0.373035,4.461062,0.666667,1.0,4.334685,0.00859425,0.2111625132614848,0.3
1769796469.047629,-2.967378666666667,0.36454591666666675,4.448486193019633,0.3,-2.952875,0.373035,4.461062,0.666667,1.0,4.334685,0.008494000000000002,0.20727988126622257,0.3
1769796469.067907,-2.968761333333333,0.3646603333333334,4.47170225583944,0.3,-2.952875,0.373035,4.461062,0.666667,1.0,4.334685,0.008379000000000001,0.2045100958020152,0.3
1769796469.089027,-2.970128666666667,0.36477683333333344,4.476766182984905,0.3,-2.952875,0.373035,4.461062,0.666667,1.0,4.334685,0.008251,0.19787216067417904,0.3
1769796469.107868,-2.9714826666666667,0.3342085833333334,4.4635184148976546,0.3,-2.952875,0.373035,4.461062,0.666667,1.0,4.334685,0.008144499999999999,0.20292198831654673,0.3
1769796469.128091,-2.972825333333333,0.3035790833333334,4.517438268805082,0.3,-2.973431,0.281072,4.523893,0.666667,1.0,4.428917,0.00812075,0.20584543068758768,0.3
1769796469.148306,-2.9741503333333337,0.2728710833333334,4.528969757503344,0.3,-2.973431,0.281072,4.523893,0.666667,1.0,4.428917,0.0081765,0.2050531789798132,0.3
1769796469.168886,-2.975457666666667,0.2727560833333334,4.532799504815937,0.3,-2.973431,0.281072,4.523893,0.666667,1.0,4.428917,0.0083055,0.2083417525687038,0.3
1769796469.189252,-2.9767360000000003,0.27261825000000006,4.509848804978013,0.3,-2.973431,0.281072,4.523893,0.666667,1.0,4.428917,0.00846575,0.21255964878636316,0.3
1769796469.209348,-2.977983333333333,0.2724943333333334,4.518691945158586,0.3,-2.973431,0.281072,4.523893,0.666667,1.0,4.428917,0.00859,0.21605795166920558,0.3
1769796469.229527,-2.9791923333333337,0.27240633333333336,4.523876473685065,0.3,-2.973431,0.281072,4.523893,0.666667,1.0,4.428917,0.008677250000000001,0.21185058110126842,0.3
1769796469.249714,-2.980367333333333,0.2723518333333334,4.524316489670475,0.3,-2.973431,0.281072,4.523893,0.666667,1.0,4.428917,0.008729750000000001,0.2113923176806335,0.3
1769796469.270033,-2.981510666666667,0.27232691666666675,4.521919329447734,0.3,-2.973431,0.281072,4.523893,0.666667,1.0,4.428917,0.0087535,0.21198360461235452,0.3
1769796469.29024,-2.982625666666667,0.2723279166666667,4.523145681756071,0.3,-2.973431,0.281072,4.523893,0.666667,1.0,4.428917,0.008752,0.21651837579718328,0.3
1769796469.310359,-2.9837140000000004,0.27235266666666674,4.511106352318017,0.3,-2.973431,0.281072,4.523893,0.666667,1.0,4.428917,0.00872675,0.21519962491851155,0.3
1769796469.330736,-2.9847783333333333,0.2723999166666667,4.525796242678254,0.3,-2.973431,0.281072,4.523893,0.666667,1.0,4.428917,0.00867925,0.21562375946214737,0.3
1769796469.350793,-2.985822,0.2724684166666667,4.5207049071544985,0.3,-2.973431,0.281072,4.523893,0.666667,1.0,4.428917,0.00861025,0.2082964988153039,0.3
1769796469.371066,-2.986848333333333,0.2725563333333334,4.531736403283444,0.3,-2.973431,0.281072,4.523893,0.666667,1.0,4.428917,0.00852125,0.21083956122984857,0.3
1769796469.391514,-2.987861,0.2726615833333334,4.516219192559679,0.3,-2.973431,0.281072,4.523893,0.666667,1.0,4.428917,0.0084155,0.20926474507273252,0.3
1769796469.41175,-2.9888600000000003,0.2727623333333334,4.5232602768532315,0.3,-2.973431,0.281072,4.523893,0.666667,1.0,4.428917,0.0082945,0.21554344700218175,0.3
1769796469.432003,-2.989845666666667,0.24180216666666676,4.510546992528201,0.3,-2.973431,0.281072,4.523893,0.666667,1.0,4.428917,0.008219,0.20921309205790847,0.3
1769796469.452295,-2.9908173333333337,0.2107747500000001,4.596345750193245,0.3,-2.988172,0.188,4.586725,0.666667,1.0,4.523149,0.008224,0.2052335711265414,0.3
1769796469.472682,-2.9917676666666666,0.1796713333333334,4.598322249010334,0.3,-2.988172,0.188,4.586725,0.666667,1.0,4.523149,0.00830475,0.2020680382916622,0.3
1769796469.492912,-2.992688333333333,0.17954116666666675,4.584886599419193,0.3,-2.988172,0.188,4.586725,0.666667,1.0,4.523149,0.00845725,0.20647206250682174,0.3
1769796469.512874,-2.9935709999999998,0.1793973333333334,4.586056859561506,0.3,-2.988172,0.188,4.586725,0.666667,1.0,4.523149,0.0086145,0.21142154641783914,0.3
1769796469.533134,-2.9944163333333336,0.17927591666666673,4.586991168017113,0.3,-2.988172,0.188,4.586725,0.666667,1.0,4.523149,0.00873625,0.21016282644909703,0.3
1769796469.55356,-2.995226333333333,0.17919066666666675,4.59183381227027,0.3,-2.988172,0.188,4.586725,0.666667,1.0,4.523149,0.0088215,0.21187343506590717,0.3
1769796469.573973,-2.9960043333333335,0.17914066666666673,4.583288807194239,0.3,-2.988172,0.188,4.586725,0.666667,1.0,4.523149,0.00887025,0.21200041430427854,0.3
1769796469.594171,-2.996753333333333,0.17911916666666672,4.587306649853932,0.3,-2.988172,0.188,4.586725,0.666667,1.0,4.523149,0.00888625,0.21090393669685792,0.3
1769796469.61439,-2.9972433333333335,0.17912066666666673,4.5950150456173615,0.3,-2.988172,0.188,4.586725,0.666667,1.0,4.523149,0.008886000000000002,0.21212704824976125,0.3
1769796469.61439,-2.997717,0.17914000000000008,4.579151471389936,0.3,-2.988172,0.188,4.586725,0.666667,1.0,4.523149,0.00886575,0.20749295328727144,0.3
1769796469.635022,-2.9981756666666666,0.1791769166666667,4.6015221082671,0.3,-2.988172,0.188,4.586725,0.666667,1.0,4.523149,0.008828250000000001,0.20172725200591257,0.3
1769796469.655073,-2.9988536666666668,0.17923408333333338,4.611298283903441,0.3,-2.988172,0.188,4.586725,0.666667,1.0,4.523149,0.00877525,0.20147813984560714,0.3
1769796469.675308,-2.999511666666667,0.1793123333333334,4.578737702978025,0.3,-2.988172,0.188,4.586725,0.666667,1.0,4.523149,0.00869425,0.20520591935774815,0.3
1769796469.695339,-3.000151333333333,0.17941266666666675,4.587575817981868,0.3,-2.988172,0.188,4.586725,0.666667,1.0,4.523149,0.0085935,0.21814532312770576,0.3
1769796469.715552,-3.000774,0.17953141666666675,4.570372592695366,0.3,-2.988172,0.188,4.586725,0.666667,1.0,4.523149,0.00847425,0.21517024033242627,0.3
1769796469.736161,-3.001381666666667,0.17964316666666677,4.58538560373288,0.3,-2.988172,0.188,4.586725,0.666667,1.0,4.523149,0.008338,0.212572673117936,0.3
1769796469.757077,-3.001977333333334,0.1484433333333334,4.594079072898248,0.3,-2.988172,0.188,4.586725,0.666667,1.0,4.523149,0.00825825,0.2059621474876416,0.3
1769796469.776891,-3.0025630000000003,0.11717025000000007,4.650398089374128,0.3,-2.99704,0.094186,4.649557,0.666667,1.0,4.617382,0.00825975,0.19944281519384252,0.3
1769796469.796775,-3.0031386666666666,0.08581716666666676,4.666264209945187,0.3,-2.99704,0.094186,4.649557,0.666667,1.0,4.617382,0.00834325,0.20511813899809775,0.3
1769796469.816877,-3.0036953333333334,0.08568241666666675,4.640062953094316,0.3,-2.99704,0.094186,4.649557,0.666667,1.0,4.617382,0.0085035,0.20503470575119873,0.3
1769796469.837166,-3.004223,0.08553216666666674,4.654485389052427,0.3,-2.99704,0.094186,4.649557,0.666667,1.0,4.617382,0.008664,0.21410484600460902,0.3
1769796469.857467,-3.004713333333333,0.08540408333333342,4.643566489336118,0.3,-2.99704,0.094186,4.649557,0.666667,1.0,4.617382,0.008794,0.21288314767803906,0.3
1769796469.878058,-3.0051656666666666,0.08531058333333341,4.647807270801823,0.3,-2.99704,0.094186,4.649557,0.666667,1.0,4.617382,0.00888775,0.2162243300050899,0.3
1769796469.897794,-3.005582,0.08525350000000008,4.645787479546519,0.3,-2.99704,0.094186,4.649557,0.666667,1.0,4.617382,0.008944500000000001,0.21025782623013278,0.3
1769796469.917901,-3.0059653333333336,0.08523150000000007,4.661955576118725,0.3,-2.99704,0.094186,4.649557,0.666667,1.0,4.617382,0.008965250000000001,0.20998837352828267,0.3
1769796469.938564,-3.006319,0.08524183333333342,4.648867710695663,0.3,-2.99704,0.094186,4.649557,0.666667,1.0,4.617382,0.00895375,0.20846643011494068,0.3
1769796469.958582,-3.0066463333333338,0.08528066666666674,4.6503901005390995,0.3,-2.99704,0.094186,4.649557,0.666667,1.0,4.617382,0.0089135,0.204409763608834,0.3
1769796469.978784,-3.00695,0.08534450000000009,4.673540142579348,0.3,-2.99704,0.094186,4.649557,0.666667,1.0,4.617382,0.008848749999999999,0.20015723684540687,0.3
1769796469.998642,-3.007232333333333,0.08543025000000008,4.659029925234506,0.3,-2.99704,0.094186,4.649557,0.666667,1.0,4.617382,0.00876225,0.19744802641690887,0.3
1769796470.018966,-3.007495666666667,0.08553550000000008,4.65722667369997,0.3,-2.99704,0.094186,4.649557,0.666667,1.0,4.617382,0.00865625,0.20387446203700624,0.3
1769796470.039459,-3.0077423333333333,0.08565558333333341,4.652474678530438,0.3,-2.99704,0.094186,4.649557,0.666667,1.0,4.617382,0.008532999999999999,0.20237050764495887,0.3
1769796470.059685,-3.007975,0.05436150000000007,4.6615959440752235,0.3,-2.99704,0.094186,4.649557,0.666667,1.0,4.617382,0.008402,0.21261187072850452,0.3
1769796470.080062,-3.008195666666667,0.023016583333333406,4.68725806644562,0.3,-3.0,0.0,4.712389,0.666667,1.0,4.711614,0.0083525,0.21388114112045278,0.3
1769796470.100599,-3.008399666666667,-0.008405999999999926,4.710528290512545,0.3,-3.0,0.0,4.712389,0.666667,1.0,4.711614,0.00838175,0.217907133665332,0.3
1769796470.120785,-3.0085786666666667,-0.008503083333333258,4.713032100801436,0.3,-3.0,0.0,4.712389,0.666667,1.0,4.711614,0.00848375,0.2074828538698459,0.3
1769796470.140806,-3.008722,-0.00863158333333326,4.720359087130488,0.3,-3.0,0.0,4.712389,0.666667,1.0,4.711614,0.00864375,0.2102451428172051,0.3
1769796470.16099,-3.0088260000000004,-0.008754916666666593,4.704667429770405,0.3,-3.0,0.0,4.712389,0.666667,1.0,4.711614,0.00876725,0.20869622379504368,0.3
1769796470.181401,-3.008893,-0.008841749999999926,4.720767008248919,0.3,-3.0,0.0,4.712389,0.666667,1.0,4.711614,0.00885375,0.2076729933057062,0.3
1769796470.201849,-3.008926,-0.008893499999999924,4.7262755564341274,0.3,-3.0,0.0,4.712389,0.666667,1.0,4.711614,0.008904249999999999,0.20842116648968137,0.3
1769796470.222091,-3.008929,-0.008912999999999926,4.703932210415583,0.3,-3.0,0.0,4.712389,0.666667,1.0,4.711614,0.0089225,0.2085814805775911,0.3
1769796470.242379,-3.008904,-0.008903499999999927,4.720749222333509,0.3,-3.0,0.0,4.712389,0.666667,1.0,4.711614,0.00891225,0.21402059089789618,0.3
1769796470.262725,-3.008855,-0.008868083333333257,4.709410757065619,0.3,-3.0,0.0,4.712389,0.666667,1.0,4.711614,0.00887575,0.21009928540815492,0.3
1769796470.282873,-3.0087843333333333,-0.008809499999999927,4.714637682911305,0.3,-3.0,0.0,4.712389,0.666667,1.0,4.711614,0.00881625,0.21571405848030936,0.3
1769796470.303825,-3.008694666666667,-0.008730416666666593,4.703622160276471,0.3,-3.0,0.0,4.712389,0.666667,1.0,4.711614,0.0087365,0.21749126771285368,0.3
1769796470.323943,-3.0085876666666667,-0.008632999999999927,4.701997383432964,0.3,-3.0,0.0,4.712389,0.666667,1.0,4.711614,0.0086385,0.21945065367793037,0.3
1769796470.343708,-3.0084653333333335,-0.008519166666666593,4.706052518430541,0.3,-3.0,0.0,4.712389,0.666667,1.0,4.711614,0.008524,0.21524475554339614,0.3
1769796470.363956,-3.008329,-0.008396749999999927,4.712617242460302,0.3,-3.0,0.0,4.712389,0.666667,1.0,4.711614,0.008395,0.21007984879993813,0.3
1769796470.384235,-3.0081806666666666,-0.0396939166666666,4.715048925934617,0.3,-3.0,0.0,4.712389,0.666667,1.0,4.711614,0.00827125,0.21250062426506944,0.3
1769796470.404793,-3.008022,-0.07104649999999993,4.760693325705638,0.3,-2.99704,-0.094186,4.775221,0.666667,1.0,4.805846,0.0082295,0.21194045413172002,0.3
1769796470.426424,-3.0078486666666664,-0.10247649999999993,4.778259303772123,0.3,-2.99704,-0.094186,4.775221,0.666667,1.0,4.805846,0.00826675,0.20684246785239965,0.3
1769796470.445241,-3.007650333333333,-0.10257658333333326,4.791732659301517,0.3,-2.99704,-0.094186,4.775221,0.666667,1.0,4.805846,0.00837525,0.20423971607440802,0.3
1769796470.465401,-3.0074170000000002,-0.10270383333333327,4.770450325173388,0.3,-2.99704,-0.094186,4.775221,0.666667,1.0,4.805846,0.00852975,0.2084369570937564,0.3
1769796470.485709,-3.0071446666666666,-0.1028221666666666,4.7668223820599875,0.3,-2.99704,-0.094186,4.775221,0.666667,1.0,4.805846,0.0086485,0.2135104828065657,0.3
1769796470.506067,-3.0068363333333337,-0.10290499999999993,4.781627274823542,0.3,-2.99704,-0.094186,4.775221,0.666667,1.0,4.805846,0.00873025,0.2111014040495418,0.3
1769796470.526328,-3.0064949999999997,-0.10295399999999993,4.779445606751805,0.3,-2.99704,-0.094186,4.775221,0.666667,1.0,4.805846,0.00877825,0.2036274251058683,0.3
1769796470.546507,-3.0061233333333335,-0.10297233333333326,4.789878307389166,0.3,-2.99704,-0.094186,4.775221,0.666667,1.0,4.805846,0.0087955,0.1995074466562973,0.3
1769796470.566676,-3.005724333333333,-0.10296283333333327,4.793834632929357,0.3,-2.99704,-0.094186,4.775221,0.666667,1.0,4.805846,0.00878525,0.2012625946760529,0.3
1769796470.586917,-3.005300666666667,-0.10292824999999993,4.773708623526609,0.3,-2.99704,-0.094186,4.775221,0.666667,1.0,4.805846,0.00874975,0.20424286576854112,0.3
1769796470.607036,-3.0048550000000005,-0.10287091666666659,4.779826286777243,0.3,-2.99704,-0.094186,4.775221,0.666667,1.0,4.805846,0.00869175,0.21452572260048783,0.3
1769796470.627487,-3.004389,-0.10279308333333326,4.761897205393818,0.3,-2.99704,-0.094186,4.775221,0.666667,1.0,4.805846,0.00861325,0.21367761151223308,0.3
1769796470.647687,-3.0039046666666667,-0.10269674999999993,4.774136262516773,0.3,-2.99704,-0.094186,4.775221,0.666667,1.0,4.805846,0.00851625,0.2160057871567872,0.3
1769796470.668072,-3.0034046666666665,-0.10258374999999993,4.770905884659274,0.3,-2.99704,-0.094186,4.775221,0.666667,1.0,4.805846,0.00840275,0.21549036470890112,0.3
1769796470.688538,-3.002891,-0.1024659166666666,4.760914669705738,0.3,-2.99704,-0.094186,4.775221,0.666667,1.0,4.805846,0.00827425,0.21200987278435343,0.3
1769796470.708711,-3.0023656666666665,-0.13364733333333326,4.7819782533086315,0.3,-2.99704,-0.094186,4.775221,0.666667,1.0,4.805846,0.00816275,0.2100427608794265,0.3
1769796470.729224,-3.0018289999999994,-0.16488683333333326,4.837875788931382,0.3,-2.988172,-0.188,4.838053,0.666667,1.0,4.900078,0.008133,0.20250585814542366,0.3
1769796470.749482,-3.0012709999999996,-0.19620191666666661,4.845482145078493,0.3,-2.988172,-0.188,4.838053,0.666667,1.0,4.900078,0.00817875,0.20868771464594363,0.3
1769796470.769701,-3.000678666666667,-0.19630483333333326,4.827251879298354,0.3,-2.988172,-0.188,4.838053,0.666667,1.0,4.900078,0.008294,0.20997907534399163,0.3
1769796470.789845,-3.0000440000000004,-0.19642933333333326,4.83522065437061,0.3,-2.988172,-0.188,4.838053,0.666667,1.0,4.900078,0.008441750000000001,0.21067336756893576,0.3
1769796470.81001,-2.9993703333333332,-0.19654058333333327,4.845480506684145,0.3,-2.988172,-0.188,4.838053,0.666667,1.0,4.900078,0.00855225,0.20650325461153218,0.3
1769796470.830308,-2.9986643333333336,-0.19661683333333327,4.842075500449715,0.3,-2.988172,-0.188,4.838053,0.666667,1.0,4.900078,0.00862775,0.2009199038781285,0.3
1769796470.850602,-2.9979293333333334,-0.19666074999999994,4.854124107383988,0.3,-2.988172,-0.188,4.838053,0.666667,1.0,4.900078,0.008670500000000001,0.20306672448874083,0.3
1769796470.870905,-2.997168333333333,-0.19667524999999994,4.8404453263988,0.3,-2.988172,-0.188,4.838053,0.666667,1.0,4.900078,0.008684,0.2070779351289553,0.3
1769796470.891193,-2.9963836666666666,-0.19666324999999993,4.830531041631982,0.3,-2.988172,-0.188,4.838053,0.666667,1.0,4.900078,0.00867125,0.2053077704745918,0.3
1769796470.911475,-2.995577666666667,-0.1966274166666666,4.859281988587364,0.3,-2.988172,-0.188,4.838053,0.666667,1.0,4.900078,0.0086345,0.20702506204735402,0.3
1769796470.931923,-2.994752333333333,-0.1965699999999999,4.834821873548397,0.3,-2.988172,-0.188,4.838053,0.666667,1.0,4.900078,0.0085765,0.19918947635071138,0.3
1769796470.952477,-2.993909666666667,-0.19649324999999992,4.853255000461346,0.3,-2.988172,-0.188,4.838053,0.666667,1.0,4.900078,0.008499,0.2000631138797524,0.3
1769796470.972712,-2.9930513333333333,-0.1963991666666666,4.854965388140509,0.3,-2.988172,-0.188,4.838053,0.666667,1.0,4.900078,0.008404249999999999,0.1962292845541587,0.3
1769796470.992854,-2.992179,-0.19628958333333327,4.843822296275466,0.3,-2.988172,-0.188,4.838053,0.666667,1.0,4.900078,0.00829425,0.19880355961149107,0.3
1769796471.012998,-2.991296666666667,-0.19618616666666658,4.842514261636191,0.3,-2.988172,-0.188,4.838053,0.666667,1.0,4.900078,0.00817025,0.2060075780773384,0.3
1769796471.033422,-2.990407,-0.22714524999999988,4.83160452599529,0.3,-2.988172,-0.188,4.838053,0.666667,1.0,4.900078,0.008094,0.2031719172338963,0.3
1769796471.05394,-2.9895096666666667,-0.25817324999999985,4.914667423681048,0.3,-2.973431,-0.281072,4.900885,0.666667,1.0,4.994311,0.008099499999999999,0.20399646480120073,0.3
1769796471.073979,-2.988595,-0.2892757499999999,4.903209051290317,0.3,-2.973431,-0.281072,4.900885,0.666667,1.0,4.994311,0.00818225,0.20051973422951944,0.3
1769796471.094482,-2.9876400000000003,-0.2894019166666666,4.906848691311555,0.3,-2.973431,-0.281072,4.900885,0.666667,1.0,4.994311,0.0083295,0.2043413341075269,0.3
1769796471.114357,-2.986641666666667,-0.2895377499999999,4.904657151327898,0.3,-2.973431,-0.281072,4.900885,0.666667,1.0,4.994311,0.008478,0.21336683610075638,0.3
1769796471.13469,-2.985602,-0.2896469166666666,4.879226703173765,0.3,-2.973431,-0.281072,4.900885,0.666667,1.0,4.994311,0.00858975,0.21480782073009888,0.3
1769796471.155013,-2.9849010000000002,-0.28972183333333323,4.904428867569121,0.3,-2.973431,-0.281072,4.900885,0.666667,1.0,4.994311,0.008657000000000001,0.21064487883782324,0.3
1769796471.155013,-2.984182333333333,-0.28976708333333323,4.9196061102082504,0.3,-2.973431,-0.281072,4.900885,0.666667,1.0,4.994311,0.00870275,0.20999653609152677,0.3
1769796471.175184,-2.983446333333333,-0.2897900833333333,4.882201514211049,0.3,-2.973431,-0.281072,4.900885,0.666667,1.0,4.994311,0.0087255,0.2103239282163126,0.3
1769796471.195687,-2.982329333333333,-0.2897937499999999,4.904558092277424,0.3,-2.973431,-0.281072,4.900885,0.666667,1.0,4.994311,0.008726,0.21615753483100267,0.3
1769796471.2158,-2.9811863333333335,-0.28977724999999993,4.902115509102598,0.3,-2.973431,-0.281072,4.900885,0.666667,1.0,4.994311,0.00871375,0.2151223323563621,0.3
1769796471.2359,-2.9800186666666666,-0.2897401666666666,4.884843640326625,0.3,-2.973431,-0.281072,4.900885,0.666667,1.0,4.994311,0.008676,0.21821963804891087,0.3
1769796471.256657,-2.978828666666667,-0.2896797499999999,4.894730373180539,0.3,-2.973431,-0.281072,4.900885,0.666667,1.0,4.994311,0.008614750000000001,0.21362969421818953,0.3
1769796471.277325,-2.9776190000000002,-0.28959808333333326,4.915360022547543,0.3,-2.973431,-0.281072,4.900885,0.666667,1.0,4.994311,0.0085325,0.20727771325495228,0.3
1769796471.297465,-2.9763903333333332,-0.28949724999999993,4.902117410522662,0.3,-2.973431,-0.281072,4.900885,0.666667,1.0,4.994311,0.008431,0.19745569832138063,0.3
1769796471.317698,-2.975144333333333,-0.2893791666666666,4.920999866319173,0.3,-2.973431,-0.281072,4.900885,0.666667,1.0,4.994311,0.00831225,0.20448037573376485,0.3
1769796471.338189,-2.9738830000000003,-0.2892702499999999,4.891219469301046,0.3,-2.973431,-0.281072,4.900885,0.666667,1.0,4.994311,0.00817825,0.20593234244111266,0.3
1769796471.358492,-2.972609,-0.31985783333333323,4.895445645148669,0.3,-2.973431,-0.281072,4.900885,0.666667,1.0,4.994311,0.00810425,0.2148281989794509,0.3
1769796471.378925,-2.9713240000000005,-0.35051999999999994,4.955929475957931,0.3,-2.952875,-0.373035,4.963716,0.666667,1.0,5.088543,0.008112,0.20808687963661365,0.3
1769796471.398942,-2.9700279999999997,-0.3812621666666666,4.97376494465337,0.3,-2.952875,-0.373035,4.963716,0.666667,1.0,5.088543,0.00820175,0.20297459835480658,0.3
1769796471.419245,-2.9687136666666665,-0.3814020833333333,4.975646734357777,0.3,-2.952875,-0.373035,4.963716,0.666667,1.0,5.088543,0.00836775,0.19999548191238317,0.3
1769796471.439655,-2.9673676666666666,-0.3815569999999999,4.968065649344188,0.3,-2.952875,-0.373035,4.963716,0.666667,1.0,5.088543,0.00853175,0.20301566156363424,0.3
1769796471.459772,-2.9659786666666665,-0.3816895833333333,4.967939729691724,0.3,-2.952875,-0.373035,4.963716,0.666667,1.0,5.088543,0.0086665,0.20643100333454903,0.3
1769796471.48021,-2.9645463333333333,-0.38178833333333334,4.968008785060265,0.3,-2.952875,-0.373035,4.963716,0.666667,1.0,5.088543,0.008765499999999999,0.20670056396898726,0.3
1769796471.500387,-2.963075,-0.3818499166666666,4.968547692044448,0.3,-2.952875,-0.373035,4.963716,0.666667,1.0,5.088543,0.008828,0.20842670323492915,0.3
1769796471.520686,-2.9615683333333336,-0.38187524999999994,4.964344057490139,0.3,-2.952875,-0.373035,4.963716,0.666667,1.0,5.088543,0.00885125,0.20255144598069294,0.3
1769796471.541165,-2.9600333333333335,-0.3818669999999999,4.986444171935685,0.3,-2.952875,-0.373035,4.963716,0.666667,1.0,5.088543,0.008841499999999999,0.2044154959627104,0.3
1769796471.561653,-2.9584759999999997,-0.3818301666666666,4.963420374254565,0.3,-2.952875,-0.373035,4.963716,0.666667,1.0,5.088543,0.00880325,0.20588157798493392,0.3
1769796471.581851,-2.9569016666666665,-0.38176949999999993,4.959092655207357,0.3,-2.952875,-0.373035,4.963716,0.666667,1.0,5.088543,0.00874075,0.21408318793501988,0.3
1769796471.60186,-2.9553093333333336,-0.38168799999999997,4.959798188683814,0.3,-2.952875,-0.373035,4.963716,0.666667,1.0,5.088543,0.0086595,0.2089255890608236,0.3
1769796471.622065,-2.9537003333333334,-0.3815878333333333,4.976701858502344,0.3,-2.952875,-0.373035,4.963716,0.666667,1.0,5.088543,0.00855875,0.20211588357250462,0.3
1769796471.642313,-2.9520769999999996,-0.3814727499999999,4.977444605739648,0.3,-2.952875,-0.373035,4.963716,0.666667,1.0,5.088543,0.00844025,0.1969096815132186,0.3
1769796471.662867,-2.9504413333333335,-0.4115395833333333,4.973772925796851,0.3,-2.952875,-0.373035,4.963716,0.666667,1.0,5.088543,0.00831425,0.19773287416789112,0.3
1769796471.682941,-2.9487943333333337,-0.4416568333333333,5.034776422220511,0.3,-2.926585,-0.463525,5.026548,0.666667,1.0,5.182775,0.00826925,0.20055314393223955,0.3
1769796471.702893,-2.947132,-0.47185099999999996,5.0303900547067055,0.3,-2.926585,-0.463525,5.026548,0.666667,1.0,5.182775,0.008302,0.20851673738221663,0.3
1769796471.723338,-2.9454499999999997,-0.47195083333333326,5.013348200350667,0.3,-2.926585,-0.463525,5.026548,0.666667,1.0,5.182775,0.008406750000000001,0.21970975152826777,0.3
1769796471.743556,-2.943737333333333,-0.47208183333333326,5.003956497689449,0.3,-2.926585,-0.463525,5.026548,0.666667,1.0,5.182775,0.00856875,0.22538363376652285,0.3
1769796471.764291,-2.9419886666666666,-0.4722078333333333,5.017708567688531,0.3,-2.926585,-0.463525,5.026548,0.666667,1.0,5.182775,0.008695,0.2175459593052086,0.3
1769796471.784024,-2.9401996666666665,-0.47229799999999994,5.038557659787059,0.3,-2.926585,-0.463525,5.026548,0.666667,1.0,5.182775,0.00878475,0.20965790040182333,0.3
1769796471.80429,-2.938376333333333,-0.4723534166666666,5.029425405324666,0.3,-2.926585,-0.463525,5.026548,0.666667,1.0,5.182775,0.00883925,0.20749936670803112,0.3
1769796471.824893,-2.9365243333333333,-0.4723763333333333,5.025108098502897,0.3,-2.926585,-0.463525,5.026548,0.666667,1.0,5.182775,0.00886125,0.21025130067846723,0.3
1769796471.845089,-2.9346486666666665,-0.4723694166666666,5.031645576002149,0.3,-2.926585,-0.463525,5.026548,0.666667,1.0,5.182775,0.0088535,0.20783787391330186,0.3
1769796471.865677,-2.9327513333333335,-0.47233575,5.037222135273428,0.3,-2.926585,-0.463525,5.026548,0.666667,1.0,5.182775,0.0088185,0.2037009043306516,0.3
1769796471.885748,-2.9308359999999998,-0.4722783333333333,5.036048511292267,0.3,-2.926585,-0.463525,5.026548,0.666667,1.0,5.182775,0.00876025,0.20885957684139775,0.3
1769796471.905938,-2.9289046666666665,-0.4722004166666666,5.014978073670252,0.3,-2.926585,-0.463525,5.026548,0.666667,1.0,5.182775,0.00868125,0.20570940909948784,0.3
1769796471.926461,-2.9269613333333333,-0.4721044166666666,5.044904968691815,0.3,-2.926585,-0.463525,5.026548,0.666667,1.0,5.182775,0.00858475,0.20798315848312635,0.3
1769796471.946673,-2.925004,-0.4719920833333333,5.027442961710531,0.3,-2.926585,-0.463525,5.026548,0.666667,1.0,5.182775,0.00847225,0.20196837190796726,0.3
1769796471.966855,-2.923034,-0.47187274999999995,5.030546870786196,0.3,-2.926585,-0.463525,5.026548,0.666667,1.0,5.182775,0.008344250000000001,0.21257026818582103,0.3
1769796471.987072,-2.921052,-0.5013328333333332,5.009978697683478,0.3,-2.926585,-0.463525,5.026548,0.666667,1.0,5.182775,0.008226750000000001,0.21041491302655757,0.3
1769796472.00792,-2.9190606666666667,-0.5308494166666665,5.095576884102978,0.3,-2.894665,-0.552187,5.08938,0.666667,1.0,5.277008,0.0081905,0.2159562519284878,0.3
1769796472.028024,-2.9170563333333335,-0.56044325,5.075833485147875,0.3,-2.894665,-0.552187,5.08938,0.666667,1.0,5.277008,0.008232,0.20896228934381866,0.3
1769796472.048122,-2.915037,-0.5605472499999999,5.09460441757656,0.3,-2.894665,-0.552187,5.08938,0.666667,1.0,5.277008,0.00834625,0.2080147322937815,0.3
1769796472.068578,-2.9129916666666666,-0.5606779999999999,5.100584845036372,0.3,-2.894665,-0.552187,5.08938,0.666667,1.0,5.277008,0.0085025,0.2071813578621908,0.3
1769796472.089004,-2.9109150000000006,-0.5607996666666666,5.082054269053915,0.3,-2.894665,-0.552187,5.08938,0.666667,1.0,5.277008,0.00862425,0.21357559109824617,0.3
1769796472.109268,-2.908799,-0.5608870833333331,5.078543395166091,0.3,-2.894665,-0.552187,5.08938,0.666667,1.0,5.277008,0.00871125,0.2176691559661724,0.3
1769796472.130038,-2.9066473333333334,-0.5609416666666666,5.090501368869794,0.3,-2.894665,-0.552187,5.08938,0.666667,1.0,5.277008,0.00876475,0.2118584281620884,0.3
1769796472.149738,-2.9044640000000004,-0.560966,5.09927894028496,0.3,-2.894665,-0.552187,5.08938,0.666667,1.0,5.277008,0.008788,0.20879040070915655,0.3
1769796472.170013,-2.902252666666667,-0.5609631666666667,5.088084865837331,0.3,-2.894665,-0.552187,5.08938,0.666667,1.0,5.277008,0.00878425,0.21327358926655318,0.3
1769796472.190772,-2.9000160000000004,-0.5609359166666666,5.076773298271588,0.3,-2.894665,-0.552187,5.08938,0.666667,1.0,5.277008,0.00875625,0.21430577523204564,0.3
1769796472.2109,-2.8977566666666665,-0.5608867499999999,5.096097219561599,0.3,-2.894665,-0.552187,5.08938,0.666667,1.0,5.277008,0.00870625,0.2131725393283884,0.3
1769796472.231138,-2.895475666666666,-0.5608179166666666,5.090169732817747,0.3,-2.894665,-0.552187,5.08938,0.666667,1.0,5.277008,0.008636749999999999,0.2044887702207907,0.3
1769796472.250965,-2.893175333333333,-0.5607314166666666,5.099587583602484,0.3,-2.894665,-0.552187,5.08938,0.666667,1.0,5.277008,0.00854975,0.20476168663410385,0.3
1769796472.271337,-2.8908579999999997,-0.5606289999999999,5.093521228724832,0.3,-2.894665,-0.552187,5.08938,0.666667,1.0,5.277008,0.00844675,0.2039065855395087,0.3
1769796472.2918,-2.8885276666666666,-0.5605236666666665,5.0906294585637735,0.3,-2.894665,-0.552187,5.08938,0.666667,1.0,5.277008,0.0083295,0.20518701910352946,0.3
1769796472.311719,-2.8861866666666667,-0.5892751666666666,5.093530963609361,0.3,-2.894665,-0.552187,5.08938,0.666667,1.0,5.277008,0.00823375,0.2020842535457671,0.3
1769796472.332124,-2.883836,-0.6180869999999999,5.164054251974916,0.3,-2.857241,-0.638669,5.152212,0.666667,1.0,5.37124,0.008219249999999999,0.20157465147789003,0.3
1769796472.352035,-2.8814663333333335,-0.6469764166666666,5.1538669619157504,0.3,-2.857241,-0.638669,5.152212,0.666667,1.0,5.37124,0.008283,0.20979613301316433,0.3
1769796472.372565,-2.8790633333333333,-0.647099,5.133925212780325,0.3,-2.857241,-0.638669,5.152212,0.666667,1.0,5.37124,0.00842,0.21384097150371853,0.3
1769796472.392772,-2.8766173333333334,-0.6472439166666666,5.153968447995976,0.3,-2.857241,-0.638669,5.152212,0.666667,1.0,5.37124,0.008587,0.21732400392210538,0.3
1769796472.412896,-2.8741296666666667,-0.64737275,5.146588186868213,0.3,-2.857241,-0.638669,5.152212,0.666667,1.0,5.37124,0.00871775,0.21834368702765947,0.3
1769796472.434504,-2.8716046666666664,-0.6474625833333333,5.135255191875606,0.3,-2.857241,-0.638669,5.152212,0.666667,1.0,5.37124,0.0088065,0.21318598704147243,0.3
1769796472.45374,-2.869048,-0.647514,5.169956139365475,0.3,-2.857241,-0.638669,5.152212,0.666667,1.0,5.37124,0.0088565,0.21538442882022632,0.3
1769796472.474182,-2.8664636666666667,-0.6475306666666667,5.1417352211924525,0.3,-2.857241,-0.638669,5.152212,0.666667,1.0,5.37124,0.008872,0.21077560212554258,0.3
1769796472.494203,-2.8638580000000005,-0.6475238333333333,5.147014187131118,0.3,-2.857241,-0.638669,5.152212,0.666667,1.0,5.37124,0.0088565,0.21872409798076145,0.3
1769796472.514699,-2.862113666666667,-0.6474987499999999,5.148107248545361,0.3,-2.857241,-0.638669,5.152212,0.666667,1.0,5.37124,0.008836,0.21292834427555996,0.3
1769796472.514699,-2.8603570000000005,-0.6474601666666666,5.158712641593456,0.3,-2.857241,-0.638669,5.152212,0.666667,1.0,5.37124,0.00879675,0.20955290246245653,0.3
1769796472.535142,-2.858589333333333,-0.6474048333333333,5.157016517537977,0.3,-2.857241,-0.638669,5.152212,0.666667,1.0,5.37124,0.00874075,0.2135037146940835,0.3
1769796472.555648,-2.855929666666667,-0.6473280833333334,5.135066744899857,0.3,-2.857241,-0.638669,5.152212,0.666667,1.0,5.37124,0.00867,0.21692501432967048,0.3
1769796472.575958,-2.853253666666667,-0.6472291666666666,5.146473444164513,0.3,-2.857241,-0.638669,5.152212,0.666667,1.0,5.37124,0.0085665,0.2141247255577522,0.3
1769796472.595875,-2.850566666666667,-0.6471069166666666,5.162398834464548,0.3,-2.857241,-0.638669,5.152212,0.666667,1.0,5.37124,0.008444,0.20582354948250622,0.3
1769796472.615956,-2.847872666666667,-0.6469881666666666,5.156759864645455,0.3,-2.857241,-0.638669,5.152212,0.666667,1.0,5.37124,0.00830325,0.20417342405636038,0.3
1769796472.636189,-2.8451736666666663,-0.6748930833333332,5.14895759965259,0.3,-2.857241,-0.638669,5.152212,0.666667,1.0,5.37124,0.00821025,0.20461246923369192,0.3
1769796472.656526,-2.8424676666666664,-0.7028675,5.223046683396263,0.3,-2.81446,-0.722631,5.215044,0.666667,1.0,5.465472,0.00819675,0.2064857276950294,0.3
1769796472.676834,-2.839752333333333,-0.7309219166666666,5.214177264517592,0.3,-2.81446,-0.722631,5.215044,0.666667,1.0,5.465472,0.0082645,0.20522244898770245,0.3
1769796472.696745,-2.8370196666666665,-0.7310460833333332,5.216625454807244,0.3,-2.81446,-0.722631,5.215044,0.666667,1.0,5.465472,0.008411499999999999,0.20349873081650927,0.3
1769796472.71702,-2.834258666666667,-0.7311911666666666,5.230818100766467,0.3,-2.81446,-0.722631,5.215044,0.666667,1.0,5.465472,0.008569249999999999,0.20362846122300948,0.3
1769796472.737317,-2.8314609999999996,-0.7313195,5.216753733308237,0.3,-2.81446,-0.722631,5.215044,0.666667,1.0,5.465472,0.00869975,0.20151018137194812,0.3
1769796472.757782,-2.828628333333333,-0.7314156666666666,5.22648649936988,0.3,-2.81446,-0.722631,5.215044,0.666667,1.0,5.465472,0.008796499999999999,0.20277420746222508,0.3
1769796472.778071,-2.8257660000000002,-0.7314768333333332,5.229122887157327,0.3,-2.81446,-0.722631,5.215044,0.666667,1.0,5.465472,0.00885775,0.20257942192258507,0.3
1769796472.798352,-2.8228790000000004,-0.7315036666666667,5.21883111717844,0.3,-2.81446,-0.722631,5.215044,0.666667,1.0,5.465472,0.008883249999999999,0.20516106827960479,0.3
1769796472.81872,-2.8199703333333335,-0.7314985833333333,5.21934132204051,0.3,-2.81446,-0.722631,5.215044,0.666667,1.0,5.465472,0.008877000000000001,0.2165951033276091,0.3
1769796472.838984,-2.8170416666666664,-0.7314649166666666,5.194813509002092,0.3,-2.81446,-0.722631,5.215044,0.666667,1.0,5.465472,0.0088425,0.21102591369563686,0.3
1769796472.859465,-2.814094666666667,-0.7314056666666667,5.235219321753205,0.3,-2.81446,-0.722631,5.215044,0.666667,1.0,5.465472,0.00878225,0.21564088114961258,0.3
1769796472.879885,-2.811132,-0.73132375,5.204340936018644,0.3,-2.81446,-0.722631,5.215044,0.666667,1.0,5.465472,0.00869925,0.20705811927152307,0.3
1769796472.900118,-2.8081556666666665,-0.7312224166666667,5.218755657215863,0.3,-2.81446,-0.722631,5.215044,0.666667,1.0,5.465472,0.00859675,0.2075362143657876,0.3
1769796472.920419,-2.805165,-0.7311046666666666,5.231261875258306,0.3,-2.81446,-0.722631,5.215044,0.666667,1.0,5.465472,0.00847825,0.20431658915693976,0.3
1769796472.940796,-2.80216,-0.7309999166666666,5.211191364076863,0.3,-2.81446,-0.722631,5.215044,0.666667,1.0,5.465472,0.008346,0.20659757977252305,0.3
1769796472.960833,-2.799141666666667,-0.7579775,5.209148247277028,0.3,-2.81446,-0.722631,5.215044,0.666667,1.0,5.465472,0.0082825,0.21495017946734832,0.3
1769796472.981267,-2.796113,-0.7850317499999999,5.267811828356089,0.3,-2.766492,-0.80374,5.277876,0.666667,1.0,5.559704,0.008302,0.2121786692857288,0.3
1769796473.001774,-2.7930686666666666,-0.8121657499999998,5.28291732325461,0.3,-2.766492,-0.80374,5.277876,0.666667,1.0,5.559704,0.008399750000000001,0.21023696166677927,0.3
1769796473.021822,-2.7900076666666664,-0.8123125833333332,5.279982947139949,0.3,-2.766492,-0.80374,5.277876,0.666667,1.0,5.559704,0.0085755,0.20867444389986892,0.3
1769796473.04214,-2.7869126666666664,-0.8124723333333334,5.275589243029168,0.3,-2.766492,-0.80374,5.277876,0.666667,1.0,5.559704,0.0087425,0.20766878052943402,0.3
1769796473.062332,-2.783782,-0.8126082499999999,5.28870243253934,0.3,-2.766492,-0.80374,5.277876,0.666667,1.0,5.559704,0.008879,0.20801406594154356,0.3
1769796473.082897,-2.7806106666666666,-0.8127106666666665,5.282547565815853,0.3,-2.766492,-0.80374,5.277876,0.666667,1.0,5.559704,0.00898325,0.20401129213781774,0.3
1769796473.103955,-2.7774096666666668,-0.8127774166666666,5.290865569952428,0.3,-2.766492,-0.80374,5.277876,0.666667,1.0,5.559704,0.009049749999999999,0.2092228831577665,0.3
1769796473.123405,-2.774182,-0.8128082499999999,5.273391931276086,0.3,-2.766492,-0.80374,5.277876,0.666667,1.0,5.559704,0.00907925,0.21512190091601657,0.3
1769796473.14404,-2.770929666666667,-0.8128056666666666,5.265744756756195,0.3,-2.766492,-0.80374,5.277876,0.666667,1.0,5.559704,0.00907575,0.21355271216832086,0.3
1769796473.163785,-2.7676556666666663,-0.8127731666666667,5.293413905483212,0.3,-2.766492,-0.80374,5.277876,0.666667,1.0,5.559704,0.009042,0.2126621507282712,0.3
1769796473.184033,-2.7643626666666665,-0.81271375,5.276774475127822,0.3,-2.766492,-0.80374,5.277876,0.666667,1.0,5.559704,0.00898175,0.20844313792638183,0.3
1769796473.204353,-2.7610533333333334,-0.8126304999999999,5.276605164732837,0.3,-2.766492,-0.80374,5.277876,0.666667,1.0,5.559704,0.008897500000000001,0.2107238765621504,0.3
1769796473.224797,-2.7577296666666666,-0.8125261666666667,5.285937148848072,0.3,-2.766492,-0.80374,5.277876,0.666667,1.0,5.559704,0.00879225,0.21236746918322882,0.3
1769796473.244922,-2.754393,-0.81240725,5.269342160686038,0.3,-2.766492,-0.80374,5.277876,0.666667,1.0,5.559704,0.008668750000000001,0.21292990306117177,0.3
1769796473.264936,-2.7510446666666666,-0.8382868333333332,5.271803866253463,0.3,-2.766492,-0.80374,5.277876,0.666667,1.0,5.559704,0.00854075,0.2133873580438479,0.3
1769796473.285394,-2.747686333333333,-0.8642170833333331,5.345198668465628,0.3,-2.713525,-0.881678,5.340708,0.666667,1.0,5.653937,0.008493,0.20958117795891254,0.3
1769796473.305694,-2.7443139999999997,-0.8902234166666666,5.342807592737685,0.3,-2.713525,-0.881678,5.340708,0.666667,1.0,5.653937,0.008521500000000001,0.20782964536706616,0.3
1769796473.326074,-2.7409223333333332,-0.8903176666666665,5.341135891409687,0.3,-2.713525,-0.881678,5.340708,0.666667,1.0,5.653937,0.00862175,0.21207968544775793,0.3
1769796473.34621,-2.737498,-0.8904419999999998,5.334108410292888,0.3,-2.713525,-0.881678,5.340708,0.666667,1.0,5.653937,0.00877575,0.21539598023326287,0.3
1769796473.366677,-2.7340370000000003,-0.8905600833333333,5.335807894882447,0.3,-2.713525,-0.881678,5.340708,0.666667,1.0,5.653937,0.0088945,0.21445609228877008,0.3
1769796473.386757,-2.7305390000000003,-0.8906414166666665,5.345922466830088,0.3,-2.713525,-0.881678,5.340708,0.666667,1.0,5.653937,0.008976,0.20931523198985316,0.3
1769796473.4069,-2.7270143333333334,-0.8906858333333333,5.351228085276912,0.3,-2.713525,-0.881678,5.340708,0.666667,1.0,5.653937,0.00901975,0.20789444483749908,0.3
1769796473.42752,-2.723468,-0.8906947499999998,5.341432536371147,0.3,-2.713525,-0.881678,5.340708,0.666667,1.0,5.653937,0.009027750000000001,0.20774801050092875,0.3
1769796473.447724,-2.7199023333333336,-0.8906711666666666,5.346962843953001,0.3,-2.713525,-0.881678,5.340708,0.666667,1.0,5.653937,0.00900275,0.2119293492019277,0.3
1769796473.467854,-2.716317,-0.8906187499999999,5.338276635683421,0.3,-2.713525,-0.881678,5.340708,0.666667,1.0,5.653937,0.008949,0.21459818538804973,0.3
1769796473.487956,-2.712714666666667,-0.89054125,5.331458358185746,0.3,-2.713525,-0.881678,5.340708,0.666667,1.0,5.653937,0.0088705,0.21584100272490284,0.3
1769796473.508474,-2.7090976666666666,-0.8904419999999998,5.342029447234685,0.3,-2.713525,-0.881678,5.340708,0.666667,1.0,5.653937,0.00877025,0.21531041139191953,0.3
1769796473.52881,-2.7054679999999998,-0.8903238333333333,5.337998047165247,0.3,-2.713525,-0.881678,5.340708,0.666667,1.0,5.653937,0.008651250000000001,0.21307582914030196,0.3
1769796473.548881,-2.701826666666667,-0.8901889999999999,5.3354890060795475,0.3,-2.713525,-0.881678,5.340708,0.666667,1.0,5.653937,0.008516,0.2135851600093008,0.3
1769796473.569535,-2.6981750000000004,-0.8900506666666664,5.337669928285069,0.3,-2.713525,-0.881678,5.340708,0.666667,1.0,5.653937,0.00836575,0.2157256062029894,0.3
1769796473.589626,-2.6945150000000004,-0.9147609999999999,5.328106499953517,0.3,-2.713525,-0.881678,5.340708,0.666667,1.0,5.653937,0.00823625,0.2123499326450917,0.3
1769796473.609983,-2.6908469999999998,-0.9395323333333332,5.406454646541173,0.3,-2.65577,-0.956136,5.403539,0.666667,1.0,5.748169,0.008189,0.20974681801995657,0.3
1769796473.629891,-2.687165666666667,-0.9643836666666665,5.406113780119769,0.3,-2.65577,-0.956136,5.403539,0.666667,1.0,5.748169,0.00822175,0.20673864946539408,0.3
1769796473.649991,-2.6834633333333335,-0.9644800833333332,5.400642042631073,0.3,-2.65577,-0.956136,5.403539,0.666667,1.0,5.748169,0.00833225,0.20575554007973654,0.3
1769796473.670627,-2.6797323333333334,-0.9646037499999999,5.41186787463701,0.3,-2.65577,-0.956136,5.403539,0.666667,1.0,5.748169,0.00847825,0.20560040083207096,0.3
1769796473.690804,-2.675971666666667,-0.9647171666666665,5.409637001364379,0.3,-2.65577,-0.956136,5.403539,0.666667,1.0,5.748169,0.00859275,0.20701325976382942,0.3
1769796473.711175,-2.6721826666666666,-0.9647963333333333,5.39932326083771,0.3,-2.65577,-0.956136,5.403539,0.666667,1.0,5.748169,0.0086725,0.21119251329210945,0.3
1769796473.731647,-2.6683686666666673,-0.9648410833333333,5.400913523930784,0.3,-2.65577,-0.956136,5.403539,0.666667,1.0,5.748169,0.00871575,0.21143607878585083,0.3
1769796473.751756,-2.6645326666666667,-0.9648544166666667,5.409840255226936,0.3,-2.65577,-0.956136,5.403539,0.666667,1.0,5.748169,0.008726999999999999,0.20455197236918277,0.3
1769796473.772572,-2.660678666666666,-0.9648414166666667,5.421017688974044,0.3,-2.65577,-0.956136,5.403539,0.666667,1.0,5.748169,0.0087125,0.2004102208721986,0.3
1769796473.791989,-2.656809,-0.9648068333333333,5.411313181448995,0.3,-2.65577,-0.956136,5.403539,0.666667,1.0,5.748169,0.008676749999999999,0.20489766739366377,0.3
1769796473.812414,-2.652925666666667,-0.9647539166666665,5.396067356767178,0.3,-2.65577,-0.956136,5.403539,0.666667,1.0,5.748169,0.00862325,0.2110873444319644,0.3
1769796473.832912,-2.6490286666666667,-0.9646840833333332,5.400687677377773,0.3,-2.65577,-0.956136,5.403539,0.666667,1.0,5.748169,0.008553749999999999,0.21183122803657697,0.3
1769796473.853045,-2.645119333333333,-0.9645977499999999,5.40868134836837,0.3,-2.65577,-0.956136,5.403539,0.666667,1.0,5.748169,0.008467249999999999,0.21234751800422833,0.3
1769796473.873521,-2.6411986666666665,-0.9644949999999999,5.392654084861725,0.3,-2.65577,-0.956136,5.403539,0.666667,1.0,5.748169,0.00836425,0.2093418700061025,0.3
1769796473.894136,-2.637268,-0.9643954999999999,5.4075816757243444,0.3,-2.65577,-0.956136,5.403539,0.666667,1.0,5.748169,0.0082455,0.20831032616880496,0.3
1769796473.914056,-2.633328666666667,-0.9878933333333332,5.409247483855143,0.3,-2.65577,-0.956136,5.403539,0.666667,1.0,5.748169,0.00816875,0.2064429207721775,0.3
1769796473.934448,-2.62938,-1.0114584999999998,5.459543757215084,0.3,-2.593453,-1.026821,5.466371,0.666667,1.0,5.842401,0.00817275,0.21157073527739576,0.3
1769796473.954713,-2.625417666666667,-1.0350886666666665,5.454605095805429,0.3,-2.593453,-1.026821,5.466371,0.666667,1.0,5.842401,0.008256,0.21151225225620465,0.3
1769796473.974755,-2.6227709999999997,-1.0352030833333332,5.473936652122841,0.3,-2.593453,-1.026821,5.466371,0.666667,1.0,5.842401,0.00837425,0.21056544109499334,0.3
1769796473.974755,-2.6201086666666664,-1.0353294166666664,5.464376460007122,0.3,-2.593453,-1.026821,5.466371,0.666667,1.0,5.842401,0.008516000000000001,0.20532247880952148,0.3
1769796473.995022,-2.6174269999999997,-1.035446833333333,5.473071084152615,0.3,-2.593453,-1.026821,5.466371,0.666667,1.0,5.842401,0.008635,0.21442418551954165,0.3
1769796474.015208,-2.6133889999999997,-1.0355510833333332,5.449445279820478,0.3,-2.593453,-1.026821,5.466371,0.666667,1.0,5.842401,0.0087265,0.21498417040621176,0.3
1769796474.035365,-2.6093213333333334,-1.0356364999999998,5.465173932457384,0.3,-2.593453,-1.026821,5.466371,0.666667,1.0,5.842401,0.00882875,0.2136264749309512,0.3
1769796474.055742,-2.605227,-1.0356999166666665,5.479271334454019,0.3,-2.593453,-1.026821,5.466371,0.666667,1.0,5.842401,0.00889125,0.20682572763592386,0.3
1769796474.075835,-2.6011116666666667,-1.035726333333333,5.4711391132533205,0.3,-2.593453,-1.026821,5.466371,0.666667,1.0,5.842401,0.008916750000000001,0.20984700228315237,0.3
1769796474.09636,-2.596977666666667,-1.0357186666666667,5.457427716973775,0.3,-2.593453,-1.026821,5.466371,0.666667,1.0,5.842401,0.008908,0.21502533093245313,0.3
1769796474.116717,-2.5928276666666665,-1.03568,5.463663840762633,0.3,-2.593453,-1.026821,5.466371,0.666667,1.0,5.842401,0.00886825,0.21814983448788186,0.3
1769796474.137107,-2.588661,-1.0356137499999998,5.461512160105323,0.3,-2.593453,-1.026821,5.466371,0.666667,1.0,5.842401,0.00880075,0.21770045625626536,0.3
1769796474.156988,-2.584479333333333,-1.0355233333333331,5.456276442177178,0.3,-2.593453,-1.026821,5.466371,0.666667,1.0,5.842401,0.00870925,0.22339737069399954,0.3
1769796474.177378,-2.5802836666666664,-1.0354115,5.444603315808152,0.3,-2.593453,-1.026821,5.466371,0.666667,1.0,5.842401,0.008597,0.21969276816559527,0.3
1769796474.197726,-2.576078,-1.0352804166666665,5.470032509771805,0.3,-2.593453,-1.026821,5.466371,0.666667,1.0,5.842401,0.00846525,0.21614833383438256,0.3
1769796474.217746,-2.571866,-1.0351576666666664,5.4642713434982655,0.3,-2.593453,-1.026821,5.466371,0.666667,1.0,5.842401,0.008316,0.20948628350567897,0.3
1769796474.238219,-2.5676496666666666,-1.0572875,5.4620594429735805,0.3,-2.593453,-1.026821,5.466371,0.666667,1.0,5.842401,0.00822875,0.2128540876319098,0.3
1769796474.258477,-2.563428333333333,-1.07949225,5.52093029428971,0.3,-2.526821,-1.093453,5.529203,0.666667,1.0,5.936633,0.00822275,0.20913158930718936,0.3
1769796474.278975,-2.5591969999999997,-1.1017772499999998,5.538915096319354,0.3,-2.526821,-1.093453,5.529203,0.666667,1.0,5.936633,0.00829825,0.20841895296091384,0.3
1769796474.298942,-2.5549446666666666,-1.1019039166666664,5.527890238717952,0.3,-2.526821,-1.093453,5.529203,0.666667,1.0,5.936633,0.00845175,0.20629338888867454,0.3
1769796474.319221,-2.5506656666666667,-1.1020460833333334,5.530022356436596,0.3,-2.526821,-1.093453,5.529203,0.666667,1.0,5.936633,0.00860275,0.2087716292400724,0.3
1769796474.339703,-2.5463553333333335,-1.1021664166666667,5.5344638236057175,0.3,-2.526821,-1.093453,5.529203,0.666667,1.0,5.936633,0.00872475,0.209106855462149,0.3
1769796474.360549,-2.542018666666667,-1.1022540833333332,5.530815053326627,0.3,-2.526821,-1.093453,5.529203,0.666667,1.0,5.936633,0.00881275,0.21498569640628898,0.3
1769796474.380681,-2.5376553333333334,-1.1023064999999999,5.514080505050712,0.3,-2.526821,-1.093453,5.529203,0.666667,1.0,5.936633,0.00886575,0.215350384003638,0.3
1769796474.40115,-2.5332686666666664,-1.1023241666666665,5.534537968300705,0.3,-2.526821,-1.093453,5.529203,0.666667,1.0,5.936633,0.008882000000000001,0.2116682453935751,0.3
1769796474.421629,-2.5288609999999996,-1.102309083333333,5.541675983648945,0.3,-2.526821,-1.093453,5.529203,0.666667,1.0,5.936633,0.00886575,0.20651626463493333,0.3
1769796474.44249,-2.5244346666666666,-1.1022648333333331,5.53037116628638,0.3,-2.526821,-1.093453,5.529203,0.666667,1.0,5.936633,0.0088205,0.20898193265371276,0.3
1769796474.461761,-2.519992333333333,-1.1021946666666664,5.524170611037814,0.3,-2.526821,-1.093453,5.529203,0.666667,1.0,5.936633,0.00874925,0.21458561570747373,0.3
1769796474.481882,-2.515536,-1.1021015833333332,5.522710190873549,0.3,-2.526821,-1.093453,5.529203,0.666667,1.0,5.936633,0.00865525,0.20975447157698376,0.3
1769796474.502376,-2.511067,-1.1019884999999998,5.542175309106523,0.3,-2.526821,-1.093453,5.529203,0.666667,1.0,5.936633,0.00854125,0.20705434261840236,0.3
1769796474.523304,-2.506587666666667,-1.1018595833333331,5.532383271354319,0.3,-2.526821,-1.093453,5.529203,0.666667,1.0,5.936633,0.00841,0.20479930926414078,0.3
1769796474.543623,-2.502095333333333,-1.1225215,5.526888640890148,0.3,-2.526821,-1.093453,5.529203,0.666667,1.0,5.936633,0.0082685,0.2087930016748425,0.3
1769796474.563783,-2.4975913333333333,-1.1432341666666666,5.58993074161563,0.3,-2.456136,-1.15577,5.592035,0.666667,1.0,6.030866,0.008209999999999999,0.20935864177526597,0.3
1769796474.583938,-2.493069333333333,-1.1640286666666666,5.590880433868801,0.3,-2.456136,-1.15577,5.592035,0.666667,1.0,6.030866,0.008230999999999999,0.2017274669142756,0.3
1769796474.604237,-2.4885336666666666,-1.1641280833333332,5.612940813215679,0.3,-2.456136,-1.15577,5.592035,0.666667,1.0,6.030866,0.008334999999999999,0.2014728473918944,0.3
1769796474.624803,-2.4839756666666664,-1.1642681666666665,5.593450038874655,0.3,-2.456136,-1.15577,5.592035,0.666667,1.0,6.030866,0.00850825,0.20182827199398035,0.3
1769796474.644957,-2.479394,-1.1644080833333332,5.592847527614171,0.3,-2.456136,-1.15577,5.592035,0.666667,1.0,6.030866,0.00865125,0.21345186443741837,0.3
1769796474.664976,-2.474775,-1.1645087499999998,5.580673823352973,0.3,-2.456136,-1.15577,5.592035,0.666667,1.0,6.030866,0.00875475,0.21310492501191133,0.3
1769796474.685366,-2.4701233333333334,-1.1645674166666664,5.596428036524212,0.3,-2.456136,-1.15577,5.592035,0.666667,1.0,6.030866,0.00881025,0.2102085288922635,0.3
1769796474.705655,-2.4654463333333334,-1.1645866666666664,5.603032367472724,0.3,-2.456136,-1.15577,5.592035,0.666667,1.0,6.030866,0.00882725,0.2115271261866927,0.3
1769796474.725748,-2.460763,-1.1645762499999999,5.577235021167995,0.3,-2.456136,-1.15577,5.592035,0.666667,1.0,6.030866,0.008812500000000001,0.21038222223274383,0.3
1769796474.746235,-2.456083,-1.1645436666666666,5.599911720014439,0.3,-2.456136,-1.15577,5.592035,0.666667,1.0,6.030866,0.008779,0.2122665994585247,0.3
1769796474.766372,-2.4514046666666665,-1.1644932499999998,5.596666169253171,0.3,-2.456136,-1.15577,5.592035,0.666667,1.0,6.030866,0.008729500000000001,0.20792920011104973,0.3
1769796474.786732,-2.4467206666666663,-1.1644248333333334,5.589815116330598,0.3,-2.456136,-1.15577,5.592035,0.666667,1.0,6.030866,0.008661249999999999,0.2086679379114427,0.3
1769796474.80676,-2.442024,-1.1643373333333333,5.595560050307227,0.3,-2.456136,-1.15577,5.592035,0.666667,1.0,6.030866,0.00857375,0.2120279496793759,0.3
1769796474.827309,-2.437316,-1.1642311666666665,5.585263840431937,0.3,-2.456136,-1.15577,5.592035,0.666667,1.0,6.030866,0.008466999999999999,0.2096218914244742,0.3
1769796474.847516,-2.432598,-1.1641183333333334,5.594405460398441,0.3,-2.456136,-1.15577,5.592035,0.666667,1.0,6.030866,0.00834275,0.20873164274012848,0.3
1769796474.867701,-2.427871666666667,-1.1832839166666667,5.59594716244445,0.3,-2.456136,-1.15577,5.592035,0.666667,1.0,6.030866,0.00823525,0.21047318058333156,0.3
1769796474.88798,-2.4231380000000002,-1.2025078333333334,5.640523268151609,0.3,-2.381678,-1.213525,5.654867,0.666667,1.0,6.125098,0.008208749999999999,0.2079757620659084,0.3
1769796474.908164,-2.418392666666667,-1.22180975,5.664076110070475,0.3,-2.381678,-1.213525,5.654867,0.666667,1.0,6.125098,0.0082595,0.20958516076172184,0.3
1769796474.928324,-2.413656,-1.22192175,5.655037191295725,0.3,-2.381678,-1.213525,5.654867,0.666667,1.0,6.125098,0.008386000000000001,0.20724147707428828,0.3
1769796474.948687,-2.4089259999999997,-1.2220577499999998,5.650634613211881,0.3,-2.381678,-1.213525,5.654867,0.666667,1.0,6.125098,0.00854475,0.21235892233568285,0.3
1769796474.968786,-2.4041986666666664,-1.2221809166666666,5.652230829253768,0.3,-2.381678,-1.213525,5.654867,0.666667,1.0,6.125098,0.008667500000000002,0.21449986960800524,0.3
1769796474.989214,-2.3994413333333333,-1.2222684166666664,5.652320603512251,0.3,-2.381678,-1.213525,5.654867,0.666667,1.0,6.125098,0.0087555,0.21452741361459182,0.3
1769796475.009787,-2.394648666666667,-1.2223224999999998,5.652744560896801,0.3,-2.381678,-1.213525,5.654867,0.666667,1.0,6.125098,0.008807249999999999,0.21478181362346027,0.3
1769796475.029902,-2.389825666666667,-1.2223459166666666,5.652345933283295,0.3,-2.381678,-1.213525,5.654867,0.666667,1.0,6.125098,0.00882975,0.21139245715522922,0.3
1769796475.050155,-2.3849820000000004,-1.222342,5.662456871440703,0.3,-2.381678,-1.213525,5.654867,0.666667,1.0,6.125098,0.00882575,0.20749952351546117,0.3
1769796475.070677,-2.380122,-1.2223127499999997,5.664157396543066,0.3,-2.381678,-1.213525,5.654867,0.666667,1.0,6.125098,0.0087955,0.20678037640066896,0.3
1769796475.090757,-2.375251,-1.22226,5.653763508969453,0.3,-2.381678,-1.213525,5.654867,0.666667,1.0,6.125098,0.008742,0.20776559044153417,0.3
1769796475.111457,-2.3703686666666663,-1.2221859166666666,5.659038135898775,0.3,-2.381678,-1.213525,5.654867,0.666667,1.0,6.125098,0.0086675,0.20854504285638567,0.3
1769796475.13104,-2.365475,-1.2220924999999998,5.658640285987079,0.3,-2.381678,-1.213525,5.654867,0.666667,1.0,6.125098,0.00857325,0.2113744477781108,0.3
1769796475.151558,-2.360567666666667,-1.2219811666666665,5.643837629486118,0.3,-2.381678,-1.213525,5.654867,0.666667,1.0,6.125098,0.00846175,0.20979241349529523,0.3
1769796475.171784,-2.355649,-1.2218676666666666,5.660455507717956,0.3,-2.381678,-1.213525,5.654867,0.666667,1.0,6.125098,0.0083335,0.20962658891231903,0.3
1769796475.191778,-2.350712666666667,-1.2394395833333334,5.6572057494966606,0.3,-2.381678,-1.213525,5.654867,0.666667,1.0,6.125098,0.00823275,0.20576478887822305,0.3
1769796475.212113,-2.3457546666666667,-1.2570724166666665,5.715904362383623,0.3,-2.30374,-1.266492,5.717699,0.666667,1.0,6.21933,0.0082105,0.2154038082613998,0.3
1769796475.232183,-2.3407766666666667,-1.2747816666666665,5.693384340499663,0.3,-2.30374,-1.266492,5.717699,0.666667,1.0,6.21933,0.008265,0.21450197820957986,0.3
1769796475.25246,-2.3357883333333334,-1.2748934166666663,5.724206914696509,0.3,-2.30374,-1.266492,5.717699,0.666667,1.0,6.21933,0.0083935,0.2105228794473397,0.3
1769796475.272635,-2.3307873333333333,-1.2750269166666663,5.730143386962764,0.3,-2.30374,-1.266492,5.717699,0.666667,1.0,6.21933,0.00854575,0.20262138603253033,0.3
1769796475.292801,-2.3257666666666665,-1.2751457499999999,5.720308132040863,0.3,-2.30374,-1.266492,5.717699,0.666667,1.0,6.21933,0.0086655,0.20857396201499948,0.3
1769796475.3134,-2.320719,-1.2752299166666665,5.709548205267623,0.3,-2.30374,-1.266492,5.717699,0.666667,1.0,6.21933,0.00875,0.21131052455586374,0.3
1769796475.333528,-2.315645,-1.2752796666666666,5.723643942413537,0.3,-2.30374,-1.266492,5.717699,0.666667,1.0,6.21933,0.00879825,0.2141906789266739,0.3
1769796475.353935,-2.3105463333333334,-1.27529725,5.713016522186883,0.3,-2.30374,-1.266492,5.717699,0.666667,1.0,6.21933,0.00881475,0.2098317974102455,0.3
1769796475.373878,-2.3054253333333334,-1.27528625,5.721787924025162,0.3,-2.30374,-1.266492,5.717699,0.666667,1.0,6.21933,0.00880275,0.20997381476816201,0.3
1769796475.394016,-2.300285666666667,-1.2752497499999997,5.722837638612674,0.3,-2.30374,-1.266492,5.717699,0.666667,1.0,6.21933,0.00876525,0.21487624038391195,0.3
1769796475.414297,-2.295134,-1.2751910833333333,5.697178560970629,0.3,-2.30374,-1.266492,5.717699,0.666667,1.0,6.21933,0.00870525,0.21813368311172354,0.3
1769796475.434711,-2.2899806666666667,-1.2751134166666664,5.711437196811477,0.3,-2.30374,-1.266492,5.717699,0.666667,1.0,6.21933,0.00862675,0.21916238574677296,0.3
1769796475.454928,-2.28483,-1.2750303333333333,5.718264213832764,0.3,-2.30374,-1.266492,5.717699,0.666667,1.0,6.21933,0.00853225,0.2082317554935537,0.3
1769796475.474952,-2.2813983333333336,-1.2749447499999997,5.727893896306881,0.3,-2.30374,-1.266492,5.717699,0.666667,1.0,6.21933,0.008456,0.20762414141661809,0.3
1769796475.474952,-2.2779653333333334,-1.2748586666666666,5.710867813256213,0.3,-2.30374,-1.266492,5.717699,0.666667,1.0,6.21933,0.00837,0.20529172315760116,0.3
1769796475.495794,-2.274531,-1.2747862499999998,5.724325024202447,0.3,-2.30374,-1.266492,5.717699,0.666667,1.0,6.21933,0.008274,0.20676656021361287,0.3
1769796475.515788,-2.2693773333333334,-1.290737833333333,5.721858676165089,0.3,-2.30374,-1.266492,5.717699,0.666667,1.0,6.21933,0.00823875,0.20615369172610798,0.3
1769796475.535763,-2.264218,-1.3067546666666665,5.774673159336182,0.3,-2.222631,-1.31446,5.78053,0.666667,1.0,6.313563,0.00825675,0.21140185895942398,0.3
1769796475.556241,-2.2590540000000003,-1.3228424166666668,5.771507019692267,0.3,-2.222631,-1.31446,5.78053,0.666667,1.0,6.313563,0.0083565,0.21133403536464931,0.3
1769796475.576681,-2.2538820000000004,-1.32299475,5.787830601263522,0.3,-2.222631,-1.31446,5.78053,0.666667,1.0,6.313563,0.008534,0.21234380544755513,0.3
1769796475.597069,-2.2486923333333335,-1.3231635,5.7757463442195665,0.3,-2.222631,-1.31446,5.78053,0.666667,1.0,6.313563,0.008713750000000001,0.21043749384125257,0.3
1769796475.617504,-2.243475333333334,-1.3233111666666666,5.780883407158139,0.3,-2.222631,-1.31446,5.78053,0.666667,1.0,6.313563,0.00886275,0.21847159850804185,0.3
1769796475.638173,-2.238243,-1.3234247499999998,5.767268454044675,0.3,-2.222631,-1.31446,5.78053,0.666667,1.0,6.313563,0.008977,0.22005021087808332,0.3
1769796475.657965,-2.233003666666667,-1.3235023333333331,5.772630502494462,0.3,-2.222631,-1.31446,5.78053,0.666667,1.0,6.313563,0.0090545,0.21657832221748216,0.3
1769796475.678402,-2.2277606666666663,-1.3235441666666665,5.79327898863759,0.3,-2.222631,-1.31446,5.78053,0.666667,1.0,6.313563,0.0090955,0.21404935128541006,0.3
1769796475.698834,-2.2225040000000003,-1.3235513333333333,5.77566146551945,0.3,-2.222631,-1.31446,5.78053,0.666667,1.0,6.313563,0.0091025,0.2083099145434167,0.3
1769796475.718833,-2.2172330000000002,-1.323525833333333,5.790427737373663,0.3,-2.222631,-1.31446,5.78053,0.666667,1.0,6.313563,0.009076,0.213141993892234,0.3
1769796475.73893,-2.21195,-1.3234698333333332,5.77766396714379,0.3,-2.222631,-1.31446,5.78053,0.666667,1.0,6.313563,0.009019,0.2120557771417382,0.3
1769796475.759261,-2.206652333333333,-1.3233864999999998,5.777517793092728,0.3,-2.222631,-1.31446,5.78053,0.666667,1.0,6.313563,0.0089345,0.21672589751244595,0.3
1769796475.780466,-2.201341333333333,-1.3232790833333332,5.776421743806371,0.3,-2.222631,-1.31446,5.78053,0.666667,1.0,6.313563,0.008826,0.2166846738759469,0.3
1769796475.799877,-2.196022,-1.3231509166666664,5.774192342293839,0.3,-2.222631,-1.31446,5.78053,0.666667,1.0,6.313563,0.00869675,0.21405007941114296,0.3
1769796475.820029,-2.190698333333333,-1.3230345833333332,5.7822575189484695,0.3,-2.222631,-1.31446,5.78053,0.666667,1.0,6.313563,0.008549999999999999,0.20782446935637147,0.3
1769796475.84066,-2.185370333333333,-1.3372246666666665,5.791601446895462,0.3,-2.222631,-1.31446,5.78053,0.666667,1.0,6.313563,0.008476999999999998,0.20586507520369848,0.3
1769796475.860722,-2.1800363333333332,-1.3514933333333332,5.842433843454661,0.3,-2.138669,-1.357241,5.843362,0.666667,1.0,6.407795,0.008486,0.2121171420435304,0.3
1769796475.881027,-2.174701666666667,-1.3658427499999999,5.8267401307854545,0.3,-2.138669,-1.357241,5.843362,0.666667,1.0,6.407795,0.008575,0.20936160576653237,0.3
1769796475.901136,-2.1693766666666665,-1.3659796666666664,5.864008500435476,0.3,-2.138669,-1.357241,5.843362,0.666667,1.0,6.407795,0.00874425,0.210551923167136,0.3
1769796475.921587,-2.164053,-1.3661276666666664,5.842864251165275,0.3,-2.138669,-1.357241,5.843362,0.666667,1.0,6.407795,0.00889675,0.20383440083646376,0.3
1769796475.941857,-2.158719,-1.3662487499999998,5.850427374829781,0.3,-2.138669,-1.357241,5.843362,0.666667,1.0,6.407795,0.009019000000000001,0.20913178668083435,0.3
1769796475.961843,-2.1533606666666665,-1.3663351666666665,5.850704277764959,0.3,-2.138669,-1.357241,5.843362,0.666667,1.0,6.407795,0.009107500000000001,0.2055362320935388,0.3
1769796475.98254,-2.147981,-1.3663849166666664,5.855919300726195,0.3,-2.138669,-1.357241,5.843362,0.666667,1.0,6.407795,0.009156,0.20735645287418158,0.3
1769796476.002791,-2.1425813333333337,-1.3663984166666665,5.845962448290025,0.3,-2.138669,-1.357241,5.843362,0.666667,1.0,6.407795,0.00916825,0.20820302784744535,0.3
1769796476.023083,-2.1371626666666668,-1.366379333333333,5.848892388748102,0.3,-2.138669,-1.357241,5.843362,0.666667,1.0,6.407795,0.009148,0.21495878888536568,0.3
1769796476.043282,-2.1317283333333332,-1.3663313333333331,5.8342672714215595,0.3,-2.138669,-1.357241,5.843362,0.666667,1.0,6.407795,0.00909875,0.21415288667784335,0.3
1769796476.063766,-2.126281,-1.3662574999999997,5.847606571528445,0.3,-2.138669,-1.357241,5.843362,0.666667,1.0,6.407795,0.00902425,0.22000609495105816,0.3
1769796476.083968,-2.1208216666666666,-1.3661603333333332,5.829452803053359,0.3,-2.138669,-1.357241,5.843362,0.666667,1.0,6.407795,0.0089265,0.2172842608807989,0.3
1769796476.104136,-2.115341333333333,-1.3660414166666666,5.840139182434323,0.3,-2.138669,-1.357241,5.843362,0.666667,1.0,6.407795,0.00880725,0.22041502679425587,0.3
1769796476.124358,-2.1098336666666664,-1.3659057499999998,5.834877882600217,0.3,-2.138669,-1.357241,5.843362,0.666667,1.0,6.407795,0.0086675,0.21779631921168183,0.3
1769796476.144794,-2.1042996666666665,-1.3782621666666666,5.834278536481661,0.3,-2.138669,-1.357241,5.843362,0.666667,1.0,6.407795,0.0085195,0.21513570399731038,0.3
1769796476.164967,-2.098748,-1.39066925,5.9079560781026945,0.3,-2.052187,-1.394665,5.906194,0.666667,1.0,6.502027,0.0084525,0.21020198845108248,0.3
1769796476.184836,-2.093181,-1.4031571666666665,5.9102059654012615,0.3,-2.052187,-1.394665,5.906194,0.666667,1.0,6.502027,0.00846475,0.20475301562613835,0.3
1769796476.204834,-2.0876183333333334,-1.4032455,5.912908023084145,0.3,-2.052187,-1.394665,5.906194,0.666667,1.0,6.502027,0.00855925,0.2013491216404253,0.3
1769796476.224942,-2.0820546666666666,-1.40337225,5.92021050741435,0.3,-2.052187,-1.394665,5.906194,0.666667,1.0,6.502027,0.0087175,0.20275422012558553,0.3
1769796476.24545,-2.076489666666667,-1.4034990833333332,5.910019097645681,0.3,-2.052187,-1.394665,5.906194,0.666667,1.0,6.502027,0.008844999999999999,0.20658248266992396,0.3
1769796476.265727,-2.0709013333333335,-1.4035916666666666,5.90489925616698,0.3,-2.052187,-1.394665,5.906194,0.666667,1.0,6.502027,0.00893975,0.2117134930500392,0.3
1769796476.285813,-2.0652923333333333,-1.4036482499999998,5.906728828740016,0.3,-2.052187,-1.394665,5.906194,0.666667,1.0,6.502027,0.00899525,0.21588782231456627,0.3
1769796476.305842,-2.0596650000000003,-1.4036692499999999,5.897862243925112,0.3,-2.052187,-1.394665,5.906194,0.666667,1.0,6.502027,0.00901475,0.21097706138307495,0.3
1769796476.326244,-2.0540236666666662,-1.4036584166666666,5.920208608610664,0.3,-2.052187,-1.394665,5.906194,0.666667,1.0,6.502027,0.00900275,0.21165641969108615,0.3
1769796476.346754,-2.048374,-1.4036194999999998,5.905088064157725,0.3,-2.052187,-1.394665,5.906194,0.666667,1.0,6.502027,0.00896275,0.20509622788400964,0.3
1769796476.3668,-2.042722,-1.403556,5.916726550510701,0.3,-2.052187,-1.394665,5.906194,0.666667,1.0,6.502027,0.008898,0.21139192822145822,0.3
1769796476.387095,-2.037074333333333,-1.4034710833333335,5.899811315826091,0.3,-2.052187,-1.394665,5.906194,0.666667,1.0,6.502027,0.008812249999999999,0.2115704140267102,0.3
1769796476.407243,-2.0314270000000003,-1.4033674999999999,5.9022542341851185,0.3,-2.052187,-1.394665,5.906194,0.666667,1.0,6.502027,0.008708,0.2146733680812196,0.3
1769796476.427693,-2.0257803333333335,-1.4032474166666666,5.905857253187164,0.3,-2.052187,-1.394665,5.906194,0.666667,1.0,6.502027,0.00858725,0.2079531271014392,0.3
1769796476.448903,-2.020129666666667,-1.4031251666666666,5.918765231673701,0.3,-2.052187,-1.394665,5.906194,0.666667,1.0,6.502027,0.008452000000000001,0.21158031362453644,0.3
1769796476.468266,-2.0144726666666664,-1.4136735833333332,5.887407678302192,0.3,-2.052187,-1.394665,5.906194,0.666667,1.0,6.502027,0.00834125,0.21106067927275776,0.3
1769796476.488896,-2.0088069999999996,-1.4242856666666668,5.96841308493199,0.3,-1.963525,-1.426585,5.969026,0.666667,1.0,6.596259,0.0083125,0.21814834821928442,0.3
1769796476.508904,-2.003133666666667,-1.4349789166666664,5.957802483597397,0.3,-1.963525,-1.426585,5.969026,0.666667,1.0,6.596259,0.00836825,0.20943824238844197,0.3
1769796476.529224,-1.9974710000000002,-1.4350968333333334,5.978991349661899,0.3,-1.963525,-1.426585,5.969026,0.666667,1.0,6.596259,0.008501,0.21051972792772936,0.3
1769796476.550185,-1.9918266666666666,-1.4352408333333333,5.968653870376426,0.3,-1.963525,-1.426585,5.969026,0.666667,1.0,6.596259,0.00866625,0.2079934567590412,0.3
1769796476.569978,-1.9861946666666668,-1.4353719166666667,5.968720345600565,0.3,-1.963525,-1.426585,5.969026,0.666667,1.0,6.596259,0.008800249999999999,0.21307248253325192,0.3
1769796476.590465,-1.9805573333333335,-1.4354666666666667,5.967430185853808,0.3,-1.963525,-1.426585,5.969026,0.666667,1.0,6.596259,0.00889425,0.2123458936391527,0.3
1769796476.610489,-1.9749036666666668,-1.4355237499999998,5.971614040155346,0.3,-1.963525,-1.426585,5.969026,0.666667,1.0,6.596259,0.0089505,0.2094097123822971,0.3
1769796476.630781,-1.9692336666666668,-1.4355459999999998,5.97955730825477,0.3,-1.963525,-1.426585,5.969026,0.666667,1.0,6.596259,0.0089715,0.20595353578630216,0.3
1769796476.650931,-1.9635496666666665,-1.4355370833333332,5.97765089731204,0.3,-1.963525,-1.426585,5.969026,0.666667,1.0,6.596259,0.008961,0.20791389561005544,0.3
1769796476.671103,-1.9578556666666664,-1.4355009166666666,5.965682124914229,0.3,-1.963525,-1.426585,5.969026,0.666667,1.0,6.596259,0.00892375,0.20752952630976693,0.3
1769796476.691886,-1.9521573333333333,-1.4354413333333333,5.980644606809428,0.3,-1.963525,-1.426585,5.969026,0.666667,1.0,6.596259,0.008863,0.20880749402816687,0.3
1769796476.71183,-1.9464579999999998,-1.4353613333333335,5.972172078105021,0.3,-1.963525,-1.426585,5.969026,0.666667,1.0,6.596259,0.008782249999999998,0.2085484247866908,0.3
1769796476.732191,-1.9407573333333332,-1.4352631666666669,5.9650338349564604,0.3,-1.963525,-1.426585,5.969026,0.666667,1.0,6.596259,0.008683749999999999,0.20905250462660838,0.3
1769796476.752443,-1.9350493333333334,-1.4351481666666668,5.97612121214694,0.3,-1.963525,-1.426585,5.969026,0.666667,1.0,6.596259,0.0085685,0.2164258266667588,0.3
1769796476.772722,-1.9293243333333334,-1.4350344999999998,5.947944524379713,0.3,-1.963525,-1.426585,5.969026,0.666667,1.0,6.596259,0.00843725,0.2153917523722514,0.3
1769796476.792995,-1.923582,-1.44371775,5.965223809052697,0.3,-1.963525,-1.426585,5.969026,0.666667,1.0,6.596259,0.00834275,0.21312505690385306,0.3
1769796476.813476,-1.9178253333333333,-1.452465583333333,6.044072205994289,0.3,-1.873035,-1.452875,6.031858,0.666667,1.0,6.690492,0.008328249999999999,0.2068062038742088,0.3
1769796476.833752,-1.9120726666666668,-1.461290583333333,6.029211923258776,0.3,-1.873035,-1.452875,6.031858,0.666667,1.0,6.690492,0.008390749999999999,0.2070010750973789,0.3
1769796476.85391,-1.9063379999999999,-1.46140775,6.028820824516144,0.3,-1.873035,-1.452875,6.031858,0.666667,1.0,6.690492,0.00852775,0.20978352546770815,0.3
1769796476.874109,-1.9006166666666668,-1.4615435,6.038345052626739,0.3,-1.873035,-1.452875,6.031858,0.666667,1.0,6.690492,0.00867975,0.20659596454637488,0.3
1769796476.894697,-1.8948936666666667,-1.4616589166666667,6.042714725078834,0.3,-1.873035,-1.452875,6.031858,0.666667,1.0,6.690492,0.008798,0.20547467913512438,0.3
1769796476.91492,-1.8910713333333333,-1.4617394166666664,6.035033001945474,0.3,-1.873035,-1.452875,6.031858,0.666667,1.0,6.690492,0.008874,0.21054774100779347,0.3
1769796476.91492,-1.8872366666666667,-1.4617877499999998,6.024867480517108,0.3,-1.873035,-1.452875,6.031858,0.666667,1.0,6.690492,0.00892125,0.2089766415893012,0.3
1769796476.935169,-1.8833886666666668,-1.4618103333333332,6.047873114626284,0.3,-1.873035,-1.452875,6.031858,0.666667,1.0,6.690492,0.008943,0.21126919987829373,0.3
1769796476.955498,-1.8776056666666667,-1.4618116666666665,6.028703723652338,0.3,-1.873035,-1.452875,6.031858,0.666667,1.0,6.690492,0.00894175,0.2027016043040231,0.3
1769796476.975674,-1.871791,-1.4617909999999998,6.050298914308429,0.3,-1.873035,-1.452875,6.031858,0.666667,1.0,6.690492,0.00892525,0.20887985341491358,0.3
1769796476.995992,-1.8659453333333333,-1.4617474166666664,6.028565057091961,0.3,-1.873035,-1.452875,6.031858,0.666667,1.0,6.690492,0.008881,0.20755687789058544,0.3
1769796477.016107,-1.8600750000000001,-1.4616783333333332,6.030926421598025,0.3,-1.873035,-1.452875,6.031858,0.666667,1.0,6.690492,0.008811000000000001,0.21551769135019805,0.3
1769796477.036224,-1.8541980000000002,-1.4615865833333332,6.0244509568566835,0.3,-1.873035,-1.452875,6.031858,0.666667,1.0,6.690492,0.008718,0.21315431439313468,0.3
1769796477.056486,-1.8483223333333332,-1.4614750833333332,6.033469054907461,0.3,-1.873035,-1.452875,6.031858,0.666667,1.0,6.690492,0.00860575,0.21360082157837923,0.3
1769796477.076693,-1.8424500000000001,-1.4613466666666666,6.027320744769059,0.3,-1.873035,-1.452875,6.031858,0.666667,1.0,6.690492,0.0084765,0.20642232132934765,0.3
1769796477.097031,-1.8365806666666666,-1.461226333333333,6.043562382182163,0.3,-1.873035,-1.452875,6.031858,0.666667,1.0,6.690492,0.00833275,0.21064355350480266,0.3
1769796477.118485,-1.8307136666666668,-1.4679994166666663,6.019954059739187,0.3,-1.873035,-1.452875,6.031858,0.666667,1.0,6.690492,0.00824475,0.2062160086075114,0.3
1769796477.137543,-1.8248490000000002,-1.4748464166666666,6.099944661765416,0.3,-1.781072,-1.473431,6.09469,0.666667,1.0,6.784724,0.00823975,0.20838451272676392,0.3
1769796477.157844,-1.8189863333333334,-1.4817748333333334,6.0997942386586015,0.3,-1.781072,-1.473431,6.09469,0.666667,1.0,6.784724,0.00831775,0.20366710555774506,0.3
1769796477.177899,-1.813127,-1.4819059999999997,6.0966497598695515,0.3,-1.781072,-1.473431,6.09469,0.666667,1.0,6.784724,0.008473999999999999,0.2083863824368649,0.3
1769796477.198176,-1.8072633333333332,-1.4820541666666667,6.090765384442039,0.3,-1.781072,-1.473431,6.09469,0.666667,1.0,6.784724,0.008633249999999999,0.21560930212686147,0.3
1769796477.218794,-1.801388,-1.4821811666666662,6.08199906471374,0.3,-1.781072,-1.473431,6.09469,0.666667,1.0,6.784724,0.00876225,0.21437388415651001,0.3
1769796477.238915,-1.795492333333333,-1.4822734999999998,6.103239103091885,0.3,-1.781072,-1.473431,6.09469,0.666667,1.0,6.784724,0.008855,0.21299546802059244,0.3
1769796477.259379,-1.7895770000000002,-1.48232925,6.0970800972640395,0.3,-1.781072,-1.473431,6.09469,0.666667,1.0,6.784724,0.008910250000000002,0.21459924821579493,0.3
1769796477.279416,-1.7836436666666666,-1.4823497499999998,6.077293610741268,0.3,-1.781072,-1.473431,6.09469,0.666667,1.0,6.784724,0.0089295,0.215129175620461,0.3
1769796477.300061,-1.7776953333333332,-1.4823380833333333,6.102773364081703,0.3,-1.781072,-1.473431,6.09469,0.666667,1.0,6.784724,0.0089165,0.21213484621162051,0.3
1769796477.319979,-1.7717396666666667,-1.4822980833333332,6.104749665482375,0.3,-1.781072,-1.473431,6.09469,0.666667,1.0,6.784724,0.008875250000000001,0.20394729237351839,0.3
1769796477.340078,-1.7657826666666665,-1.4822334166666664,6.101021095472453,0.3,-1.781072,-1.473431,6.09469,0.666667,1.0,6.784724,0.0088095,0.21124512282471056,0.3
1769796477.360544,-1.759831,-1.4821469166666665,6.079170164796299,0.3,-1.781072,-1.473431,6.09469,0.666667,1.0,6.784724,0.0087225,0.21006735876925317,0.3
1769796477.380649,-1.7538843333333334,-1.482041333333333,6.1067991615406525,0.3,-1.781072,-1.473431,6.09469,0.666667,1.0,6.784724,0.00861575,0.20777035454774048,0.3
1769796477.400969,-1.7479596666666668,-1.4819191666666665,6.106032861441643,0.3,-1.781072,-1.473431,6.09469,0.666667,1.0,6.784724,0.00849275,0.20205497349303947,0.3
1769796477.420926,-1.7420610000000003,-1.4818135000000001,6.0931652164103065,0.3,-1.781072,-1.473431,6.09469,0.666667,1.0,6.784724,0.008355999999999999,0.20205246889144535,0.3
1769796477.44135,-1.7361866666666668,-1.4866714166666666,6.105364809215187,0.3,-1.781072,-1.473431,6.09469,0.666667,1.0,6.784724,0.00829875,0.20775948298689143,0.3
1769796477.461704,-1.7303196666666665,-1.4916103333333333,6.150948155225543,0.3,-1.688,-1.488172,6.157522,0.666667,1.0,6.878956,0.0083255,0.20864149597807277,0.3
1769796477.481983,-1.724457,-1.4966286666666664,6.15456592118587,0.3,-1.688,-1.488172,6.157522,0.666667,1.0,6.878956,0.00843175,0.21256318425412243,0.3
1769796477.502598,-1.718605666666667,-1.4967764166666668,6.159224641020519,0.3,-1.688,-1.488172,6.157522,0.666667,1.0,6.878956,0.008612749999999999,0.2157353211188575,0.3
1769796477.522853,-1.7127576666666666,-1.49692925,6.144868010134726,0.3,-1.688,-1.488172,6.157522,0.666667,1.0,6.878956,0.00876875,0.2213076800705601,0.3
1769796477.543193,-1.7069029999999998,-1.4970499166666666,6.14155209932903,0.3,-1.688,-1.488172,6.157522,0.666667,1.0,6.878956,0.008890249999999999,0.22996196481648912,0.3
1769796477.563421,-1.7010293333333333,-1.4971341666666664,6.135370656358087,0.3,-1.688,-1.488172,6.157522,0.666667,1.0,6.878956,0.00897475,0.22449502199871785,0.3
1769796477.583878,-1.6951386666666668,-1.4971821666666667,6.163284268877566,0.3,-1.688,-1.488172,6.157522,0.666667,1.0,6.878956,0.0090215,0.21808456266985043,0.3
1769796477.603952,-1.6892323333333332,-1.497196,6.161223140167489,0.3,-1.688,-1.488172,6.157522,0.666667,1.0,6.878956,0.00903425,0.20851482671005836,0.3
1769796477.624004,-1.6833126666666667,-1.4971791666666665,6.1639013310253,0.3,-1.688,-1.488172,6.157522,0.666667,1.0,6.878956,0.00901625,0.20864954114079992,0.3
1769796477.644407,-1.6773813333333332,-1.4971349166666668,6.162244328731711,0.3,-1.688,-1.488172,6.157522,0.666667,1.0,6.878956,0.008971,0.2138834476608242,0.3
1769796477.664368,-1.6714396666666669,-1.4970664166666667,6.144187662377303,0.3,-1.688,-1.488172,6.157522,0.666667,1.0,6.878956,0.0089015,0.21379012950973356,0.3
1769796477.684914,-1.6654886666666666,-1.496976583333333,6.1633133346913525,0.3,-1.688,-1.488172,6.157522,0.666667,1.0,6.878956,0.008810750000000001,0.21301551089663104,0.3
1769796477.70491,-1.6595283333333333,-1.496868,6.161756216843128,0.3,-1.688,-1.488172,6.157522,0.666667,1.0,6.878956,0.0087015,0.21030959698007845,0.3
1769796477.725221,-1.6535609999999998,-1.4967449166666666,6.150312649993662,0.3,-1.688,-1.488172,6.157522,0.666667,1.0,6.878956,0.00857575,0.2115741207695265,0.3
1769796477.745657,-1.6475863333333336,-1.4995966666666665,6.156463178982645,0.3,-1.688,-1.488172,6.157522,0.666667,1.0,6.878956,0.0084415,0.21131971866124877,0.3
1769796477.765732,-1.6416069999999998,-1.5024988333333331,6.223048484667246,0.3,-1.594186,-1.49704,6.220353,0.666667,1.0,6.973189,0.00838875,0.20950972595245934,0.3
1769796477.786023,-1.635622,-1.5054790833333331,6.217266618111891,0.3,-1.594186,-1.49704,6.220353,0.666667,1.0,6.973189,0.00841425,0.20682262612510616,0.3
1769796477.806238,-1.6296549999999999,-1.5055744999999998,6.227493681280175,0.3,-1.594186,-1.49704,6.220353,0.666667,1.0,6.973189,0.00851425,0.21117060048360026,0.3
1769796477.826812,-1.6236993333333334,-1.5057029999999998,6.2132700641600795,0.3,-1.594186,-1.49704,6.220353,0.666667,1.0,6.973189,0.008675,0.21055722047139716,0.3
1769796477.846985,-1.617724,-1.5058270833333331,6.222048187655935,0.3,-1.594186,-1.49704,6.220353,0.666667,1.0,6.973189,0.00879975,0.21124797324358846,0.3
1769796477.867238,-1.6116986666666666,-1.5059137499999997,6.228002049044884,0.3,-1.594186,-1.49704,6.220353,0.666667,1.0,6.973189,0.0088865,0.20816622973987906,0.3
1769796477.888106,-1.6056346666666668,-1.5059635,6.224182092433529,0.3,-1.594186,-1.49704,6.220353,0.666667,1.0,6.973189,0.008935,0.20856328455865603,0.3
1769796477.907885,-1.5995683333333333,-1.5059793333333331,6.220722187722103,0.3,-1.594186,-1.49704,6.220353,0.666667,1.0,6.973189,0.008949,0.20504729571614744,0.3
1769796477.927893,-1.5935106666666667,-1.5059654999999996,6.238498644243075,0.3,-1.594186,-1.49704,6.220353,0.666667,1.0,6.973189,0.008934,0.20474098957694484,0.3
1769796477.947956,-1.5874623333333335,-1.5059259166666665,6.223649257819817,0.3,-1.594186,-1.49704,6.220353,0.666667,1.0,6.973189,0.008893499999999999,0.20552500197506363,0.3
1769796477.968606,-1.5814213333333331,-1.5058635833333331,6.2190835515603915,0.3,-1.594186,-1.49704,6.220353,0.666667,1.0,6.973189,0.00883025,0.21673727338096302,0.3
1769796477.989124,-1.5753913333333334,-1.5057807499999998,6.204432327593873,0.3,-1.594186,-1.49704,6.220353,0.666667,1.0,6.973189,0.008747,0.22457838877112257,0.3
1769796478.009048,-1.5693659999999998,-1.5056795833333332,6.198245884537656,0.3,-1.594186,-1.49704,6.220353,0.666667,1.0,6.973189,0.008645,0.22420264115989483,0.3
1769796478.029532,-1.5633483333333336,-1.505562,6.217748894045996,0.3,-1.594186,-1.49704,6.220353,0.666667,1.0,6.973189,0.00852675,0.22462496269760057,0.3
1769796478.049717,-1.5573343333333334,-1.505441,6.200121324963235,0.3,-1.594186,-1.49704,6.220353,0.666667,1.0,6.973189,0.008394249999999999,0.21766756747866758,0.3
1769796478.069858,-1.551327,-1.5063363333333333,6.216815178115084,0.3,-1.594186,-1.49704,6.220353,0.666667,1.0,6.973189,0.008282000000000001,0.21766748910264888,0.3
1769796478.089901,-1.5453243333333333,-1.50729175,6.277954952846842,0.3,-1.5,-1.5,6.283185,0.666667,1.0,7.067421,0.00825275,0.2172325262693193,0.3
1769796478.10995,-1.539332,-1.5083236666666666,6.263423894819471,0.3,-1.5,-1.5,6.283185,0.666667,1.0,7.067421,0.008300499999999999,0.2123445664673547,0.3
1769796478.130175,-1.5333463333333335,-1.5084275833333332,6.2956349698461604,0.3,-1.5,-1.5,6.283185,0.666667,1.0,7.067421,0.00841775,0.2099834977959141,0.3
1769796478.150799,-1.5273583333333332,-1.5085519166666668,6.288398022431953,0.3,-1.5,-1.5,6.283185,0.666667,1.0,7.067421,0.0085645,0.20115271534702583,0.3
1769796478.170781,-1.5213583333333334,-1.5086614999999999,6.292575042143051,0.3,-1.5,-1.5,6.283185,0.666667,1.0,7.067421,0.0086735,0.20915369848849608,0.3
1769796478.191126,-1.5153536666666667,-1.5087356666666665,6.2741112513093045,0.3,-1.5,-1.5,6.283185,0.666667,1.0,7.067421,0.0087465,0.21115390006754323,0.3
1769796478.211341,-1.5093526666666666,-1.5087774166666668,6.283363969198527,0.3,-1.5,-1.5,6.283185,0.666667,1.0,7.067421,0.008787,0.21377627095178808,0.3
1769796478.231805,-1.5033613333333333,-1.5087900833333334,6.286489040008904,0.3,-1.5,-1.5,6.283185,0.666667,1.0,7.067421,0.00879875,0.21374432046253478,0.3
1769796478.252277,-1.4973776666666667,-1.5087766666666667,6.274854975650001,0.3,-1.5,-1.5,6.283185,0.666667,1.0,7.067421,0.0087845,0.21209921741851187,0.3
1769796478.272597,-1.4914023333333333,-1.5087396666666664,6.288292134128696,0.3,-1.5,-1.5,6.283185,0.666667,1.0,7.067421,0.00874675,0.2147507360033485,0.3
1769796478.292735,-1.4854343333333333,-1.5086813333333333,6.277310074308558,0.3,-1.5,-1.5,6.283185,0.666667,1.0,7.067421,0.008687750000000001,0.21077343516455552,0.3
1769796478.312861,-1.4794729999999998,-1.5086039166666663,6.285028006909186,0.3,-1.5,-1.5,6.283185,0.666667,1.0,7.067421,0.0086095,0.21441027550166372,0.3
1769796478.333226,-1.4735173333333333,-1.5085094166666664,6.275802144933822,0.3,-1.5,-1.5,6.283185,0.666667,1.0,7.067421,0.0085145,0.2141043186774473,0.3
1769796478.353653,-1.4675666666666667,-1.50839975,6.276631600146743,0.3,-1.5,-1.5,6.283185,0.666667,1.0,7.067421,0.00840425,0.21687519300538025,0.3
1769796478.373629,-1.4616193333333332,-1.5082915833333332,6.274083906804526,0.3,-1.5,-1.5,6.283185,0.666667,1.0,7.067421,0.0082805,0.21217207592912732,0.3
1769796478.393739,-1.4556753333333334,-1.5072305833333333,6.28712351531051,0.3,-1.5,-1.5,6.283185,0.666667,1.0,7.067421,0.00819,0.2126954103615465,0.3
1769796478.414022,-1.4497353333333336,-1.5062188333333333,6.33603072619177,0.3,-1.405814,-1.49704,6.346017,0.666667,1.0,7.161653,0.00818125,0.2147084123959303,0.3
1769796478.4345,-1.4457769999999999,-1.5052711666666667,6.331132646403687,0.3,-1.405814,-1.49704,6.346017,0.666667,1.0,7.161653,0.00820525,0.22204682121491412,0.3
1769796478.4345,-1.4418333333333333,-1.5053552499999998,6.329429839519716,0.3,-1.405814,-1.49704,6.346017,0.666667,1.0,7.161653,0.008307,0.22121331112022358,0.3
1769796478.456297,-1.4379043333333332,-1.5054635,6.342930436524772,0.3,-1.405814,-1.49704,6.346017,0.666667,1.0,7.161653,0.0084335,0.2146949664561931,0.3
1769796478.475668,-1.4320076666666666,-1.5055744166666665,6.351611711996302,0.3,-1.405814,-1.49704,6.346017,0.666667,1.0,7.161653,0.008530000000000001,0.2015552075144751,0.3
1769796478.495861,-1.4261056666666667,-1.5056674999999997,6.371066862171056,0.3,-1.405814,-1.49704,6.346017,0.666667,1.0,7.161653,0.00863975,0.20530983902499958,0.3
1769796478.516293,-1.4201913333333334,-1.5057414166666667,6.331642024044996,0.3,-1.405814,-1.49704,6.346017,0.666667,1.0,7.161653,0.00871275,0.21354156624343934,0.3
1769796478.536447,-1.4142643333333333,-1.5057815,6.329619720437638,0.3,-1.405814,-1.49704,6.346017,0.666667,1.0,7.161653,0.008751749999999999,0.2218955141104055,0.3
1769796478.556973,-1.4083253333333332,-1.5057907499999998,6.3472120701350745,0.3,-1.405814,-1.49704,6.346017,0.666667,1.0,7.161653,0.00876,0.21397275502731725,0.3
1769796478.576663,-1.4023763333333334,-1.5057720833333332,6.354186669975579,0.3,-1.405814,-1.49704,6.346017,0.666667,1.0,7.161653,0.0087405,0.21147778660746294,0.3
1769796478.596691,-1.3964193333333335,-1.5057281666666664,6.336285791453204,0.3,-1.405814,-1.49704,6.346017,0.666667,1.0,7.161653,0.00869575,0.21163058165481952,0.3
1769796478.616799,-1.390455,-1.5056614166666664,6.3449384945117036,0.3,-1.405814,-1.49704,6.346017,0.666667,1.0,7.161653,0.00862825,0.21379680043296823,0.3
1769796478.637033,-1.3844783333333333,-1.5055740833333333,6.346918990407385,0.3,-1.405814,-1.49704,6.346017,0.666667,1.0,7.161653,0.008540250000000001,0.20818098812937788,0.3
1769796478.657392,-1.3784880000000002,-1.5054681666666665,6.351470227663248,0.3,-1.405814,-1.49704,6.346017,0.666667,1.0,7.161653,0.00843375,0.20632714938212252,0.3
1769796478.677711,-1.3724883333333333,-1.5053455833333331,6.3482061011136315,0.3,-1.405814,-1.49704,6.346017,0.666667,1.0,7.161653,0.0083105,0.19850962677272088,0.3
1769796478.697875,-1.3664890000000003,-1.5052266666666665,6.367342377384904,0.3,-1.405814,-1.49704,6.346017,0.666667,1.0,7.161653,0.008172500000000001,0.19959867019950794,0.3
1769796478.718235,-1.3604960000000001,-1.5021886666666664,6.345502747658918,0.3,-1.405814,-1.49704,6.346017,0.666667,1.0,7.161653,0.008077,0.20248767492449973,0.3
1769796478.738786,-1.3545086666666666,-1.4992202499999998,6.400940996365318,0.3,-1.312,-1.488172,6.408849,0.666667,1.0,7.255885,0.0080645,0.20911476859134737,0.3
1769796478.758997,-1.3485276666666666,-1.4963327499999999,6.410155517653338,0.3,-1.312,-1.488172,6.408849,0.666667,1.0,7.255885,0.00813525,0.20973416110553467,0.3
1769796478.779313,-1.34255,-1.4964592499999998,6.408040729468624,0.3,-1.312,-1.488172,6.408849,0.666667,1.0,7.255885,0.0082825,0.21430284375054834,0.3
1769796478.799609,-1.3365433333333332,-1.4966053333333331,6.3897338248459405,0.3,-1.312,-1.488172,6.408849,0.666667,1.0,7.255885,0.008444,0.21528193967264228,0.3
1769796478.820059,-1.3305093333333333,-1.496733,6.410374228243675,0.3,-1.312,-1.488172,6.408849,0.666667,1.0,7.255885,0.0085735,0.21592581863950677,0.3
1769796478.839931,-1.324462,-1.49682575,6.407770291472706,0.3,-1.312,-1.488172,6.408849,0.666667,1.0,7.255885,0.0086655,0.20680696652398342,0.3
1769796478.860385,-1.3184396666666667,-1.4968832499999998,6.419156936669806,0.3,-1.312,-1.488172,6.408849,0.666667,1.0,7.255885,0.00872225,0.2170181326873227,0.3
1769796478.880653,-1.3124363333333333,-1.4969081666666666,6.381079236100037,0.3,-1.312,-1.488172,6.408849,0.666667,1.0,7.255885,0.008746,0.21633136363594482,0.3
1769796478.900705,-1.3064376666666666,-1.4969035833333333,6.410926195092937,0.3,-1.312,-1.488172,6.408849,0.666667,1.0,7.255885,0.00874025,0.22046494416959375,0.3
1769796478.920999,-1.3004386666666665,-1.4968726666666665,6.4064119522547305,0.3,-1.312,-1.488172,6.408849,0.666667,1.0,7.255885,0.0087085,0.20896933875077436,0.3
1769796478.941081,-1.2944446666666665,-1.4968181666666667,6.414515892430674,0.3,-1.312,-1.488172,6.408849,0.666667,1.0,7.255885,0.008653250000000001,0.21240377160432788,0.3
1769796478.961558,-1.2884623333333334,-1.4967424166666667,6.400108787484146,0.3,-1.312,-1.488172,6.408849,0.666667,1.0,7.255885,0.008576750000000001,0.20916733641344498,0.3
1769796478.982048,-1.2825119999999999,-1.4966475833333333,6.414863730097941,0.3,-1.312,-1.488172,6.408849,0.666667,1.0,7.255885,0.00848125,0.20811646128604244,0.3
1769796479.002294,-1.276592,-1.4965356666666665,6.416268274560562,0.3,-1.312,-1.488172,6.408849,0.666667,1.0,7.255885,0.008368750000000001,0.20866919950130206,0.3
1769796479.022873,-1.2706986666666664,-1.49643525,6.396506975017718,0.3,-1.312,-1.488172,6.408849,0.666667,1.0,7.255885,0.008241,0.21115147653249888,0.3
1769796479.043009,-1.2648106666666667,-1.4914655833333332,6.404994554181915,0.3,-1.312,-1.488172,6.408849,0.666667,1.0,7.255885,0.00818,0.2116743151114442,0.3
1769796479.062701,-1.2589266666666667,-1.4865714166666668,6.47546816018887,0.3,-1.218928,-1.473431,6.471681,0.666667,1.0,7.350118,0.00820075,0.20116121523615327,0.3
1769796479.082749,-1.2530523333333332,-1.4817548333333332,6.490552546641381,0.3,-1.218928,-1.473431,6.471681,0.666667,1.0,7.350118,0.0082995,0.20151904356418962,0.3
1769796479.103276,-1.2471603333333332,-1.4818974166666665,6.469662356536958,0.3,-1.218928,-1.473431,6.471681,0.666667,1.0,7.350118,0.00847125,0.20574334798079663,0.3
1769796479.125217,-1.2412446666666668,-1.4820476666666664,6.469109506623398,0.3,-1.218928,-1.473431,6.471681,0.666667,1.0,7.350118,0.008628499999999999,0.21833312085288484,0.3
1769796479.143768,-1.235305,-1.4821689999999998,6.4531505114808505,0.3,-1.218928,-1.473431,6.471681,0.666667,1.0,7.350118,0.00875025,0.22053221202381065,0.3
1769796479.16406,-1.2293726666666667,-1.4822544166666667,6.464946514985167,0.3,-1.218928,-1.473431,6.471681,0.666667,1.0,7.350118,0.00883525,0.21901708612035553,0.3
1769796479.184431,-1.2234619999999998,-1.482305,6.473205195095466,0.3,-1.218928,-1.473431,6.471681,0.666667,1.0,7.350118,0.00888475,0.21247053678171457,0.3
1769796479.204929,-1.2175683333333334,-1.4823234999999997,6.477450595010001,0.3,-1.218928,-1.473431,6.471681,0.666667,1.0,7.350118,0.008902,0.21575939553587167,0.3
1769796479.224998,-1.21169,-1.4823132499999998,6.455325655806982,0.3,-1.218928,-1.473431,6.471681,0.666667,1.0,7.350118,0.00889075,0.21312398703137317,0.3
1769796479.245473,-1.2058216666666668,-1.4822772499999999,6.481221466457789,0.3,-1.218928,-1.473431,6.471681,0.666667,1.0,7.350118,0.008854,0.22213907125031518,0.3
1769796479.265936,-1.1999586666666666,-1.4822181666666665,6.4496252354130235,0.3,-1.218928,-1.473431,6.471681,0.666667,1.0,7.350118,0.008794,0.21957210664590945,0.3
1769796479.28642,-1.1940963333333334,-1.4821383333333333,6.462378253512539,0.3,-1.218928,-1.473431,6.471681,0.666667,1.0,7.350118,0.0087135,0.21970478312393174,0.3
1769796479.306757,-1.1882313333333334,-1.4820399166666665,6.478744108928074,0.3,-1.218928,-1.473431,6.471681,0.666667,1.0,7.350118,0.0086145,0.2119051530294261,0.3
1769796479.326936,-1.1823663333333332,-1.4819257499999996,6.470240924012467,0.3,-1.218928,-1.473431,6.471681,0.666667,1.0,7.350118,0.008498750000000001,0.20993193062550453,0.3
1769796479.346909,-1.1765023333333333,-1.4749769166666666,6.464871197356455,0.3,-1.218928,-1.473431,6.471681,0.666667,1.0,7.350118,0.008371,0.20865556131589036,0.3
1769796479.36727,-1.170638,-1.4680769166666663,6.543219464681741,0.3,-1.126965,-1.452875,6.534513,0.666667,1.0,7.44435,0.008324,0.20988848778095093,0.3
1769796479.387759,-1.1647773333333333,-1.4612540833333332,6.528720922836747,0.3,-1.126965,-1.452875,6.534513,0.666667,1.0,7.44435,0.00835475,0.2062537976394299,0.3
1769796479.407773,-1.1589156666666667,-1.4613549166666668,6.539322441660017,0.3,-1.126965,-1.452875,6.534513,0.666667,1.0,7.44435,0.008458499999999999,0.20242942575430112,0.3
1769796479.427875,-1.153032,-1.4614900833333333,6.556453449579004,0.3,-1.126965,-1.452875,6.534513,0.666667,1.0,7.44435,0.008626499999999999,0.199303113519577,0.3
1769796479.448291,-1.1471273333333334,-1.461623333333333,6.540560337197711,0.3,-1.126965,-1.452875,6.534513,0.666667,1.0,7.44435,0.00876025,0.20351232580144418,0.3
1769796479.468416,-1.1412126666666667,-1.4617214166666666,6.529373890013261,0.3,-1.126965,-1.452875,6.534513,0.666667,1.0,7.44435,0.00885825,0.21209202062007979,0.3
1769796479.48893,-1.1353153333333335,-1.4617843333333331,6.533271694040668,0.3,-1.126965,-1.452875,6.534513,0.666667,1.0,7.44435,0.008920750000000002,0.2163961873734709,0.3
1769796479.508893,-1.1294356666666667,-1.46181375,6.52846482960449,0.3,-1.126965,-1.452875,6.534513,0.666667,1.0,7.44435,0.008949,0.2064786312937065,0.3
1769796479.528914,-1.1235733333333333,-1.4618124166666666,6.559773745692204,0.3,-1.126965,-1.452875,6.534513,0.666667,1.0,7.44435,0.0089465,0.21202103861950825,0.3
1769796479.54938,-1.1177270000000001,-1.4617835833333332,6.516706119077536,0.3,-1.126965,-1.452875,6.534513,0.666667,1.0,7.44435,0.008916750000000001,0.21080374833918636,0.3
1769796479.569689,-1.1118946666666665,-1.4617304166666665,6.532201879795038,0.3,-1.126965,-1.452875,6.534513,0.666667,1.0,7.44435,0.0088625,0.22111871310050377,0.3
1769796479.590232,-1.106073,-1.46165575,6.528624619412635,0.3,-1.126965,-1.452875,6.534513,0.666667,1.0,7.44435,0.008787,0.21669594833056918,0.3
1769796479.610371,-1.100261,-1.4615621666666667,6.527861095266094,0.3,-1.126965,-1.452875,6.534513,0.666667,1.0,7.44435,0.00869275,0.2161512466659147,0.3
1769796479.630774,-1.0944573333333334,-1.4614518333333333,6.531959242054882,0.3,-1.126965,-1.452875,6.534513,0.666667,1.0,7.44435,0.00858175,0.20766696419080408,0.3
1769796479.651018,-1.088662,-1.4613371666666666,6.551186327603797,0.3,-1.126965,-1.452875,6.534513,0.666667,1.0,7.44435,0.008456,0.20428980766048846,0.3
1769796479.671209,-1.0828736666666667,-1.4524876666666664,6.535570737175535,0.3,-1.126965,-1.452875,6.534513,0.666667,1.0,7.44435,0.00834875,0.21309384835843212,0.3
1769796479.691325,-1.0770933333333335,-1.443696583333333,6.5660546452742485,0.3,-1.036475,-1.426585,6.597345,0.666667,1.0,7.538582,0.00832325,0.22247149166650185,0.3
1769796479.711709,-1.071326,-1.4349808333333332,6.585546538734584,0.3,-1.036475,-1.426585,6.597345,0.666667,1.0,7.538582,0.00837275,0.22507339743113206,0.3
1769796479.731765,-1.065561,-1.43508675,6.591575263335838,0.3,-1.036475,-1.426585,6.597345,0.666667,1.0,7.538582,0.008491499999999999,0.20635692682917608,0.3
1769796479.751827,-1.0597933333333334,-1.4352133333333335,6.624387448911842,0.3,-1.036475,-1.426585,6.597345,0.666667,1.0,7.538582,0.008641,0.20816741018303797,0.3
1769796479.772077,-1.0540273333333332,-1.4353253333333331,6.582533655236577,0.3,-1.036475,-1.426585,6.597345,0.666667,1.0,7.538582,0.0087525,0.21011485039113842,0.3
1769796479.793409,-1.04828,-1.4354009166666666,6.590121832831957,0.3,-1.036475,-1.426585,6.597345,0.666667,1.0,7.538582,0.0088275,0.2170986573773431,0.3
1769796479.812496,-1.042557666666667,-1.4354421666666664,6.603611723496667,0.3,-1.036475,-1.426585,6.597345,0.666667,1.0,7.538582,0.00886775,0.21314086033237245,0.3
1769796479.832808,-1.0368533333333334,-1.4354518333333333,6.595689850484034,0.3,-1.036475,-1.426585,6.597345,0.666667,1.0,7.538582,0.00887625,0.2060718791385284,0.3
1769796479.852921,-1.0311636666666666,-1.43543325,6.609760310871798,0.3,-1.036475,-1.426585,6.597345,0.666667,1.0,7.538582,0.0088565,0.20227393294253945,0.3
1769796479.873523,-1.0254873333333334,-1.4353895833333332,6.617229176222043,0.3,-1.036475,-1.426585,6.597345,0.666667,1.0,7.538582,0.008812,0.20292450418531296,0.3
1769796479.89445,-1.0198223333333334,-1.4353235833333333,6.593828424726393,0.3,-1.036475,-1.426585,6.597345,0.666667,1.0,7.538582,0.00874525,0.20543551495209175,0.3
1769796479.913754,-1.0141666666666669,-1.4352376666666666,6.599493972496038,0.3,-1.036475,-1.426585,6.597345,0.666667,1.0,7.538582,0.0086585,0.2116560135285095,0.3
1769796479.933926,-1.0085196666666667,-1.435134,6.5959884597869785,0.3,-1.036475,-1.426585,6.597345,0.666667,1.0,7.538582,0.00855425,0.20590641701890053,0.3
1769796479.954539,-1.0028806666666668,-1.4350273333333332,6.608279901463897,0.3,-1.036475,-1.426585,6.597345,0.666667,1.0,7.538582,0.00843425,0.2095317817301573,0.3
1769796479.974658,-0.9991239999999998,-1.4349231666666666,6.587606428629289,0.3,-1.036475,-1.426585,6.597345,0.666667,1.0,7.538582,0.0083385,0.20952978529249666,0.3
1769796479.974658,-0.9934973333333333,-1.4242139166666667,6.593605477425921,0.3,-1.036475,-1.426585,6.597345,0.666667,1.0,7.538582,0.00824175,0.2114225657281195,0.3
1769796480.014915,-0.9878756666666666,-1.41354325,6.663145796685406,0.3,-0.947813,-1.394665,6.660176,0.666667,1.0,7.632814,0.0082265,0.21112793312362235,0.3
1769796480.035013,-0.9822540000000001,-1.4029250833333335,6.6506155190915,0.3,-0.947813,-1.394665,6.660176,0.666667,1.0,7.632814,0.0082465,0.21049543823116826,0.3
1769796480.035013,-0.9785159999999999,-1.4029930000000002,6.6588113079705025,0.3,-0.947813,-1.394665,6.660176,0.666667,1.0,7.632814,0.00830725,0.2068188488101266,0.3
1769796480.055679,-0.9747813333333334,-1.4030864166666666,6.676578278854882,0.3,-0.947813,-1.394665,6.660176,0.666667,1.0,7.632814,0.00843025,0.20087613516104239,0.3
1769796480.075652,-0.9691766666666667,-1.403196583333333,6.670278432878001,0.3,-0.947813,-1.394665,6.660176,0.666667,1.0,7.632814,0.00852675,0.19861871744885826,0.3
1769796480.095868,-0.963568,-1.4032911666666665,6.668077352197552,0.3,-0.947813,-1.394665,6.660176,0.666667,1.0,7.632814,0.00863775,0.20589758187769436,0.3
1769796480.116311,-0.9579616666666667,-1.4033678333333333,6.656264622200277,0.3,-0.947813,-1.394665,6.660176,0.666667,1.0,7.632814,0.008714,0.21051220065482432,0.3
1769796480.136669,-0.9523643333333333,-1.4034120833333334,6.658590952738108,0.3,-0.947813,-1.394665,6.660176,0.666667,1.0,7.632814,0.00875675,0.2097809910742926,0.3
1769796480.157087,-0.9467676666666667,-1.4034266666666666,6.6715474874312966,0.3,-0.947813,-1.394665,6.660176,0.666667,1.0,7.632814,0.0087705,0.21012979964571757,0.3
1769796480.176826,-0.9411696666666667,-1.4034148333333334,6.654244558191894,0.3,-0.947813,-1.394665,6.660176,0.666667,1.0,7.632814,0.00875775,0.2120233609490033,0.3
1769796480.197098,-0.9355700000000001,-1.40337875,6.652332575129735,0.3,-0.947813,-1.394665,6.660176,0.666667,1.0,7.632814,0.00872125,0.22284243159764916,0.3
1769796480.217069,-0.9299816666666666,-1.4033199166666668,6.637382840446736,0.3,-0.947813,-1.394665,6.660176,0.666667,1.0,7.632814,0.00866225,0.22071451497017644,0.3
1769796480.237561,-0.924407,-1.4032394999999998,6.660564514934312,0.3,-0.947813,-1.394665,6.660176,0.666667,1.0,7.632814,0.008581249999999999,0.2182073265854474,0.3
1769796480.257973,-0.9188446666666666,-1.4031388333333332,6.658355478877339,0.3,-0.947813,-1.394665,6.660176,0.666667,1.0,7.632814,0.00848,0.21014882933992815,0.3
1769796480.277771,-0.913293,-1.4030199166666666,6.6591202588968565,0.3,-0.947813,-1.394665,6.660176,0.666667,1.0,7.632814,0.00836025,0.20715929231843697,0.3
1769796480.297933,-0.9077506666666667,-1.40290825,6.666411663312937,0.3,-0.947813,-1.394665,6.660176,0.666667,1.0,7.632814,0.0082245,0.20971974434338939,0.3
1769796480.318172,-0.9022166666666668,-1.3903625833333333,6.647947215075618,0.3,-0.947813,-1.394665,6.660176,0.666667,1.0,7.632814,0.008145,0.21109695110182028,0.3
1769796480.338929,-0.8966903333333333,-1.3778904166666666,6.717733077991333,0.3,-0.861331,-1.357241,6.723008,0.666667,1.0,7.727047,0.00814725,0.2134027417776052,0.3
1769796480.359178,-0.8911720000000001,-1.3654996666666666,6.722567177460056,0.3,-0.861331,-1.357241,6.723008,0.666667,1.0,7.727047,0.008232,0.21258243799319657,0.3
1769796480.379541,-0.8856676666666666,-1.3656374166666667,6.715380008986739,0.3,-0.861331,-1.357241,6.723008,0.666667,1.0,7.727047,0.00839675,0.21442398860520484,0.3
1769796480.399707,-0.8801983333333334,-1.3657905833333333,6.714565874398083,0.3,-0.861331,-1.357241,6.723008,0.666667,1.0,7.727047,0.0085605,0.21310158864806036,0.3
1769796480.419771,-0.8747723333333334,-1.3659199166666667,6.730099798545234,0.3,-0.861331,-1.357241,6.723008,0.666667,1.0,7.727047,0.0086915,0.21223365921240844,0.3
1769796480.440463,-0.8693806666666667,-1.3660124999999999,6.721932348807898,0.3,-0.861331,-1.357241,6.723008,0.666667,1.0,7.727047,0.008784750000000001,0.21577957274998552,0.3
1769796480.461724,-0.864,-1.3660682499999997,6.7080613575117765,0.3,-0.861331,-1.357241,6.723008,0.666667,1.0,7.727047,0.008838249999999999,0.21523048942729142,0.3
1769796480.481266,-0.85862,-1.3660901666666667,6.732068213010347,0.3,-0.861331,-1.357241,6.723008,0.666667,1.0,7.727047,0.008858749999999999,0.21400793821470787,0.3
1769796480.501619,-0.8532416666666668,-1.3660829999999997,6.725331186418122,0.3,-0.861331,-1.357241,6.723008,0.666667,1.0,7.727047,0.0088505,0.21136622078771664,0.3
1769796480.521746,-0.8478586666666668,-1.3660498333333333,6.713841726607816,0.3,-0.861331,-1.357241,6.723008,0.666667,1.0,7.727047,0.00881675,0.2172570887280564,0.3
1769796480.541951,-0.8424726666666666,-1.3659935833333332,6.71447294164943,0.3,-0.861331,-1.357241,6.723008,0.666667,1.0,7.727047,0.00875925,0.21317083039822018,0.3
1769796480.562255,-0.8370876666666667,-1.3659162499999997,6.736006748100022,0.3,-0.861331,-1.357241,6.723008,0.666667,1.0,7.727047,0.00868175,0.21230923359092416,0.3
1769796480.582573,-0.831719,-1.365819583333333,6.714854357544114,0.3,-0.861331,-1.357241,6.723008,0.666667,1.0,7.727047,0.00858475,0.2164392184101727,0.3
1769796480.602796,-0.826368,-1.365705,6.700078951980086,0.3,-0.861331,-1.357241,6.723008,0.666667,1.0,7.727047,0.00846925,0.21795046557801326,0.3
1769796480.623007,-0.8210323333333333,-1.3656009166666665,6.7289152847439855,0.3,-0.861331,-1.357241,6.723008,0.666667,1.0,7.727047,0.008338,0.2153760174217986,0.3
1769796480.643306,-0.8157053333333333,-1.3512795833333329,6.720330070557078,0.3,-0.861331,-1.357241,6.723008,0.666667,1.0,7.727047,0.008272499999999999,0.21150294472854078,0.3
1769796480.663855,-0.8103803333333334,-1.3370317500000002,6.77368712530845,0.3,-0.777369,-1.31446,6.78584,0.666667,1.0,7.821279,0.008286249999999998,0.21454612579124413,0.3
1769796480.683813,-0.8050623333333333,-1.3228610833333334,6.782435506001684,0.3,-0.777369,-1.31446,6.78584,0.666667,1.0,7.821279,0.008375500000000001,0.21244476054254494,0.3
1769796480.70396,-0.7997310000000001,-1.322997,6.791217241007189,0.3,-0.777369,-1.31446,6.78584,0.666667,1.0,7.821279,0.0085415,0.20827269181575545,0.3
1769796480.724498,-0.794398,-1.3231433333333333,6.788877508606805,0.3,-0.777369,-1.31446,6.78584,0.666667,1.0,7.821279,0.008694,0.208298702688232,0.3
1769796480.74475,-0.7890646666666666,-1.3232634999999997,6.785840733890188,0.3,-0.777369,-1.31446,6.78584,0.666667,1.0,7.821279,0.0088145,0.21126018515541664,0.3
1769796480.764675,-0.7837563333333334,-1.3233489166666665,6.784385058227385,0.3,-0.777369,-1.31446,6.78584,0.666667,1.0,7.821279,0.008902,0.20674379602809126,0.3
1769796480.784755,-0.778471,-1.3233985,6.80371170201336,0.3,-0.777369,-1.31446,6.78584,0.666667,1.0,7.821279,0.00895025,0.2099284329393083,0.3
1769796480.805254,-0.7732063333333334,-1.323413,6.777911312389356,0.3,-0.777369,-1.31446,6.78584,0.666667,1.0,7.821279,0.008963249999999999,0.212448913222938,0.3
1769796480.826028,-0.7679603333333334,-1.3233961666666667,6.778634278959613,0.3,-0.777369,-1.31446,6.78584,0.666667,1.0,7.821279,0.0089455,0.217768926293427,0.3
1769796480.846306,-0.7627306666666667,-1.3233513333333333,6.787785197684981,0.3,-0.777369,-1.31446,6.78584,0.666667,1.0,7.821279,0.00889975,0.21319775626816242,0.3
1769796480.866755,-0.757515,-1.3232816666666665,6.79059448220746,0.3,-0.777369,-1.31446,6.78584,0.666667,1.0,7.821279,0.00882875,0.20748196134377195,0.3
1769796480.886755,-0.7523070000000001,-1.32319025,6.793003109432344,0.3,-0.777369,-1.31446,6.78584,0.666667,1.0,7.821279,0.008736500000000001,0.20401289304661993,0.3
1769796480.907249,-0.7471010000000001,-1.3230800833333332,6.796431385732223,0.3,-0.777369,-1.31446,6.78584,0.666667,1.0,7.821279,0.0086255,0.20294479365180598,0.3
1769796480.927517,-0.7418953333333334,-1.3229561666666665,6.790902015069135,0.3,-0.777369,-1.31446,6.78584,0.666667,1.0,7.821279,0.008498249999999999,0.20501646696222528,0.3
1769796480.947725,-0.7366916666666667,-1.3068628333333334,6.784203603327181,0.3,-0.777369,-1.31446,6.78584,0.666667,1.0,7.821279,0.00836475,0.20864001515924166,0.3
1769796480.967805,-0.731491,-1.2908259999999998,6.845323406878471,0.3,-0.69626,-1.266492,6.848672,0.666667,1.0,7.915511,0.0083135,0.21215555560203794,0.3
1769796480.988364,-0.726286,-1.2748696666666666,6.842510633508148,0.3,-0.69626,-1.266492,6.848672,0.666667,1.0,7.915511,0.008355749999999999,0.21412741364422724,0.3
1769796481.008873,-0.721084,-1.2749757499999999,6.842278562412158,0.3,-0.69626,-1.266492,6.848672,0.666667,1.0,7.915511,0.008463749999999999,0.21350417809935993,0.3
1769796481.029024,-0.715884,-1.275113,6.849398705790737,0.3,-0.69626,-1.266492,6.848672,0.666667,1.0,7.915511,0.00863175,0.21485021923153244,0.3
1769796481.049039,-0.7106976666666668,-1.2752431666666666,6.840421487565721,0.3,-0.69626,-1.266492,6.848672,0.666667,1.0,7.915511,0.008767500000000001,0.21407779139609603,0.3
1769796481.069418,-0.7055253333333332,-1.2753381666666666,6.847069052721351,0.3,-0.69626,-1.266492,6.848672,0.666667,1.0,7.915511,0.008854250000000001,0.21244030342569564,0.3
1769796481.089914,-0.7003783333333334,-1.275399,6.857029546153833,0.3,-0.69626,-1.266492,6.848672,0.666667,1.0,7.915511,0.008916750000000001,0.21249873726410753,0.3
1769796481.110036,-0.6952579999999999,-1.2754324166666666,6.841955874838643,0.3,-0.69626,-1.266492,6.848672,0.666667,1.0,7.915511,0.00895,0.21535745352456714,0.3
1769796481.130904,-0.6901623333333333,-1.275438,6.8402613287815965,0.3,-0.69626,-1.266492,6.848672,0.666667,1.0,7.915511,0.0089545,0.21854622796204884,0.3
1769796481.150822,-0.6850863333333334,-1.2754174166666665,6.846847897442748,0.3,-0.69626,-1.266492,6.848672,0.666667,1.0,7.915511,0.0089335,0.2192726663086979,0.3
1769796481.17088,-0.6800269999999999,-1.2753725833333334,6.839324077066881,0.3,-0.69626,-1.266492,6.848672,0.666667,1.0,7.915511,0.00888825,0.21874315682220258,0.3
1769796481.191118,-0.6749823333333334,-1.2753051666666666,6.839879193493184,0.3,-0.69626,-1.266492,6.848672,0.666667,1.0,7.915511,0.00882,0.21775290468191175,0.3
1769796481.211583,-0.6699509999999999,-1.2752171666666665,6.849255734049038,0.3,-0.69626,-1.266492,6.848672,0.666667,1.0,7.915511,0.00873125,0.21308361844437118,0.3
1769796481.231908,-0.664932,-1.2751107499999998,6.851841645012421,0.3,-0.69626,-1.266492,6.848672,0.666667,1.0,7.915511,0.00862425,0.2106297097772463,0.3
1769796481.251943,-0.6599246666666666,-1.2750000833333333,6.844585649477646,0.3,-0.69626,-1.266492,6.848672,0.666667,1.0,7.915511,0.00850075,0.21377557643716616,0.3
1769796481.272306,-0.654927,-1.2572624166666666,6.837217606134943,0.3,-0.69626,-1.266492,6.848672,0.666667,1.0,7.915511,0.00839925,0.21367475910544598,0.3
1769796481.29286,-0.6499383333333334,-1.2395838333333333,6.9135182958996495,0.3,-0.618322,-1.213525,6.911504,0.666667,1.0,8.009744,0.00837825,0.21241327705818558,0.3
1769796481.313071,-0.6449763333333334,-1.2219794166666664,6.910991559381884,0.3,-0.618322,-1.213525,6.911504,0.666667,1.0,8.009744,0.008432,0.2141032209450592,0.3
1769796481.333557,-0.6400643333333332,-1.2220860833333331,6.89661344694714,0.3,-0.618322,-1.213525,6.911504,0.666667,1.0,8.009744,0.008553,0.21207024403895636,0.3
1769796481.353676,-0.635201,-1.2222095833333333,6.921983886498568,0.3,-0.618322,-1.213525,6.911504,0.666667,1.0,8.009744,0.008698250000000001,0.2151111951284753,0.3
1769796481.373882,-0.6303633333333333,-1.222315833333333,6.905171195326231,0.3,-0.618322,-1.213525,6.911504,0.666667,1.0,8.009744,0.0088025,0.20884156371182092,0.3
1769796481.393967,-0.6255203333333333,-1.2223864166666665,6.917216697742535,0.3,-0.618322,-1.213525,6.911504,0.666667,1.0,8.009744,0.008871750000000001,0.2170726940057107,0.3
1769796481.414355,-0.620676,-1.2224254166666666,6.898837214601873,0.3,-0.618322,-1.213525,6.911504,0.666667,1.0,8.009744,0.00891,0.21647921873871415,0.3
1769796481.434778,-0.6158383333333334,-1.2224366666666666,6.907815982609556,0.3,-0.618322,-1.213525,6.911504,0.666667,1.0,8.009744,0.0089195,0.21774170947712132,0.3
1769796481.454715,-0.6110186666666667,-1.2224282499999999,6.91329417789355,0.3,-0.618322,-1.213525,6.911504,0.666667,1.0,8.009744,0.0089055,0.20916878470449243,0.3
1769796481.474957,-0.6078116666666666,-1.2224034999999998,6.9241683045445415,0.3,-0.618322,-1.213525,6.911504,0.666667,1.0,8.009744,0.00888475,0.20920788992501183,0.3
1769796481.474957,-0.604615,-1.2223646666666665,6.9068722331804,0.3,-0.618322,-1.213525,6.911504,0.666667,1.0,8.009744,0.008845249999999999,0.20704239593688123,0.3
1769796481.495029,-0.6014273333333334,-1.2223089166666665,6.919163815341508,0.3,-0.618322,-1.213525,6.911504,0.666667,1.0,8.009744,0.008788999999999998,0.20289613773147322,0.3
1769796481.515411,-0.5966520000000001,-1.2222316666666666,6.935589718528489,0.3,-0.618322,-1.213525,6.911504,0.666667,1.0,8.009744,0.0087175,0.2001429844565403,0.3
1769796481.535708,-0.591888,-1.22213175,6.913492762137362,0.3,-0.618322,-1.213525,6.911504,0.666667,1.0,8.009744,0.0086135,0.20132517495915112,0.3
1769796481.555877,-0.58713,-1.2220079166666664,6.913529081193113,0.3,-0.618322,-1.213525,6.911504,0.666667,1.0,8.009744,0.00848925,0.20514900847323936,0.3
1769796481.576219,-0.5823766666666667,-1.2218809999999998,6.921125489459863,0.3,-0.618322,-1.213525,6.911504,0.666667,1.0,8.009744,0.008346,0.2029165035202093,0.3
1769796481.597018,-0.5776273333333334,-1.2025321666666666,6.917934118609315,0.3,-0.618322,-1.213525,6.911504,0.666667,1.0,8.009744,0.00823275,0.20809607414840184,0.3
1769796481.617064,-0.5728856666666666,-1.183246583333333,6.9583165432815335,0.3,-0.543864,-1.15577,6.974336,0.666667,1.0,8.103976,0.00819775,0.214899029382982,0.3
1769796481.637406,-0.5681516666666667,-1.1640408333333332,6.962780641709073,0.3,-0.543864,-1.15577,6.974336,0.666667,1.0,8.103976,0.00824425,0.2153057640816248,0.3
1769796481.657865,-0.5634253333333333,-1.1641501666666665,6.980099109959442,0.3,-0.543864,-1.15577,6.974336,0.666667,1.0,8.103976,0.0083705,0.21307903657720462,0.3
1769796481.678426,-0.5587043333333334,-1.1642869999999998,6.96821363320859,0.3,-0.543864,-1.15577,6.974336,0.666667,1.0,8.103976,0.008525749999999999,0.21436746868478007,0.3
1769796481.69872,-0.553996,-1.1644139166666665,6.96178642500701,0.3,-0.543864,-1.15577,6.974336,0.666667,1.0,8.103976,0.00865475,0.20910324576520153,0.3
1769796481.71892,-0.5493066666666667,-1.1645094999999999,6.998214136783843,0.3,-0.543864,-1.15577,6.974336,0.666667,1.0,8.103976,0.00875125,0.2150857304710858,0.3
1769796481.738756,-0.5446393333333334,-1.1645706666666664,6.951179382960931,0.3,-0.543864,-1.15577,6.974336,0.666667,1.0,8.103976,0.008812500000000001,0.21189919343084873,0.3
1769796481.759112,-0.5399836666666666,-1.1645978333333333,6.972776744706305,0.3,-0.543864,-1.15577,6.974336,0.666667,1.0,8.103976,0.008838249999999999,0.2213736277154185,0.3
1769796481.779415,-0.5353356666666667,-1.1645936666666665,6.9703745546154465,0.3,-0.543864,-1.15577,6.974336,0.666667,1.0,8.103976,0.00883275,0.21740967373149958,0.3
1769796481.799907,-0.5306976666666666,-1.1645616666666665,6.963829123363296,0.3,-0.543864,-1.15577,6.974336,0.666667,1.0,8.103976,0.008799999999999999,0.2191110198404869,0.3
1769796481.819891,-0.5260756666666667,-1.1645044999999998,6.966210933490884,0.3,-0.543864,-1.15577,6.974336,0.666667,1.0,8.103976,0.00874225,0.21757207352686744,0.3
1769796481.840252,-0.5214696666666666,-1.16442475,6.973803189845671,0.3,-0.543864,-1.15577,6.974336,0.666667,1.0,8.103976,0.00866125,0.21051451209535052,0.3
1769796481.860618,-0.5168803333333333,-1.1643250833333332,6.983041746301168,0.3,-0.543864,-1.15577,6.974336,0.666667,1.0,8.103976,0.00856075,0.21056426778407486,0.3
1769796481.880793,-0.5123066666666667,-1.1642084166666666,6.964234587913077,0.3,-0.543864,-1.15577,6.974336,0.666667,1.0,8.103976,0.00844325,0.21895274632011297,0.3
1769796481.90144,-0.5077473333333333,-1.1641017499999997,6.946567116996208,0.3,-0.543864,-1.15577,6.974336,0.666667,1.0,8.103976,0.00831125,0.22256982806278824,0.3
1769796481.921336,-0.5031996666666666,-1.1432660833333332,6.96919104928571,0.3,-0.543864,-1.15577,6.974336,0.666667,1.0,8.103976,0.00824075,0.2168707943397792,0.3
1769796481.941828,-0.49866133333333335,-1.1225044999999998,7.043292713375723,0.3,-0.473179,-1.093453,7.037168,0.666667,1.0,8.198208,0.00825325,0.20337694480219157,0.3
1769796481.961911,-0.49413766666666664,-1.1018231666666667,7.049300989959312,0.3,-0.473179,-1.093453,7.037168,0.666667,1.0,8.198208,0.0083435,0.20198127668453983,0.3
1769796481.982334,-0.4896143333333334,-1.1019665833333334,7.039124312131342,0.3,-0.473179,-1.093453,7.037168,0.666667,1.0,8.198208,0.00851375,0.20650489204110745,0.3
1769796482.002752,-0.48510499999999995,-1.1021266666666667,7.032632996981846,0.3,-0.473179,-1.093453,7.037168,0.666667,1.0,8.198208,0.0086835,0.21138606626553458,0.3
1769796482.022764,-0.480612,-1.1022664166666667,7.038063030316548,0.3,-0.473179,-1.093453,7.037168,0.666667,1.0,8.198208,0.00882375,0.2159876503416823,0.3
1769796482.043097,-0.47615500000000005,-1.10237275,7.028270101672643,0.3,-0.473179,-1.093453,7.037168,0.666667,1.0,8.198208,0.008933,0.21913906542726913,0.3
1769796482.063502,-0.47173266666666663,-1.1024426666666665,7.025768547229438,0.3,-0.473179,-1.093453,7.037168,0.666667,1.0,8.198208,0.0090025,0.22120274386331132,0.3
1769796482.08379,-0.4673426666666667,-1.10247475,7.034063018348235,0.3,-0.473179,-1.093453,7.037168,0.666667,1.0,8.198208,0.0090335,0.2156598075808056,0.3
1769796482.104009,-0.4629836666666667,-1.10247175,7.045599385565644,0.3,-0.473179,-1.093453,7.037168,0.666667,1.0,8.198208,0.009029249999999999,0.2133172154469186,0.3
1769796482.124069,-0.458648,-1.1024374166666666,7.032331033583542,0.3,-0.473179,-1.093453,7.037168,0.666667,1.0,8.198208,0.0089935,0.21122171515793495,0.3
1769796482.144637,-0.4543333333333333,-1.1023755,7.0401101579853345,0.3,-0.473179,-1.093453,7.037168,0.666667,1.0,8.198208,0.0089305,0.21275726462701608,0.3
1769796482.164765,-0.450039,-1.1022892499999999,7.039523865396207,0.3,-0.473179,-1.093453,7.037168,0.666667,1.0,8.198208,0.0088435,0.21425680101916014,0.3
1769796482.184931,-0.4457626666666667,-1.1021814166666666,7.026176027258433,0.3,-0.473179,-1.093453,7.037168,0.666667,1.0,8.198208,0.00873475,0.21667962329131352,0.3
1769796482.20504,-0.4415016666666667,-1.1020545,7.0297544392040185,0.3,-0.473179,-1.093453,7.037168,0.666667,1.0,8.198208,0.008607,0.21771339419723768,0.3
1769796482.225501,-0.437252,-1.1019420833333333,7.034145105164288,0.3,-0.473179,-1.093453,7.037168,0.666667,1.0,8.198208,0.00846275,0.21768621049638295,0.3
1769796482.245654,-0.43301133333333336,-1.07966725,7.023708604895058,0.3,-0.473179,-1.093453,7.037168,0.666667,1.0,8.198208,0.008397499999999999,0.22249624697949133,0.3
1769796482.26597,-0.42877800000000005,-1.057472,7.077030134419385,0.3,-0.406547,-1.026821,7.099999,0.666667,1.0,8.29244,0.0084145,0.22699156565260634,0.3
1769796482.286257,-0.4245566666666667,-1.0353571666666666,7.083563677157767,0.3,-0.406547,-1.026821,7.099999,0.666667,1.0,8.29244,0.008509,0.22131693845458408,0.3
1769796482.30672,-0.4203443333333334,-1.0354989166666666,7.106218038363584,0.3,-0.406547,-1.026821,7.099999,0.666667,1.0,8.29244,0.008685,0.21924847680285361,0.3
1769796482.326897,-0.41615,-1.0356506666666665,7.086204161596314,0.3,-0.406547,-1.026821,7.099999,0.666667,1.0,8.29244,0.00883975,0.21577256888342397,0.3
1769796482.346887,-0.41197633333333333,-1.0357747499999999,7.096917788586484,0.3,-0.406547,-1.026821,7.099999,0.666667,1.0,8.29244,0.00896425,0.21832528642650284,0.3
1769796482.367171,-0.4078333333333333,-1.0358644166666666,7.101071074939487,0.3,-0.406547,-1.026821,7.099999,0.666667,1.0,8.29244,0.00905725,0.21321848064101623,0.3
1769796482.38757,-0.40371766666666664,-1.0359171666666664,7.103924717315963,0.3,-0.406547,-1.026821,7.099999,0.666667,1.0,8.29244,0.00910875,0.2153748924477535,0.3
1769796482.407803,-0.39962533333333333,-1.0359325833333333,7.092009807805048,0.3,-0.406547,-1.026821,7.099999,0.666667,1.0,8.29244,0.009122499999999999,0.21825562908776983,0.3
1769796482.427994,-0.39555500000000005,-1.0359144166666665,7.092549670007656,0.3,-0.406547,-1.026821,7.099999,0.666667,1.0,8.29244,0.0091035,0.22586224399597968,0.3
1769796482.44841,-0.391503,-1.035865833333333,7.080697387450341,0.3,-0.406547,-1.026821,7.099999,0.666667,1.0,8.29244,0.00905425,0.22131795430971823,0.3
1769796482.46945,-0.38746533333333333,-1.0357895,7.105815781084596,0.3,-0.406547,-1.026821,7.099999,0.666667,1.0,8.29244,0.00897675,0.2148294380517586,0.3
1769796482.488773,-0.38343799999999995,-1.0356879166666664,7.1087024919574295,0.3,-0.406547,-1.026821,7.099999,0.666667,1.0,8.29244,0.0088745,0.20740196578436879,0.3
1769796482.509348,-0.37941833333333336,-1.0355645833333333,7.100736951722821,0.3,-0.406547,-1.026821,7.099999,0.666667,1.0,8.29244,0.0087495,0.20616739462426018,0.3
1769796482.529537,-0.37540233333333334,-1.03542925,7.105163936527906,0.3,-0.406547,-1.026821,7.099999,0.666667,1.0,8.29244,0.00860675,0.20609377979589652,0.3
1769796482.549974,-0.37138699999999997,-1.0117558333333332,7.107568336047332,0.3,-0.406547,-1.026821,7.099999,0.666667,1.0,8.29244,0.0084685,0.21104483557129924,0.3
1769796482.570328,-0.36737400000000003,-0.9881397499999999,7.14567539537932,0.3,-0.34423,-0.956136,7.162831,0.666667,1.0,8.386673,0.00841425,0.2112204013524388,0.3
1769796482.590592,-0.36336799999999997,-0.9646055833333332,7.166247232338391,0.3,-0.34423,-0.956136,7.162831,0.666667,1.0,8.386673,0.0084435,0.21457239731055525,0.3
1769796482.610954,-0.359375,-0.9647042499999999,7.160793762422918,0.3,-0.34423,-0.956136,7.162831,0.666667,1.0,8.386673,0.008551,0.2092731992799904,0.3
1769796482.630809,-0.3554026666666667,-0.9648352499999998,7.162935721138834,0.3,-0.34423,-0.956136,7.162831,0.666667,1.0,8.386673,0.008710250000000001,0.2179364532371489,0.3
1769796482.651027,-0.35145833333333326,-0.9649598333333332,7.143072879181418,0.3,-0.34423,-0.956136,7.162831,0.666667,1.0,8.386673,0.0088365,0.21667208203210278,0.3
1769796482.671496,-0.3475436666666667,-0.9650479166666667,7.167526268387568,0.3,-0.34423,-0.956136,7.162831,0.666667,1.0,8.386673,0.00892475,0.21583672047864724,0.3
1769796482.691782,-0.34365633333333334,-0.9650989999999999,7.168098072568539,0.3,-0.34423,-0.956136,7.162831,0.666667,1.0,8.386673,0.0089745,0.20490451858802614,0.3
1769796482.712262,-0.3397936666666667,-0.9651155833333332,7.177433124376149,0.3,-0.34423,-0.956136,7.162831,0.666667,1.0,8.386673,0.00898975,0.2099773607510186,0.3
1769796482.732678,-0.3359533333333333,-0.9651014166666666,7.152587725581466,0.3,-0.34423,-0.956136,7.162831,0.666667,1.0,8.386673,0.0089745,0.20367324617504798,0.3
1769796482.752824,-0.33213333333333334,-0.9650600833333333,7.186460463254402,0.3,-0.34423,-0.956136,7.162831,0.666667,1.0,8.386673,0.008932,0.214347321103577,0.3
1769796482.772974,-0.32833266666666666,-0.96499525,7.143946274489023,0.3,-0.34423,-0.956136,7.162831,0.666667,1.0,8.386673,0.00886575,0.20635955780717996,0.3
1769796482.793402,-0.324551,-0.96491025,7.175177797918859,0.3,-0.34423,-0.956136,7.162831,0.666667,1.0,8.386673,0.00878,0.2126741852061331,0.3
1769796482.813707,-0.3207866666666667,-0.964808,7.166000020681816,0.3,-0.34423,-0.956136,7.162831,0.666667,1.0,8.386673,0.008677,0.20631739598662613,0.3
1769796482.833852,-0.317037,-0.9646904166666666,7.160857593838924,0.3,-0.34423,-0.956136,7.162831,0.666667,1.0,8.386673,0.008558999999999999,0.2083168777764167,0.3
1769796482.854514,-0.3132996666666667,-0.964575,7.1669695987003745,0.3,-0.34423,-0.956136,7.162831,0.666667,1.0,8.386673,0.00842725,0.21135027069827506,0.3
1769796482.87469,-0.30957366666666664,-0.93967475,7.154137142860077,0.3,-0.34423,-0.956136,7.162831,0.666667,1.0,8.386673,0.00833075,0.2070400863584659,0.3
1769796482.894771,-0.30585899999999994,-0.9148252499999999,7.234745507272385,0.3,-0.286475,-0.881678,7.225663,0.666667,1.0,8.480905,0.00831625,0.20674362392519974,0.3
1769796482.914809,-0.3033863333333333,-0.8900424166666666,7.229100427459248,0.3,-0.286475,-0.881678,7.225663,0.666667,1.0,8.480905,0.00833675,0.20320006042941371,0.3
1769796482.914809,-0.30092800000000003,-0.8901286666666666,7.228239504505053,0.3,-0.286475,-0.881678,7.225663,0.666667,1.0,8.480905,0.00844025,0.2069086637817188,0.3
1769796482.935025,-0.29849200000000004,-0.8902449166666666,7.225901159329484,0.3,-0.286475,-0.881678,7.225663,0.666667,1.0,8.480905,0.008575000000000001,0.20276365769861215,0.3
1769796482.954983,-0.294858,-0.8903688333333332,7.24427537726202,0.3,-0.286475,-0.881678,7.225663,0.666667,1.0,8.480905,0.0086855,0.20931497640593763,0.3
1769796482.975435,-0.2912613333333333,-0.89047725,7.212336133758039,0.3,-0.286475,-0.881678,7.225663,0.666667,1.0,8.480905,0.008812,0.21874064374211818,0.3
1769796482.996018,-0.2876996666666667,-0.8905647499999999,7.200848632354455,0.3,-0.286475,-0.881678,7.225663,0.666667,1.0,8.480905,0.00890025,0.21911284322929037,0.3
1769796483.016361,-0.284168,-0.8906140833333333,7.245781263182363,0.3,-0.286475,-0.881678,7.225663,0.666667,1.0,8.480905,0.008948000000000001,0.21725365311805878,0.3
1769796483.036715,-0.28066266666666667,-0.89062725,7.218852352244095,0.3,-0.286475,-0.881678,7.225663,0.666667,1.0,8.480905,0.00896,0.20789350118533048,0.3
1769796483.056887,-0.27718099999999996,-0.8906080833333333,7.228530212452189,0.3,-0.286475,-0.881678,7.225663,0.666667,1.0,8.480905,0.00893975,0.2116678239636398,0.3
1769796483.077157,-0.27372033333333334,-0.8905598333333332,7.233877612696496,0.3,-0.286475,-0.881678,7.225663,0.666667,1.0,8.480905,0.008890499999999999,0.21308610423656757,0.3
1769796483.097328,-0.27027866666666667,-0.8904855833333333,7.213179659359549,0.3,-0.286475,-0.881678,7.225663,0.666667,1.0,8.480905,0.00881525,0.2142415115547435,0.3
1769796483.117464,-0.266854,-0.8903882499999999,7.223304294057458,0.3,-0.286475,-0.881678,7.225663,0.666667,1.0,8.480905,0.008716999999999999,0.21200792980702407,0.3
1769796483.138217,-0.263444,-0.8902704999999997,7.239109753989497,0.3,-0.286475,-0.881678,7.225663,0.666667,1.0,8.480905,0.0085985,0.21033790368608038,0.3
1769796483.157781,-0.260047,-0.89013475,7.214548023383294,0.3,-0.286475,-0.881678,7.225663,0.666667,1.0,8.480905,0.008462,0.20969475583672814,0.3
1769796483.178214,-0.25666100000000003,-0.8900039166666666,7.222607553667469,0.3,-0.286475,-0.881678,7.225663,0.666667,1.0,8.480905,0.008309750000000001,0.21269576616154887,0.3
1769796483.198582,-0.253285,-0.8639320833333333,7.226523689012881,0.3,-0.286475,-0.881678,7.225663,0.666667,1.0,8.480905,0.008206,0.2049886751140982,0.3
1769796483.218753,-0.24991733333333332,-0.8379313333333333,7.299361918879539,0.3,-0.233508,-0.80374,7.288495,0.666667,1.0,8.575137,0.0081845,0.2034018638508491,0.3
1769796483.238944,-0.24655833333333332,-0.8120143333333333,7.289329917520315,0.3,-0.233508,-0.80374,7.288495,0.666667,1.0,8.575137,0.0082455,0.20244262993824982,0.3
1769796483.259229,-0.24321,-0.812138,7.29349643920651,0.3,-0.233508,-0.80374,7.288495,0.666667,1.0,8.575137,0.008393,0.20680703578795723,0.3
1769796483.279717,-0.23988233333333334,-0.8122870833333332,7.289719482780106,0.3,-0.233508,-0.80374,7.288495,0.666667,1.0,8.575137,0.0085555,0.2078189609165876,0.3
1769796483.300168,-0.23658333333333334,-0.8124216666666667,7.290215538656551,0.3,-0.233508,-0.80374,7.288495,0.666667,1.0,8.575137,0.008692749999999999,0.21327145842951203,0.3
1769796483.320397,-0.23331533333333332,-0.8125226666666666,7.2802250734737255,0.3,-0.233508,-0.80374,7.288495,0.666667,1.0,8.575137,0.008796749999999999,0.21676634082342014,0.3
1769796483.340699,-0.230071,-0.8125861666666666,7.281010049910581,0.3,-0.233508,-0.80374,7.288495,0.666667,1.0,8.575137,0.0088585,0.21693168450220232,0.3
1769796483.361042,-0.2268406666666667,-0.812612,7.290663196908583,0.3,-0.233508,-0.80374,7.288495,0.666667,1.0,8.575137,0.008883249999999999,0.21704187974935082,0.3
1769796483.381171,-0.22362400000000002,-0.8126049999999999,7.279839391232322,0.3,-0.233508,-0.80374,7.288495,0.666667,1.0,8.575137,0.00887425,0.21648208287876972,0.3
1769796483.40172,-0.22042333333333333,-0.81256925,7.282575332414006,0.3,-0.233508,-0.80374,7.288495,0.666667,1.0,8.575137,0.0088375,0.2154806079098582,0.3
1769796483.421686,-0.21724433333333334,-0.8125085833333333,7.29206616062597,0.3,-0.233508,-0.80374,7.288495,0.666667,1.0,8.575137,0.008776,0.21376369041820423,0.3
1769796483.441845,-0.2140856666666667,-0.8124260833333331,7.283715405229914,0.3,-0.233508,-0.80374,7.288495,0.666667,1.0,8.575137,0.008692249999999999,0.20892975249240034,0.3
1769796483.462356,-0.21094633333333335,-0.8123244999999999,7.295272694613513,0.3,-0.233508,-0.80374,7.288495,0.666667,1.0,8.575137,0.00859,0.20912156210893088,0.3
1769796483.482497,-0.20782366666666666,-0.8122064166666666,7.289627685849463,0.3,-0.233508,-0.80374,7.288495,0.666667,1.0,8.575137,0.00847125,0.20511523244469862,0.3
1769796483.502805,-0.204716,-0.8121016666666666,7.2934189524924475,0.3,-0.233508,-0.80374,7.288495,0.666667,1.0,8.575137,0.008338,0.20381455061393605,0.3
1769796483.522782,-0.20162133333333335,-0.7850064166666666,7.296080290467629,0.3,-0.233508,-0.80374,7.288495,0.666667,1.0,8.575137,0.00827575,0.1992074561687773,0.3
1769796483.5429,-0.198535,-0.7579870833333332,7.364997790036297,0.3,-0.18554,-0.722631,7.351327,0.666667,1.0,8.66937,0.0082945,0.20190329319973613,0.3
1769796483.563284,-0.19545966666666667,-0.7310462499999999,7.348569997599445,0.3,-0.18554,-0.722631,7.351327,0.666667,1.0,8.66937,0.008388999999999999,0.20407299647388966,0.3
1769796483.583719,-0.1923963333333333,-0.7311884166666666,7.35502299968058,0.3,-0.18554,-0.722631,7.351327,0.666667,1.0,8.66937,0.00856225,0.21530423892827233,0.3
1769796483.604083,-0.18935766666666667,-0.7313415,7.334790685390503,0.3,-0.18554,-0.722631,7.351327,0.666667,1.0,8.66937,0.008721,0.21768379850182676,0.3
1769796483.623917,-0.18634833333333334,-0.7314684166666666,7.343992655803976,0.3,-0.18554,-0.722631,7.351327,0.666667,1.0,8.66937,0.00884825,0.22174848727867957,0.3
1769796483.644747,-0.18337366666666666,-0.7315598333333333,7.346437932350555,0.3,-0.18554,-0.722631,7.351327,0.666667,1.0,8.66937,0.008943000000000001,0.21306614112683064,0.3
1769796483.665087,-0.1804336666666667,-0.7316138333333333,7.3627623278341305,0.3,-0.18554,-0.722631,7.351327,0.666667,1.0,8.66937,0.00899525,0.21400478120113253,0.3
1769796483.685446,-0.1775243333333333,-0.7316304166666665,7.343229350589419,0.3,-0.18554,-0.722631,7.351327,0.666667,1.0,8.66937,0.009010250000000001,0.21363070294326367,0.3
1769796483.705941,-0.17464000000000002,-0.7316136666666666,7.347376292607798,0.3,-0.18554,-0.722631,7.351327,0.666667,1.0,8.66937,0.00899275,0.21283607065977161,0.3
1769796483.725831,-0.17177933333333337,-0.7315679166666667,7.36396784115208,0.3,-0.18554,-0.722631,7.351327,0.666667,1.0,8.66937,0.008945,0.2075600717764833,0.3
1769796483.746303,-0.16894533333333336,-0.7314964166666665,7.358213130193316,0.3,-0.18554,-0.722631,7.351327,0.666667,1.0,8.66937,0.008873,0.20130357368118357,0.3
1769796483.766536,-0.16614033333333333,-0.73140325,7.364320247276173,0.3,-0.18554,-0.722631,7.351327,0.666667,1.0,8.66937,0.00877825,0.20322024126284677,0.3
1769796483.786757,-0.163361,-0.7312919999999998,7.356983462772314,0.3,-0.18554,-0.722631,7.351327,0.666667,1.0,8.66937,0.0086655,0.20628426498057884,0.3
1769796483.808053,-0.160602,-0.7311704999999998,7.3481973426298826,0.3,-0.18554,-0.722631,7.351327,0.666667,1.0,8.66937,0.00853925,0.2086166136468126,0.3
1769796483.826979,-0.15786033333333332,-0.7030853333333332,7.352792628755371,0.3,-0.18554,-0.722631,7.351327,0.666667,1.0,8.66937,0.00841375,0.2065209704582974,0.3
1769796483.847659,-0.155131,-0.6750539166666667,7.42489489382955,0.3,-0.142759,-0.638669,7.414159,0.666667,1.0,8.763602,0.008372000000000001,0.2041851771619193,0.3
1769796483.867835,-0.15241833333333332,-0.6471015833333333,7.415383104265734,0.3,-0.142759,-0.638669,7.414159,0.666667,1.0,8.763602,0.008407000000000001,0.2067681424033049,0.3
1769796483.887822,-0.14972233333333332,-0.6472060833333333,7.4103845649504825,0.3,-0.142759,-0.638669,7.414159,0.666667,1.0,8.763602,0.00851875,0.21079634982010784,0.3
1769796483.908293,-0.147053,-0.6473434166666666,7.414899817058171,0.3,-0.142759,-0.638669,7.414159,0.666667,1.0,8.763602,0.0086855,0.2105404309654919,0.3
1769796483.928951,-0.144413,-0.6474764166666666,7.420033761170436,0.3,-0.142759,-0.638669,7.414159,0.666667,1.0,8.763602,0.008819,0.20472700007403222,0.3
1769796483.949177,-0.14180800000000002,-0.6475735,7.431178361154458,0.3,-0.142759,-0.638669,7.414159,0.666667,1.0,8.763602,0.00891775,0.20292808516221938,0.3
1769796483.969534,-0.13923466666666665,-0.6476338333333334,7.422206635288849,0.3,-0.142759,-0.638669,7.414159,0.666667,1.0,8.763602,0.00897675,0.20289112680728685,0.3
1769796483.990033,-0.136689,-0.6476584166666667,7.4211602784302295,0.3,-0.142759,-0.638669,7.414159,0.666667,1.0,8.763602,0.009,0.20947965561172313,0.3
1769796484.009907,-0.13416833333333333,-0.6476513333333332,7.411285286877949,0.3,-0.142759,-0.638669,7.414159,0.666667,1.0,8.763602,0.0089915,0.2118529830002925,0.3
1769796484.030033,-0.13166933333333333,-0.6476163333333332,7.414464917206598,0.3,-0.142759,-0.638669,7.414159,0.666667,1.0,8.763602,0.0089555,0.20875450617191546,0.3
1769796484.050286,-0.12918866666666665,-0.6475571666666666,7.429187955778844,0.3,-0.142759,-0.638669,7.414159,0.666667,1.0,8.763602,0.008895,0.20661404203239886,0.3
1769796484.070321,-0.126722,-0.6474769166666666,7.416568766926094,0.3,-0.142759,-0.638669,7.414159,0.666667,1.0,8.763602,0.008813999999999999,0.21394575118050482,0.3
1769796484.090662,-0.12426766666666667,-0.6473784166666666,7.3908965151059105,0.3,-0.142759,-0.638669,7.414159,0.666667,1.0,8.763602,0.00871475,0.2204486219491462,0.3
1769796484.110704,-0.12182466666666665,-0.6472638333333333,7.407010701882284,0.3,-0.142759,-0.638669,7.414159,0.666667,1.0,8.763602,0.0085995,0.21954285253052638,0.3
1769796484.131052,-0.11939299999999999,-0.6471435833333333,7.417118138397698,0.3,-0.142759,-0.638669,7.414159,0.666667,1.0,8.763602,0.00847025,0.2096250112569582,0.3
1769796484.151487,-0.11697033333333333,-0.6182232499999999,7.418024394384916,0.3,-0.142759,-0.638669,7.414159,0.666667,1.0,8.763602,0.008354,0.20753385023580181,0.3
1769796484.171742,-0.11455666666666668,-0.5893614166666666,7.474301795566547,0.3,-0.105335,-0.552187,7.476991,0.666667,1.0,8.857834,0.0083205,0.2092670547088271,0.3
1769796484.191897,-0.11215933333333333,-0.5605786666666667,7.473626173360845,0.3,-0.105335,-0.552187,7.476991,0.666667,1.0,8.857834,0.008366750000000001,0.21413957683678908,0.3
1769796484.21224,-0.10978466666666666,-0.5606878333333333,7.467189751528865,0.3,-0.105335,-0.552187,7.476991,0.666667,1.0,8.857834,0.00848775,0.21154504649313485,0.3
1769796484.232595,-0.10744,-0.5608220833333333,7.484763671858254,0.3,-0.105335,-0.552187,7.476991,0.666667,1.0,8.857834,0.008648,0.21314069951235678,0.3
1769796484.252831,-0.10512300000000001,-0.5609429999999999,7.471895546640278,0.3,-0.105335,-0.552187,7.476991,0.666667,1.0,8.857834,0.0087695,0.21482084365003376,0.3
1769796484.272865,-0.10283566666666667,-0.5610244166666666,7.4638316240898765,0.3,-0.105335,-0.552187,7.476991,0.666667,1.0,8.857834,0.0088505,0.21374577592444935,0.3
1769796484.293218,-0.10057733333333334,-0.561068,7.4893741500862925,0.3,-0.105335,-0.552187,7.476991,0.666667,1.0,8.857834,0.00889225,0.20986443400440682,0.3
1769796484.313717,-0.098349,-0.5610784166666667,7.484723040468509,0.3,-0.105335,-0.552187,7.476991,0.666667,1.0,8.857834,0.00890025,0.20562604881282623,0.3
1769796484.333685,-0.09614766666666667,-0.5610608333333332,7.476837565526385,0.3,-0.105335,-0.552187,7.476991,0.666667,1.0,8.857834,0.008881749999999999,0.20736266153867897,0.3
1769796484.353936,-0.09397033333333334,-0.5610193333333332,7.483762912710815,0.3,-0.105335,-0.552187,7.476991,0.666667,1.0,8.857834,0.0088395,0.20770295674345593,0.3
1769796484.374355,-0.09181433333333333,-0.5609564166666665,7.4827761631563705,0.3,-0.105335,-0.552187,7.476991,0.666667,1.0,8.857834,0.008775749999999999,0.21035684197375729,0.3
1769796484.3947,-0.089678,-0.5608844999999999,7.4682026384768765,0.3,-0.105335,-0.552187,7.476991,0.666667,1.0,8.857834,0.008693,0.20844931926374158,0.3
1769796484.414889,-0.08826,-0.5608065833333332,7.487886869124714,0.3,-0.105335,-0.552187,7.476991,0.666667,1.0,8.857834,0.00862375,0.211637950714593,0.3
1769796484.414889,-0.08685266666666668,-0.5607245833333333,7.47115966062314,0.3,-0.105335,-0.552187,7.476991,0.666667,1.0,8.857834,0.008542000000000001,0.2086153130549514,0.3
1769796484.435067,-0.08545233333333334,-0.5606298333333332,7.475186917654657,0.3,-0.105335,-0.552187,7.476991,0.666667,1.0,8.857834,0.008447,0.2185409089171462,0.3
1769796484.455523,-0.08335733333333332,-0.5605308333333333,7.456218231740722,0.3,-0.105335,-0.552187,7.476991,0.666667,1.0,8.857834,0.0083395,0.21728178288327027,0.3
1769796484.476831,-0.08127233333333334,-0.5309049999999998,7.47417945506626,0.3,-0.105335,-0.552187,7.476991,0.666667,1.0,8.857834,0.008245,0.2135339733715588,0.3
1769796484.496268,-0.07919866666666667,-0.5013389166666665,7.5463225610280285,0.3,-0.073415,-0.463525,7.539822,0.666667,1.0,8.952066,0.0082315,0.20297747993091644,0.3
1769796484.516232,-0.07713466666666667,-0.4718546666666666,7.549681612071628,0.3,-0.073415,-0.463525,7.539822,0.666667,1.0,8.952066,0.00830325,0.20579892193393381,0.3
1769796484.536409,-0.07509133333333334,-0.47198333333333325,7.528508165093647,0.3,-0.073415,-0.463525,7.539822,0.666667,1.0,8.952066,0.00845425,0.21014961464448204,0.3
1769796484.556808,-0.07308533333333334,-0.4721309999999999,7.53786842994331,0.3,-0.073415,-0.463525,7.539822,0.666667,1.0,8.952066,0.0086175,0.21481262616484464,0.3
1769796484.57701,-0.07112566666666666,-0.47225791666666667,7.539701300088534,0.3,-0.073415,-0.463525,7.539822,0.666667,1.0,8.952066,0.00874625,0.21371642746357958,0.3
1769796484.597063,-0.06920566666666667,-0.47234724999999994,7.534655437059675,0.3,-0.073415,-0.463525,7.539822,0.666667,1.0,8.952066,0.008834999999999999,0.20985709900132266,0.3
1769796484.617481,-0.06731566666666666,-0.4724000833333333,7.551549078315982,0.3,-0.073415,-0.463525,7.539822,0.666667,1.0,8.952066,0.0088855,0.20531438189469628,0.3
1769796484.637781,-0.06545433333333334,-0.47242058333333325,7.554654721914209,0.3,-0.073415,-0.463525,7.539822,0.666667,1.0,8.952066,0.00890475,0.20630089620407452,0.3
1769796484.658189,-0.063623,-0.4724124999999999,7.532833950470934,0.3,-0.073415,-0.463525,7.539822,0.666667,1.0,8.952066,0.0088965,0.21304565754470742,0.3
1769796484.678471,-0.06181933333333334,-0.47237808333333325,7.531070739310165,0.3,-0.073415,-0.463525,7.539822,0.666667,1.0,8.952066,0.00886125,0.21791594051463622,0.3
1769796484.698605,-0.060040333333333334,-0.4723191666666666,7.5391677066211775,0.3,-0.073415,-0.463525,7.539822,0.666667,1.0,8.952066,0.0088015,0.21563247158115062,0.3
1769796484.71877,-0.05828333333333333,-0.4722381666666666,7.538100033518907,0.3,-0.073415,-0.463525,7.539822,0.666667,1.0,8.952066,0.00871975,0.21186915036091628,0.3
1769796484.738807,-0.056546000000000006,-0.4721375833333333,7.540261374031358,0.3,-0.073415,-0.463525,7.539822,0.666667,1.0,8.952066,0.008618250000000001,0.2076913282313303,0.3
1769796484.759137,-0.05482633333333333,-0.4720195,7.549851019241506,0.3,-0.073415,-0.463525,7.539822,0.666667,1.0,8.952066,0.00849975,0.20212029430563835,0.3
1769796484.779891,-0.053120999999999995,-0.47191,7.553169445709519,0.3,-0.073415,-0.463525,7.539822,0.666667,1.0,8.952066,0.008365500000000001,0.2050291269986454,0.3
1769796484.799812,-0.051426,-0.44167833333333323,7.528900458276418,0.3,-0.073415,-0.463525,7.539822,0.666667,1.0,8.952066,0.00828975,0.20501541163814097,0.3
1769796484.820002,-0.04973833333333333,-0.41151858333333324,7.6107447552905265,0.3,-0.047125,-0.373035,7.602654,0.666667,1.0,9.046299,0.00829475,0.2086017622952114,0.3
1769796484.840622,-0.04806366666666667,-0.38143699999999986,7.604845065702438,0.3,-0.047125,-0.373035,7.602654,0.666667,1.0,9.046299,0.00837625,0.20392581055897427,0.3
1769796484.860746,-0.04641133333333333,-0.38156891666666665,7.607633730546573,0.3,-0.047125,-0.373035,7.602654,0.666667,1.0,9.046299,0.008535000000000001,0.20727615346599904,0.3
1769796484.880969,-0.04479266666666667,-0.38171499999999997,7.604135071284025,0.3,-0.047125,-0.373035,7.602654,0.666667,1.0,9.046299,0.0086905,0.20861713293923131,0.3
1769796484.901083,-0.043211,-0.3818384999999999,7.603722539415674,0.3,-0.047125,-0.373035,7.602654,0.666667,1.0,9.046299,0.0088145,0.21163550459160832,0.3
1769796484.921513,-0.04166566666666666,-0.3819280833333332,7.602263574373767,0.3,-0.047125,-0.373035,7.602654,0.666667,1.0,9.046299,0.0089055,0.214265549289031,0.3
1769796484.941826,-0.04015133333333334,-0.38198324999999994,7.5982745251580965,0.3,-0.047125,-0.373035,7.602654,0.666667,1.0,9.046299,0.00895925,0.21197417887466188,0.3
1769796484.961918,-0.03866266666666667,-0.3820052499999999,7.6116048622863675,0.3,-0.047125,-0.373035,7.602654,0.666667,1.0,9.046299,0.00898,0.22076571009679702,0.3
1769796484.982215,-0.037197,-0.38199774999999997,7.575905631406441,0.3,-0.047125,-0.373035,7.602654,0.666667,1.0,9.046299,0.0089715,0.21581817900376207,0.3
1769796485.00287,-0.03575333333333334,-0.38196358333333325,7.613288892700884,0.3,-0.047125,-0.373035,7.602654,0.666667,1.0,9.046299,0.00893675,0.22116153109074696,0.3
1769796485.022719,-0.034332,-0.38190499999999994,7.594239263038163,0.3,-0.047125,-0.373035,7.602654,0.666667,1.0,9.046299,0.0088775,0.21225521191042995,0.3
1769796485.043039,-0.032930666666666664,-0.3818239166666666,7.601282257031587,0.3,-0.047125,-0.373035,7.602654,0.666667,1.0,9.046299,0.00879575,0.21702604936238368,0.3
1769796485.063486,-0.031547,-0.3817221666666666,7.596722754476549,0.3,-0.047125,-0.373035,7.602654,0.666667,1.0,9.046299,0.0086935,0.214716261106472,0.3
1769796485.083819,-0.03017866666666667,-0.38160183333333325,7.599590894929946,0.3,-0.047125,-0.373035,7.602654,0.666667,1.0,9.046299,0.00857225,0.2132818031436282,0.3
1769796485.103909,-0.028824,-0.38149458333333325,7.602397035504556,0.3,-0.047125,-0.373035,7.602654,0.666667,1.0,9.046299,0.00843475,0.204406686376146,0.3
1769796485.123945,-0.027481999999999996,-0.3507799166666666,7.620207887169176,0.3,-0.047125,-0.373035,7.602654,0.666667,1.0,9.046299,0.008371749999999999,0.20519289076418765,0.3
1769796485.145322,-0.026150999999999997,-0.32014424999999996,7.6602562549840645,0.3,-0.026569,-0.281072,7.665486,0.666667,1.0,9.140531,0.00839125,0.20455500409325864,0.3
1769796485.164923,-0.024836999999999998,-0.28958749999999994,7.666856128279761,0.3,-0.026569,-0.281072,7.665486,0.666667,1.0,9.140531,0.00849075,0.21075897353116205,0.3
1769796485.184891,-0.023542333333333332,-0.2897287499999999,7.666655726783228,0.3,-0.026569,-0.281072,7.665486,0.666667,1.0,9.140531,0.0086645,0.2051061288686051,0.3
1769796485.205135,-0.022278333333333334,-0.2898754166666666,7.678377895284305,0.3,-0.026569,-0.281072,7.665486,0.666667,1.0,9.140531,0.008815,0.20624307620112384,0.3
1769796485.22554,-0.021048,-0.2899904999999999,7.667648998035493,0.3,-0.026569,-0.281072,7.665486,0.666667,1.0,9.140531,0.008930750000000001,0.20491833437732535,0.3
1769796485.245873,-0.01985666666666667,-0.29006933333333323,7.673582735459804,0.3,-0.026569,-0.281072,7.665486,0.666667,1.0,9.140531,0.00900975,0.20769113553663107,0.3
1769796485.266145,-0.018701333333333334,-0.29011258333333323,7.672056418241002,0.3,-0.026569,-0.281072,7.665486,0.666667,1.0,9.140531,0.0090515,0.20951503442873098,0.3
1769796485.286288,-0.017577333333333334,-0.29012233333333326,7.6629085188678925,0.3,-0.026569,-0.281072,7.665486,0.666667,1.0,9.140531,0.0090605,0.2066220624220673,0.3
1769796485.30669,-0.01648,-0.29010133333333327,7.682483194839281,0.3,-0.026569,-0.281072,7.665486,0.666667,1.0,9.140531,0.009039,0.2098301708896396,0.3
1769796485.326667,-0.015408,-0.29005224999999996,7.661337967402652,0.3,-0.026569,-0.281072,7.665486,0.666667,1.0,9.140531,0.0089885,0.21240284647311536,0.3
1769796485.34684,-0.014360666666666667,-0.2899786666666666,7.654084097443207,0.3,-0.026569,-0.281072,7.665486,0.666667,1.0,9.140531,0.008913250000000001,0.2190486725829421,0.3
1769796485.367236,-0.013337666666666666,-0.2898842499999999,7.660983047507922,0.3,-0.026569,-0.281072,7.665486,0.666667,1.0,9.140531,0.00881825,0.21628711781058152,0.3
1769796485.387726,-0.012334666666666667,-0.2897727499999999,7.668839496309906,0.3,-0.026569,-0.281072,7.665486,0.666667,1.0,9.140531,0.008705250000000001,0.21511728805443153,0.3
1769796485.407969,-0.011348666666666667,-0.2896524166666666,7.655731430023235,0.3,-0.026569,-0.281072,7.665486,0.666667,1.0,9.140531,0.00857875,0.2142704957909208,0.3
1769796485.428426,-0.010376666666666666,-0.25853224999999996,7.661330931433837,0.3,-0.026569,-0.281072,7.665486,0.666667,1.0,9.140531,0.00845725,0.21420223469884228,0.3
1769796485.448885,-0.009417,-0.22746666666666657,7.729746355222146,0.3,-0.011828,-0.188,7.728318,0.666667,1.0,9.234763,0.00841675,0.20919584928988874,0.3
1769796485.468828,-0.008474333333333332,-0.19647808333333328,7.732219384711429,0.3,-0.011828,-0.188,7.728318,0.666667,1.0,9.234763,0.008454,0.2119401775889156,0.3
1769796485.488974,-0.007554666666666667,-0.1965791666666666,7.716371249119702,0.3,-0.011828,-0.188,7.728318,0.666667,1.0,9.234763,0.0085635,0.21045032559700272,0.3
1769796485.509419,-0.006667666666666666,-0.1967079999999999,7.736333116589909,0.3,-0.011828,-0.188,7.728318,0.666667,1.0,9.234763,0.00872,0.21215057723759387,0.3
1769796485.52974,-0.005815999999999999,-0.19682808333333326,7.730326087900061,0.3,-0.011828,-0.188,7.728318,0.666667,1.0,9.234763,0.008840500000000001,0.20501308790346842,0.3
1769796485.550102,-0.005000666666666666,-0.19691174999999994,7.740375617234118,0.3,-0.011828,-0.188,7.728318,0.666667,1.0,9.234763,0.00892375,0.2064154827109211,0.3
1769796485.570253,-0.0042179999999999995,-0.1969606666666666,7.733364108731684,0.3,-0.011828,-0.188,7.728318,0.666667,1.0,9.234763,0.008971,0.2069643354636537,0.3
1769796485.590557,-0.0034649999999999998,-0.19697808333333325,7.729777219509573,0.3,-0.011828,-0.188,7.728318,0.666667,1.0,9.234763,0.00898725,0.21213205658064474,0.3
1769796485.610821,-0.002739,-0.19696766666666657,7.72525552464482,0.3,-0.011828,-0.188,7.728318,0.666667,1.0,9.234763,0.008976,0.21035796676658433,0.3
1769796485.63069,-0.002037,-0.19693224999999992,7.738150403446966,0.3,-0.011828,-0.188,7.728318,0.666667,1.0,9.234763,0.00893975,0.20565680636181463,0.3
1769796485.651068,-0.0013560000000000002,-0.19687441666666658,7.743246964586683,0.3,-0.011828,-0.188,7.728318,0.666667,1.0,9.234763,0.008881,0.20195993964416584,0.3
1769796485.671408,-0.000693,-0.19679649999999993,7.735142870030226,0.3,-0.011828,-0.188,7.728318,0.666667,1.0,9.234763,0.0088025,0.20852089455018627,0.3
1769796485.691664,-4.6e-05,-0.19670083333333324,7.717248702512921,0.3,-0.011828,-0.188,7.728318,0.666667,1.0,9.234763,0.008706,0.20954096555071522,0.3
1769796485.711968,0.000587,-0.19658933333333325,7.737846166602283,0.3,-0.011828,-0.188,7.728318,0.666667,1.0,9.234763,0.008594,0.20700326685344203,0.3
1769796485.732595,0.001207,-0.19647474999999992,7.740610352570167,0.3,-0.011828,-0.188,7.728318,0.666667,1.0,9.234763,0.008468,0.20528469045142075,0.3
1769796485.752542,0.001816,-0.16511883333333324,7.719282055406626,0.3,-0.011828,-0.188,7.728318,0.666667,1.0,9.234763,0.00836225,0.20623490498541322,0.3
1769796485.772688,0.002414666666666667,-0.13382383333333328,7.795613060614729,0.3,-0.00296,-0.094186,7.79115,0.666667,1.0,9.328995,0.00834025,0.20899175390598565,0.3
1769796485.792824,0.0029946666666666663,-0.10260666666666661,7.794038649843588,0.3,-0.00296,-0.094186,7.79115,0.666667,1.0,9.328995,0.008397000000000002,0.2090902491773667,0.3
1769796485.813754,0.0035446666666666665,-0.1027209166666666,7.785156624826553,0.3,-0.00296,-0.094186,7.79115,0.666667,1.0,9.328995,0.008524750000000001,0.2114926544760097,0.3
1769796485.833441,0.0040546666666666665,-0.10285624999999993,7.790755554910786,0.3,-0.00296,-0.094186,7.79115,0.666667,1.0,9.328995,0.008683,0.21165917907473997,0.3
1769796485.853715,0.0045256666666666666,-0.10297616666666659,7.797060052681362,0.3,-0.00296,-0.094186,7.79115,0.666667,1.0,9.328995,0.008803,0.2082462069494109,0.3
1769796485.87379,0.004961333333333332,-0.10305899999999994,7.796536524063825,0.3,-0.00296,-0.094186,7.79115,0.666667,1.0,9.328995,0.0088845,0.20621363233767628,0.3
1769796485.894267,0.005240666666666667,-0.10310699999999993,7.799783362877152,0.3,-0.00296,-0.094186,7.79115,0.666667,1.0,9.328995,0.0089315,0.20935370923799398,0.3
1769796485.894267,0.005615333333333333,-0.10312783333333327,7.788903570149895,0.3,-0.00296,-0.094186,7.79115,0.666667,1.0,9.328995,0.008947,0.21610241999649857,0.3
1769796485.934735,0.005855666666666666,-0.10312624999999992,7.776861130496245,0.3,-0.00296,-0.094186,7.79115,0.666667,1.0,9.328995,0.008947,0.21631666480938205,0.3
1769796485.934735,0.006203333333333332,-0.1031064166666666,7.798623729160527,0.3,-0.00296,-0.094186,7.79115,0.666667,1.0,9.328995,0.00892675,0.21164931852567861,0.3
1769796485.955025,0.006411,-0.10306774999999994,7.802021509953692,0.3,-0.00296,-0.094186,7.79115,0.666667,1.0,9.328995,0.0088875,0.20844206520267825,0.3
1769796485.975312,0.006712,-0.10300733333333327,7.785604235305104,0.3,-0.00296,-0.094186,7.79115,0.666667,1.0,9.328995,0.008831,0.20803178350737028,0.3
1769796485.995793,0.006992333333333333,-0.10292474999999994,7.798746490419982,0.3,-0.00296,-0.094186,7.79115,0.666667,1.0,9.328995,0.0087455,0.21289472710926005,0.3
1769796486.016132,0.007253666666666666,-0.10281958333333326,7.785472984017346,0.3,-0.00296,-0.094186,7.79115,0.666667,1.0,9.328995,0.00863975,0.20861369362433915,0.3
1769796486.036669,0.007497666666666666,-0.10269599999999994,7.7963194163828735,0.3,-0.00296,-0.094186,7.79115,0.666667,1.0,9.328995,0.0085155,0.21106897089073098,0.3
1769796486.056943,0.007727,-0.1025559166666666,7.788106254198249,0.3,-0.00296,-0.094186,7.79115,0.666667,1.0,9.328995,0.00837475,0.21064109001012418,0.3
1769796486.076887,0.007942666666666666,-0.10240133333333327,7.7829447441534585,0.3,-0.00296,-0.094186,7.79115,0.666667,1.0,9.328995,0.0082195,0.20858146119338794,0.3
1769796486.097361,0.008147333333333333,-0.10223416666666658,7.798895444460442,0.3,-0.00296,-0.094186,7.79115,0.666667,1.0,9.328995,0.00805175,0.21955643888990373,0.3
1769796486.118017,0.008341333333333333,-0.10205641666666661,7.752044142615542,0.3,-0.00296,-0.094186,7.79115,0.666667,1.0,9.328995,0.00787325,0.2133461601819702,0.3
1769796486.137851,0.008526666666666667,-0.1018699166666666,7.797511021473997,0.3,-0.00296,-0.094186,7.79115,0.666667,1.0,9.328995,0.00768625,0.20735817186335193,0.3
1769796486.158183,0.008704,-0.10167633333333327,7.812676381553649,0.3,-0.00296,-0.094186,7.79115,0.666667,1.0,9.328995,0.007492250000000001,0.1915028208860552,0.3
1769796486.178236,0.008875333333333334,-0.10147708333333327,7.794724028272065,0.3,-0.00296,-0.094186,7.79115,0.666667,1.0,9.328995,0.0072925,0.19399152626342683,0.3
1769796486.198352,0.009042,-0.10127324999999993,7.786279077793508,0.3,-0.00296,-0.094186,7.79115,0.666667,1.0,9.328995,0.007088499999999999,0.20059916199517738,0.3
1769796486.218716,0.009205,-0.10106566666666661,7.788395065453424,0.3,-0.00296,-0.094186,7.79115,0.666667,1.0,9.328995,0.00688075,0.19795366417720903,0.3
1769796486.238814,0.009365333333333331,-0.10085499999999993,7.798035517195014,0.3,-0.00296,-0.094186,7.79115,0.666667,1.0,9.328995,0.0066697499999999995,0.19387325494583704,0.3
1769796486.259254,0.009523666666666666,-0.10064208333333326,7.794140923876303,0.3,-0.00296,-0.094186,7.79115,0.666667,1.0,9.328995,0.0064564999999999996,0.18568312433145526,0.3
1769796486.279767,0.009681333333333333,-0.10042783333333327,7.8082991622118305,0.3,-0.00296,-0.094186,7.79115,0.666667,1.0,9.328995,0.006242,0.18505003362466232,0.3
1769796486.299885,0.009839,-0.10021308333333327,7.795122133741629,0.3,-0.00296,-0.094186,7.79115,0.666667,1.0,9.328995,0.006026999999999999,0.18730460514467717,0.3
1769796486.320221,0.009997666666666667,-0.09999858333333327,7.782368267917416,0.3,-0.00296,-0.094186,7.79115,0.666667,1.0,9.328995,0.00581225,0.18769205688976212,0.3
1769796486.340479,0.010157333333333332,-0.0997849166666666,7.801950559857867,0.3,-0.00296,-0.094186,7.79115,0.666667,1.0,9.328995,0.0055985,0.1909969639544158,0.3
1769796486.360821,0.010318666666666669,-0.09957249999999994,7.780571677339657,0.3,-0.00296,-0.094186,7.79115,0.666667,1.0,9.328995,0.005386,0.190575595480679,0.3
1769796486.38101,0.010481666666666667,-0.09936166666666661,7.778636995554893,0.3,-0.00296,-0.094186,7.79115,0.666667,1.0,9.328995,0.005175,0.1970670321429396,0.3
1769796486.401323,0.010647000000000002,-0.09915274999999994,7.777706803105899,0.3,-0.00296,-0.094186,7.79115,0.666667,1.0,9.328995,0.004966,0.1892279149281765,0.3
1769796486.421673,0.010815,-0.09894599999999994,7.799278648828498,0.3,-0.00296,-0.094186,7.79115,0.666667,1.0,9.328995,0.0047592500000000005,0.1861970848081389,0.3
1769796486.441825,0.010986333333333334,-0.0987416666666666,7.782951864858942,0.3,-0.00296,-0.094186,7.79115,0.666667,1.0,9.328995,0.00455475,0.18131074216567247,0.3
1769796486.461902,0.011160666666666666,-0.09854008333333326,7.787485904428536,0.3,-0.00296,-0.094186,7.79115,0.666667,1.0,9.328995,0.004353,0.1843155398765499,0.3
1769796486.482662,0.011338666666666665,-0.09834158333333326,7.785974802596879,0.3,-0.00296,-0.094186,7.79115,0.666667,1.0,9.328995,0.0041545,0.18013084016222228,0.3
1769796486.502455,0.01152,-0.09814658333333326,7.790731941767583,0.3,-0.00296,-0.094186,7.79115,0.666667,1.0,9.328995,0.003959249999999999,0.17754215689414674,0.3
1769796486.522726,0.011705333333333333,-0.09795524999999994,7.790967657365489,0.3,-0.00296,-0.094186,7.79115,0.666667,1.0,9.328995,0.003768,0.17381786371693486,0.3
1769796486.542708,0.011894666666666666,-0.09776774999999993,7.792220528272735,0.3,-0.00296,-0.094186,7.79115,0.666667,1.0,9.328995,0.0035805000000000003,0.1679508594210395,0.3
1769796486.562928,0.012088000000000002,-0.0975841666666666,7.804380580160805,0.3,-0.00296,-0.094186,7.79115,0.666667,1.0,9.328995,0.00339675,0.16450826927628817,0.3
1769796486.583528,0.012286,-0.09740458333333328,7.797304097342537,0.3,-0.00296,-0.094186,7.79115,0.666667,1.0,9.328995,0.00321725,0.16496533192101945,0.3
1769796486.603688,0.012487999999999999,-0.09722924999999993,7.786907843498005,0.3,-0.00296,-0.094186,7.79115,0.666667,1.0,9.328995,0.00304175,0.16129754511090935,0.3
1769796486.623724,0.012695,-0.09705824999999994,7.811306245962012,0.3,-0.00296,-0.094186,7.79115,0.666667,1.0,9.328995,0.0028707499999999996,0.16195651849831605,0.3
1769796486.643869,0.012906,-0.09689183333333327,7.791187591734985,0.3,-0.00296,-0.094186,7.79115,0.666667,1.0,9.328995,0.00270425,0.15928112845815678,0.3
1769796486.664368,0.013122,-0.09672999999999993,7.791313251259394,0.3,-0.00296,-0.094186,7.79115,0.666667,1.0,9.328995,0.0025424999999999996,0.16791175781839943,0.3
1769796486.684921,0.013342333333333333,-0.09657283333333326,7.7819904028315205,0.3,-0.00296,-0.094186,7.79115,0.666667,1.0,9.328995,0.00238525,0.163041824796732,0.3
1769796486.704923,0.013567666666666665,-0.09642033333333327,7.802182237796209,0.3,-0.00296,-0.094186,7.79115,0.666667,1.0,9.328995,0.00223275,0.1631667892524521,0.3
1769796486.725353,0.013797666666666666,-0.09627249999999994,7.787430847106414,0.3,-0.00296,-0.094186,7.79115,0.666667,1.0,9.328995,0.002085,0.15732224078083412,0.3
1769796486.745402,0.014032666666666666,-0.09612933333333328,7.795963325673369,0.3,-0.00296,-0.094186,7.79115,0.666667,1.0,9.328995,0.00194175,0.16007300592901572,0.3
1769796486.765754,0.014272333333333333,-0.09599083333333329,7.7908202578851204,0.3,-0.00296,-0.094186,7.79115,0.666667,1.0,9.328995,0.00180325,0.15679503307379952,0.3
1769796486.785959,0.014516666666666666,-0.09585699999999993,7.794039330665272,0.3,-0.00296,-0.094186,7.79115,0.666667,1.0,9.328995,0.0016695,0.15213700486691795,0.3
1769796486.806185,0.014765666666666668,-0.09572783333333328,7.806967703727261,0.3,-0.00296,-0.094186,7.79115,0.666667,1.0,9.328995,0.00154025,0.15078363716966534,0.3
1769796486.8264,0.015019666666666667,-0.09560333333333326,7.791897680793144,0.3,-0.00296,-0.094186,7.79115,0.666667,1.0,9.328995,0.00141575,0.1522983761656186,0.3
1769796486.847114,0.015278333333333333,-0.09548349999999993,7.786786623025909,0.3,-0.00296,-0.094186,7.79115,0.666667,1.0,9.328995,0.001296,0.1550333260791448,0.3
1769796486.867129,0.015541666666666667,-0.09536833333333328,7.795999889950946,0.3,-0.00296,-0.094186,7.79115,0.666667,1.0,9.328995,0.00118075,0.15554876922524977,0.3
1769796486.887391,0.01580933333333333,-0.09525774999999993,7.78775852134476,0.3,-0.00296,-0.094186,7.79115,0.666667,1.0,9.328995,0.00107025,0.15182543955834016,0.3
1769796486.907801,0.016081666666666668,-0.09515183333333327,7.795375197553967,0.3,-0.00296,-0.094186,7.79115,0.666667,1.0,9.328995,0.0009642499999999999,0.14833834931263032,0.3
1769796486.927821,0.016358666666666667,-0.0950504166666666,7.804073384499966,0.3,-0.00296,-0.094186,7.79115,0.666667,1.0,9.328995,0.0008629999999999999,0.14385833045471372,0.3
1769796486.948134,0.01664,-0.09495349999999993,7.798904655898294,0.3,-0.00296,-0.094186,7.79115,0.666667,1.0,9.328995,0.000766,0.14433102282544616,0.3
1769796486.968276,0.016926,-0.09486091666666659,7.791716963165251,0.3,-0.00296,-0.094186,7.79115,0.666667,1.0,9.328995,0.0006734999999999999,0.14736289264330973,0.3
1769796486.988574,0.017216,-0.09477258333333327,7.792919877170027,0.3,-0.00296,-0.094186,7.79115,0.666667,1.0,9.328995,0.00058525,0.1469051653388718,0.3
1769796487.009016,0.017510666666666667,-0.09468849999999994,7.79828317851654,0.3,-0.00296,-0.094186,7.79115,0.666667,1.0,9.328995,0.000501,0.14694138829184958,0.3
1769796487.02935,0.017809000000000002,-0.09460858333333326,7.789721674396033,0.3,-0.00296,-0.094186,7.79115,0.666667,1.0,9.328995,0.00042125,0.13978496294336393,0.3
1769796487.049755,0.01811166666666667,-0.09453283333333327,7.812582356749509,0.3,-0.00296,-0.094186,7.79115,0.666667,1.0,9.328995,0.0003455,0.1439664244130788,0.3
1769796487.069846,0.01841833333333333,-0.09446108333333327,7.783996492631918,0.3,-0.00296,-0.094186,7.79115,0.666667,1.0,9.328995,0.00027375,0.14229117371872602,0.3
1769796487.089995,0.018729333333333334,-0.09439324999999994,7.793111365400454,0.3,-0.00296,-0.094186,7.79115,0.666667,1.0,9.328995,0.00020600000000000002,0.14961084731491722,0.3
1769796487.110134,0.019044000000000002,-0.09432924999999993,7.789073772144973,0.3,-0.00296,-0.094186,7.79115,0.666667,1.0,9.328995,0.000142,0.149713144477693,0.3
1769796487.130614,0.019362333333333332,-0.09426899999999994,7.782251470578347,0.3,-0.00296,-0.094186,7.79115,0.666667,1.0,9.328995,8.175000000000001e-05,0.15486541595618816,0.3
1769796487.151063,0.019684,-0.09421241666666659,7.776294807508267,0.3,-0.00296,-0.094186,7.79115,0.666667,1.0,9.328995,2.525e-05,0.15046987826612265,0.3
1769796487.170831,0.020009333333333334,-0.09415933333333326,7.800984511410335,0.3,-0.00296,-0.094186,7.79115,0.666667,1.0,9.328995,-2.775e-05,0.14189768636457897,0.3
1769796487.191153,0.020338000000000002,-0.09410958333333326,7.806761683801142,0.3,-0.00296,-0.094186,7.79115,0.666667,1.0,9.328995,-7.75e-05,0.13471119839427317,0.3
1769796487.211362,0.020669999999999997,-0.09406308333333326,7.796727899857168,0.3,-0.00296,-0.094186,7.79115,0.666667,1.0,9.328995,-0.000124,0.13711509429033472,0.3
1769796487.231623,0.021005333333333334,-0.09401974999999994,7.7927171493108265,0.3,-0.00296,-0.094186,7.79115,0.666667,1.0,9.328995,-0.00016725,0.1443648457113861,0.3
1769796487.252131,0.021343666666666667,-0.09397949999999992,7.784022382509076,0.3,-0.00296,-0.094186,7.79115,0.666667,1.0,9.328995,-0.0002075,0.14487639249857884,0.3
1769796487.271862,0.021684666666666668,-0.09394224999999994,7.794304652981284,0.3,-0.00296,-0.094186,7.79115,0.666667,1.0,9.328995,-0.00024475,0.14506148846755282,0.3
1769796487.292057,0.022028333333333334,-0.09390783333333326,7.791321437607312,0.3,-0.00296,-0.094186,7.79115,0.666667,1.0,9.328995,-0.000279,0.14004025686587626,0.3
1769796487.31247,0.022374666666666668,-0.09387608333333326,7.79830744800125,0.3,-0.00296,-0.094186,7.79115,0.666667,1.0,9.328995,-0.00031075,0.14503482909480947,0.3
1769796487.332896,0.022723666666666666,-0.09384683333333327,7.7785675120692135,0.3,-0.00296,-0.094186,7.79115,0.666667,1.0,9.328995,-0.00033999999999999997,0.14594314790845456,0.3
1769796487.353052,0.023075000000000002,-0.09382008333333326,7.787938197027618,0.3,-0.00296,-0.094186,7.79115,0.666667,1.0,9.328995,-0.00036675,0.14748674519415955,0.3
1769796487.373248,0.023428666666666667,-0.09379574999999994,7.793084887347227,0.3,-0.00296,-0.094186,7.79115,0.666667,1.0,9.328995,-0.00039099999999999996,0.1443837808010172,0.3
1769796487.393501,0.023784666666666666,-0.09377383333333326,7.787336993365078,0.3,-0.00296,-0.094186,7.79115,0.666667,1.0,9.328995,-0.000413,0.1441219424355031,0.3
1769796487.413833,0.024142999999999998,-0.0937541666666666,7.7882147954726415,0.3,-0.00296,-0.094186,7.79115,0.666667,1.0,9.328995,-0.0004325,0.14409411698163058,0.3
1769796487.434275,0.024503333333333335,-0.09373658333333328,7.792702060847214,0.3,-0.00296,-0.094186,7.79115,0.666667,1.0,9.328995,-0.00045,0.14699228664922243,0.3
1769796487.454704,0.02486566666666667,-0.09372099999999993,7.778227982450344,0.3,-0.00296,-0.094186,7.79115,0.666667,1.0,9.328995,-0.00046575,0.14627159979120571,0.3
1769796487.474709,0.025229666666666668,-0.09370808333333326,7.7900516521739505,0.3,-0.00296,-0.094186,7.79115,0.666667,1.0,9.328995,-0.00047925,0.14872820103169312,0.3
1769796487.494803,0.025473,-0.09369766666666661,7.785070206868383,0.3,-0.00296,-0.094186,7.79115,0.666667,1.0,9.328995,-0.00048875,0.14787364370103714,0.3
1769796487.494803,0.02571733333333333,-0.09368949999999994,7.780585774236136,0.3,-0.00296,-0.094186,7.79115,0.666667,1.0,9.328995,-0.000497,0.15296290954035593,0.3
1769796487.515013,0.025962666666666665,-0.09368258333333328,7.774580973684829,0.3,-0.00296,-0.094186,7.79115,0.666667,1.0,9.328995,-0.0005037500000000001,0.15256162118022268,0.3
1769796487.535599,0.02633166666666667,-0.0936761666666666,7.786072011894948,0.3,-0.00296,-0.094186,7.79115,0.666667,1.0,9.328995,-0.0005095,0.14675938626312265,0.3
1769796487.55574,0.02670233333333334,-0.09367033333333326,7.797843334279229,0.3,-0.00296,-0.094186,7.79115,0.666667,1.0,9.328995,-0.00051625,0.13970448012806788,0.3
1769796487.575752,0.027074666666666664,-0.09366524999999992,7.7956330150982485,0.3,-0.00296,-0.094186,7.79115,0.666667,1.0,9.328995,-0.00052125,0.13628722913654354,0.3
1769796487.596108,0.027448666666666666,-0.09366174999999993,7.796229818972133,0.3,-0.00296,-0.094186,7.79115,0.666667,1.0,9.328995,-0.00052475,0.13608664107839796,0.3
1769796487.616899,0.027824333333333336,-0.09365966666666659,7.79830347514208,0.3,-0.00296,-0.094186,7.79115,0.666667,1.0,9.328995,-0.00052675,0.13542024220592608,0.3
1769796487.637034,0.02820133333333333,-0.09365891666666659,7.797573543214709,0.3,-0.00296,-0.094186,7.79115,0.666667,1.0,9.328995,-0.0005275,0.1422558897906557,0.3
1769796487.656971,0.028579333333333335,-0.09365941666666659,7.775747198810096,0.3,-0.00296,-0.094186,7.79115,0.666667,1.0,9.328995,-0.000527,0.14068959094965297,0.3
1769796487.677391,0.028958333333333332,-0.09366108333333327,7.8030495078178275,0.3,-0.00296,-0.094186,7.79115,0.666667,1.0,9.328995,-0.00052525,0.13525831479322017,0.3
1769796487.697705,0.029338333333333338,-0.09366391666666661,7.813887714488452,0.3,-0.00296,-0.094186,7.79115,0.666667,1.0,9.328995,-0.0005225,0.12790103670114947,0.3
1769796487.717988,0.029719333333333334,-0.09366783333333327,7.79784935775168,0.3,-0.00296,-0.094186,7.79115,0.666667,1.0,9.328995,-0.0005185,0.12639908576704403,0.3
1769796487.737952,0.03010133333333333,-0.09367274999999993,7.807687905107296,0.3,-0.00296,-0.094186,7.79115,0.666667,1.0,9.328995,-0.0005135000000000001,0.13500623391308905,0.3
1769796487.758425,0.030484333333333336,-0.09367858333333327,7.7881628597034585,0.3,-0.00296,-0.094186,7.79115,0.666667,1.0,9.328995,-0.00050775,0.13724379890111663,0.3
1769796487.778509,0.03086833333333333,-0.0936851666666666,7.79128725430372,0.3,-0.00296,-0.094186,7.79115,0.666667,1.0,9.328995,-0.0005009999999999999,0.142255849927717,0.3
1769796487.79878,0.031253,-0.09369258333333326,7.792771384421291,0.3,-0.00296,-0.094186,7.79115,0.666667,1.0,9.328995,-0.00049375,0.14131243152793527,0.3
1769796487.819701,0.031638,-0.0937006666666666,7.791122794621704,0.3,-0.00296,-0.094186,7.79115,0.666667,1.0,9.328995,-0.0004855,0.14439118188995212,0.3
1769796487.839167,0.032023666666666666,-0.09370949999999993,7.782287984890559,0.3,-0.00296,-0.094186,7.79115,0.666667,1.0,9.328995,-0.00047674999999999996,0.15020253587410004,0.3
1769796487.859468,0.03240966666666666,-0.0937189166666666,7.775533366253149,0.3,-0.00296,-0.094186,7.79115,0.666667,1.0,9.328995,-0.00046725,0.14886343845938194,0.3
1769796487.879814,0.03279633333333334,-0.09372883333333326,7.79540273184316,0.3,-0.00296,-0.094186,7.79115,0.666667,1.0,9.328995,-0.00045725,0.1485217190337846,0.3
1769796487.900018,0.033183,-0.0937391666666666,7.783470533864431,0.3,-0.00296,-0.094186,7.79115,0.666667,1.0,9.328995,-0.000447,0.13837852425356897,0.3
1769796487.920395,0.033569999999999996,-0.09374974999999992,7.8061912506920965,0.3,-0.00296,-0.094186,7.79115,0.666667,1.0,9.328995,-0.00043625,0.13778871750221774,0.3
1769796487.940625,0.03395733333333334,-0.09376058333333326,7.797421668043365,0.3,-0.00296,-0.094186,7.79115,0.666667,1.0,9.328995,-0.0004255,0.1327420546653455,0.3
1769796487.961093,0.034344999999999994,-0.09377149999999994,7.798835612243414,0.3,-0.00296,-0.094186,7.79115,0.666667,1.0,9.328995,-0.00041450000000000005,0.13478149112670823,0.3
1769796487.981451,0.03473266666666667,-0.09378258333333327,7.800322437422137,0.3,-0.00296,-0.094186,7.79115,0.666667,1.0,9.328995,-0.00040350000000000005,0.13863658048743627,0.3
1769796488.001724,0.03512033333333333,-0.09379383333333326,7.786104320747837,0.3,-0.00296,-0.094186,7.79115,0.666667,1.0,9.328995,-0.00039225,0.14092801449870943,0.3
1769796488.021863,0.035508000000000005,-0.09380524999999994,7.792240648435853,0.3,-0.00296,-0.094186,7.79115,0.666667,1.0,9.328995,-0.00038075,0.14397363092281343,0.3
1769796488.041955,0.03589599999999999,-0.09381683333333328,7.791463204616856,0.3,-0.00296,-0.094186,7.79115,0.666667,1.0,9.328995,-0.00036925,0.14307362430417753,0.3
1769796488.062332,0.036284333333333335,-0.09382849999999994,7.789060042233232,0.3,-0.00296,-0.094186,7.79115,0.666667,1.0,9.328995,-0.00035749999999999996,0.14115629329155624,0.3
1769796488.082651,0.03667266666666666,-0.09384016666666661,7.7982447311966006,0.3,-0.00296,-0.094186,7.79115,0.666667,1.0,9.328995,-0.00034575000000000003,0.13740133887767889,0.3
1769796488.102886,0.037061000000000004,-0.09385183333333326,7.802982426189024,0.3,-0.00296,-0.094186,7.79115,0.666667,1.0,9.328995,-0.00033425,0.13691286050502569,0.3
1769796488.122875,0.037449,-0.0938634166666666,7.790813870296913,0.3,-0.00296,-0.094186,7.79115,0.666667,1.0,9.328995,-0.00032250000000000003,0.14039951665648903,0.3
1769796488.143237,0.037837,-0.09387491666666659,7.788045281272514,0.3,-0.00296,-0.094186,7.79115,0.666667,1.0,9.328995,-0.00031099999999999997,0.14202889800753285,0.3
1769796488.163666,0.038225,-0.09388633333333325,7.798344228085134,0.3,-0.00296,-0.094186,7.79115,0.666667,1.0,9.328995,-0.00029975,0.14449220087440381,0.3
1769796488.183685,0.038613,-0.0938976666666666,7.783679513238137,0.3,-0.00296,-0.094186,7.79115,0.666667,1.0,9.328995,-0.00028825,0.14234926987757276,0.3
1769796488.204069,0.03900066666666666,-0.09390899999999992,7.794730499413607,0.3,-0.00296,-0.094186,7.79115,0.666667,1.0,9.328995,-0.000277,0.1441321587123184,0.3
1769796488.22409,0.03938833333333333,-0.0939201666666666,7.7932735236331485,0.3,-0.00296,-0.094186,7.79115,0.666667,1.0,9.328995,-0.00026575,0.1466008186225,0.3
1769796488.244503,0.03977566666666666,-0.09393116666666661,7.776506430806283,0.3,-0.00296,-0.094186,7.79115,0.666667,1.0,9.328995,-0.00025475,0.1464040707592751,0.3
1769796488.264838,0.040163,-0.09394191666666661,7.795572994659359,0.3,-0.00296,-0.094186,7.79115,0.666667,1.0,9.328995,-0.00024399999999999997,0.14641037192795464,0.3
1769796488.285056,0.040550333333333334,-0.09395249999999994,7.793488136544792,0.3,-0.00296,-0.094186,7.79115,0.666667,1.0,9.328995,-0.0002335,0.1436102359141732,0.3
1769796488.305465,0.04093733333333333,-0.09396299999999992,7.785147665262199,0.3,-0.00296,-0.094186,7.79115,0.666667,1.0,9.328995,-0.000223,0.1501650819972907,0.3
1769796488.325741,0.04132433333333333,-0.09397341666666659,7.776148994240133,0.3,-0.00296,-0.094186,7.79115,0.666667,1.0,9.328995,-0.0002125,0.14603612386495188,0.3
1769796488.345795,0.041711,-0.09398366666666659,7.806116839922364,0.3,-0.00296,-0.094186,7.79115,0.666667,1.0,9.328995,-0.00020224999999999998,0.14379014518435673,0.3
1769796488.366482,0.042097666666666665,-0.0939936666666666,7.79210885182079,0.3,-0.00296,-0.094186,7.79115,0.666667,1.0,9.328995,-0.00019224999999999998,0.135890949678878,0.3
1769796488.386866,0.042483999999999994,-0.0940034166666666,7.800069480783288,0.3,-0.00296,-0.094186,7.79115,0.666667,1.0,9.328995,-0.0001825,0.13919524156743382,0.3
1769796488.406924,0.04287,-0.09401283333333327,7.796423554730693,0.3,-0.00296,-0.094186,7.79115,0.666667,1.0,9.328995,-0.00017299999999999998,0.13924505193522,0.3
1769796488.427444,0.04325533333333333,-0.0940219166666666,7.792179898164098,0.3,-0.00296,-0.094186,7.79115,0.666667,1.0,9.328995,-0.000164,0.14645117863232796,0.3
1769796488.447734,0.043640333333333337,-0.09403049999999992,7.778659985743668,0.3,-0.00296,-0.094186,7.79115,0.666667,1.0,9.328995,-0.00015525,0.14458753407011346,0.3
1769796488.467775,0.04402466666666666,-0.09403858333333326,7.802208261046783,0.3,-0.00296,-0.094186,7.79115,0.666667,1.0,9.328995,-0.00014725,0.14972433725795503,0.3
1769796488.489528,0.04440866666666667,-0.09404608333333327,7.7769230673368215,0.3,-0.00296,-0.094186,7.79115,0.666667,1.0,9.328995,-0.00013975,0.14529840620752998,0.3
1769796488.508452,0.04479233333333333,-0.09405316666666659,7.792142595797504,0.3,-0.00296,-0.094186,7.79115,0.666667,1.0,9.328995,-0.00013275,0.14803472978024126,0.3
1769796488.528716,0.04517566666666667,-0.09405991666666659,7.794153713366066,0.3,-0.00296,-0.094186,7.79115,0.666667,1.0,9.328995,-0.000126,0.13895285581770014,0.3
1769796488.548797,0.045558666666666664,-0.0940664166666666,7.80436284008829,0.3,-0.00296,-0.094186,7.79115,0.666667,1.0,9.328995,-0.00011949999999999999,0.13991098543599012,0.3
1769796488.569342,0.045941333333333334,-0.09407274999999993,7.789375581737218,0.3,-0.00296,-0.094186,7.79115,0.666667,1.0,9.328995,-0.00011325000000000002,0.13960213856987866,0.3
1769796488.5898,0.046324,-0.09407891666666661,7.795219926527012,0.3,-0.00296,-0.094186,7.79115,0.666667,1.0,9.328995,-0.000107,0.14420613868010376,0.3
1769796488.609799,0.04670666666666667,-0.09408491666666659,7.790691463984112,0.3,-0.00296,-0.094186,7.79115,0.666667,1.0,9.328995,-0.00010099999999999999,0.14528958093484476,0.3
1769796488.629942,0.04708933333333334,-0.09409074999999993,7.786269144791063,0.3,-0.00296,-0.094186,7.79115,0.666667,1.0,9.328995,-9.525e-05,0.1469306266074153,0.3
1769796488.650316,0.04747166666666667,-0.09409641666666659,7.790430939261864,0.3,-0.00296,-0.094186,7.79115,0.666667,1.0,9.328995,-8.950000000000001e-05,0.145731660624283,0.3
1769796488.670804,0.04785400000000001,-0.09410199999999992,7.794408275848785,0.3,-0.00296,-0.094186,7.79115,0.666667,1.0,9.328995,-8.400000000000001e-05,0.1446281550048852,0.3
1769796488.690951,0.048236,-0.09410749999999994,7.789705701865543,0.3,-0.00296,-0.094186,7.79115,0.666667,1.0,9.328995,-7.850000000000001e-05,0.14244431209128972,0.3
1769796488.711109,0.048618,-0.09411299999999993,7.797110289752432,0.3,-0.00296,-0.094186,7.79115,0.666667,1.0,9.328995,-7.3e-05,0.14308557680225564,0.3
1769796488.731761,0.04900033333333333,-0.09411849999999992,7.792607702256959,0.3,-0.00296,-0.094186,7.79115,0.666667,1.0,9.328995,-6.75e-05,0.14528058666185614,0.3
1769796488.751701,0.049382666666666665,-0.0941239166666666,7.7832472769365095,0.3,-0.00296,-0.094186,7.79115,0.666667,1.0,9.328995,-6.199999999999999e-05,0.14779153526637248,0.3
1769796488.772298,0.049765,-0.09412933333333327,7.789695214489975,0.3,-0.00296,-0.094186,7.79115,0.666667,1.0,9.328995,-5.675e-05,0.14968993338919714,0.3
1769796488.792531,0.050147,-0.0941346666666666,7.787040277278924,0.3,-0.00296,-0.094186,7.79115,0.666667,1.0,9.328995,-5.125e-05,0.1505319809338543,0.3
1769796488.812707,0.05052899999999999,-0.09413999999999993,7.780838925105742,0.3,-0.00296,-0.094186,7.79115,0.666667,1.0,9.328995,-4.600000000000001e-05,0.15230480422903123,0.3
1769796488.832945,0.05091099999999999,-0.09414533333333326,7.784501193665591,0.3,-0.00296,-0.094186,7.79115,0.666667,1.0,9.328995,-4.075e-05,0.14968825683816642,0.3
1769796488.853259,0.051293,-0.0941506666666666,7.795010083084696,0.3,-0.00296,-0.094186,7.79115,0.666667,1.0,9.328995,-3.525e-05,0.15112663255246925,0.3
1769796488.873366,0.051675,-0.09415599999999992,7.77664471099287,0.3,-0.00296,-0.094186,7.79115,0.666667,1.0,9.328995,-3e-05,0.14015978474443153,0.3
1769796488.893621,0.052057,-0.09416133333333326,7.817522369865032,0.3,-0.00296,-0.094186,7.79115,0.666667,1.0,9.328995,-2.475e-05,0.14110434250780343,0.3
1769796488.913691,0.05243899999999999,-0.09416666666666658,7.7922982170243325,0.3,-0.00296,-0.094186,7.79115,0.666667,1.0,9.328995,-1.925e-05,0.13277458810005946,0.3
1769796488.933898,0.052821,-0.09417199999999994,7.80175403542687,0.3,-0.00296,-0.094186,7.79115,0.666667,1.0,9.328995,-1.4e-05,0.13766568240634244,0.3
1769796488.954695,0.053203,-0.09417724999999993,7.802968983369916,0.3,-0.00296,-0.094186,7.79115,0.666667,1.0,9.328995,-8.75e-06,0.14115703636990984,0.3
1769796488.974694,0.053584999999999994,-0.09418249999999993,7.781942532110273,0.3,-0.00296,-0.094186,7.79115,0.666667,1.0,9.328995,-3.5e-06,0.14841860191503686,0.3
1769796488.994843,0.053966999999999994,-0.09418733333333328,7.7800880526131255,0.3,-0.00296,-0.094186,7.79115,0.666667,1.0,9.328995,1.7500000000000002e-06,0.15562442492544928,0.3
1769796489.014895,0.05422166666666667,-0.09419174999999995,7.781461603237211,0.3,-0.00296,-0.094186,7.79115,0.666667,1.0,9.328995,5.750000000000001e-06,0.15167079962130348,0.3
1769796489.014895,0.05447633333333333,-0.09419574999999993,7.793902877884464,0.3,-0.00296,-0.094186,7.79115,0.666667,1.0,9.328995,9.75e-06,0.15296723151277328,0.3
1769796489.035332,0.054731,-0.09419974999999993,7.776289821042833,0.3,-0.00296,-0.094186,7.79115,0.666667,1.0,9.328995,1.375e-05,0.1470435016376972,0.3
1769796489.055952,0.055113,-0.09420408333333326,7.799324769812353,0.3,-0.00296,-0.094186,7.79115,0.666667,1.0,9.328995,1.775e-05,0.14740995495743178,0.3
1769796489.075675,0.055494999999999996,-0.09420874999999994,7.7928997310925485,0.3,-0.00296,-0.094186,7.79115,0.666667,1.0,9.328995,2.275e-05,0.13903125835367333,0.3
1769796489.096019,0.055876666666666665,-0.09421358333333328,7.801531594869682,0.3,-0.00296,-0.094186,7.79115,0.666667,1.0,9.328995,2.775e-05,0.14018068978467638,0.3
1769796489.1163,0.05625766666666667,-0.09421808333333327,7.795984911246425,0.3,-0.00296,-0.094186,7.79115,0.666667,1.0,9.328995,3.225e-05,0.13801609773232937,0.3
1769796489.136779,0.056638,-0.09422216666666659,7.799499195541783,0.3,-0.00296,-0.094186,7.79115,0.666667,1.0,9.328995,3.625e-05,0.13856594052429258,0.3
1769796489.158183,0.05701766666666667,-0.09422574999999993,7.799982346582878,0.3,-0.00296,-0.094186,7.79115,0.666667,1.0,9.328995,3.9999999999999996e-05,0.1481665719724565,0.3
1769796489.177102,0.057397333333333335,-0.09422891666666659,7.767253000096945,0.3,-0.00296,-0.094186,7.79115,0.666667,1.0,9.328995,4.3e-05,0.1452528454558063,0.3
1769796489.197251,0.057776333333333325,-0.09423158333333327,7.808309673783609,0.3,-0.00296,-0.094186,7.79115,0.666667,1.0,9.328995,4.575e-05,0.14761790244066797,0.3
1769796489.217597,0.05815533333333334,-0.09423383333333328,7.792940090957154,0.3,-0.00296,-0.094186,7.79115,0.666667,1.0,9.328995,4.8e-05,0.13929677589898226,0.3
1769796489.237911,0.05853366666666667,-0.0942356666666666,7.792278852595276,0.3,-0.00296,-0.094186,7.79115,0.666667,1.0,9.328995,4.9749999999999996e-05,0.1435374991471094,0.3
1769796489.258394,0.058912,-0.0942371666666666,7.795632060686908,0.3,-0.00296,-0.094186,7.79115,0.666667,1.0,9.328995,5.125e-05,0.14420792689440795,0.3
1769796489.27877,0.059289666666666664,-0.09423841666666659,7.7909631279058775,0.3,-0.00296,-0.094186,7.79115,0.666667,1.0,9.328995,5.25e-05,0.142326276936784,0.3
1769796489.298838,0.05966733333333333,-0.09423949999999992,7.797949689063411,0.3,-0.00296,-0.094186,7.79115,0.666667,1.0,9.328995,5.35e-05,0.14256631508681628,0.3
1769796489.319084,0.06004466666666666,-0.0942404166666666,7.79493423386886,0.3,-0.00296,-0.094186,7.79115,0.666667,1.0,9.328995,5.4499999999999997e-05,0.13858952942094305,0.3
1769796489.339447,0.060422,-0.0942411666666666,7.802914156755831,0.3,-0.00296,-0.094186,7.79115,0.666667,1.0,9.328995,5.525e-05,0.14077975613967134,0.3
1769796489.359783,0.060799,-0.0942416666666666,7.791398682574038,0.3,-0.00296,-0.094186,7.79115,0.666667,1.0,9.328995,5.575e-05,0.1449884540057251,0.3
1769796489.37974,0.061176,-0.09424191666666659,7.782316429258878,0.3,-0.00296,-0.094186,7.79115,0.666667,1.0,9.328995,5.6e-05,0.15133879296422942,0.3
1769796489.39983,0.061552666666666665,-0.09424191666666659,7.783865975487477,0.3,-0.00296,-0.094186,7.79115,0.666667,1.0,9.328995,5.6e-05,0.15438755989550376,0.3
1769796489.419953,0.061929333333333336,-0.09424183333333326,7.782250181260689,0.3,-0.00296,-0.094186,7.79115,0.666667,1.0,9.328995,5.575e-05,0.15110746279789658,0.3
1769796489.440589,0.062306,-0.09424175,7.792161838703492,0.3,-0.00296,-0.094186,7.79115,0.666667,1.0,9.328995,5.575e-05,0.14682293032920027,0.3
1769796489.460701,0.062683,-0.09424183333333325,7.796717977372816,0.3,-0.00296,-0.094186,7.79115,0.666667,1.0,9.328995,5.575e-05,0.1430348311454872,0.3
1769796489.480619,0.06306,-0.09424216666666659,7.7936142599813145,0.3,-0.00296,-0.094186,7.79115,0.666667,1.0,9.328995,5.6000000000000006e-05,0.14111538258602152,0.3
1769796489.500761,0.06343733333333333,-0.09424283333333326,7.797922687287399,0.3,-0.00296,-0.094186,7.79115,0.666667,1.0,9.328995,5.675e-05,0.1427669440070742,0.3
1769796489.521253,0.063815,-0.09424383333333326,7.791782368431038,0.3,-0.00296,-0.094186,7.79115,0.666667,1.0,9.328995,5.775e-05,0.1409696525827103,0.3
1769796489.541636,0.064193,-0.09424508333333327,7.799033670819338,0.3,-0.00296,-0.094186,7.79115,0.666667,1.0,9.328995,5.9000000000000004e-05,0.1435074897198955,0.3
1769796489.561659,0.06457133333333333,-0.09424649999999994,7.790336027894024,0.3,-0.00296,-0.094186,7.79115,0.666667,1.0,9.328995,6.050000000000001e-05,0.14028438656015427,0.3
1769796489.581704,0.06494966666666667,-0.09424799999999993,7.80147879310572,0.3,-0.00296,-0.094186,7.79115,0.666667,1.0,9.328995,6.2e-05,0.14711789544405693,0.3
1769796489.602025,0.065328,-0.09424958333333326,7.778566471866783,0.3,-0.00296,-0.094186,7.79115,0.666667,1.0,9.328995,6.35e-05,0.13837969784551188,0.3
1769796489.622798,0.06570633333333332,-0.09425124999999994,7.816595259701365,0.3,-0.00296,-0.094186,7.79115,0.666667,1.0,9.328995,6.525e-05,0.13864509432769104,0.3
1769796489.642783,0.066085,-0.09425308333333327,7.800719373583536,0.3,-0.00296,-0.094186,7.79115,0.666667,1.0,9.328995,6.7e-05,0.13666425303847315,0.3
1769796489.66321,0.06646366666666667,-0.09425491666666659,7.784551917801536,0.3,-0.00296,-0.094186,7.79115,0.666667,1.0,9.328995,6.9e-05,0.151823919832645,0.3
1769796489.683518,0.06684233333333332,-0.09425674999999993,7.771152268495317,0.3,-0.00296,-0.094186,7.79115,0.666667,1.0,9.328995,7.075e-05,0.15441611923495596,0.3
1769796489.703665,0.06722066666666666,-0.09425849999999993,7.792986202798947,0.3,-0.00296,-0.094186,7.79115,0.666667,1.0,9.328995,7.25e-05,0.15413436486592233,0.3
1769796489.724041,0.06759933333333333,-0.09426024999999993,7.785436265475891,0.3,-0.00296,-0.094186,7.79115,0.666667,1.0,9.328995,7.425e-05,0.14580303088116406,0.3
1769796489.743946,0.067978,-0.09426208333333326,7.796180248514456,0.3,-0.00296,-0.094186,7.79115,0.666667,1.0,9.328995,7.599999999999999e-05,0.14824207937473635,0.3
1769796489.764379,0.068357,-0.09426399999999995,7.785714582364668,0.3,-0.00296,-0.094186,7.79115,0.666667,1.0,9.328995,7.8e-05,0.14299628973800985,0.3
1769796489.784626,0.06873566666666667,-0.0942659166666666,7.801215258989708,0.3,-0.00296,-0.094186,7.79115,0.666667,1.0,9.328995,8e-05,0.14428171693045586,0.3
1769796489.804817,0.069114,-0.0942676666666666,7.792371344291957,0.3,-0.00296,-0.094186,7.79115,0.666667,1.0,9.328995,8.175e-05,0.142937184381687,0.3
1769796489.825756,0.06949166666666667,-0.09426908333333327,7.789795708996721,0.3,-0.00296,-0.094186,7.79115,0.666667,1.0,9.328995,8.325e-05,0.14652651950413545,0.3
1769796489.845618,0.069869,-0.09427008333333327,7.790473324017711,0.3,-0.00296,-0.094186,7.79115,0.666667,1.0,9.328995,8.425e-05,0.14969991488065726,0.3
1769796489.86594,0.070246,-0.0942706666666666,7.782875881779251,0.3,-0.00296,-0.094186,7.79115,0.666667,1.0,9.328995,8.475e-05,0.1491281838338049,0.3
1769796489.885919,0.07062266666666668,-0.09427083333333326,7.791509322871846,0.3,-0.00296,-0.094186,7.79115,0.666667,1.0,9.328995,8.5e-05,0.14936803079681027,0.3
1769796489.906469,0.070999,-0.09427074999999992,7.789768291881738,0.3,-0.00296,-0.094186,7.79115,0.666667,1.0,9.328995,8.475e-05,0.14232961031018734,0.3
1769796489.927497,0.07137533333333333,-0.09427049999999992,7.804000062495156,0.3,-0.00296,-0.094186,7.79115,0.666667,1.0,9.328995,8.45e-05,0.1450580812019987,0.3
1769796489.947139,0.071752,-0.09427024999999993,7.783312933755397,0.3,-0.00296,-0.094186,7.79115,0.666667,1.0,9.328995,8.425e-05,0.1398220091441802,0.3
1769796489.967579,0.07212866666666666,-0.0942701666666666,7.805469144275237,0.3,-0.00296,-0.094186,7.79115,0.666667,1.0,9.328995,8.4e-05,0.14273239071856325,0.3
1769796489.987684,0.07250566666666666,-0.09427024999999993,7.795252818315582,0.3,-0.00296,-0.094186,7.79115,0.666667,1.0,9.328995,8.425e-05,0.13921759403466286,0.3
1769796490.008078,0.07288266666666667,-0.09427058333333327,7.793871040257941,0.3,-0.00296,-0.094186,7.79115,0.666667,1.0,9.328995,8.45e-05,0.1409859188094551,0.3
1769796490.028359,0.07326,-0.09427099999999994,7.800169227533783,0.3,-0.00296,-0.094186,7.79115,0.666667,1.0,9.328995,8.5e-05,0.14843209956841852,0.3
1769796490.048697,0.073637,-0.09427149999999994,7.772927350435665,0.3,-0.00296,-0.094186,7.79115,0.666667,1.0,9.328995,8.55e-05,0.14185482776742822,0.3
1769796490.06915,0.07401433333333333,-0.09427208333333327,7.81361513012387,0.3,-0.00296,-0.094186,7.79115,0.666667,1.0,9.328995,8.6e-05,0.14129696738542155,0.3
1769796490.089307,0.07439166666666668,-0.09427274999999995,7.801854011733049,0.3,-0.00296,-0.094186,7.79115,0.666667,1.0,9.328995,8.675e-05,0.13727242649884022,0.3
1769796490.10969,0.07476933333333334,-0.09427358333333326,7.785016810855385,0.3,-0.00296,-0.094186,7.79115,0.666667,1.0,9.328995,8.749999999999999e-05,0.14247872741276757,0.3
1769796490.129774,0.075147,-0.09427449999999993,7.798009134182601,0.3,-0.00296,-0.094186,7.79115,0.666667,1.0,9.328995,8.85e-05,0.1525789340297045,0.3
1769796490.149811,0.07552466666666667,-0.0942754166666666,7.77157210530201,0.3,-0.00296,-0.094186,7.79115,0.666667,1.0,9.328995,8.950000000000001e-05,0.156158617560088,0.3
1769796490.170039,0.07590233333333334,-0.09427624999999994,7.774295985998889,0.3,-0.00296,-0.094186,7.79115,0.666667,1.0,9.328995,9.025000000000001e-05,0.15090066543723804,0.3
1769796490.190709,0.07628,-0.09427699999999994,7.813811613254554,0.3,-0.00296,-0.094186,7.79115,0.666667,1.0,9.328995,9.099999999999999e-05,0.13906602890766498,0.3
1769796490.210731,0.07665766666666668,-0.09427774999999994,7.807092634558752,0.3,-0.00296,-0.094186,7.79115,0.666667,1.0,9.328995,9.175000000000001e-05,0.13119889285271533,0.3
1769796490.231285,0.07703533333333333,-0.09427858333333328,7.797919908176564,0.3,-0.00296,-0.094186,7.79115,0.666667,1.0,9.328995,9.25e-05,0.13669240604684119,0.3
1769796490.251476,0.077413,-0.09427949999999992,7.797341904868261,0.3,-0.00296,-0.094186,7.79115,0.666667,1.0,9.328995,9.35e-05,0.14394324182525675,0.3
1769796490.271769,0.07779066666666667,-0.09428049999999993,7.78536553236509,0.3,-0.00296,-0.094186,7.79115,0.666667,1.0,9.328995,9.45e-05,0.14639736332828515,0.3
1769796490.292044,0.07816833333333334,-0.09428149999999992,7.790575470324445,0.3,-0.00296,-0.094186,7.79115,0.666667,1.0,9.328995,9.549999999999999e-05,0.15331756543908018,0.3
1769796490.312372,0.078546,-0.09428249999999994,7.7766063407258805,0.3,-0.00296,-0.094186,7.79115,0.666667,1.0,9.328995,9.649999999999999e-05,0.15838993990165606,0.3
1769796490.332724,0.078924,-0.09428349999999992,7.770172136194278,0.3,-0.00296,-0.094186,7.79115,0.666667,1.0,9.328995,9.75e-05,0.15543275135924703,0.3
1769796490.352985,0.07930166666666666,-0.09428449999999994,7.799469432916405,0.3,-0.00296,-0.094186,7.79115,0.666667,1.0,9.328995,9.85e-05,0.15249219786008125,0.3
1769796490.373204,0.079679,-0.09428541666666661,7.785448680786163,0.3,-0.00296,-0.094186,7.79115,0.666667,1.0,9.328995,9.949999999999999e-05,0.14487104914901977,0.3
1769796490.393506,0.080056,-0.09428608333333327,7.793055535139073,0.3,-0.00296,-0.094186,7.79115,0.666667,1.0,9.328995,0.00010025000000000001,0.14352594754063192,0.3
1769796490.413665,0.08043266666666667,-0.0942864166666666,7.803517995623666,0.3,-0.00296,-0.094186,7.79115,0.666667,1.0,9.328995,0.0001005,0.14283589295257157,0.3
1769796490.433995,0.08080933333333333,-0.0942864166666666,7.78752853382615,0.3,-0.00296,-0.094186,7.79115,0.666667,1.0,9.328995,0.0001005,0.1443313241448968,0.3
1769796490.453926,0.08118566666666667,-0.09428624999999995,7.788562298418498,0.3,-0.00296,-0.094186,7.79115,0.666667,1.0,9.328995,0.00010025,0.14737046740648882,0.3
1769796490.474543,0.08143666666666666,-0.09428608333333327,7.794405191249138,0.3,-0.00296,-0.094186,7.79115,0.666667,1.0,9.328995,0.0001,0.14310543247146565,0.3
1769796490.474543,0.08181333333333334,-0.09428600000000001,7.800325073091656,0.3,-0.00296,-0.094186,7.79115,0.666667,1.0,9.328995,0.0001,0.14278850025905807,0.3
1769796490.514878,0.08206466666666666,-0.09428600000000001,7.789515613077914,0.3,-0.00296,-0.094186,7.79115,0.666667,1.0,9.328995,0.0001,0.14281422035427882,0.3
1769796490.514878,0.08244166666666668,-0.09428600000000001,7.794319753775477,0.3,-0.00296,-0.094186,7.79115,0.666667,1.0,9.328995,0.0001,0.1491477612537712,0.3
1769796490.535343,0.08269266666666668,-0.09428600000000001,7.78132165839965,0.3,-0.00296,-0.094186,7.79115,0.666667,1.0,9.328995,0.0001,0.1491495571229288,0.3
1769796490.555483,0.08306933333333334,-0.09428608333333327,7.789509688862787,0.3,-0.00296,-0.094186,7.79115,0.666667,1.0,9.328995,0.0001,0.15181592083889026,0.3
1769796490.57593,0.083446,-0.09428624999999995,7.786327690710125,0.3,-0.00296,-0.094186,7.79115,0.666667,1.0,9.328995,0.00010025000000000001,0.1447151994632392,0.3
1769796490.595905,0.08382333333333332,-0.09428649999999994,7.802618462064769,0.3,-0.00296,-0.094186,7.79115,0.666667,1.0,9.328995,0.0001005,0.14123296456277248,0.3
1769796490.615795,0.08420066666666666,-0.09428683333333326,7.79995732843161,0.3,-0.00296,-0.094186,7.79115,0.666667,1.0,9.328995,0.00010075,0.14050350450477153,0.3
1769796490.636116,0.084578,-0.09428716666666659,7.788521298617777,0.3,-0.00296,-0.094186,7.79115,0.666667,1.0,9.328995,0.00010125,0.14033001007041968,0.3
1769796490.656378,0.084955,-0.09428758333333327,7.803151883834933,0.3,-0.00296,-0.094186,7.79115,0.666667,1.0,9.328995,0.0001015,0.13898186961275039,0.3
1769796490.67671,0.085332,-0.09428799999999994,7.8040194960492695,0.3,-0.00296,-0.094186,7.79115,0.666667,1.0,9.328995,0.00010200000000000001,0.14178337278404,0.3
1769796490.697358,0.085709,-0.0942884166666666,7.7801323788560355,0.3,-0.00296,-0.094186,7.79115,0.666667,1.0,9.328995,0.0001025,0.14219093250458045,0.3
1769796490.717081,0.08608633333333333,-0.09428883333333327,7.801928232335992,0.3,-0.00296,-0.094186,7.79115,0.666667,1.0,9.328995,0.00010275,0.14535796864865744,0.3
1769796490.737397,0.08646366666666667,-0.0942891666666666,7.79452754473848,0.3,-0.00296,-0.094186,7.79115,0.666667,1.0,9.328995,0.00010324999999999999,0.1443773775927135,0.3
1769796490.757668,0.086841,-0.09428958333333326,7.783074613070315,0.3,-0.00296,-0.094186,7.79115,0.666667,1.0,9.328995,0.0001035,0.14991246310654732,0.3
1769796490.778107,0.087218,-0.09428999999999993,7.785346201321673,0.3,-0.00296,-0.094186,7.79115,0.666667,1.0,9.328995,0.00010400000000000001,0.14758180370695329,0.3
1769796490.798567,0.08759499999999999,-0.09429049999999993,7.801531722385794,0.3,-0.00296,-0.094186,7.79115,0.666667,1.0,9.328995,0.00010449999999999999,0.1476361385861271,0.3
1769796490.818702,0.08797233333333332,-0.09429099999999994,7.782920300994058,0.3,-0.00296,-0.094186,7.79115,0.666667,1.0,9.328995,0.000105,0.15036110125429444,0.3
1769796490.839286,0.08834966666666666,-0.09429149999999993,7.777185477915019,0.3,-0.00296,-0.094186,7.79115,0.666667,1.0,9.328995,0.00010549999999999999,0.15901281109911072,0.3
1769796490.859831,0.088727,-0.09429199999999993,7.775589639797185,0.3,-0.00296,-0.094186,7.79115,0.666667,1.0,9.328995,0.000106,0.15939941901679355,0.3
1769796490.879921,0.089104,-0.09429249999999993,7.781770870879679,0.3,-0.00296,-0.094186,7.79115,0.666667,1.0,9.328995,0.00010649999999999999,0.15235733122148287,0.3
1769796490.900075,0.08948133333333334,-0.09429299999999992,7.7983146805166985,0.3,-0.00296,-0.094186,7.79115,0.666667,1.0,9.328995,0.000107,0.14747036544973477,0.3
1769796490.920278,0.08985866666666666,-0.09429349999999993,7.790255159274241,0.3,-0.00296,-0.094186,7.79115,0.666667,1.0,9.328995,0.00010750000000000001,0.14671500182512834,0.3
1769796490.940435,0.090236,-0.09429399999999993,7.784049575023814,0.3,-0.00296,-0.094186,7.79115,0.666667,1.0,9.328995,0.00010800000000000001,0.15118686738707848,0.3
1769796490.960889,0.090613,-0.09429449999999993,7.784916391874381,0.3,-0.00296,-0.094186,7.79115,0.666667,1.0,9.328995,0.0001085,0.14867315669161654,0.3
1769796490.980963,0.09099,-0.09429499999999995,7.797804971020695,0.3,-0.00296,-0.094186,7.79115,0.666667,1.0,9.328995,0.000109,0.1450357587298994,0.3
1769796491.001385,0.09136700000000002,-0.09429533333333327,7.79497844448779,0.3,-0.00296,-0.094186,7.79115,0.666667,1.0,9.328995,0.0001095,0.14969227779896066,0.3
1769796491.021835,0.09174366666666667,-0.0942955,7.770954480435576,0.3,-0.00296,-0.094186,7.79115,0.666667,1.0,9.328995,0.0001095,0.15472287648975205,0.3
1769796491.041888,0.09212,-0.09429533333333327,7.782716529527009,0.3,-0.00296,-0.094186,7.79115,0.666667,1.0,9.328995,0.0001095,0.14946656399014308,0.3
1769796491.061907,0.09249599999999998,-0.0942949166666666,7.810735529898246,0.3,-0.00296,-0.094186,7.79115,0.666667,1.0,9.328995,0.00010899999999999999,0.1459911533410907,0.3
1769796491.082034,0.092872,-0.09429433333333326,7.781364719786423,0.3,-0.00296,-0.094186,7.79115,0.666667,1.0,9.328995,0.00010825,0.14313017277677345,0.3
1769796491.102461,0.093248,-0.0942936666666666,7.791293819644969,0.3,-0.00296,-0.094186,7.79115,0.666667,1.0,9.328995,0.00010774999999999999,0.14481291014266295,0.3
1769796491.12269,0.09362433333333332,-0.09429308333333326,7.805676427531016,0.3,-0.00296,-0.094186,7.79115,0.666667,1.0,9.328995,0.000107,0.13848897376493438,0.3
1769796491.143034,0.09400066666666666,-0.09429249999999993,7.800327585263391,0.3,-0.00296,-0.094186,7.79115,0.666667,1.0,9.328995,0.00010649999999999999,0.1406643344014958,0.3
1769796491.164315,0.094377,-0.09429199999999993,7.784770711116712,0.3,-0.00296,-0.094186,7.79115,0.666667,1.0,9.328995,0.000106,0.14901457042672894,0.3
1769796491.183334,0.09475333333333334,-0.09429158333333326,7.780589996166359,0.3,-0.00296,-0.094186,7.79115,0.666667,1.0,9.328995,0.00010549999999999999,0.15390088921098544,0.3
1769796491.203615,0.09512966666666667,-0.09429124999999994,7.785657941623004,0.3,-0.00296,-0.094186,7.79115,0.666667,1.0,9.328995,0.00010525000000000001,0.15307230820603748,0.3
1769796491.223943,0.09550633333333332,-0.09429108333333326,7.78723066964807,0.3,-0.00296,-0.094186,7.79115,0.666667,1.0,9.328995,0.000105,0.15134540929623808,0.3
1769796491.244126,0.095883,-0.094291,7.785790424610046,0.3,-0.00296,-0.094186,7.79115,0.666667,1.0,9.328995,0.000105,0.1525272670597001,0.3
1769796491.26453,0.09625966666666667,-0.0942909166666666,7.782112836314483,0.3,-0.00296,-0.094186,7.79115,0.666667,1.0,9.328995,0.000105,0.14908527877287703,0.3
1769796491.284738,0.09663633333333332,-0.09429074999999992,7.797552435548802,0.3,-0.00296,-0.094186,7.79115,0.666667,1.0,9.328995,0.00010475,0.1427380207019153,0.3
1769796491.304852,0.09701266666666668,-0.09429049999999993,7.8048270644024145,0.3,-0.00296,-0.094186,7.79115,0.666667,1.0,9.328995,0.0001045,0.13873266460724717,0.3
1769796491.324856,0.09738933333333333,-0.09429024999999992,7.7941154822941465,0.3,-0.00296,-0.094186,7.79115,0.666667,1.0,9.328995,0.00010425,0.14178379170809294,0.3
1769796491.345303,0.097766,-0.09429008333333327,7.788397992607006,0.3,-0.00296,-0.094186,7.79115,0.666667,1.0,9.328995,0.000104,0.14687666453510345,0.3
1769796491.36556,0.098143,-0.09429000000000001,7.789547458888582,0.3,-0.00296,-0.094186,7.79115,0.666667,1.0,9.328995,0.000104,0.1497954688293378,0.3
1769796491.385686,0.09851966666666666,-0.09429000000000001,7.785359557427657,0.3,-0.00296,-0.094186,7.79115,0.666667,1.0,9.328995,0.000104,0.1565462613452541,0.3
1769796491.405782,0.09889633333333332,-0.09429000000000001,7.768138849453701,0.3,-0.00296,-0.094186,7.79115,0.666667,1.0,9.328995,0.000104,0.15608651438465457,0.3
1769796491.42599,0.099273,-0.09429000000000001,7.790925752919411,0.3,-0.00296,-0.094186,7.79115,0.666667,1.0,9.328995,0.000104,0.15235065172129056,0.3
1769796491.446365,0.09964966666666668,-0.09429000000000001,7.7965719574084416,0.3,-0.00296,-0.094186,7.79115,0.666667,1.0,9.328995,0.000104,0.14210873521854148,0.3
1769796491.466715,0.10002633333333334,-0.09429000000000001,7.798869495192224,0.3,-0.00296,-0.094186,7.79115,0.666667,1.0,9.328995,0.000104,0.14227980738653087,0.3
1769796491.486811,0.100403,-0.09429000000000001,7.790410376446452,0.3,-0.00296,-0.094186,7.79115,0.666667,1.0,9.328995,0.000104,0.13942953066174316,0.3
1769796491.506973,0.10078,-0.09429000000000001,7.8051186813181985,0.3,-0.00296,-0.094186,7.79115,0.666667,1.0,9.328995,0.000104,0.14268524107566324,0.3
1769796491.527445,0.10115666666666666,-0.09429000000000001,7.78910469607108,0.3,-0.00296,-0.094186,7.79115,0.666667,1.0,9.328995,0.000104,0.14039029557175317,0.3
1769796491.547745,0.10153333333333332,-0.09429000000000001,7.7972991488313,0.3,-0.00296,-0.094186,7.79115,0.666667,1.0,9.328995,0.000104,0.14295395925367368,0.3
1769796491.567852,0.10191,-0.09429000000000001,7.797426622357933,0.3,-0.00296,-0.094186,7.79115,0.666667,1.0,9.328995,0.000104,0.14245168061627778,0.3
1769796491.588166,0.10228700000000002,-0.09429000000000001,7.79060850872154,0.3,-0.00296,-0.094186,7.79115,0.666667,1.0,9.328995,0.000104,0.1430183894341933,0.3
1769796491.608608,0.10266366666666667,-0.09429000000000001,7.795601732589695,0.3,-0.00296,-0.094186,7.79115,0.666667,1.0,9.328995,0.000104,0.14736254907256927,0.3
1769796491.628955,0.10304033333333333,-0.09429000000000001,7.784398782974296,0.3,-0.00296,-0.094186,7.79115,0.666667,1.0,9.328995,0.000104,0.14679919818380363,0.3
1769796491.648847,0.103417,-0.09429000000000001,7.79229037434946,0.3,-0.00296,-0.094186,7.79115,0.666667,1.0,9.328995,0.000104,0.15018228299921946,0.3
1769796491.668894,0.10379366666666666,-0.09429000000000001,7.785444864015242,0.3,-0.00296,-0.094186,7.79115,0.666667,1.0,9.328995,0.000104,0.149227419543398,0.3
1769796491.689232,0.10417033333333332,-0.09429000000000001,7.787263209387618,0.3,-0.00296,-0.094186,7.79115,0.666667,1.0,9.328995,0.000104,0.15103093887820793,0.3
1769796491.709356,0.104547,-0.09429000000000001,7.786884326373357,0.3,-0.00296,-0.094186,7.79115,0.666667,1.0,9.328995,0.000104,0.14929062680474148,0.3
1769796491.729544,0.10492400000000002,-0.09429000000000001,7.790668560644342,0.3,-0.00296,-0.094186,7.79115,0.666667,1.0,9.328995,0.000104,0.14279013567447452,0.3
1769796491.749701,0.10530066666666667,-0.09429000000000001,7.8067611650485595,0.3,-0.00296,-0.094186,7.79115,0.666667,1.0,9.328995,0.000104,0.14758263116058065,0.3
1769796491.769815,0.10567733333333333,-0.09429000000000001,7.772506677755494,0.3,-0.00296,-0.094186,7.79115,0.666667,1.0,9.328995,0.000104,0.14686040510286757,0.3
1769796491.789795,0.106054,-0.09429000000000001,7.792831173658539,0.3,-0.00296,-0.094186,7.79115,0.666667,1.0,9.328995,0.000104,0.1539744818560279,0.3
1769796491.810383,0.106431,-0.09429000000000001,7.785427204328442,0.3,-0.00296,-0.094186,7.79115,0.666667,1.0,9.328995,0.000104,0.15196178568134247,0.3
1769796491.831535,0.10680766666666668,-0.09429000000000001,7.778564371249875,0.3,-0.00296,-0.094186,7.79115,0.666667,1.0,9.328995,0.000104,0.15629061794283597,0.3
1769796491.850646,0.10718433333333334,-0.09429000000000001,7.779827331674988,0.3,-0.00296,-0.094186,7.79115,0.666667,1.0,9.328995,0.000104,0.1518074876886901,0.3
1769796491.870747,0.107561,-0.09429000000000001,7.798867268389644,0.3,-0.00296,-0.094186,7.79115,0.666667,1.0,9.328995,0.000104,0.1485133317966333,0.3
1769796491.891254,0.10793799999999999,-0.09429000000000001,7.7884347542060235,0.3,-0.00296,-0.094186,7.79115,0.666667,1.0,9.328995,0.000104,0.14689258492632518,0.3
1769796491.911981,0.10831466666666667,-0.09429000000000001,7.784721247259993,0.3,-0.00296,-0.094186,7.79115,0.666667,1.0,9.328995,0.000104,0.14638403434104652,0.3
1769796491.932104,0.10869133333333332,-0.09429000000000001,7.800393329325981,0.3,-0.00296,-0.094186,7.79115,0.666667,1.0,9.328995,0.000104,0.1498004429346356,0.3
1769796491.952682,0.109068,-0.09429000000000001,7.778186876778099,0.3,-0.00296,-0.094186,7.79115,0.666667,1.0,9.328995,0.000104,0.14413721173542204,0.3
1769796491.97274,0.109445,-0.09429000000000001,7.801698151751607,0.3,-0.00296,-0.094186,7.79115,0.666667,1.0,9.328995,0.000104,0.14817569062048666,0.3
1769796491.992858,0.10982166666666666,-0.09429000000000001,7.78827779589298,0.3,-0.00296,-0.094186,7.79115,0.666667,1.0,9.328995,0.000104,0.1344639016159445,0.3
1769796492.013345,0.11019833333333333,-0.09429000000000001,7.819320522451435,0.3,-0.00296,-0.094186,7.79115,0.666667,1.0,9.328995,0.000104,0.1387789630520625,0.3
1769796492.033737,0.11057500000000002,-0.09429000000000001,7.788759403503154,0.3,-0.00296,-0.094186,7.79115,0.666667,1.0,9.328995,0.000104,0.13978906780417963,0.3
1769796492.053777,0.11095166666666667,-0.09429000000000001,7.785245953374064,0.3,-0.00296,-0.094186,7.79115,0.666667,1.0,9.328995,0.000104,0.15605516169653275,0.3
1769796492.07404,0.11132833333333332,-0.09429000000000001,7.77051795684786,0.3,-0.00296,-0.094186,7.79115,0.666667,1.0,9.328995,0.000104,0.14990863110197336,0.3
1769796492.094603,0.111705,-0.09429000000000001,7.807202255925457,0.3,-0.00296,-0.094186,7.79115,0.666667,1.0,9.328995,0.000104,0.14593317100967892,0.3
1769796492.11453,0.11208200000000001,-0.09429000000000001,7.797170143724395,0.3,-0.00296,-0.094186,7.79115,0.666667,1.0,9.328995,0.000104,0.13566932360362424,0.3
1769796492.13491,0.11233333333333334,-0.09429000000000001,7.801311741816556,0.3,-0.00296,-0.094186,7.79115,0.666667,1.0,9.328995,0.000104,0.14265575652805454,0.3
1769796492.13491,0.11258433333333334,-0.09429000000000001,7.786239460665533,0.3,-0.00296,-0.094186,7.79115,0.666667,1.0,9.328995,0.000104,0.1423317041447085,0.3
1769796492.155471,0.11283533333333333,-0.09429000000000001,7.798154514575524,0.3,-0.00296,-0.094186,7.79115,0.666667,1.0,9.328995,0.000104,0.1453154062381854,0.3
1769796492.175692,0.113212,-0.09429000000000001,7.792357581001935,0.3,-0.00296,-0.094186,7.79115,0.666667,1.0,9.328995,0.000104,0.13917021105280045,0.3
1769796492.195773,0.113589,-0.09429000000000001,7.804669283031256,0.3,-0.00296,-0.094186,7.79115,0.666667,1.0,9.328995,0.000104,0.13612529473665666,0.3
1769796492.215812,0.11396566666666667,-0.09429000000000001,7.807279250169894,0.3,-0.00296,-0.094186,7.79115,0.666667,1.0,9.328995,0.000104,0.13728630445831302,0.3
1769796492.23591,0.11434233333333332,-0.09429000000000001,7.788872167022186,0.3,-0.00296,-0.094186,7.79115,0.666667,1.0,9.328995,0.000104,0.1403262352275182,0.3
1769796492.256691,0.114719,-0.09429000000000001,7.795562843433809,0.3,-0.00296,-0.094186,7.79115,0.666667,1.0,9.328995,0.000104,0.13907873930326908,0.3
1769796492.276734,0.11509599999999999,-0.09429000000000001,7.811021817407927,0.3,-0.00296,-0.094186,7.79115,0.666667,1.0,9.328995,0.000104,0.13333435938238658,0.3
1769796492.297131,0.11547266666666667,-0.09429000000000001,7.806111056210407,0.3,-0.00296,-0.094186,7.79115,0.666667,1.0,9.328995,0.000104,0.13384606312637048,0.3
1769796492.317609,0.11584933333333332,-0.09429000000000001,7.794022013466873,0.3,-0.00296,-0.094186,7.79115,0.666667,1.0,9.328995,0.000104,0.1342599461760547,0.3
1769796492.337907,0.116226,-0.09429000000000001,7.809785095232824,0.3,-0.00296,-0.094186,7.79115,0.666667,1.0,9.328995,0.000104,0.14435355221768062,0.3
1769796492.358058,0.116603,-0.09429000000000001,7.775825522043084,0.3,-0.00296,-0.094186,7.79115,0.666667,1.0,9.328995,0.000104,0.14523574740058764,0.3
1769796492.37852,0.11697966666666666,-0.09429000000000001,7.791375112622249,0.3,-0.00296,-0.094186,7.79115,0.666667,1.0,9.328995,0.000104,0.15240700016588188,0.3
1769796492.398559,0.11735633333333333,-0.09429000000000001,7.788266325287433,0.3,-0.00296,-0.094186,7.79115,0.666667,1.0,9.328995,0.000104,0.1429129083355405,0.3
1769796492.418821,0.11773300000000002,-0.09429000000000001,7.804309927824385,0.3,-0.00296,-0.094186,7.79115,0.666667,1.0,9.328995,0.000104,0.14310802569565373,0.3
1769796492.438903,0.11810966666666667,-0.09429000000000001,7.7907824731904,0.3,-0.00296,-0.094186,7.79115,0.666667,1.0,9.328995,0.000104,0.1413502043887627,0.3
1769796492.459116,0.11848633333333332,-0.09429000000000001,7.7935431472597205,0.3,-0.00296,-0.094186,7.79115,0.666667,1.0,9.328995,0.000104,0.14893023476359749,0.3
1769796492.479552,0.118863,-0.09429000000000001,7.781573181446259,0.3,-0.00296,-0.094186,7.79115,0.666667,1.0,9.328995,0.000104,0.14855102057121547,0.3
1769796492.500841,0.11924,-0.09429000000000001,7.79194285055052,0.3,-0.00296,-0.094186,7.79115,0.666667,1.0,9.328995,0.000104,0.14826281237685657,0.3
1769796492.519804,0.11961666666666666,-0.09429000000000001,7.79438289575453,0.3,-0.00296,-0.094186,7.79115,0.666667,1.0,9.328995,0.000104,0.14739544650714162,0.3
1769796492.54015,0.11999333333333333,-0.09429000000000001,7.784173566758782,0.3,-0.00296,-0.094186,7.79115,0.666667,1.0,9.328995,0.000104,0.14911590440659725,0.3
1769796492.560341,0.12037000000000002,-0.09429000000000001,7.786760829705246,0.3,-0.00296,-0.094186,7.79115,0.666667,1.0,9.328995,0.000104,0.149340524859881,0.3
1769796492.580722,0.120747,-0.09429000000000001,7.7937371504794415,0.3,-0.00296,-0.094186,7.79115,0.666667,1.0,9.328995,0.000104,0.14884530774824387,0.3
1769796492.60089,0.12112366666666667,-0.09429000000000001,7.785655780321043,0.3,-0.00296,-0.094186,7.79115,0.666667,1.0,9.328995,0.000104,0.13956764146410755,0.3
1769796492.621023,0.12150033333333332,-0.09429000000000001,7.814592726416207,0.3,-0.00296,-0.094186,7.79115,0.666667,1.0,9.328995,0.000104,0.1377133810291333,0.3
1769796492.641706,0.121877,-0.09429000000000001,7.799305665331383,0.3,-0.00296,-0.094186,7.79115,0.666667,1.0,9.328995,0.000104,0.13915152247951312,0.3
1769796492.661759,0.12225399999999999,-0.09429000000000001,7.781339122037842,0.3,-0.00296,-0.094186,7.79115,0.666667,1.0,9.328995,0.000104,0.1474365853171684,0.3
1769796492.681934,0.12263066666666667,-0.09429000000000001,7.789738337007068,0.3,-0.00296,-0.094186,7.79115,0.666667,1.0,9.328995,0.000104,0.15372304691835514,0.3
1769796492.702192,0.12300733333333334,-0.09429000000000001,7.780438190845179,0.3,-0.00296,-0.094186,7.79115,0.666667,1.0,9.328995,0.000104,0.150680738489866,0.3
1769796492.722735,0.12338400000000001,-0.09429000000000001,7.790475460698822,0.3,-0.00296,-0.094186,7.79115,0.666667,1.0,9.328995,0.000104,0.1539479150178269,0.3
1769796492.743088,0.12376066666666667,-0.09429000000000001,7.779940229175351,0.3,-0.00296,-0.094186,7.79115,0.666667,1.0,9.328995,0.000104,0.14868285737011405,0.3
1769796492.763664,0.12413733333333332,-0.09429000000000001,7.796239437188366,0.3,-0.00296,-0.094186,7.79115,0.666667,1.0,9.328995,0.000104,0.14694357813955963,0.3
1769796492.783932,0.124514,-0.09429000000000001,7.795688057304024,0.3,-0.00296,-0.094186,7.79115,0.666667,1.0,9.328995,0.000104,0.13967821507357134,0.3
1769796492.804154,0.12489099999999999,-0.09429000000000001,7.8017338011803625,0.3,-0.00296,-0.094186,7.79115,0.666667,1.0,9.328995,0.000104,0.14492194884499965,0.3
1769796492.824725,0.12526766666666667,-0.09429000000000001,7.780508131585825,0.3,-0.00296,-0.094186,7.79115,0.666667,1.0,9.328995,0.000104,0.14810506231783604,0.3
1769796492.844746,0.12564433333333333,-0.09429000000000001,7.786133931163437,0.3,-0.00296,-0.094186,7.79115,0.666667,1.0,9.328995,0.000104,0.15376636454679762,0.3
1769796492.864905,0.12602100000000002,-0.09429000000000001,7.784748679269006,0.3,-0.00296,-0.094186,7.79115,0.666667,1.0,9.328995,0.000104,0.14802371835814487,0.3
1769796492.885104,0.126398,-0.09429000000000001,7.797728946632118,0.3,-0.00296,-0.094186,7.79115,0.666667,1.0,9.328995,0.000104,0.1511557329618828,0.3
1769796492.905301,0.12677466666666667,-0.09429000000000001,7.776741309311066,0.3,-0.00296,-0.094186,7.79115,0.666667,1.0,9.328995,0.000104,0.14949855206871007,0.3
1769796492.925792,0.1271513333333333,-0.09429000000000001,7.789726594291566,0.3,-0.00296,-0.094186,7.79115,0.666667,1.0,9.328995,0.000104,0.15299863296195404,0.3
1769796492.946209,0.127528,-0.09429000000000001,7.787232897291401,0.3,-0.00296,-0.094186,7.79115,0.666667,1.0,9.328995,0.000104,0.15019366980956347,0.3
1769796492.96659,0.12790500000000002,-0.09429000000000001,7.78515972769165,0.3,-0.00296,-0.094186,7.79115,0.666667,1.0,9.328995,0.000104,0.14692642296858807,0.3
1769796492.986851,0.12828166666666665,-0.09429000000000001,7.799523928922325,0.3,-0.00296,-0.094186,7.79115,0.666667,1.0,9.328995,0.000104,0.15129584869737997,0.3
1769796493.006856,0.12865833333333335,-0.09429000000000001,7.774116666418396,0.3,-0.00296,-0.094186,7.79115,0.666667,1.0,9.328995,0.000104,0.14681362293345007,0.3
1769796493.026839,0.129035,-0.09429000000000001,7.79859872600682,0.3,-0.00296,-0.094186,7.79115,0.666667,1.0,9.328995,0.000104,0.15175524366855844,0.3
1769796493.047662,0.12941166666666667,-0.09429000000000001,7.784709734339436,0.3,-0.00296,-0.094186,7.79115,0.666667,1.0,9.328995,0.000104,0.14473571962833864,0.3
1769796493.067713,0.1297883333333333,-0.09429000000000001,7.795176130273428,0.3,-0.00296,-0.094186,7.79115,0.666667,1.0,9.328995,0.000104,0.14851390984015692,0.3
1769796493.087722,0.130165,-0.09429000000000001,7.7872646609927365,0.3,-0.00296,-0.094186,7.79115,0.666667,1.0,9.328995,0.000104,0.14100322209996094,0.3
1769796493.10783,0.13054200000000002,-0.09429000000000001,7.807228176762341,0.3,-0.00296,-0.094186,7.79115,0.666667,1.0,9.328995,0.000104,0.14388516372215596,0.3
1769796493.127953,0.13091866666666666,-0.09429000000000001,7.786531712885545,0.3,-0.00296,-0.094186,7.79115,0.666667,1.0,9.328995,0.000104,0.1441630208062952,0.3
1769796493.148745,0.13129533333333332,-0.09429000000000001,7.786446048897572,0.3,-0.00296,-0.094186,7.79115,0.666667,1.0,9.328995,0.000104,0.1461596188486938,0.3
1769796493.1693,0.13167199999999998,-0.09429000000000001,7.801246960770524,0.3,-0.00296,-0.094186,7.79115,0.666667,1.0,9.328995,0.000104,0.14630556660488803,0.3
1769796493.189118,0.132049,-0.09429000000000001,7.786087903923787,0.3,-0.00296,-0.094186,7.79115,0.666667,1.0,9.328995,0.000104,0.1466448248101521,0.3
1769796493.209702,0.13242566666666666,-0.09429000000000001,7.785424340824987,0.3,-0.00296,-0.094186,7.79115,0.666667,1.0,9.328995,0.000104,0.14980272303337963,0.3
1769796493.22987,0.13280233333333333,-0.09429000000000001,7.791765854242651,0.3,-0.00296,-0.094186,7.79115,0.666667,1.0,9.328995,0.000104,0.14601689632019677,0.3
1769796493.25009,0.13317900000000002,-0.09429000000000001,7.797453233867117,0.3,-0.00296,-0.094186,7.79115,0.666667,1.0,9.328995,0.000104,0.14365625045850908,0.3
1769796493.270823,0.13355566666666666,-0.0942899166666666,7.792509104244932,0.3,-0.00296,-0.094186,7.79115,0.666667,1.0,9.328995,0.000104,0.14033590678478947,0.3
1769796493.290719,0.13393233333333332,-0.09428974999999994,7.8017197003880705,0.3,-0.00296,-0.094186,7.79115,0.666667,1.0,9.328995,0.00010374999999999999,0.14050157462821092,0.3
1769796493.310786,0.13430899999999998,-0.09428949999999993,7.796949505801534,0.3,-0.00296,-0.094186,7.79115,0.666667,1.0,9.328995,0.0001035,0.13680256889390222,0.3
1769796493.330892,0.134686,-0.09428924999999994,7.8035885074185956,0.3,-0.00296,-0.094186,7.79115,0.666667,1.0,9.328995,0.00010325,0.14085108727608378,0.3
1769796493.351339,0.13506266666666666,-0.09428908333333326,7.789579095360367,0.3,-0.00296,-0.094186,7.79115,0.666667,1.0,9.328995,0.000103,0.14146686603378397,0.3
1769796493.37179,0.13543933333333333,-0.09428900000000001,7.795105736799691,0.3,-0.00296,-0.094186,7.79115,0.666667,1.0,9.328995,0.000103,0.15062754399762854,0.3
1769796493.391734,0.13581600000000002,-0.09428900000000001,7.776101462306875,0.3,-0.00296,-0.094186,7.79115,0.666667,1.0,9.328995,0.000103,0.14794576824988395,0.3
1769796493.411816,0.136193,-0.09428900000000001,7.797617484506145,0.3,-0.00296,-0.094186,7.79115,0.666667,1.0,9.328995,0.000103,0.14780543809936078,0.3
1769796493.432006,0.13656966666666667,-0.09428900000000001,7.795521756776974,0.3,-0.00296,-0.094186,7.79115,0.666667,1.0,9.328995,0.000103,0.1438210192043823,0.3
1769796493.452304,0.1369463333333333,-0.09428900000000001,7.78806152017603,0.3,-0.00296,-0.094186,7.79115,0.666667,1.0,9.328995,0.000103,0.14863625457778043,0.3
1769796493.472743,0.137323,-0.09428900000000001,7.783178559900093,0.3,-0.00296,-0.094186,7.79115,0.666667,1.0,9.328995,0.000103,0.1529790369281857,0.3
1769796493.492793,0.13770000000000002,-0.09428900000000001,7.782490727357145,0.3,-0.00296,-0.094186,7.79115,0.666667,1.0,9.328995,0.000103,0.15902288874562537,0.3
1769796493.513098,0.13807666666666665,-0.09428900000000001,7.769930100637607,0.3,-0.00296,-0.094186,7.79115,0.666667,1.0,9.328995,0.000103,0.1524221608867051,0.3
1769796493.533513,0.13845333333333332,-0.09428900000000001,7.802980297755774,0.3,-0.00296,-0.094186,7.79115,0.666667,1.0,9.328995,0.000103,0.14865322944850226,0.3
1769796493.553694,0.13882999999999998,-0.09428900000000001,7.793800039014035,0.3,-0.00296,-0.094186,7.79115,0.666667,1.0,9.328995,0.000103,0.14225811278182465,0.3
1769796493.573842,0.13920666666666667,-0.09428900000000001,7.789112445515186,0.3,-0.00296,-0.094186,7.79115,0.666667,1.0,9.328995,0.000103,0.14444854282575575,0.3
1769796493.593916,0.1395833333333333,-0.09428900000000001,7.796402511555481,0.3,-0.00296,-0.094186,7.79115,0.666667,1.0,9.328995,0.000103,0.14905426388912452,0.3
1769796493.61475,0.13996,-0.09428900000000001,7.77999516906057,0.3,-0.00296,-0.094186,7.79115,0.666667,1.0,9.328995,0.000103,0.14615942206379756,0.3
1769796493.634856,0.14033700000000002,-0.09428900000000001,7.797796165083822,0.3,-0.00296,-0.094186,7.79115,0.666667,1.0,9.328995,0.000103,0.14695951591657444,0.3
1769796493.654875,0.14058833333333334,-0.09428900000000001,7.794001171779554,0.3,-0.00296,-0.094186,7.79115,0.666667,1.0,9.328995,0.000103,0.1450238434482288,0.3
1769796493.654875,0.14083933333333332,-0.09428900000000001,7.785786781318323,0.3,-0.00296,-0.094186,7.79115,0.666667,1.0,9.328995,0.000103,0.1491696412370688,0.3
1769796493.675266,0.14109033333333332,-0.09428900000000001,7.785364205611479,0.3,-0.00296,-0.094186,7.79115,0.666667,1.0,9.328995,0.000103,0.14557025280194358,0.3
1769796493.69566,0.14146699999999998,-0.09428900000000001,7.804806497351771,0.3,-0.00296,-0.094186,7.79115,0.666667,1.0,9.328995,0.000103,0.139338125422347,0.3
1769796493.716072,0.141844,-0.09428900000000001,7.804490657301086,0.3,-0.00296,-0.094186,7.79115,0.666667,1.0,9.328995,0.000103,0.13626253376352396,0.3
1769796493.736152,0.14222066666666666,-0.09428900000000001,7.79458506033345,0.3,-0.00296,-0.094186,7.79115,0.666667,1.0,9.328995,0.000103,0.13839109809798117,0.3
1769796493.756521,0.14259733333333333,-0.09428900000000001,7.798420329427871,0.3,-0.00296,-0.094186,7.79115,0.666667,1.0,9.328995,0.000103,0.14180522401776594,0.3
1769796493.77676,0.14297400000000002,-0.09428900000000001,7.794245004757041,0.3,-0.00296,-0.094186,7.79115,0.666667,1.0,9.328995,0.000103,0.1452258730373047,0.3
1769796493.796956,0.14335066666666665,-0.09428900000000001,7.784325318420467,0.3,-0.00296,-0.094186,7.79115,0.666667,1.0,9.328995,0.000103,0.1433496112581469,0.3
1769796493.816967,0.14372733333333332,-0.09428900000000001,7.804042269647722,0.3,-0.00296,-0.094186,7.79115,0.666667,1.0,9.328995,0.000103,0.14463468474007007,0.3
1769796493.837951,0.14410399999999998,-0.09428900000000001,7.790403736410499,0.3,-0.00296,-0.094186,7.79115,0.666667,1.0,9.328995,0.000103,0.14377107296622796,0.3
1769796493.857734,0.144481,-0.09428900000000001,7.786908179934185,0.3,-0.00296,-0.094186,7.79115,0.666667,1.0,9.328995,0.000103,0.14057416144463178,0.3
1769796493.878094,0.14485766666666666,-0.09428900000000001,7.8136396841619495,0.3,-0.00296,-0.094186,7.79115,0.666667,1.0,9.328995,0.000103,0.1418551012422514,0.3
1769796493.898657,0.14523433333333333,-0.09428900000000001,7.786553094610785,0.3,-0.00296,-0.094186,7.79115,0.666667,1.0,9.328995,0.000103,0.1376393116441801,0.3
1769796493.91867,0.14561100000000002,-0.09428900000000001,7.799560028134955,0.3,-0.00296,-0.094186,7.79115,0.666667,1.0,9.328995,0.000103,0.14322601101554552,0.3
1769796493.938843,0.145988,-0.09428900000000001,7.796876023213065,0.3,-0.00296,-0.094186,7.79115,0.666667,1.0,9.328995,0.000103,0.14544741322345317,0.3
1769796493.959033,0.14636466666666667,-0.09428900000000001,7.779881816172382,0.3,-0.00296,-0.094186,7.79115,0.666667,1.0,9.328995,0.000103,0.14885901548459293,0.3
1769796493.979402,0.1467413333333333,-0.09428900000000001,7.78933200844981,0.3,-0.00296,-0.094186,7.79115,0.666667,1.0,9.328995,0.000103,0.1526147307578281,0.3
1769796493.99978,0.147118,-0.09428900000000001,7.785612783751677,0.3,-0.00296,-0.094186,7.79115,0.666667,1.0,9.328995,0.000103,0.1463261763695519,0.3
1769796494.019892,0.14749466666666666,-0.09428900000000001,7.798745997917014,0.3,-0.00296,-0.094186,7.79115,0.666667,1.0,9.328995,0.000103,0.1486010911764048,0.3
1769796494.040105,0.14787133333333333,-0.09428900000000001,7.782504289981367,0.3,-0.00296,-0.094186,7.79115,0.666667,1.0,9.328995,0.000103,0.14500279187237872,0.3
1769796494.06061,0.14824800000000002,-0.09428900000000001,7.796410071076786,0.3,-0.00296,-0.094186,7.79115,0.666667,1.0,9.328995,0.000103,0.14320394827398095,0.3
1769796494.080878,0.148625,-0.09428900000000001,7.804145515495343,0.3,-0.00296,-0.094186,7.79115,0.666667,1.0,9.328995,0.000103,0.1363395309939178,0.3
1769796494.100795,0.14900166666666667,-0.09428900000000001,7.8030918407406125,0.3,-0.00296,-0.094186,7.79115,0.666667,1.0,9.328995,0.000103,0.1376269920657823,0.3
1769796494.121113,0.14937833333333334,-0.09428900000000001,7.79254416544488,0.3,-0.00296,-0.094186,7.79115,0.666667,1.0,9.328995,0.000103,0.13131185989040642,0.3
1769796494.141601,0.149755,-0.09428900000000001,7.823095072808994,0.3,-0.00296,-0.094186,7.79115,0.666667,1.0,9.328995,0.000103,0.14098742589813026,0.3
1769796494.161705,0.15013166666666666,-0.09428900000000001,7.774068759771065,0.3,-0.00296,-0.094186,7.79115,0.666667,1.0,9.328995,0.000103,0.13863750654390708,0.3
1769796494.182173,0.15050833333333333,-0.09428900000000001,7.79959675891827,0.3,-0.00296,-0.094186,7.79115,0.666667,1.0,9.328995,0.000103,0.15446389430847351,0.3
1769796494.201913,0.15088500000000002,-0.09428900000000001,7.775601532887714,0.3,-0.00296,-0.094186,7.79115,0.666667,1.0,9.328995,0.000103,0.14392013479590668,0.3
1769796494.22228,0.151262,-0.09428900000000001,7.805705063607158,0.3,-0.00296,-0.094186,7.79115,0.666667,1.0,9.328995,0.000103,0.1501281306002025,0.3
1769796494.242685,0.15163866666666667,-0.09428900000000001,7.780971587578358,0.3,-0.00296,-0.094186,7.79115,0.666667,1.0,9.328995,0.000103,0.14397543989474923,0.3
1769796494.262826,0.1520153333333333,-0.09428900000000001,7.794067379530187,0.3,-0.00296,-0.094186,7.79115,0.666667,1.0,9.328995,0.000103,0.1505027198176014,0.3
1769796494.28337,0.152392,-0.09428900000000001,7.786126573397914,0.3,-0.00296,-0.094186,7.79115,0.666667,1.0,9.328995,0.000103,0.14926123087249607,0.3
1769796494.30389,0.15276900000000002,-0.09428900000000001,7.784698214486726,0.3,-0.00296,-0.094186,7.79115,0.666667,1.0,9.328995,0.000103,0.15002673416425907,0.3
1769796494.323811,0.15314566666666665,-0.09428900000000001,7.791766611915987,0.3,-0.00296,-0.094186,7.79115,0.666667,1.0,9.328995,0.000103,0.14666364061452217,0.3
1769796494.343913,0.15352233333333332,-0.09428900000000001,7.796207453306915,0.3,-0.00296,-0.094186,7.79115,0.666667,1.0,9.328995,0.000103,0.14572841715631407,0.3
1769796494.363851,0.15389899999999998,-0.09428900000000001,7.787492781230848,0.3,-0.00296,-0.094186,7.79115,0.666667,1.0,9.328995,0.000103,0.14991236935621036,0.3
1769796494.384294,0.15427566666666667,-0.09428900000000001,7.779224753649802,0.3,-0.00296,-0.094186,7.79115,0.666667,1.0,9.328995,0.000103,0.14582618505539025,0.3
1769796494.404561,0.1546523333333333,-0.09428900000000001,7.808469167562955,0.3,-0.00296,-0.094186,7.79115,0.666667,1.0,9.328995,0.000103,0.14397623760030365,0.3
1769796494.424909,0.155029,-0.09428900000000001,7.793050478485064,0.3,-0.00296,-0.094186,7.79115,0.666667,1.0,9.328995,0.000103,0.14421176904074728,0.3
1769796494.444984,0.15540600000000002,-0.09428900000000001,7.778511148888483,0.3,-0.00296,-0.094186,7.79115,0.666667,1.0,9.328995,0.000103,0.1539223733049756,0.3
1769796494.465524,0.15578266666666665,-0.09428900000000001,7.7793425174705355,0.3,-0.00296,-0.094186,7.79115,0.666667,1.0,9.328995,0.000103,0.15290084835275733,0.3
1769796494.485762,0.15615933333333332,-0.09428900000000001,7.796112950225704,0.3,-0.00296,-0.094186,7.79115,0.666667,1.0,9.328995,0.000103,0.14940434655896329,0.3
1769796494.506705,0.15653599999999998,-0.09428900000000001,7.789017001672794,0.3,-0.00296,-0.094186,7.79115,0.666667,1.0,9.328995,0.000103,0.14369217875075524,0.3
1769796494.526073,0.156913,-0.09428900000000001,7.796456332237547,0.3,-0.00296,-0.094186,7.79115,0.666667,1.0,9.328995,0.000103,0.1493825573777321,0.3
1769796494.546602,0.15728966666666666,-0.09428900000000001,7.779047326047433,0.3,-0.00296,-0.094186,7.79115,0.666667,1.0,9.328995,0.000103,0.13995878310993612,0.3
1769796494.566704,0.15766633333333333,-0.09428900000000001,7.8172724904643776,0.3,-0.00296,-0.094186,7.79115,0.666667,1.0,9.328995,0.000103,0.14427551956290965,0.3
1769796494.586844,0.15804300000000002,-0.09428900000000001,7.7835212193296535,0.3,-0.00296,-0.094186,7.79115,0.666667,1.0,9.328995,0.000103,0.13827705538324656,0.3
1769796494.607029,0.15841966666666665,-0.09428900000000001,7.797036195958193,0.3,-0.00296,-0.094186,7.79115,0.666667,1.0,9.328995,0.000103,0.14851170929974192,0.3
1769796494.627545,0.15879633333333334,-0.09428900000000001,7.786576419085149,0.3,-0.00296,-0.094186,7.79115,0.666667,1.0,9.328995,0.000103,0.14942111005896686,0.3
1769796494.647767,0.159173,-0.09428891666666661,7.780794582524297,0.3,-0.00296,-0.094186,7.79115,0.666667,1.0,9.328995,0.000103,0.1500494026127163,0.3
1769796494.668205,0.15955,-0.09428874999999994,7.795154230385615,0.3,-0.00296,-0.094186,7.79115,0.666667,1.0,9.328995,0.00010275,0.14391383089506546,0.3
1769796494.688568,0.15992666666666666,-0.09428849999999994,7.8049764625726805,0.3,-0.00296,-0.094186,7.79115,0.666667,1.0,9.328995,0.0001025,0.14224350816292908,0.3
1769796494.708734,0.16030333333333335,-0.09428824999999992,7.7857988273882945,0.3,-0.00296,-0.094186,7.79115,0.666667,1.0,9.328995,0.00010224999999999999,0.1456825924084401,0.3
1769796494.728861,0.16068000000000002,-0.09428808333333327,7.784825437599297,0.3,-0.00296,-0.094186,7.79115,0.666667,1.0,9.328995,0.000102,0.1569459097406124,0.3
1769796494.749128,0.16105666666666665,-0.09428800000000001,7.77118089565913,0.3,-0.00296,-0.094186,7.79115,0.666667,1.0,9.328995,0.000102,0.15560157121346932,0.3
1769796494.769264,0.16143333333333332,-0.09428800000000001,7.7898293988351535,0.3,-0.00296,-0.094186,7.79115,0.666667,1.0,9.328995,0.000102,0.14742932461159353,0.3
1769796494.789622,0.16180999999999998,-0.09428800000000001,7.809346533724921,0.3,-0.00296,-0.094186,7.79115,0.666667,1.0,9.328995,0.000102,0.1464387170837428,0.3
1769796494.809715,0.162187,-0.09428800000000001,7.774149437860231,0.3,-0.00296,-0.094186,7.79115,0.666667,1.0,9.328995,0.000102,0.14488887226262073,0.3
1769796494.829728,0.16256366666666666,-0.09428800000000001,7.79447659386874,0.3,-0.00296,-0.094186,7.79115,0.666667,1.0,9.328995,0.000102,0.1573553625437295,0.3
1769796494.849905,0.16294033333333333,-0.09428800000000001,7.771943652083476,0.3,-0.00296,-0.094186,7.79115,0.666667,1.0,9.328995,0.000102,0.15338163013542197,0.3
1769796494.870235,0.16331700000000002,-0.09428800000000001,7.786075114950293,0.3,-0.00296,-0.094186,7.79115,0.666667,1.0,9.328995,0.000102,0.15663944163938215,0.3
1769796494.890452,0.163694,-0.09428800000000001,7.784707020399742,0.3,-0.00296,-0.094186,7.79115,0.666667,1.0,9.328995,0.000102,0.15028055282732788,0.3
1769796494.910673,0.16407066666666667,-0.09428800000000001,7.791021156787957,0.3,-0.00296,-0.094186,7.79115,0.666667,1.0,9.328995,0.000102,0.14965845624479823,0.3
1769796494.930752,0.1644473333333333,-0.09428800000000001,7.787936654648698,0.3,-0.00296,-0.094186,7.79115,0.666667,1.0,9.328995,0.000102,0.15322387838626156,0.3
1769796494.95104,0.164824,-0.09428800000000001,7.774012086302577,0.3,-0.00296,-0.094186,7.79115,0.666667,1.0,9.328995,0.000102,0.1507968399736177,0.3
1769796494.971628,0.16520066666666666,-0.09428800000000001,7.798309158747134,0.3,-0.00296,-0.094186,7.79115,0.666667,1.0,9.328995,0.000102,0.15326359320965807,0.3
1769796494.991677,0.16557733333333333,-0.09428800000000001,7.780535818076143,0.3,-0.00296,-0.094186,7.79115,0.666667,1.0,9.328995,0.000102,0.14573735574548363,0.3
1769796495.011751,0.16595400000000002,-0.09428800000000001,7.796586764296382,0.3,-0.00296,-0.094186,7.79115,0.666667,1.0,9.328995,0.000102,0.15137236307454505,0.3
1769796495.031924,0.166331,-0.09428800000000001,7.781396320456831,0.3,-0.00296,-0.094186,7.79115,0.666667,1.0,9.328995,0.000102,0.15094138847952254,0.3
1769796495.052479,0.16670766666666667,-0.09428800000000001,7.781838278865002,0.3,-0.00296,-0.094186,7.79115,0.666667,1.0,9.328995,0.000102,0.15024515045117134,0.3
1769796495.072879,0.1670843333333333,-0.09428800000000001,7.798681634365118,0.3,-0.00296,-0.094186,7.79115,0.666667,1.0,9.328995,0.000102,0.15484752468073537,0.3
1769796495.093107,0.167461,-0.09428800000000001,7.7675902640154275,0.3,-0.00296,-0.094186,7.79115,0.666667,1.0,9.328995,0.000102,0.1461539835993628,0.3
1769796495.113388,0.16783766666666666,-0.09428800000000001,7.807913771693861,0.3,-0.00296,-0.094186,7.79115,0.666667,1.0,9.328995,0.000102,0.1508260480594176,0.3
1769796495.133784,0.16821433333333333,-0.09428800000000001,7.7846653603696,0.3,-0.00296,-0.094186,7.79115,0.666667,1.0,9.328995,0.000102,0.1399419838714285,0.3
1769796495.15389,0.16846533333333333,-0.09428800000000001,7.800240137288436,0.3,-0.00296,-0.094186,7.79115,0.666667,1.0,9.328995,0.000102,0.14462167410969126,0.3
1769796495.15389,0.16884233333333332,-0.09428800000000001,7.7938713861775,0.3,-0.00296,-0.094186,7.79115,0.666667,1.0,9.328995,0.000102,0.1463281056881389,0.3
1769796495.194349,0.169219,-0.09428800000000001,7.779542932125653,0.3,-0.00296,-0.094186,7.79115,0.666667,1.0,9.328995,0.000102,0.15050190921325035,0.3
1769796495.214639,0.16972133333333336,-0.09428800000000001,7.787722212210646,0.3,-0.00296,-0.094186,7.79115,0.666667,1.0,9.328995,0.000102,0.14863672983736423,0.3
1769796495.23494,0.1699723333333333,-0.09428800000000001,7.799470620690775,0.3,-0.00296,-0.094186,7.79115,0.666667,1.0,9.328995,0.000102,0.14362762110801988,0.3
1769796495.23494,0.17022366666666666,-0.09428800000000001,7.794571617354564,0.3,-0.00296,-0.094186,7.79115,0.666667,1.0,9.328995,0.000102,0.13556235931918242,0.3
1769796495.255294,0.17047466666666666,-0.09428800000000001,7.811919190678014,0.3,-0.00296,-0.094186,7.79115,0.666667,1.0,9.328995,0.000102,0.1373811863961574,0.3
1769796495.275511,0.17085133333333333,-0.09428800000000001,7.79401255996296,0.3,-0.00296,-0.094186,7.79115,0.666667,1.0,9.328995,0.000102,0.13789197896120628,0.3
1769796495.295656,0.17122800000000002,-0.09428800000000001,7.793036277143302,0.3,-0.00296,-0.094186,7.79115,0.666667,1.0,9.328995,0.000102,0.14497675884385683,0.3
1769796495.31567,0.171605,-0.09428800000000001,7.790658425532024,0.3,-0.00296,-0.094186,7.79115,0.666667,1.0,9.328995,0.000102,0.1434139952034352,0.3
1769796495.33603,0.17198166666666667,-0.09428800000000001,7.798703531977451,0.3,-0.00296,-0.094186,7.79115,0.666667,1.0,9.328995,0.000102,0.14398853220808697,0.3
1769796495.356455,0.1723583333333333,-0.09428800000000001,7.791317937829073,0.3,-0.00296,-0.094186,7.79115,0.666667,1.0,9.328995,0.000102,0.14299603177643883,0.3
1769796495.376698,0.172735,-0.09428800000000001,7.793640266494137,0.3,-0.00296,-0.094186,7.79115,0.666667,1.0,9.328995,0.000102,0.1476154398333668,0.3
1769796495.396821,0.17311200000000002,-0.09428800000000001,7.784840843227765,0.3,-0.00296,-0.094186,7.79115,0.666667,1.0,9.328995,0.000102,0.14898942090011857,0.3
1769796495.417432,0.17348866666666665,-0.09428800000000001,7.787199461477186,0.3,-0.00296,-0.094186,7.79115,0.666667,1.0,9.328995,0.000102,0.14861735218457706,0.3
1769796495.43742,0.17386533333333332,-0.09428800000000001,7.794751626764244,0.3,-0.00296,-0.094186,7.79115,0.666667,1.0,9.328995,0.000102,0.14420359802381516,0.3
1769796495.457742,0.174242,-0.09428800000000001,7.798085867495823,0.3,-0.00296,-0.094186,7.79115,0.666667,1.0,9.328995,0.000102,0.1415592555593214,0.3
1769796495.477859,0.1746186666666667,-0.09428800000000001,7.795123215177699,0.3,-0.00296,-0.094186,7.79115,0.666667,1.0,9.328995,0.000102,0.14459407139820632,0.3
1769796495.497877,0.17499533333333336,-0.09428800000000001,7.785647749258783,0.3,-0.00296,-0.094186,7.79115,0.666667,1.0,9.328995,0.000102,0.1434089005640587,0.3
1769796495.518582,0.175372,-0.09428800000000001,7.801648520152394,0.3,-0.00296,-0.094186,7.79115,0.666667,1.0,9.328995,0.000102,0.13978071293600994,0.3
1769796495.53849,0.17574900000000002,-0.09428800000000001,7.8060037874962775,0.3,-0.00296,-0.094186,7.79115,0.666667,1.0,9.328995,0.000102,0.13468787131672944,0.3
1769796495.558652,0.17612566666666665,-0.09428800000000001,7.800929026410731,0.3,-0.00296,-0.094186,7.79115,0.666667,1.0,9.328995,0.000102,0.13423701730520177,0.3
1769796495.578881,0.17650233333333332,-0.09428800000000001,7.802992171293121,0.3,-0.00296,-0.094186,7.79115,0.666667,1.0,9.328995,0.000102,0.14291177387345166,0.3
1769796495.599082,0.176879,-0.0942879166666666,7.779985101868837,0.3,-0.00296,-0.094186,7.79115,0.666667,1.0,9.328995,0.000102,0.14061177973613911,0.3
1769796495.619695,0.1772556666666667,-0.09428774999999993,7.807835577008738,0.3,-0.00296,-0.094186,7.79115,0.666667,1.0,9.328995,0.00010174999999999999,0.1496405810527166,0.3
1769796495.639796,0.17763233333333336,-0.09428749999999993,7.7758995745636765,0.3,-0.00296,-0.094186,7.79115,0.666667,1.0,9.328995,0.0001015,0.14459052722855634,0.3
1769796495.659832,0.178009,-0.09428724999999993,7.795126510274121,0.3,-0.00296,-0.094186,7.79115,0.666667,1.0,9.328995,0.00010125,0.1481690927507494,0.3
1769796495.680315,0.17838600000000002,-0.09428708333333326,7.7970917581877295,0.3,-0.00296,-0.094186,7.79115,0.666667,1.0,9.328995,0.000101,0.14388406113743454,0.3
1769796495.700672,0.17876266666666665,-0.09428700000000001,7.788755713560271,0.3,-0.00296,-0.094186,7.79115,0.666667,1.0,9.328995,0.000101,0.14744996768370675,0.3
1769796495.721015,0.17913933333333332,-0.09428700000000001,7.784432678095432,0.3,-0.00296,-0.094186,7.79115,0.666667,1.0,9.328995,0.000101,0.14729728940668493,0.3
1769796495.74144,0.179516,-0.09428700000000001,7.7975487137455595,0.3,-0.00296,-0.094186,7.79115,0.666667,1.0,9.328995,0.000101,0.13734731121337226,0.3
1769796495.761856,0.1798926666666667,-0.09428700000000001,7.818606744478172,0.3,-0.00296,-0.094186,7.79115,0.666667,1.0,9.328995,0.000101,0.13497228519855123,0.3
1769796495.781979,0.18026933333333336,-0.09428700000000001,7.791553627081614,0.3,-0.00296,-0.094186,7.79115,0.666667,1.0,9.328995,0.000101,0.13787349996551854,0.3
1769796495.80261,0.180646,-0.09428700000000001,7.788848874585308,0.3,-0.00296,-0.094186,7.79115,0.666667,1.0,9.328995,0.000101,0.14661199994579455,0.3
1769796495.822845,0.18102300000000002,-0.09428700000000001,7.792387864002404,0.3,-0.00296,-0.094186,7.79115,0.666667,1.0,9.328995,0.000101,0.14838922656250272,0.3
1769796495.84293,0.18139966666666665,-0.09428700000000001,7.7862212238742226,0.3,-0.00296,-0.094186,7.79115,0.666667,1.0,9.328995,0.000101,0.1404408758733034,0.3
1769796495.863283,0.18177633333333332,-0.09428700000000001,7.8126888023809835,0.3,-0.00296,-0.094186,7.79115,0.666667,1.0,9.328995,0.000101,0.13865845534098278,0.3
1769796495.883392,0.182153,-0.09428700000000001,7.797732758534172,0.3,-0.00296,-0.094186,7.79115,0.666667,1.0,9.328995,0.000101,0.13820841871946568,0.3
1769796495.903714,0.1825296666666667,-0.09428700000000001,7.787575785724999,0.3,-0.00296,-0.094186,7.79115,0.666667,1.0,9.328995,0.000101,0.1417158780509199,0.3
1769796495.923779,0.18290633333333337,-0.09428700000000001,7.802161009314998,0.3,-0.00296,-0.094186,7.79115,0.666667,1.0,9.328995,0.000101,0.14481126227606042,0.3
1769796495.943892,0.183283,-0.09428700000000001,7.788446704880528,0.3,-0.00296,-0.094186,7.79115,0.666667,1.0,9.328995,0.000101,0.14652371911544115,0.3
1769796495.964059,0.18366000000000002,-0.09428700000000001,7.782435504232173,0.3,-0.00296,-0.094186,7.79115,0.666667,1.0,9.328995,0.000101,0.15734053763334688,0.3
1769796495.984846,0.18403666666666665,-0.09428700000000001,7.769723949907933,0.3,-0.00296,-0.094186,7.79115,0.666667,1.0,9.328995,0.000101,0.15189918047066983,0.3
1769796496.004721,0.18441333333333332,-0.09428700000000001,7.804766260475927,0.3,-0.00296,-0.094186,7.79115,0.666667,1.0,9.328995,0.000101,0.1452555171169347,0.3
1769796496.025531,0.18479,-0.09428700000000001,7.802378383712945,0.3,-0.00296,-0.094186,7.79115,0.666667,1.0,9.328995,0.000101,0.13103601622616992,0.3
1769796496.04567,0.1851666666666667,-0.09428700000000001,7.812370453523037,0.3,-0.00296,-0.094186,7.79115,0.666667,1.0,9.328995,0.000101,0.1349184093919138,0.3
1769796496.065623,0.18554333333333337,-0.09428700000000001,7.79312055930575,0.3,-0.00296,-0.094186,7.79115,0.666667,1.0,9.328995,0.000101,0.13605659988523067,0.3
1769796496.085996,0.18592,-0.09428700000000001,7.7989557893519015,0.3,-0.00296,-0.094186,7.79115,0.666667,1.0,9.328995,0.000101,0.14160575020107383,0.3
1769796496.106338,0.18629700000000002,-0.09428700000000001,7.795726799646356,0.3,-0.00296,-0.094186,7.79115,0.666667,1.0,9.328995,0.000101,0.14260570537396258,0.3
1769796496.126541,0.18667366666666665,-0.09428700000000001,7.7901254110300515,0.3,-0.00296,-0.094186,7.79115,0.666667,1.0,9.328995,0.000101,0.14255211918424368,0.3
1769796496.146805,0.18705033333333332,-0.09428700000000001,7.7991144933379735,0.3,-0.00296,-0.094186,7.79115,0.666667,1.0,9.328995,0.000101,0.1501130086408779,0.3
1769796496.166898,0.187427,-0.09428700000000001,7.773039484680285,0.3,-0.00296,-0.094186,7.79115,0.666667,1.0,9.328995,0.000101,0.1486951061948119,0.3
1769796496.187286,0.18780366666666667,-0.09428700000000001,7.794382551575336,0.3,-0.00296,-0.094186,7.79115,0.666667,1.0,9.328995,0.000101,0.15394711100889305,0.3
1769796496.207317,0.1881803333333333,-0.09428700000000001,7.783354121861767,0.3,-0.00296,-0.094186,7.79115,0.666667,1.0,9.328995,0.000101,0.14207428719393903,0.3
1769796496.227651,0.188557,-0.09428700000000001,7.808662458940742,0.3,-0.00296,-0.094186,7.79115,0.666667,1.0,9.328995,0.000101,0.14517552999096717,0.3
1769796496.247967,0.18893400000000002,-0.09428700000000001,7.78507750133077,0.3,-0.00296,-0.094186,7.79115,0.666667,1.0,9.328995,0.000101,0.14031352144616185,0.3
1769796496.268298,0.18931066666666665,-0.09428700000000001,7.797945767777345,0.3,-0.00296,-0.094186,7.79115,0.666667,1.0,9.328995,0.000101,0.14384468498005443,0.3
1769796496.288666,0.18968733333333332,-0.09428700000000001,7.798069593922112,0.3,-0.00296,-0.094186,7.79115,0.666667,1.0,9.328995,0.000101,0.14345918342595995,0.3
1769796496.308954,0.190064,-0.09428700000000001,7.786233485701715,0.3,-0.00296,-0.094186,7.79115,0.666667,1.0,9.328995,0.000101,0.15250790876505804,0.3
1769796496.329008,0.19044066666666667,-0.09428700000000001,7.770794386457971,0.3,-0.00296,-0.094186,7.79115,0.666667,1.0,9.328995,0.000101,0.15334856729684831,0.3
1769796496.349364,0.1908173333333333,-0.09428700000000001,7.795547402404108,0.3,-0.00296,-0.094186,7.79115,0.666667,1.0,9.328995,0.000101,0.15266809190020134,0.3
1769796496.36983,0.191194,-0.09428691666666661,7.7882782147932375,0.3,-0.00296,-0.094186,7.79115,0.666667,1.0,9.328995,0.000101,0.14841928038029895,0.3
1769796496.389795,0.19157100000000002,-0.09428674999999993,7.783537284134909,0.3,-0.00296,-0.094186,7.79115,0.666667,1.0,9.328995,0.00010075,0.1480446980582005,0.3
1769796496.410072,0.19194766666666666,-0.09428649999999994,7.796665889877122,0.3,-0.00296,-0.094186,7.79115,0.666667,1.0,9.328995,0.0001005,0.14747443548627648,0.3
1769796496.43023,0.19232433333333332,-0.09428624999999992,7.789977620588771,0.3,-0.00296,-0.094186,7.79115,0.666667,1.0,9.328995,0.00010025,0.14227679671035767,0.3
1769796496.450381,0.192701,-0.09428608333333327,7.799128039011509,0.3,-0.00296,-0.094186,7.79115,0.666667,1.0,9.328995,0.0001,0.13936876699010328,0.3
1769796496.470655,0.19307766666666668,-0.09428600000000001,7.805386171597242,0.3,-0.00296,-0.094186,7.79115,0.666667,1.0,9.328995,0.0001,0.14104773737091847,0.3
1769796496.490688,0.1934543333333333,-0.09428600000000001,7.784936477166025,0.3,-0.00296,-0.094186,7.79115,0.666667,1.0,9.328995,0.0001,0.14310890522342742,0.3
1769796496.511576,0.193831,-0.09428600000000001,7.7929580150940065,0.3,-0.00296,-0.094186,7.79115,0.666667,1.0,9.328995,0.0001,0.14610291112242305,0.3
1769796496.531255,0.19420800000000002,-0.09428600000000001,7.796392964922466,0.3,-0.00296,-0.094186,7.79115,0.666667,1.0,9.328995,0.0001,0.14602786610435672,0.3
1769796496.551748,0.19458466666666666,-0.09428600000000001,7.785170145578327,0.3,-0.00296,-0.094186,7.79115,0.666667,1.0,9.328995,0.0001,0.14518623807384268,0.3
1769796496.571842,0.19496133333333332,-0.09428600000000001,7.795468365651168,0.3,-0.00296,-0.094186,7.79115,0.666667,1.0,9.328995,0.0001,0.1431298151620897,0.3
1769796496.592381,0.195338,-0.09428600000000001,7.802578263486993,0.3,-0.00296,-0.094186,7.79115,0.666667,1.0,9.328995,0.0001,0.14403711101310018,0.3
1769796496.612789,0.19571466666666668,-0.09428600000000001,7.782446692451685,0.3,-0.00296,-0.094186,7.79115,0.666667,1.0,9.328995,0.0001,0.1429156146497551,0.3
1769796496.632813,0.1960913333333333,-0.09428600000000001,7.7988315609140795,0.3,-0.00296,-0.094186,7.79115,0.666667,1.0,9.328995,0.0001,0.14811390877403452,0.3
1769796496.653645,0.196468,-0.09428600000000001,7.786988699370547,0.3,-0.00296,-0.094186,7.79115,0.666667,1.0,9.328995,0.0001,0.14767994342551286,0.3
1769796496.673524,0.19684500000000002,-0.09428600000000001,7.783738734652782,0.3,-0.00296,-0.094186,7.79115,0.666667,1.0,9.328995,0.0001,0.14842173328150104,0.3
1769796496.693741,0.19722166666666666,-0.09428600000000001,7.7966097778271255,0.3,-0.00296,-0.094186,7.79115,0.666667,1.0,9.328995,0.0001,0.1429657646070818,0.3
1769796496.713944,0.19759833333333332,-0.09428600000000001,7.803345106778301,0.3,-0.00296,-0.094186,7.79115,0.666667,1.0,9.328995,0.0001,0.13745635091042827,0.3
1769796496.734013,0.197975,-0.09428600000000001,7.800270539763244,0.3,-0.00296,-0.094186,7.79115,0.666667,1.0,9.328995,0.0001,0.13532890526016012,0.3
1769796496.754507,0.19835166666666668,-0.09428600000000001,7.8029972145756945,0.3,-0.00296,-0.094186,7.79115,0.666667,1.0,9.328995,0.0001,0.13981305123694643,0.3
1769796496.774681,0.19860266666666668,-0.09428600000000001,7.789892138913663,0.3,-0.00296,-0.094186,7.79115,0.666667,1.0,9.328995,0.0001,0.1405844456244759,0.3
1769796496.774681,0.19885366666666668,-0.09428600000000001,7.797958320929928,0.3,-0.00296,-0.094186,7.79115,0.666667,1.0,9.328995,0.0001,0.14320227428151244,0.3
1769796496.794976,0.19910499999999998,-0.09428600000000001,7.79514007707477,0.3,-0.00296,-0.094186,7.79115,0.666667,1.0,9.328995,0.0001,0.14504363155885824,0.3
1769796496.815387,0.19948200000000002,-0.09428600000000001,7.784372446146219,0.3,-0.00296,-0.094186,7.79115,0.666667,1.0,9.328995,0.0001,0.1488354653847533,0.3
1769796496.835779,0.19985866666666666,-0.09428600000000001,7.786586847899071,0.3,-0.00296,-0.094186,7.79115,0.666667,1.0,9.328995,0.0001,0.14331527680753445,0.3
1769796496.855903,0.20023533333333332,-0.09428600000000001,7.811697467451209,0.3,-0.00296,-0.094186,7.79115,0.666667,1.0,9.328995,0.0001,0.13741812177176108,0.3
1769796496.87623,0.200612,-0.09428600000000001,7.802062370958959,0.3,-0.00296,-0.094186,7.79115,0.666667,1.0,9.328995,0.0001,0.13693208867256648,0.3
1769796496.896612,0.20098866666666668,-0.09428600000000001,7.788044754813608,0.3,-0.00296,-0.094186,7.79115,0.666667,1.0,9.328995,0.0001,0.1436536228908656,0.3
1769796496.916802,0.2013653333333333,-0.09428600000000001,7.791534088067301,0.3,-0.00296,-0.094186,7.79115,0.666667,1.0,9.328995,0.0001,0.14167476964511214,0.3
1769796496.937132,0.201742,-0.09428600000000001,7.807998984056059,0.3,-0.00296,-0.094186,7.79115,0.666667,1.0,9.328995,0.0001,0.13932432839598716,0.3
1769796496.957295,0.20211866666666667,-0.09428600000000001,7.795092029471916,0.3,-0.00296,-0.094186,7.79115,0.666667,1.0,9.328995,0.0001,0.13794434096657898,0.3
1769796496.977572,0.20249533333333333,-0.09428600000000001,7.7956756727996535,0.3,-0.00296,-0.094186,7.79115,0.666667,1.0,9.328995,0.0001,0.14267049938588258,0.3
1769796496.997698,0.20287200000000002,-0.09428600000000001,7.793816723777355,0.3,-0.00296,-0.094186,7.79115,0.666667,1.0,9.328995,0.0001,0.15146373945648547,0.3
1769796497.017686,0.203249,-0.09428600000000001,7.768709043320549,0.3,-0.00296,-0.094186,7.79115,0.666667,1.0,9.328995,0.0001,0.15628060465256174,0.3
1769796497.037974,0.2035003333333333,-0.09428600000000001,7.781225273693002,0.3,-0.00296,-0.094186,7.79115,0.666667,1.0,9.328995,0.0001,0.16051458451024128,0.3
1769796497.037974,0.203626,-0.09428600000000001,7.781117792439951,0.3,-0.00296,-0.094186,7.79115,0.666667,1.0,9.328995,0.0001,0.14989179713797393,0.3
1769796497.037974,0.203626,-0.09428600000000001,7.80058299974689,0.3,-0.00296,-0.094186,7.79115,0.666667,1.0,9.328995,0.0001,0.14523128191553256,0.3
1769796497.037974,0.203626,-0.09428600000000001,7.795206819360326,0.3,-0.00296,-0.094186,7.79115,0.666667,1.0,9.328995,0.0001,0.13899893237238192,0.3
1769796497.037974,0.203626,-0.09428600000000001,7.799814841069403,0.3,-0.00296,-0.094186,7.79115,0.666667,1.0,9.328995,0.0001,0.1398509509322772,0.3
1769796497.037974,0.203626,-0.09428600000000001,7.798026944067204,0.3,-0.00296,-0.094186,7.79115,0.666667,1.0,9.328995,0.0001,0.14160360920662995,0.3
1769796497.037974,0.203626,-0.09428600000000001,7.7899488445372675,0.3,-0.00296,-0.094186,7.79115,0.666667,1.0,9.328995,0.0001,0.14695073211971302,0.3
1769796497.037974,0.203626,-0.09428600000000001,7.783773472330154,0.3,-0.00296,-0.094186,7.79115,0.666667,1.0,9.328995,0.0001,0.15308540782258837,0.3
1769796497.037974,0.203626,-0.09428600000000001,7.779622916958578,0.3,-0.00296,-0.094186,7.79115,0.666667,1.0,9.328995,0.0001,0.15266256185639604,0.3
1769796497.037974,0.203626,-0.09428600000000001,7.791217382435844,0.3,-0.00296,-0.094186,7.79115,0.666667,1.0,9.328995,0.0001,0.15116844566152446,0.3
1769796497.037974,0.203626,-0.09428600000000001,7.7882558209147685,0.3,-0.00296,-0.094186,7.79115,0.666667,1.0,9.328995,0.0001,0.1418616212685052,0.3
1769796497.037974,0.203626,-0.09428600000000001,7.807543390137636,0.3,-0.00296,-0.094186,7.79115,0.666667,1.0,9.328995,0.0001,0.14317641081063984,0.3
1769796497.037974,0.203626,-0.09428600000000001,7.787273013809441,0.3,-0.00296,-0.094186,7.79115,0.666667,1.0,9.328995,0.0001,0.1389082311391402,0.3
1769796497.037974,0.203626,-0.09428600000000001,7.801060359929267,0.3,-0.00296,-0.094186,7.79115,0.666667,1.0,9.328995,0.0001,0.137680924298096,0.3
1769796497.037974,0.203626,-0.09428600000000001,7.8112253106607685,0.3,-0.00296,-0.094186,7.79115,0.666667,1.0,9.328995,0.0001,0.13651410055426239,0.3
1769796497.037974,0.203626,-0.09428600000000001,7.790773485040941,0.3,-0.00296,-0.094186,7.79115,0.666667,1.0,9.328995,0.0001,0.14764800490682095,0.3
1769796497.037974,0.203626,-0.09428600000000001,7.767658646871592,0.3,-0.00296,-0.094186,7.79115,0.666667,1.0,9.328995,0.0001,0.1597193511220022,0.3
1769796497.037974,0.203626,-0.09428600000000001,7.775011272015225,0.3,-0.00296,-0.094186,7.79115,0.666667,1.0,9.328995,0.0001,0.15487817640066068,0.3
1769796497.037974,0.203626,-0.09428600000000001,7.805297009204966,0.3,-0.00296,-0.094186,7.79115,0.666667,1.0,9.328995,0.0001,0.15371679683541647,0.3
1769796497.037974,0.203626,-0.09428600000000001,7.771142785567324,0.3,-0.00296,-0.094186,7.79115,0.666667,1.0,9.328995,0.0001,0.14994896266474603,0.3
1769796497.037974,0.203626,-0.09428600000000001,7.786314774527236,0.3,-0.00296,-0.094186,7.79115,0.666667,1.0,9.328995,0.0001,0.15534106119828753,0.3
1769796497.037974,0.203626,-0.09428600000000001,7.789120713604341,0.3,-0.00296,-0.094186,7.79115,0.666667,1.0,9.328995,0.0001,0.14950224203432416,0.3
1769796497.037974,0.203626,-0.09428600000000001,7.7886592430592145,0.3,-0.00296,-0.094186,7.79115,0.666667,1.0,9.328995,0.0001,0.14819014113658555,0.3
1769796497.037974,0.203626,-0.09428600000000001,7.790251077220452,0.3,-0.00296,-0.094186,7.79115,0.666667,1.0,9.328995,0.0001,0.14778952644704813,0.3
1769796497.037974,0.203626,-0.09428600000000001,7.790322557672954,0.3,-0.00296,-0.094186,7.79115,0.666667,1.0,9.328995,0.0001,0.1486556083277488,0.3
1769796497.037974,0.203626,-0.09428600000000001,7.786060997417112,0.3,-0.00296,-0.094186,7.79115,0.666667,1.0,9.328995,0.0001,0.15664404497549356,0.3
1769796497.037974,0.203626,-0.09428600000000001,7.766285767277218,0.3,-0.00296,-0.094186,7.79115,0.666667,1.0,9.328995,0.0001,0.1516299402637866,0.3
1769796497.037974,0.203626,-0.09428600000000001,7.805364871808075,0.3,-0.00296,-0.094186,7.79115,0.666667,1.0,9.328995,0.0001,0.14901811662865003,0.3
1769796497.037974,0.203626,-0.09428600000000001,7.793896468322522,0.3,-0.00296,-0.094186,7.79115,0.666667,1.0,9.328995,0.0001,0.14388608536912526,0.3
1769796497.037974,0.203626,-0.09428600000000001,7.781681861055792,0.3,-0.00296,-0.094186,7.79115,0.666667,1.0,9.328995,0.0001,0.14951596253584812,0.3
1769796497.037974,0.203626,-0.09428600000000001,7.788475240307906,0.3,-0.00296,-0.094186,7.79115,0.666667,1.0,9.328995,0.0001,0.15322034752072253,0.3
1769796497.037974,0.203626,-0.09428600000000001,7.782783313367899,0.3,-0.00296,-0.094186,7.79115,0.666667,1.0,9.328995,0.0001,0.15352081113213867,0.3
1769796497.037974,0.203626,-0.09428600000000001,7.7807804702215435,0.3,-0.00296,-0.094186,7.79115,0.666667,1.0,9.328995,0.0001,0.14305771657251634,0.3
1769796497.037974,0.203626,-0.09428600000000001,7.819864523986773,0.3,-0.00296,-0.094186,7.79115,0.666667,1.0,9.328995,0.0001,0.1360636888438371,0.3
1769796497.037974,0.203626,-0.09428600000000001,7.803765396553937,0.3,-0.00296,-0.094186,7.79115,0.666667,1.0,9.328995,0.0001,0.13473745808249224,0.3
1769796497.037974,0.203626,-0.09428600000000001,7.784759162505578,0.3,-0.00296,-0.094186,7.79115,0.666667,1.0,9.328995,0.0001,0.13839328763055142,0.3
1769796497.037974,0.203626,-0.09428600000000001,7.8088970353425955,0.3,-0.00296,-0.094186,7.79115,0.666667,1.0,9.328995,0.0001,0.14049874435390977,0.3
1769796497.037974,0.203626,-0.09428600000000001,7.797449026383862,0.3,-0.00296,-0.094186,7.79115,0.666667,1.0,9.328995,0.0001,0.13372962851142903,0.3
1769796497.037974,0.203626,-0.09428600000000001,7.80506651003302,0.3,-0.00296,-0.094186,7.79115,0.666667,1.0,9.328995,0.0001,0.14277888842912093,0.3
1769796497.037974,0.203626,-0.09428600000000001,7.78174925558952,0.3,-0.00296,-0.094186,7.79115,0.666667,1.0,9.328995,0.0001,0.14655078964647808,0.3
1769796497.037974,0.203626,-0.09428600000000001,7.78613332273179,0.3,-0.00296,-0.094186,7.79115,0.666667,1.0,9.328995,0.0001,0.1530663923017039,0.3
1769796497.037974,0.203626,-0.09428600000000001,7.785519702067343,0.3,-0.00296,-0.094186,7.79115,0.666667,1.0,9.328995,0.0001,0.14953396743293276,0.3
1769796497.037974,0.203626,-0.09428600000000001,7.792346530195833,0.3,-0.00296,-0.094186,7.79115,0.666667,1.0,9.328995,0.0001,0.14913141873837252,0.3
1769796497.037974,0.203626,-0.09428600000000001,7.787340968815471,0.3,-0.00296,-0.094186,7.79115,0.666667,1.0,9.328995,0.0001,0.14930310495748775,0.3
1769796497.037974,0.203626,-0.09428600000000001,7.785004643409997,0.3,-0.00296,-0.094186,7.79115,0.666667,1.0,9.328995,0.0001,0.15409098024271725,0.3
1769796497.037974,0.203626,-0.09428600000000001,7.777982904340145,0.3,-0.00296,-0.094186,7.79115,0.666667,1.0,9.328995,0.0001,0.15341609521128832,0.3
1769796497.037974,0.203626,-0.09428600000000001,7.789365623909758,0.3,-0.00296,-0.094186,7.79115,0.666667,1.0,9.328995,0.0001,0.15023265399636482,0.3
1769796497.037974,0.203626,-0.09428600000000001,7.794554967054768,0.3,-0.00296,-0.094186,7.79115,0.666667,1.0,9.328995,0.0001,0.14491393184356244,0.3
1769796497.037974,0.203626,-0.09428600000000001,7.793939070798552,0.3,-0.00296,-0.094186,7.79115,0.666667,1.0,9.328995,0.0001,0.14607910938608387,0.3
1769796497.037974,0.203626,-0.09428600000000001,7.785870091282193,0.3,-0.00296,-0.094186,7.79115,0.666667,1.0,9.328995,0.0001,0.15030194497809674,0.3
1769796497.037974,0.203626,-0.09428600000000001,7.781886460278729,0.3,-0.00296,-0.094186,7.79115,0.666667,1.0,9.328995,0.0001,0.15212338152385058,0.3
1769796497.037974,0.203626,-0.09428600000000001,7.78847476116129,0.3,-0.00296,-0.094186,7.79115,0.666667,1.0,9.328995,0.0001,0.15476387659402993,0.3
1769796497.037974,0.203626,-0.09428600000000001,7.777948606071655,0.3,-0.00296,-0.094186,7.79115,0.666667,1.0,9.328995,0.0001,0.15523228987871313,0.3
1769796497.037974,0.203626,-0.09428600000000001,7.780481220424679,0.3,-0.00296,-0.094186,7.79115,0.666667,1.0,9.328995,0.0001,0.15291547270738357,0.3
1769796497.037974,0.203626,-0.09428600000000001,7.795425212675279,0.3,-0.00296,-0.094186,7.79115,0.666667,1.0,9.328995,0.0001,0.15143485023198708,0.3
1769796497.037974,0.203626,-0.09428600000000001,7.782390473497845,0.3,-0.00296,-0.094186,7.79115,0.666667,1.0,9.328995,0.0001,0.14798648454010263,0.3
1769796497.037974,0.203626,-0.09428600000000001,7.790826317500333,0.3,-0.00296,-0.094186,7.79115,0.666667,1.0,9.328995,0.0001,0.14443683814124683,0.3
1769796497.037974,0.203626,-0.09428600000000001,7.806074151871846,0.3,-0.00296,-0.094186,7.79115,0.666667,1.0,9.328995,0.0001,0.13731873765112526,0.3
1769796497.037974,0.203626,-0.09428600000000001,7.80374477496821,0.3,-0.00296,-0.094186,7.79115,0.666667,1.0,9.328995,0.0001,0.1436282279433237,0.3
1769796497.037974,0.203626,-0.09428600000000001,7.771897846623737,0.3,-0.00296,-0.094186,7.79115,0.666667,1.0,9.328995,0.0001,0.15102669900775792,0.3
1769796497.037974,0.203626,-0.09428600000000001,7.783878738678544,0.3,-0.00296,-0.094186,7.79115,0.666667,1.0,9.328995,0.0001,0.15432508907490125,0.3
1769796497.037974,0.203626,-0.09428600000000001,7.79384960476678,0.3,-0.00296,-0.094186,7.79115,0.666667,1.0,9.328995,0.0001,0.14387480597372002,0.3
1769796497.037974,0.203626,-0.09428600000000001,7.803248695927281,0.3,-0.00296,-0.094186,7.79115,0.666667,1.0,9.328995,0.0001,0.13547890886664,0.3
1769796497.037974,0.203626,-0.09428600000000001,7.809066429999784,0.3,-0.00296,-0.094186,7.79115,0.666667,1.0,9.328995,0.0001,0.14124155488821472,0.3
1769796497.037974,0.203626,-0.09428600000000001,7.776561666702055,0.3,-0.00296,-0.094186,7.79115,0.666667,1.0,9.328995,0.0001,0.14976438116961963,0.3
1769796497.037974,0.203626,-0.09428600000000001,7.777680217083066,0.3,-0.00296,-0.094186,7.79115,0.666667,1.0,9.328995,0.0001,0.14873373474429324,0.3
1769796497.037974,0.203626,-0.09428600000000001,7.812158369275763,0.3,-0.00296,-0.094186,7.79115,0.666667,1.0,9.328995,0.0001,0.1442702053047829,0.3
1769796497.037974,0.203626,-0.09428600000000001,7.789952255020586,0.3,-0.00296,-0.094186,7.79115,0.666667,1.0,9.328995,0.0001,0.14487431576272944,0.3
1769796497.037974,0.203626,-0.09428600000000001,7.775867885709227,0.3,-0.00296,-0.094186,7.79115,0.666667,1.0,9.328995,0.0001,0.14837426471237541,0.3
1769796497.037974,0.203626,-0.09428600000000001,7.801658522426825,0.3,-0.00296,-0.094186,7.79115,0.666667,1.0,9.328995,0.0001,0.1569852452878016,0.3
1769796497.037974,0.203626,-0.09428600000000001,7.764119313294308,0.3,-0.00296,-0.094186,7.79115,0.666667,1.0,9.328995,0.0001,0.15726579276986224,0.3
1769796497.037974,0.203626,-0.09428600000000001,7.775026243263045,0.3,-0.00296,-0.094186,7.79115,0.666667,1.0,9.328995,0.0001,0.1609388112473479,0.3
1769796497.037974,0.203626,-0.09428600000000001,7.790639466994368,0.3,-0.00296,-0.094186,7.79115,0.666667,1.0,9.328995,0.0001,0.1478943647866225,0.3
1769796497.037974,0.203626,-0.09428600000000001,7.803252652676484,0.3,-0.00296,-0.094186,7.79115,0.666667,1.0,9.328995,0.0001,0.14332381713630551,0.3
1769796497.037974,0.203626,-0.09428600000000001,7.788737886213996,0.3,-0.00296,-0.094186,7.79115,0.666667,1.0,9.328995,0.0001,0.14401739907417738,0.3
1769796497.037974,0.203626,-0.09428600000000001,7.7885587211807525,0.3,-0.00296,-0.094186,7.79115,0.666667,1.0,9.328995,0.0001,0.1470944916018742,0.3
1769796497.037974,0.203626,-0.09428600000000001,7.7940213750933935,0.3,-0.00296,-0.094186,7.79115,0.666667,1.0,9.328995,0.0001,0.15089941721593575,0.3
1769796497.037974,0.203626,-0.09428600000000001,7.777323109371811,0.3,-0.00296,-0.094186,7.79115,0.666667,1.0,9.328995,0.0001,0.1579974529939741,0.3
1769796497.037974,0.203626,-0.09428600000000001,7.7672646138466375,0.3,-0.00296,-0.094186,7.79115,0.666667,1.0,9.328995,0.0001,0.15874955926392045,0.3
1769796497.037974,0.203626,-0.09428600000000001,7.7917650562835545,0.3,-0.00296,-0.094186,7.79115,0.666667,1.0,9.328995,0.0001,0.1554438002439715,0.3
1769796497.037974,0.203626,-0.09428600000000001,7.787240386431658,0.3,-0.00296,-0.094186,7.79115,0.666667,1.0,9.328995,0.0001,0.14640498906899718,0.3
1769796497.037974,0.203626,-0.09428600000000001,7.7943810473715605,0.3,-0.00296,-0.094186,7.79115,0.666667,1.0,9.328995,0.0001,0.1531470763495018,0.3
1769796497.037974,0.203626,-0.09428600000000001,7.771538794442041,0.3,-0.00296,-0.094186,7.79115,0.666667,1.0,9.328995,0.0001,0.1516209651014299,0.3
1769796497.037974,0.203626,-0.09428600000000001,7.791818720175874,0.3,-0.00296,-0.094186,7.79115,0.666667,1.0,9.328995,0.0001,0.1515610548453899,0.3
1769796497.037974,0.203626,-0.09428600000000001,7.79456077813968,0.3,-0.00296,-0.094186,7.79115,0.666667,1.0,9.328995,0.0001,0.14653454899495935,0.3
1769796497.037974,0.203626,-0.09428600000000001,7.786618311993332,0.3,-0.00296,-0.094186,7.79115,0.666667,1.0,9.328995,0.0001,0.14715130401121176,0.3
1769796497.037974,0.203626,-0.09428600000000001,7.789968455127116,0.3,-0.00296,-0.094186,7.79115,0.666667,1.0,9.328995,0.0001,0.14599911230782087,0.3
1769796497.037974,0.203626,-0.09428600000000001,7.798017353249853,0.3,-0.00296,-0.094186,7.79115,0.666667,1.0,9.328995,0.0001,0.14586501056247145,0.3
1769796497.037974,0.203626,-0.09428600000000001,7.7870206172293805,0.3,-0.00296,-0.094186,7.79115,0.666667,1.0,9.328995,0.0001,0.14933227142189703,0.3
1769796497.037974,0.203626,-0.09428600000000001,7.77956667254884,0.3,-0.00296,-0.094186,7.79115,0.666667,1.0,9.328995,0.0001,0.15235665502342202,0.3
1769796497.037974,0.203626,-0.09428600000000001,7.788944202445278,0.3,-0.00296,-0.094186,7.79115,0.666667,1.0,9.328995,0.0001,0.14916163194982404,0.3
1769796497.037974,0.203626,-0.09428600000000001,7.7966056864501745,0.3,-0.00296,-0.094186,7.79115,0.666667,1.0,9.328995,0.0001,0.14759986601850864,0.3
1769796497.037974,0.203626,-0.09428600000000001,7.784251970342786,0.3,-0.00296,-0.094186,7.79115,0.666667,1.0,9.328995,0.0001,0.1515766483942699,0.3
1769796497.037974,0.203626,-0.09428600000000001,7.777013855317994,0.3,-0.00296,-0.094186,7.79115,0.666667,1.0,9.328995,0.0001,0.14968440706874048,0.3
1769796497.037974,0.203626,-0.09428600000000001,7.802282410426763,0.3,-0.00296,-0.094186,7.79115,0.666667,1.0,9.328995,0.0001,0.14679554026223937,0.3
1769796497.037974,0.203626,-0.09428600000000001,7.792918570762289,0.3,-0.00296,-0.094186,7.79115,0.666667,1.0,9.328995,0.0001,0.1420501842081571,0.3
1769796497.037974,0.203626,-0.09428600000000001,7.791249923480241,0.3,-0.00296,-0.094186,7.79115,0.666667,1.0,9.328995,0.0001,0.14589347163178373,0.3
1769796497.037974,0.203626,-0.09428600000000001,7.790752548155883,0.3,-0.00296,-0.094186,7.79115,0.666667,1.0,9.328995,0.0001,0.14248768915812318,0.3
1769796497.037974,0.203626,-0.09428600000000001,7.803135918183271,0.3,-0.00296,-0.094186,7.79115,0.666667,1.0,9.328995,0.0001,0.14365370081716358,0.3
1769796497.037974,0.203626,-0.09428600000000001,7.78775188850312,0.3,-0.00296,-0.094186,7.79115,0.666667,1.0,9.328995,0.0001,0.14621094536934628,0.3
1769796497.037974,0.203626,-0.09428600000000001,7.783080814499335,0.3,-0.00296,-0.094186,7.79115,0.666667,1.0,9.328995,0.0001,0.1474594026133656,0.3
1769796497.037974,0.203626,-0.09428600000000001,7.799390546451213,0.3,-0.00296,-0.094186,7.79115,0.666667,1.0,9.328995,0.0001,0.147525399546146,0.3
1769796497.037974,0.203626,-0.09428600000000001,7.787553897704779,0.3,-0.00296,-0.094186,7.79115,0.666667,1.0,9.328995,0.0001,0.14632690426828915,0.3
1769796497.037974,0.203626,-0.09428600000000001,7.786676300332905,0.3,-0.00296,-0.094186,7.79115,0.666667,1.0,9.328995,0.0001,0.14874925982326645,0.3
1769796497.037974,0.203626,-0.09428600000000001,7.792123479786281,0.3,-0.00296,-0.094186,7.79115,0.666667,1.0,9.328995,0.0001,0.14437349443277456,0.3
1769796497.037974,0.203626,-0.09428600000000001,7.800681193876255,0.3,-0.00296,-0.094186,7.79115,0.666667,1.0,9.328995,0.0001,0.137519670226706,0.3
1769796497.037974,0.203626,-0.09428600000000001,7.807237772951111,0.3,-0.00296,-0.094186,7.79115,0.666667,1.0,9.328995,0.0001,0.13849272988529054,0.3
1769796497.037974,0.203626,-0.09428600000000001,7.789204300810527,0.3,-0.00296,-0.094186,7.79115,0.666667,1.0,9.328995,0.0001,0.14300520217887916,0.3
1769796497.037974,0.203626,-0.09428600000000001,7.787143776995489,0.3,-0.00296,-0.094186,7.79115,0.666667,1.0,9.328995,0.0001,0.15237629635769598,0.3
1769796497.037974,0.203626,-0.09428600000000001,7.77912449041466,0.3,-0.00296,-0.094186,7.79115,0.666667,1.0,9.328995,0.0001,0.15445395552659666,0.3
1769796497.037974,0.203626,-0.09428600000000001,7.782971323303825,0.3,-0.00296,-0.094186,7.79115,0.666667,1.0,9.328995,0.0001,0.15473444383923504,0.3
1769796497.037974,0.203626,-0.09428600000000001,7.786302312057574,0.3,-0.00296,-0.094186,7.79115,0.666667,1.0,9.328995,0.0001,0.14841961869660555,0.3
1769796497.037974,0.203626,-0.09428600000000001,7.798068965842549,0.3,-0.00296,-0.094186,7.79115,0.666667,1.0,9.328995,0.0001,0.14458855297446,0.3
1769796497.037974,0.203626,-0.09428600000000001,7.794464520470262,0.3,-0.00296,-0.094186,7.79115,0.666667,1.0,9.328995,0.0001,0.14557207792040658,0.3
1769796497.037974,0.203626,-0.09428600000000001,7.783351737219734,0.3,-0.00296,-0.094186,7.79115,0.666667,1.0,9.328995,0.0001,0.15487858220712553,0.3
1769796497.037974,0.203626,-0.09428600000000001,7.770149452982392,0.3,-0.00296,-0.094186,7.79115,0.666667,1.0,9.328995,0.0001,0.16039595798867473,0.3
1769796497.037974,0.203626,-0.09428600000000001,7.777912393125614,0.3,-0.00296,-0.094186,7.79115,0.666667,1.0,9.328995,0.0001,0.16162771342602836,0.3
1769796497.037974,0.203626,-0.09428600000000001,7.779656470907673,0.3,-0.00296,-0.094186,7.79115,0.666667,1.0,9.328995,0.0001,0.15827122639228866,0.3
1769796497.037974,0.203626,-0.09428600000000001,7.780218914083611,0.3,-0.00296,-0.094186,7.79115,0.666667,1.0,9.328995,0.0001,0.153414388915231,0.3
1769796497.037974,0.203626,-0.09428600000000001,7.7924829055567875,0.3,-0.00296,-0.094186,7.79115,0.666667,1.0,9.328995,0.0001,0.14242668229697722,0.3
1769796497.037974,0.203626,-0.09428600000000001,7.812619590762434,0.3,-0.00296,-0.094186,7.79115,0.666667,1.0,9.328995,0.0001,0.14223034884150582,0.3
1769796497.037974,0.203626,-0.09428600000000001,7.780807914450025,0.3,-0.00296,-0.094186,7.79115,0.666667,1.0,9.328995,0.0001,0.13712470970025234,0.3
1769796497.037974,0.203626,-0.09428600000000001,7.807799822980548,0.3,-0.00296,-0.094186,7.79115,0.666667,1.0,9.328995,0.0001,0.1400122618895425,0.3
1769796497.037974,0.203626,-0.09428600000000001,7.803956934194564,0.3,-0.00296,-0.094186,7.79115,0.666667,1.0,9.328995,0.0001,0.14040722666289082,0.3
1769796497.037974,0.203626,-0.09428600000000001,7.77962302012998,0.3,-0.00296,-0.094186,7.79115,0.666667,1.0,9.328995,0.0001,0.14845394839634776,0.3
1769796497.037974,0.203626,-0.09428600000000001,7.783659657780177,0.3,-0.00296,-0.094186,7.79115,0.666667,1.0,9.328995,0.0001,0.15286090018084406,0.3
1769796497.037974,0.203626,-0.09428600000000001,7.790736078841075,0.3,-0.00296,-0.094186,7.79115,0.666667,1.0,9.328995,0.0001,0.14712913244067224,0.3
1769796497.037974,0.203626,-0.09428600000000001,7.796818323350496,0.3,-0.00296,-0.094186,7.79115,0.666667,1.0,9.328995,0.0001,0.14194930907846653,0.3
1769796497.037974,0.203626,-0.09428600000000001,7.799199127866794,0.3,-0.00296,-0.094186,7.79115,0.666667,1.0,9.328995,0.0001,0.13918127908823702,0.3
1769796497.037974,0.203626,-0.09428600000000001,7.799040168811763,0.3,-0.00296,-0.094186,7.79115,0.666667,1.0,9.328995,0.0001,0.13781060087397898,0.3
1769796497.037974,0.203626,-0.09428600000000001,7.80093035799327,0.3,-0.00296,-0.094186,7.79115,0.666667,1.0,9.328995,0.0001,0.13537049998191125,0.3
1769796497.037974,0.203626,-0.09428600000000001,7.8065194305429975,0.3,-0.00296,-0.094186,7.79115,0.666667,1.0,9.328995,0.0001,0.1359861260980836,0.3
1769796497.037974,0.203626,-0.09428600000000001,7.797193290463246,0.3,-0.00296,-0.094186,7.79115,0.666667,1.0,9.328995,0.0001,0.1423133558747492,0.3
1769796497.037974,0.203626,-0.09428600000000001,7.781948668663273,0.3,-0.00296,-0.094186,7.79115,0.666667,1.0,9.328995,0.0001,0.14976816499811935,0.3
1769796497.037974,0.203626,-0.09428600000000001,7.784155003172887,0.3,-0.00296,-0.094186,7.79115,0.666667,1.0,9.328995,0.0001,0.15287539991234814,0.3
1769796497.037974,0.203626,-0.09428600000000001,7.78787158572056,0.3,-0.00296,-0.094186,7.79115,0.666667,1.0,9.328995,0.0001,0.15304256790914558,0.3
1769796497.037974,0.203626,-0.09428600000000001,7.781447164672881,0.3,-0.00296,-0.094186,7.79115,0.666667,1.0,9.328995,0.0001,0.1433124664702383,0.3
1769796497.037974,0.203626,-0.09428600000000001,7.813345307489609,0.3,-0.00296,-0.094186,7.79115,0.666667,1.0,9.328995,0.0001,0.14439475680441985,0.3
1769796497.037974,0.203626,-0.09428600000000001,7.784624714718015,0.3,-0.00296,-0.094186,7.79115,0.666667,1.0,9.328995,0.0001,0.14017324667045192,0.3
1769796497.037974,0.203626,-0.09428600000000001,7.794111695074784,0.3,-0.00296,-0.094186,7.79115,0.666667,1.0,9.328995,0.0001,0.1512071396499932,0.3
1769796497.037974,0.203626,-0.09428600000000001,7.780243628550985,0.3,-0.00296,-0.094186,7.79115,0.666667,1.0,9.328995,0.0001,0.14889298872467518,0.3
1769796497.037974,0.203626,-0.09428600000000001,7.7915671674939695,0.3,-0.00296,-0.094186,7.79115,0.666667,1.0,9.328995,0.0001,0.15028138112239522,0.3
1769796497.037974,0.203626,-0.09428600000000001,7.789946517881624,0.3,-0.00296,-0.094186,7.79115,0.666667,1.0,9.328995,0.0001,0.14729810730257556,0.3
1769796497.037974,0.203626,-0.09428600000000001,7.789193450010444,0.3,-0.00296,-0.094186,7.79115,0.666667,1.0,9.328995,0.0001,0.14406579625755592,0.3
1769796497.037974,0.203626,-0.09428600000000001,7.801264100629028,0.3,-0.00296,-0.094186,7.79115,0.666667,1.0,9.328995,0.0001,0.13805564794263306,0.3
1769796497.037974,0.203626,-0.09428600000000001,7.807976962826393,0.3,-0.00296,-0.094186,7.79115,0.666667,1.0,9.328995,0.0001,0.13638441438337431,0.3
1769796497.037974,0.203626,-0.09428600000000001,7.79420715068822,0.3,-0.00296,-0.094186,7.79115,0.666667,1.0,9.328995,0.0001,0.1393008889419424,0.3
1769796497.037974,0.203626,-0.09428600000000001,7.792514676953324,0.3,-0.00296,-0.094186,7.79115,0.666667,1.0,9.328995,0.0001,0.14282824298657576,0.3
1769796497.037974,0.203626,-0.09428600000000001,7.797394900692493,0.3,-0.00296,-0.094186,7.79115,0.666667,1.0,9.328995,0.0001,0.1416146916526335,0.3
1769796497.037974,0.203626,-0.09428600000000001,7.797847804690047,0.3,-0.00296,-0.094186,7.79115,0.666667,1.0,9.328995,0.0001,0.1447789176236182,0.3
1769796497.037974,0.203626,-0.09428600000000001,7.78302199904037,0.3,-0.00296,-0.094186,7.79115,0.666667,1.0,9.328995,0.0001,0.14703713473773808,0.3
1769796497.037974,0.203626,-0.09428600000000001,7.790620249350133,0.3,-0.00296,-0.094186,7.79115,0.666667,1.0,9.328995,0.0001,0.14053970695734638,0.3
1769796497.037974,0.203626,-0.09428600000000001,7.817340088031222,0.3,-0.00296,-0.094186,7.79115,0.666667,1.0,9.328995,0.0001,0.14095978498654113,0.3
1769796497.037974,0.203626,-0.09428600000000001,7.781761764952786,0.3,-0.00296,-0.094186,7.79115,0.666667,1.0,9.328995,0.0001,0.1441372843732041,0.3
1769796497.037974,0.203626,-0.09428600000000001,7.781087751190144,0.3,-0.00296,-0.094186,7.79115,0.666667,1.0,9.328995,0.0001,0.15755782268891136,0.3
1769796497.037974,0.203626,-0.09428600000000001,7.7770784730841,0.3,-0.00296,-0.094186,7.79115,0.666667,1.0,9.328995,0.0001,0.1526308318542447,0.3
1769796497.037974,0.203626,-0.09428600000000001,7.796542737456786,0.3,-0.00296,-0.094186,7.79115,0.666667,1.0,9.328995,0.0001,0.14876961529966956,0.3
1769796497.037974,0.203626,-0.09428600000000001,7.79267140085387,0.3,-0.00296,-0.094186,7.79115,0.666667,1.0,9.328995,0.0001,0.1519296164084327,0.3
1769796497.037974,0.203626,-0.09428600000000001,7.767598469757811,0.3,-0.00296,-0.094186,7.79115,0.666667,1.0,9.328995,0.0001,0.15735804102119358,0.3
1769796497.037974,0.203626,-0.09428600000000001,7.780257463618503,0.3,-0.00296,-0.094186,7.79115,0.666667,1.0,9.328995,0.0001,0.15693129912640852,0.3
1769796497.037974,0.203626,-0.09428600000000001,7.793951626538225,0.3,-0.00296,-0.094186,7.79115,0.666667,1.0,9.328995,0.0001,0.1516436027458446,0.3
1769796497.037974,0.203626,-0.09428600000000001,7.783461558899503,0.3,-0.00296,-0.094186,7.79115,0.666667,1.0,9.328995,0.0001,0.14799819117171933,0.3
1769796497.037974,0.203626,-0.09428600000000001,7.791193698340879,0.3,-0.00296,-0.094186,7.79115,0.666667,1.0,9.328995,0.0001,0.15114360798887164,0.3
1769796497.037974,0.203626,-0.09428600000000001,7.784515376086768,0.3,-0.00296,-0.094186,7.79115,0.666667,1.0,9.328995,0.0001,0.14581272919279528,0.3
1769796497.037974,0.203626,-0.09428600000000001,7.799454195287732,0.3,-0.00296,-0.094186,7.79115,0.666667,1.0,9.328995,0.0001,0.14553197687698646,0.3
1769796497.037974,0.203626,-0.09428600000000001,7.792035955288306,0.3,-0.00296,-0.094186,7.79115,0.666667,1.0,9.328995,0.0001,0.14545467095989736,0.3
1769796497.037974,0.203626,-0.09428600000000001,7.784747293838035,0.3,-0.00296,-0.094186,7.79115,0.666667,1.0,9.328995,0.0001,0.1488627760518953,0.3
1769796497.037974,0.203626,-0.09428600000000001,7.789229880011738,0.3,-0.00296,-0.094186,7.79115,0.666667,1.0,9.328995,0.0001,0.1497802844257337,0.3
1769796497.037974,0.203626,-0.09428600000000001,7.78928343016679,0.3,-0.00296,-0.094186,7.79115,0.666667,1.0,9.328995,0.0001,0.14990257961151104,0.3
1769796497.037974,0.203626,-0.09428600000000001,7.784380408280703,0.3,-0.00296,-0.094186,7.79115,0.666667,1.0,9.328995,0.0001,0.15236251658973107,0.3
1769796497.037974,0.203626,-0.09428600000000001,7.781850069077078,0.3,-0.00296,-0.094186,7.79115,0.666667,1.0,9.328995,0.0001,0.14873261450699388,0.3
1769796497.037974,0.203626,-0.09428600000000001,7.800173136415002,0.3,-0.00296,-0.094186,7.79115,0.666667,1.0,9.328995,0.0001,0.1487044046624488,0.3
1769796497.037974,0.203626,-0.09428600000000001,7.784465037814338,0.3,-0.00296,-0.094186,7.79115,0.666667,1.0,9.328995,0.0001,0.14941292482505816,0.3
1769796497.037974,0.203626,-0.09428600000000001,7.77972450858925,0.3,-0.00296,-0.094186,7.79115,0.666667,1.0,9.328995,0.0001,0.1520354797828016,0.3
1769796497.037974,0.203626,-0.09428600000000001,7.792305471541772,0.3,-0.00296,-0.094186,7.79115,0.666667,1.0,9.328995,0.0001,0.1500580061189893,0.3
1769796497.037974,0.203626,-0.09428600000000001,7.790397458805775,0.3,-0.00296,-0.094186,7.79115,0.666667,1.0,9.328995,0.0001,0.14618235392414808,0.3
